{
	"format_version": "1.12.0",
	"minecraft:geometry": [
		{
			"description": {
				"identifier": "geometry.vehicle_builder",
				"texture_width": 16,
				"texture_height": 16,
				"visible_bounds_width": 7,
				"visible_bounds_height": 4.5,
				"visible_bounds_offset": [
					0,
					1.75,
					0
				]
			},
			"bones": [
				{
					"name": "body",
					"pivot": [
						0,
						0,
						0
					],
					"cubes": [
						{
							"origin": [
								-24,
								0,
								-32
							],
							"size": [
								48,
								8,
								64
							],
							"uv": [
								0,
								0
							]
						},
						{
							"origin": [
								24,
								0,
								16
							],
							"size": [
								24,
								9,
								16
							],
							"uv": [
								0,
								0
							]
						},
						{
							"origin": [
								-48,
								0,
								16
							],
							"size": [
								24,
								9,
								16
							],
							"uv": [
								0,
								0
							]
						},
						{
							"origin": [
								24,
								0,
								-32
							],
							"size": [
								24,
								9,
								16
							],
							"uv": [
								0,
								0
							]
						},
						{
							"origin": [
								-48,
								0,
								-32
							],
							"size": [
								24,
								9,
								16
							],
							"uv": [
								0,
								0
							]
						},
						{
							"origin": [
								-48,
								0,
								-16
							],
							"size": [
								24,
								12,
								32
							],
							"uv": [
								0,
								0
							]
						},
						{
							"origin": [
								-37,
								3,
								-16
							],
							"size": [
								13,
								9,
								32
							],
							"pivot": [
								-36,
								6,
								0
							],
							"rotation": [
								0,
								0,
								-40
							],
							"uv": [
								0,
								0
							]
						},
						{
							"origin": [
								-30,
								14,
								10
							],
							"size": [
								4,
								2,
								4
							],
							"pivot": [
								-36,
								6,
								0
							],
							"rotation": [
								0,
								0,
								-40
							],
							"uv": [
								0,
								0
							]
						},
						{
							"origin": [
								-29,
								12,
								11
							],
							"size": [
								2,
								2,
								2
							],
							"pivot": [
								-36,
								6,
								0
							],
							"rotation": [
								0,
								0,
								-40
							],
							"uv": [
								0,
								0
							]
						},
						{
							"origin": [
								-29,
								12,
								7
							],
							"size": [
								2,
								1,
								2
							],
							"pivot": [
								-36,
								6,
								0
							],
							"rotation": [
								0,
								0,
								-40
							],
							"uv": [
								0,
								0
							]
						},
						{
							"origin": [
								-29,
								12,
								4
							],
							"size": [
								2,
								1,
								2
							],
							"pivot": [
								-36,
								6,
								0
							],
							"rotation": [
								0,
								0,
								-40
							],
							"uv": [
								0,
								0
							]
						},
						{
							"origin": [
								-47,
								8,
								18
							],
							"size": [
								8,
								22,
								12
							],
							"uv": [
								0,
								0
							]
						},
						{
							"origin": [
								39,
								8,
								18
							],
							"size": [
								8,
								22,
								12
							],
							"uv": [
								0,
								0
							]
						},
						{
							"origin": [
								-47,
								8,
								-30
							],
							"size": [
								8,
								22,
								12
							],
							"uv": [
								0,
								0
							]
						},
						{
							"origin": [
								-47,
								30,
								-30
							],
							"size": [
								8,
								14,
								12
							],
							"uv": [
								0,
								0
							]
						},
						{
							"origin": [
								-39,
								34,
								-28
							],
							"size": [
								8,
								8,
								8
							],
							"uv": [
								0,
								0
							]
						},
						{
							"origin": [
								39,
								8,
								-30
							],
							"size": [
								8,
								22,
								12
							],
							"uv": [
								0,
								0
							]
						},
						{
							"origin": [
								35,
								17,
								19
							],
							"size": [
								4,
								10,
								10
							],
							"uv": [
								0,
								0
							]
						},
						{
							"origin": [
								-39,
								17,
								19
							],
							"size": [
								4,
								10,
								10
							],
							"uv": [
								0,
								0
							]
						},
						{
							"origin": [
								35,
								17,
								-29
							],
							"size": [
								4,
								10,
								10
							],
							"uv": [
								0,
								0
							]
						},
						{
							"origin": [
								-39,
								17,
								-29
							],
							"size": [
								4,
								10,
								10
							],
							"uv": [
								0,
								0
							]
						}
					]
				},
				{
					"name": "hand0",
					"parent": "body",
					"pivot": [
						-32,
						37,
						-24
					],
					"rotation": [
						-160,
						0,
						0
					],
					"cubes": [
						{
							"origin": [
								-32,
								26,
								-26
							],
							"size": [
								6,
								8,
								4
							],
							"uv": [
								0,
								0
							]
						},
						{
							"origin": [
								-33,
								34,
								-28
							],
							"size": [
								8,
								8,
								8
							],
							"uv": [
								0,
								0
							]
						}
					]
				},
				{
					"name": "hand1",
					"parent": "hand0",
					"pivot": [
						-29,
						28,
						-24
					],
					"rotation": [
						0,
						37.5,
						0
					],
					"cubes": [
						{
							"origin": [
								-25,
								22,
								-26
							],
							"size": [
								10,
								4,
								4
							],
							"uv": [
								0,
								0
							]
						},
						{
							"origin": [
								-32,
								21,
								-26
							],
							"size": [
								6,
								8,
								4
							],
							"pivot": [
								-29,
								28,
								-24
							],
							"rotation": [
								0,
								0,
								-55
							],
							"uv": [
								0,
								0
							]
						}
					]
				}
			]
		}
	]
}