{
	"format_version": "1.10.0",
	"animation_controllers": {
		"controller.animation.car_cmd": {
			"initial_state": "default",
			"states": {
				"default": {
					"transitions": [
						{
							"a": "1"
						}
					],
					"on_entry": [
						"/function boost_sys/car"
					]
				},
				"a": {
					"transitions": [
						{
							"default": "1"
						}
					],
					"on_entry": [
						"/function boost_sys/car"
					]
				}
			}
		},
		"controller.animation.car_move": {
			"initial_state": "default",
			"states": {
				"default": {
					"on_entry": [
						"/tag @s remove move"
					],
					"transitions": [
						{
							"a": "query.is_moving"
						}
					]
				},
				"a": {
					"transitions": [
						{
							"default": "!query.is_moving"
						}
					],
					"on_entry": [
						"/tag @s add move"
					]
				}
			}
		}
	}
}