{
	"format_version": "1.10.0",
	"animation_controllers": {
		"controller.animation.bridge_m5.execute_commands": {
			"states": {
				"default": {
					"transitions": [
						{
							"execute_command_id_1": "query.skin_id==1"
						}
					]
				},
				"execute_command_id_1": {
					"transitions": [
						{
							"default": "query.skin_id!=1"
						}
					],
					"on_entry": [
						"/scoreboard players add @s oil 100",
						"/playsound random.potion.brewed @a[r=30] ~ ~ ~",
						"/particle minecraft:totem_particle ~ ~1 ~",
						"@s bridge:remove_command_id_1"
					]
				}
			}
		}
	}
}