{
	"format_version": "1.10.0",
	"animation_controllers": {
		"controller.animation.pl_cmd": {
			"initial_state": "default",
			"states": {
				"default": {
					"transitions": [
						{
							"a": "1"
						}
					]
				},
				"a": {
					"transitions": [
						{
							"default": "1"
						}
					],
					"on_entry": [
						"/function boost_sys/player"
					]
				}
			}
		},
		"controller.animation.pl_ride": {
			"initial_state": "default",
			"states": {
				"default": {
					"on_entry": [
						"/tag @p[r=2] remove ride"
					],
					"transitions": [
						{
							"a": "query.is_riding"
						}
					]
				},
				"a": {
					"transitions": [
						{
							"default": "!query.is_riding"
						}
					],
					"on_entry": [
						"/tag @p[r=2] add ride"
					]
				}
			}
		}
	}
}