{
	"format_version": "1.12.0",
	"minecraft:geometry": [
		{
			"description": {
				"identifier": "geometry.ambulance",
				"texture_width": 512,
				"texture_height": 512,
				"visible_bounds_width": 12,
				"visible_bounds_height": 5,
				"visible_bounds_offset": [
					0,
					1.5,
					0
				]
			},
			"bones": [
				{
					"name": "body",
					"pivot": [
						0,
						0,
						0
					],
					"cubes": [
						{
							"origin": [
								-25,
								5,
								-58
							],
							"size": [
								49,
								3,
								114
							],
							"uv": [
								0,
								0
							]
						},
						{
							"origin": [
								-9,
								8,
								-3
							],
							"size": [
								19,
								8,
								43
							],
							"uv": [
								244,
								305
							]
						},
						{
							"origin": [
								-7,
								16,
								-1
							],
							"size": [
								15,
								1,
								8
							],
							"uv": [
								325,
								339
							]
						},
						{
							"origin": [
								-6,
								17,
								0
							],
							"size": [
								13,
								1,
								6
							],
							"uv": [
								325,
								332
							]
						},
						{
							"origin": [
								21,
								8,
								-7
							],
							"size": [
								2,
								33,
								42
							],
							"uv": [
								145,
								366
							]
						},
						{
							"origin": [
								-25,
								8,
								-11
							],
							"size": [
								49,
								32,
								1
							],
							"uv": [
								294,
								153
							]
						},
						{
							"origin": [
								-25,
								40,
								-32
							],
							"size": [
								49,
								2,
								22
							],
							"uv": [
								294,
								186
							]
						},
						{
							"origin": [
								-25,
								24,
								-42
							],
							"size": [
								49,
								16,
								31
							],
							"uv": [
								148,
								443
							]
						},
						{
							"origin": [
								-25,
								8,
								-10
							],
							"size": [
								49,
								48,
								66
							],
							"uv": [
								0,
								152
							]
						},
						{
							"origin": [
								-26,
								50,
								-9
							],
							"size": [
								1,
								4,
								4
							],
							"uv": [
								221,
								199
							]
						},
						{
							"origin": [
								-26,
								50,
								51
							],
							"size": [
								1,
								4,
								4
							],
							"uv": [
								221,
								199
							]
						},
						{
							"origin": [
								24,
								50,
								-9
							],
							"size": [
								1,
								4,
								4
							],
							"uv": [
								221,
								199
							]
						},
						{
							"origin": [
								24,
								50,
								51
							],
							"size": [
								1,
								4,
								4
							],
							"uv": [
								221,
								199
							]
						},
						{
							"origin": [
								-26,
								50,
								-3
							],
							"size": [
								1,
								4,
								4
							],
							"uv": [
								231,
								199
							]
						},
						{
							"origin": [
								-26,
								50,
								46
							],
							"size": [
								1,
								4,
								4
							],
							"uv": [
								231,
								199
							]
						},
						{
							"origin": [
								24,
								50,
								-3
							],
							"size": [
								1,
								4,
								4
							],
							"uv": [
								231,
								199
							]
						},
						{
							"origin": [
								24,
								50,
								46
							],
							"size": [
								1,
								4,
								4
							],
							"uv": [
								231,
								199
							]
						},
						{
							"origin": [
								15,
								50,
								-11
							],
							"size": [
								8,
								4,
								1
							],
							"uv": [
								220,
								194
							]
						},
						{
							"origin": [
								-24,
								50,
								-11
							],
							"size": [
								8,
								4,
								1
							],
							"uv": [
								220,
								194
							]
						},
						{
							"origin": [
								6,
								50,
								-11
							],
							"size": [
								8,
								4,
								1
							],
							"uv": [
								238,
								194
							]
						},
						{
							"origin": [
								-15,
								50,
								-11
							],
							"size": [
								8,
								4,
								1
							],
							"uv": [
								238,
								194
							]
						},
						{
							"origin": [
								-4.5,
								50,
								-11
							],
							"size": [
								8,
								4,
								1
							],
							"uv": [
								256,
								194
							]
						},
						{
							"origin": [
								-25,
								8,
								-10
							],
							"size": [
								49,
								48,
								66
							],
							"inflate": -0.1,
							"uv": [
								0,
								266
							]
						},
						{
							"origin": [
								14,
								5,
								35
							],
							"size": [
								10,
								15,
								21
							],
							"inflate": -0.01,
							"uv": [
								230,
								233
							]
						},
						{
							"origin": [
								-25,
								5,
								35
							],
							"size": [
								10,
								15,
								21
							],
							"inflate": -0.01,
							"uv": [
								230,
								266
							]
						},
						{
							"origin": [
								-24,
								8,
								-8
							],
							"size": [
								10,
								8,
								43
							],
							"inflate": -0.01,
							"uv": [
								325,
								278
							]
						},
						{
							"origin": [
								-25,
								8,
								-58
							],
							"size": [
								49,
								13,
								22
							],
							"uv": [
								0,
								117
							]
						},
						{
							"origin": [
								-25,
								21,
								-58
							],
							"size": [
								49,
								3,
								22
							],
							"uv": [
								142,
								127
							]
						},
						{
							"origin": [
								-18,
								9,
								-58
							],
							"size": [
								35,
								12,
								21
							],
							"uv": [
								400,
								82
							]
						},
						{
							"origin": [
								-21,
								8,
								-23
							],
							"size": [
								41,
								8,
								12
							],
							"uv": [
								164,
								174
							]
						},
						{
							"origin": [
								5,
								16,
								-14
							],
							"size": [
								14,
								14,
								2
							],
							"uv": [
								164,
								195
							]
						},
						{
							"origin": [
								-19,
								16,
								-14
							],
							"size": [
								14,
								14,
								2
							],
							"uv": [
								164,
								195
							]
						},
						{
							"origin": [
								7,
								30,
								-14
							],
							"size": [
								10,
								2,
								2
							],
							"uv": [
								196,
								195
							]
						},
						{
							"origin": [
								-17,
								30,
								-14
							],
							"size": [
								10,
								2,
								2
							],
							"uv": [
								196,
								195
							]
						},
						{
							"origin": [
								-25,
								5,
								-59
							],
							"size": [
								49,
								19,
								1
							],
							"uv": [
								294,
								234
							]
						},
						{
							"origin": [
								-25,
								5,
								-60.3
							],
							"size": [
								49,
								4,
								3
							],
							"inflate": 0.5,
							"uv": [
								294,
								255
							]
						},
						{
							"origin": [
								-25,
								5,
								56
							],
							"size": [
								49,
								4,
								3
							],
							"uv": [
								294,
								255
							]
						},
						{
							"origin": [
								-25,
								5,
								59
							],
							"size": [
								49,
								1,
								3
							],
							"uv": [
								294,
								255
							]
						},
						{
							"origin": [
								-25,
								8,
								-31
							],
							"size": [
								4,
								16,
								20
							],
							"uv": [
								332,
								117
							]
						},
						{
							"origin": [
								-34,
								24,
								-42
							],
							"size": [
								9,
								5,
								2
							],
							"uv": [
								196,
								199
							]
						},
						{
							"origin": [
								24,
								24,
								-42
							],
							"size": [
								9,
								5,
								2
							],
							"uv": [
								196,
								199
							]
						},
						{
							"origin": [
								20,
								8,
								-31
							],
							"size": [
								4,
								16,
								20
							],
							"uv": [
								284,
								117
							]
						},
						{
							"origin": [
								20,
								8,
								-36
							],
							"size": [
								4,
								16,
								5
							],
							"uv": [
								380,
								132
							]
						},
						{
							"origin": [
								-25,
								8,
								-36
							],
							"size": [
								4,
								16,
								5
							],
							"uv": [
								380,
								132
							]
						},
						{
							"origin": [
								-21,
								14.78769,
								-36.95768
							],
							"size": [
								41,
								9,
								3
							],
							"pivot": [
								-4.5,
								19.28769,
								-35.45768
							],
							"rotation": [
								25,
								0,
								0
							],
							"uv": [
								294,
								262
							]
						}
					]
				},
				{
					"name": "steer",
					"parent": "body",
					"pivot": [
						12,
						19.0625,
						-34.56125
					],
					"rotation": [
						22.5,
						0,
						0
					],
					"cubes": [
						{
							"origin": [
								11,
								18,
								-32.75
							],
							"size": [
								2,
								2,
								4
							],
							"uv": [
								299,
								277
							]
						},
						{
							"origin": [
								11,
								18,
								-36.75
							],
							"size": [
								2,
								2,
								4
							],
							"uv": [
								299,
								277
							]
						},
						{
							"origin": [
								8,
								22,
								-28.75
							],
							"size": [
								8,
								1,
								1
							],
							"uv": [
								312,
								274
							]
						},
						{
							"origin": [
								8,
								19,
								-28.75
							],
							"size": [
								8,
								1,
								1
							],
							"uv": [
								312,
								274
							]
						},
						{
							"origin": [
								10,
								18,
								-28.75
							],
							"size": [
								4,
								1,
								1
							],
							"uv": [
								294,
								274
							]
						},
						{
							"origin": [
								8,
								15,
								-28.75
							],
							"size": [
								8,
								1,
								1
							],
							"uv": [
								312,
								274
							]
						},
						{
							"origin": [
								10,
								19,
								-28.74
							],
							"size": [
								4,
								1,
								1
							],
							"uv": [
								294,
								274
							]
						},
						{
							"origin": [
								16,
								16,
								-28.75
							],
							"size": [
								1,
								6,
								1
							],
							"uv": [
								294,
								277
							]
						},
						{
							"origin": [
								7,
								16,
								-28.75
							],
							"size": [
								1,
								6,
								1
							],
							"uv": [
								294,
								277
							]
						}
					]
				},
				{
					"name": "lights0",
					"parent": "body",
					"pivot": [
						0,
						0,
						0
					],
					"cubes": [
						{
							"origin": [
								-24,
								50,
								56
							],
							"size": [
								8,
								4,
								1
							],
							"uv": [
								220,
								194
							],
							"mirror": true
						},
						{
							"origin": [
								-15,
								50,
								56
							],
							"size": [
								8,
								4,
								1
							],
							"uv": [
								238,
								194
							]
						},
						{
							"origin": [
								-4.5,
								50,
								56
							],
							"size": [
								8,
								4,
								1
							],
							"uv": [
								256,
								194
							]
						},
						{
							"origin": [
								6,
								50,
								56
							],
							"size": [
								8,
								4,
								1
							],
							"uv": [
								238,
								194
							]
						},
						{
							"origin": [
								15,
								50,
								56
							],
							"size": [
								8,
								4,
								1
							],
							"uv": [
								220,
								194
							]
						},
						{
							"origin": [
								16,
								20,
								56
							],
							"size": [
								6,
								4,
								1
							],
							"uv": [
								220,
								207
							],
							"mirror": true
						},
						{
							"origin": [
								16,
								15,
								56
							],
							"size": [
								6,
								4,
								1
							],
							"uv": [
								234,
								207
							],
							"mirror": true
						},
						{
							"origin": [
								16,
								10,
								56
							],
							"size": [
								6,
								4,
								1
							],
							"uv": [
								248,
								207
							],
							"mirror": true
						},
						{
							"origin": [
								-22,
								10,
								56
							],
							"size": [
								6,
								4,
								1
							],
							"uv": [
								248,
								207
							],
							"mirror": true
						},
						{
							"origin": [
								-22,
								15,
								56
							],
							"size": [
								6,
								4,
								1
							],
							"uv": [
								234,
								207
							],
							"mirror": true
						},
						{
							"origin": [
								-22,
								20,
								56
							],
							"size": [
								6,
								4,
								1
							],
							"uv": [
								220,
								207
							],
							"mirror": true
						},
						{
							"origin": [
								-22.5,
								28,
								56
							],
							"size": [
								8,
								4,
								1
							],
							"uv": [
								256,
								194
							]
						},
						{
							"origin": [
								14.5,
								28,
								56
							],
							"size": [
								8,
								4,
								1
							],
							"uv": [
								256,
								194
							]
						}
					]
				},
				{
					"name": "body0",
					"pivot": [
						-0.5,
						41,
						-33
					],
					"rotation": [
						60,
						0,
						0
					],
					"cubes": [
						{
							"origin": [
								-25,
								39,
								-53.75
							],
							"size": [
								4,
								2,
								22
							],
							"uv": [
								294,
								210
							]
						},
						{
							"origin": [
								-21,
								39,
								-33.75
							],
							"size": [
								41,
								2,
								2
							],
							"uv": [
								346,
								230
							]
						},
						{
							"origin": [
								-21,
								39,
								-53.75
							],
							"size": [
								41,
								2,
								2
							],
							"uv": [
								346,
								230
							]
						},
						{
							"origin": [
								20,
								39,
								-53.75
							],
							"size": [
								4,
								2,
								22
							],
							"uv": [
								294,
								210
							]
						}
					]
				},
				{
					"name": "leg0",
					"pivot": [
						-0.5,
						9.33171,
						-47.1
					],
					"cubes": [
						{
							"origin": [
								-26,
								0,
								-49.6
							],
							"size": [
								4,
								4,
								5
							],
							"uv": [
								492,
								28
							]
						},
						{
							"origin": [
								-25,
								4,
								-49.6
							],
							"size": [
								3,
								3,
								5
							],
							"uv": [
								498,
								54
							]
						},
						{
							"origin": [
								-26,
								14.66025,
								-49.6
							],
							"size": [
								4,
								4,
								5
							],
							"uv": [
								492,
								28
							]
						},
						{
							"origin": [
								-25,
								11.66025,
								-49.6
							],
							"size": [
								3,
								3,
								5
							],
							"uv": [
								498,
								54
							]
						},
						{
							"origin": [
								-26,
								0,
								-49.6
							],
							"size": [
								4,
								4,
								5
							],
							"pivot": [
								-24,
								9.33013,
								-47.1
							],
							"rotation": [
								-30,
								0,
								0
							],
							"uv": [
								492,
								28
							]
						},
						{
							"origin": [
								-26,
								14.66025,
								-49.6
							],
							"size": [
								4,
								4,
								5
							],
							"pivot": [
								-24,
								9.33013,
								-47.1
							],
							"rotation": [
								-30,
								0,
								0
							],
							"uv": [
								492,
								28
							]
						},
						{
							"origin": [
								-26,
								0,
								-49.6
							],
							"size": [
								4,
								4,
								5
							],
							"pivot": [
								-24,
								9.33013,
								-47.1
							],
							"rotation": [
								-60,
								0,
								0
							],
							"uv": [
								492,
								28
							]
						},
						{
							"origin": [
								-25,
								4,
								-49.6
							],
							"size": [
								3,
								3,
								5
							],
							"pivot": [
								-24,
								9.33013,
								-47.1
							],
							"rotation": [
								-60,
								0,
								0
							],
							"uv": [
								498,
								54
							]
						},
						{
							"origin": [
								-26,
								14.66025,
								-49.6
							],
							"size": [
								4,
								4,
								5
							],
							"pivot": [
								-24,
								9.33013,
								-47.1
							],
							"rotation": [
								-60,
								0,
								0
							],
							"uv": [
								492,
								28
							]
						},
						{
							"origin": [
								-25,
								11.66025,
								-49.6
							],
							"size": [
								3,
								3,
								5
							],
							"pivot": [
								-24,
								9.33013,
								-47.1
							],
							"rotation": [
								-60,
								0,
								0
							],
							"uv": [
								498,
								54
							]
						},
						{
							"origin": [
								-24,
								6.86025,
								-49.6
							],
							"size": [
								2,
								5,
								5
							],
							"uv": [
								496,
								42
							]
						},
						{
							"origin": [
								-26,
								0,
								-49.6
							],
							"size": [
								4,
								4,
								5
							],
							"pivot": [
								-24,
								9.33013,
								-47.1
							],
							"rotation": [
								-90,
								0,
								0
							],
							"uv": [
								492,
								28
							]
						},
						{
							"origin": [
								-26,
								14.66025,
								-49.6
							],
							"size": [
								4,
								4,
								5
							],
							"pivot": [
								-24,
								9.33013,
								-47.1
							],
							"rotation": [
								-90,
								0,
								0
							],
							"uv": [
								492,
								28
							]
						},
						{
							"origin": [
								-26,
								0,
								-49.6
							],
							"size": [
								4,
								4,
								5
							],
							"pivot": [
								-24,
								9.33013,
								-47.1
							],
							"rotation": [
								-120,
								0,
								0
							],
							"uv": [
								492,
								28
							]
						},
						{
							"origin": [
								-25,
								4,
								-49.6
							],
							"size": [
								3,
								3,
								5
							],
							"pivot": [
								-24,
								9.33013,
								-47.1
							],
							"rotation": [
								-120,
								0,
								0
							],
							"uv": [
								498,
								54
							]
						},
						{
							"origin": [
								-26,
								14.66025,
								-49.6
							],
							"size": [
								4,
								4,
								5
							],
							"pivot": [
								-24,
								9.33013,
								-47.1
							],
							"rotation": [
								-120,
								0,
								0
							],
							"uv": [
								492,
								28
							]
						},
						{
							"origin": [
								-25,
								11.66025,
								-49.6
							],
							"size": [
								3,
								3,
								5
							],
							"pivot": [
								-24,
								9.33013,
								-47.1
							],
							"rotation": [
								-120,
								0,
								0
							],
							"uv": [
								498,
								54
							]
						},
						{
							"origin": [
								-26,
								0,
								-49.6
							],
							"size": [
								4,
								4,
								5
							],
							"pivot": [
								-24,
								9.33013,
								-47.1
							],
							"rotation": [
								-150,
								0,
								0
							],
							"uv": [
								492,
								28
							]
						},
						{
							"origin": [
								-26,
								14.66025,
								-49.6
							],
							"size": [
								4,
								4,
								5
							],
							"pivot": [
								-24,
								9.33013,
								-47.1
							],
							"rotation": [
								-150,
								0,
								0
							],
							"uv": [
								492,
								28
							]
						},
						{
							"origin": [
								21,
								0,
								-49.6
							],
							"size": [
								4,
								4,
								5
							],
							"uv": [
								492,
								28
							]
						},
						{
							"origin": [
								21,
								14.66025,
								-49.6
							],
							"size": [
								4,
								4,
								5
							],
							"pivot": [
								23,
								9.33013,
								-47.1
							],
							"rotation": [
								-150,
								0,
								0
							],
							"uv": [
								492,
								28
							]
						},
						{
							"origin": [
								21,
								0,
								-49.6
							],
							"size": [
								4,
								4,
								5
							],
							"pivot": [
								23,
								9.33013,
								-47.1
							],
							"rotation": [
								-30,
								0,
								0
							],
							"uv": [
								492,
								28
							]
						},
						{
							"origin": [
								21,
								0,
								-49.6
							],
							"size": [
								4,
								4,
								5
							],
							"pivot": [
								23,
								9.33013,
								-47.1
							],
							"rotation": [
								-60,
								0,
								0
							],
							"uv": [
								492,
								28
							]
						},
						{
							"origin": [
								21,
								0,
								-49.6
							],
							"size": [
								4,
								4,
								5
							],
							"pivot": [
								23,
								9.33013,
								-47.1
							],
							"rotation": [
								-90,
								0,
								0
							],
							"uv": [
								492,
								28
							]
						},
						{
							"origin": [
								21,
								0,
								-49.6
							],
							"size": [
								4,
								4,
								5
							],
							"pivot": [
								23,
								9.33013,
								-47.1
							],
							"rotation": [
								-120,
								0,
								0
							],
							"uv": [
								492,
								28
							]
						},
						{
							"origin": [
								21,
								0,
								-49.6
							],
							"size": [
								4,
								4,
								5
							],
							"pivot": [
								23,
								9.33013,
								-47.1
							],
							"rotation": [
								-150,
								0,
								0
							],
							"uv": [
								492,
								28
							]
						},
						{
							"origin": [
								21,
								14.66025,
								-49.6
							],
							"size": [
								4,
								4,
								5
							],
							"uv": [
								492,
								28
							]
						},
						{
							"origin": [
								21,
								14.66025,
								-49.6
							],
							"size": [
								4,
								4,
								5
							],
							"pivot": [
								23,
								9.33013,
								-47.1
							],
							"rotation": [
								-30,
								0,
								0
							],
							"uv": [
								492,
								28
							]
						},
						{
							"origin": [
								21,
								14.66025,
								-49.6
							],
							"size": [
								4,
								4,
								5
							],
							"pivot": [
								23,
								9.33013,
								-47.1
							],
							"rotation": [
								-60,
								0,
								0
							],
							"uv": [
								492,
								28
							]
						},
						{
							"origin": [
								21,
								14.66025,
								-49.6
							],
							"size": [
								4,
								4,
								5
							],
							"pivot": [
								23,
								9.33013,
								-47.1
							],
							"rotation": [
								-90,
								0,
								0
							],
							"uv": [
								492,
								28
							]
						},
						{
							"origin": [
								21,
								14.66025,
								-49.6
							],
							"size": [
								4,
								4,
								5
							],
							"pivot": [
								23,
								9.33013,
								-47.1
							],
							"rotation": [
								-120,
								0,
								0
							],
							"uv": [
								492,
								28
							]
						},
						{
							"origin": [
								17,
								0,
								-49.6
							],
							"size": [
								4,
								4,
								5
							],
							"uv": [
								492,
								28
							]
						},
						{
							"origin": [
								17,
								0,
								-49.6
							],
							"size": [
								4,
								4,
								5
							],
							"pivot": [
								19,
								9.33013,
								-47.1
							],
							"rotation": [
								-30,
								0,
								0
							],
							"uv": [
								492,
								28
							]
						},
						{
							"origin": [
								17,
								0,
								-49.6
							],
							"size": [
								4,
								4,
								5
							],
							"pivot": [
								19,
								9.33013,
								-47.1
							],
							"rotation": [
								-60,
								0,
								0
							],
							"uv": [
								492,
								28
							]
						},
						{
							"origin": [
								17,
								0,
								-49.6
							],
							"size": [
								4,
								4,
								5
							],
							"pivot": [
								19,
								9.33013,
								-47.1
							],
							"rotation": [
								-90,
								0,
								0
							],
							"uv": [
								492,
								28
							]
						},
						{
							"origin": [
								17,
								0,
								-49.6
							],
							"size": [
								4,
								4,
								5
							],
							"pivot": [
								19,
								9.33013,
								-47.1
							],
							"rotation": [
								-120,
								0,
								0
							],
							"uv": [
								492,
								28
							]
						},
						{
							"origin": [
								17,
								0,
								-49.6
							],
							"size": [
								4,
								4,
								5
							],
							"pivot": [
								19,
								9.33013,
								-47.1
							],
							"rotation": [
								-150,
								0,
								0
							],
							"uv": [
								492,
								28
							]
						},
						{
							"origin": [
								17,
								14.66025,
								-49.6
							],
							"size": [
								4,
								4,
								5
							],
							"uv": [
								492,
								28
							]
						},
						{
							"origin": [
								17,
								14.66025,
								-49.6
							],
							"size": [
								4,
								4,
								5
							],
							"pivot": [
								19,
								9.33013,
								-47.1
							],
							"rotation": [
								-60,
								0,
								0
							],
							"uv": [
								492,
								28
							]
						},
						{
							"origin": [
								17,
								14.66025,
								-49.6
							],
							"size": [
								4,
								4,
								5
							],
							"pivot": [
								19,
								9.33013,
								-47.1
							],
							"rotation": [
								-30,
								0,
								0
							],
							"uv": [
								492,
								28
							]
						},
						{
							"origin": [
								17,
								14.66025,
								-49.6
							],
							"size": [
								4,
								4,
								5
							],
							"pivot": [
								19,
								9.33013,
								-47.1
							],
							"rotation": [
								-90,
								0,
								0
							],
							"uv": [
								492,
								28
							]
						},
						{
							"origin": [
								17,
								14.66025,
								-49.6
							],
							"size": [
								4,
								4,
								5
							],
							"pivot": [
								19,
								9.33013,
								-47.1
							],
							"rotation": [
								-120,
								0,
								0
							],
							"uv": [
								492,
								28
							]
						},
						{
							"origin": [
								17,
								14.66025,
								-49.6
							],
							"size": [
								4,
								4,
								5
							],
							"pivot": [
								19,
								9.33013,
								-47.1
							],
							"rotation": [
								-150,
								0,
								0
							],
							"uv": [
								492,
								28
							]
						},
						{
							"origin": [
								-22,
								0,
								-49.6
							],
							"size": [
								4,
								4,
								5
							],
							"uv": [
								492,
								28
							]
						},
						{
							"origin": [
								-22,
								0,
								-49.6
							],
							"size": [
								4,
								4,
								5
							],
							"pivot": [
								-20,
								9.33013,
								-47.1
							],
							"rotation": [
								-30,
								0,
								0
							],
							"uv": [
								492,
								28
							]
						},
						{
							"origin": [
								-22,
								0,
								-49.6
							],
							"size": [
								4,
								4,
								5
							],
							"pivot": [
								-20,
								9.33013,
								-47.1
							],
							"rotation": [
								-60,
								0,
								0
							],
							"uv": [
								492,
								28
							]
						},
						{
							"origin": [
								-22,
								0,
								-49.6
							],
							"size": [
								4,
								4,
								5
							],
							"pivot": [
								-20,
								9.33013,
								-47.1
							],
							"rotation": [
								-90,
								0,
								0
							],
							"uv": [
								492,
								28
							]
						},
						{
							"origin": [
								-22,
								0,
								-49.6
							],
							"size": [
								4,
								4,
								5
							],
							"pivot": [
								-20,
								9.33013,
								-47.1
							],
							"rotation": [
								-120,
								0,
								0
							],
							"uv": [
								492,
								28
							]
						},
						{
							"origin": [
								-22,
								0,
								-49.6
							],
							"size": [
								4,
								4,
								5
							],
							"pivot": [
								-20,
								9.33013,
								-47.1
							],
							"rotation": [
								-150,
								0,
								0
							],
							"uv": [
								492,
								28
							]
						},
						{
							"origin": [
								-22,
								14.66025,
								-49.6
							],
							"size": [
								4,
								4,
								5
							],
							"uv": [
								492,
								28
							]
						},
						{
							"origin": [
								-22,
								14.66025,
								-49.6
							],
							"size": [
								4,
								4,
								5
							],
							"pivot": [
								-20,
								9.33013,
								-47.1
							],
							"rotation": [
								-60,
								0,
								0
							],
							"uv": [
								492,
								28
							]
						},
						{
							"origin": [
								-22,
								14.66025,
								-49.6
							],
							"size": [
								4,
								4,
								5
							],
							"pivot": [
								-20,
								9.33013,
								-47.1
							],
							"rotation": [
								-30,
								0,
								0
							],
							"uv": [
								492,
								28
							]
						},
						{
							"origin": [
								-22,
								14.66025,
								-49.6
							],
							"size": [
								4,
								4,
								5
							],
							"pivot": [
								-20,
								9.33013,
								-47.1
							],
							"rotation": [
								-90,
								0,
								0
							],
							"uv": [
								492,
								28
							]
						},
						{
							"origin": [
								-22,
								14.66025,
								-49.6
							],
							"size": [
								4,
								4,
								5
							],
							"pivot": [
								-20,
								9.33013,
								-47.1
							],
							"rotation": [
								-120,
								0,
								0
							],
							"uv": [
								492,
								28
							]
						},
						{
							"origin": [
								-22,
								14.66025,
								-49.6
							],
							"size": [
								4,
								4,
								5
							],
							"pivot": [
								-20,
								9.33013,
								-47.1
							],
							"rotation": [
								-150,
								0,
								0
							],
							"uv": [
								492,
								28
							]
						},
						{
							"origin": [
								21,
								4,
								-49.6
							],
							"size": [
								3,
								3,
								5
							],
							"uv": [
								498,
								54
							]
						},
						{
							"origin": [
								21,
								4,
								-49.6
							],
							"size": [
								3,
								3,
								5
							],
							"pivot": [
								22,
								9.33013,
								-47.1
							],
							"rotation": [
								-60,
								0,
								0
							],
							"uv": [
								498,
								54
							]
						},
						{
							"origin": [
								21,
								4,
								-49.6
							],
							"size": [
								3,
								3,
								5
							],
							"pivot": [
								22,
								9.33013,
								-47.1
							],
							"rotation": [
								-120,
								0,
								0
							],
							"uv": [
								498,
								54
							]
						},
						{
							"origin": [
								21,
								11.66025,
								-49.6
							],
							"size": [
								3,
								3,
								5
							],
							"uv": [
								498,
								54
							]
						},
						{
							"origin": [
								21,
								11.66025,
								-49.6
							],
							"size": [
								3,
								3,
								5
							],
							"pivot": [
								22,
								9.33013,
								-47.1
							],
							"rotation": [
								-60,
								0,
								0
							],
							"uv": [
								498,
								54
							]
						},
						{
							"origin": [
								21,
								11.66025,
								-49.6
							],
							"size": [
								3,
								3,
								5
							],
							"pivot": [
								22,
								9.33013,
								-47.1
							],
							"rotation": [
								-120,
								0,
								0
							],
							"uv": [
								498,
								54
							]
						},
						{
							"origin": [
								18,
								11.66025,
								-49.6
							],
							"size": [
								3,
								3,
								5
							],
							"pivot": [
								19,
								9.33013,
								-47.1
							],
							"rotation": [
								-120,
								0,
								0
							],
							"uv": [
								498,
								54
							]
						},
						{
							"origin": [
								18,
								4,
								-49.6
							],
							"size": [
								3,
								3,
								5
							],
							"uv": [
								498,
								54
							]
						},
						{
							"origin": [
								18,
								4,
								-49.6
							],
							"size": [
								3,
								3,
								5
							],
							"pivot": [
								19,
								9.33013,
								-47.1
							],
							"rotation": [
								-60,
								0,
								0
							],
							"uv": [
								498,
								54
							]
						},
						{
							"origin": [
								18,
								4,
								-49.6
							],
							"size": [
								3,
								3,
								5
							],
							"pivot": [
								19,
								9.33013,
								-47.1
							],
							"rotation": [
								-120,
								0,
								0
							],
							"uv": [
								498,
								54
							]
						},
						{
							"origin": [
								18,
								11.66025,
								-49.6
							],
							"size": [
								3,
								3,
								5
							],
							"uv": [
								498,
								54
							]
						},
						{
							"origin": [
								18,
								11.66025,
								-49.6
							],
							"size": [
								3,
								3,
								5
							],
							"pivot": [
								19,
								9.33013,
								-47.1
							],
							"rotation": [
								-60,
								0,
								0
							],
							"uv": [
								498,
								54
							]
						},
						{
							"origin": [
								-22,
								11.66025,
								-49.6
							],
							"size": [
								3,
								3,
								5
							],
							"pivot": [
								-21,
								9.33013,
								-47.1
							],
							"rotation": [
								-120,
								0,
								0
							],
							"uv": [
								498,
								54
							]
						},
						{
							"origin": [
								-22,
								4,
								-49.6
							],
							"size": [
								3,
								3,
								5
							],
							"uv": [
								498,
								54
							]
						},
						{
							"origin": [
								-22,
								4,
								-49.6
							],
							"size": [
								3,
								3,
								5
							],
							"pivot": [
								-21,
								9.33013,
								-47.1
							],
							"rotation": [
								-60,
								0,
								0
							],
							"uv": [
								498,
								54
							]
						},
						{
							"origin": [
								-22,
								4,
								-49.6
							],
							"size": [
								3,
								3,
								5
							],
							"pivot": [
								-21,
								9.33013,
								-47.1
							],
							"rotation": [
								-120,
								0,
								0
							],
							"uv": [
								498,
								54
							]
						},
						{
							"origin": [
								-22,
								11.66025,
								-49.6
							],
							"size": [
								3,
								3,
								5
							],
							"uv": [
								498,
								54
							]
						},
						{
							"origin": [
								-22,
								11.66025,
								-49.6
							],
							"size": [
								3,
								3,
								5
							],
							"pivot": [
								-21,
								9.33013,
								-47.1
							],
							"rotation": [
								-60,
								0,
								0
							],
							"uv": [
								498,
								54
							]
						},
						{
							"origin": [
								21,
								6.86025,
								-49.6
							],
							"size": [
								2,
								5,
								5
							],
							"uv": [
								496,
								42
							],
							"mirror": true
						}
					]
				},
				{
					"name": "leg1",
					"pivot": [
						-0.5,
						9.33171,
						45
					],
					"cubes": [
						{
							"origin": [
								-26,
								0,
								42.5
							],
							"size": [
								4,
								4,
								5
							],
							"uv": [
								492,
								28
							]
						},
						{
							"origin": [
								-25,
								4,
								42.5
							],
							"size": [
								3,
								3,
								5
							],
							"uv": [
								498,
								54
							]
						},
						{
							"origin": [
								-26,
								14.66025,
								42.5
							],
							"size": [
								4,
								4,
								5
							],
							"uv": [
								492,
								28
							]
						},
						{
							"origin": [
								-25,
								11.66025,
								42.5
							],
							"size": [
								3,
								3,
								5
							],
							"uv": [
								498,
								54
							]
						},
						{
							"origin": [
								-26,
								0,
								42.5
							],
							"size": [
								4,
								4,
								5
							],
							"pivot": [
								-24,
								9.33013,
								45
							],
							"rotation": [
								-30,
								0,
								0
							],
							"uv": [
								492,
								28
							]
						},
						{
							"origin": [
								-26,
								14.66025,
								42.5
							],
							"size": [
								4,
								4,
								5
							],
							"pivot": [
								-24,
								9.33013,
								45
							],
							"rotation": [
								-30,
								0,
								0
							],
							"uv": [
								492,
								28
							]
						},
						{
							"origin": [
								-26,
								0,
								42.5
							],
							"size": [
								4,
								4,
								5
							],
							"pivot": [
								-24,
								9.33013,
								45
							],
							"rotation": [
								-60,
								0,
								0
							],
							"uv": [
								492,
								28
							]
						},
						{
							"origin": [
								-25,
								4,
								42.5
							],
							"size": [
								3,
								3,
								5
							],
							"pivot": [
								-24,
								9.33013,
								45
							],
							"rotation": [
								-60,
								0,
								0
							],
							"uv": [
								498,
								54
							]
						},
						{
							"origin": [
								-26,
								14.66025,
								42.5
							],
							"size": [
								4,
								4,
								5
							],
							"pivot": [
								-24,
								9.33013,
								45
							],
							"rotation": [
								-60,
								0,
								0
							],
							"uv": [
								492,
								28
							]
						},
						{
							"origin": [
								-25,
								11.66025,
								42.5
							],
							"size": [
								3,
								3,
								5
							],
							"pivot": [
								-24,
								9.33013,
								45
							],
							"rotation": [
								-60,
								0,
								0
							],
							"uv": [
								498,
								54
							]
						},
						{
							"origin": [
								-24,
								6.86025,
								42.5
							],
							"size": [
								2,
								5,
								5
							],
							"uv": [
								496,
								42
							]
						},
						{
							"origin": [
								-26,
								0,
								42.5
							],
							"size": [
								4,
								4,
								5
							],
							"pivot": [
								-24,
								9.33013,
								45
							],
							"rotation": [
								-90,
								0,
								0
							],
							"uv": [
								492,
								28
							]
						},
						{
							"origin": [
								-26,
								14.66025,
								42.5
							],
							"size": [
								4,
								4,
								5
							],
							"pivot": [
								-24,
								9.33013,
								45
							],
							"rotation": [
								-90,
								0,
								0
							],
							"uv": [
								492,
								28
							]
						},
						{
							"origin": [
								-26,
								0,
								42.5
							],
							"size": [
								4,
								4,
								5
							],
							"pivot": [
								-24,
								9.33013,
								45
							],
							"rotation": [
								-120,
								0,
								0
							],
							"uv": [
								492,
								28
							]
						},
						{
							"origin": [
								-25,
								4,
								42.5
							],
							"size": [
								3,
								3,
								5
							],
							"pivot": [
								-24,
								9.33013,
								45
							],
							"rotation": [
								-120,
								0,
								0
							],
							"uv": [
								498,
								54
							]
						},
						{
							"origin": [
								-26,
								14.66025,
								42.5
							],
							"size": [
								4,
								4,
								5
							],
							"pivot": [
								-24,
								9.33013,
								45
							],
							"rotation": [
								-120,
								0,
								0
							],
							"uv": [
								492,
								28
							]
						},
						{
							"origin": [
								-25,
								11.66025,
								42.5
							],
							"size": [
								3,
								3,
								5
							],
							"pivot": [
								-24,
								9.33013,
								45
							],
							"rotation": [
								-120,
								0,
								0
							],
							"uv": [
								498,
								54
							]
						},
						{
							"origin": [
								-26,
								0,
								42.5
							],
							"size": [
								4,
								4,
								5
							],
							"pivot": [
								-24,
								9.33013,
								45
							],
							"rotation": [
								-150,
								0,
								0
							],
							"uv": [
								492,
								28
							]
						},
						{
							"origin": [
								-26,
								14.66025,
								42.5
							],
							"size": [
								4,
								4,
								5
							],
							"pivot": [
								-24,
								9.33013,
								45
							],
							"rotation": [
								-150,
								0,
								0
							],
							"uv": [
								492,
								28
							]
						},
						{
							"origin": [
								21,
								0,
								42.5
							],
							"size": [
								4,
								4,
								5
							],
							"uv": [
								492,
								28
							]
						},
						{
							"origin": [
								21,
								14.66025,
								42.5
							],
							"size": [
								4,
								4,
								5
							],
							"pivot": [
								23,
								9.33013,
								45
							],
							"rotation": [
								-150,
								0,
								0
							],
							"uv": [
								492,
								28
							]
						},
						{
							"origin": [
								21,
								0,
								42.5
							],
							"size": [
								4,
								4,
								5
							],
							"pivot": [
								23,
								9.33013,
								45
							],
							"rotation": [
								-30,
								0,
								0
							],
							"uv": [
								492,
								28
							]
						},
						{
							"origin": [
								21,
								0,
								42.5
							],
							"size": [
								4,
								4,
								5
							],
							"pivot": [
								23,
								9.33013,
								45
							],
							"rotation": [
								-60,
								0,
								0
							],
							"uv": [
								492,
								28
							]
						},
						{
							"origin": [
								21,
								0,
								42.5
							],
							"size": [
								4,
								4,
								5
							],
							"pivot": [
								23,
								9.33013,
								45
							],
							"rotation": [
								-90,
								0,
								0
							],
							"uv": [
								492,
								28
							]
						},
						{
							"origin": [
								21,
								0,
								42.5
							],
							"size": [
								4,
								4,
								5
							],
							"pivot": [
								23,
								9.33013,
								45
							],
							"rotation": [
								-120,
								0,
								0
							],
							"uv": [
								492,
								28
							]
						},
						{
							"origin": [
								21,
								0,
								42.5
							],
							"size": [
								4,
								4,
								5
							],
							"pivot": [
								23,
								9.33013,
								45
							],
							"rotation": [
								-150,
								0,
								0
							],
							"uv": [
								492,
								28
							]
						},
						{
							"origin": [
								21,
								14.66025,
								42.5
							],
							"size": [
								4,
								4,
								5
							],
							"uv": [
								492,
								28
							]
						},
						{
							"origin": [
								21,
								14.66025,
								42.5
							],
							"size": [
								4,
								4,
								5
							],
							"pivot": [
								23,
								9.33013,
								45
							],
							"rotation": [
								-30,
								0,
								0
							],
							"uv": [
								492,
								28
							]
						},
						{
							"origin": [
								21,
								14.66025,
								42.5
							],
							"size": [
								4,
								4,
								5
							],
							"pivot": [
								23,
								9.33013,
								45
							],
							"rotation": [
								-60,
								0,
								0
							],
							"uv": [
								492,
								28
							]
						},
						{
							"origin": [
								21,
								14.66025,
								42.5
							],
							"size": [
								4,
								4,
								5
							],
							"pivot": [
								23,
								9.33013,
								45
							],
							"rotation": [
								-90,
								0,
								0
							],
							"uv": [
								492,
								28
							]
						},
						{
							"origin": [
								21,
								14.66025,
								42.5
							],
							"size": [
								4,
								4,
								5
							],
							"pivot": [
								23,
								9.33013,
								45
							],
							"rotation": [
								-120,
								0,
								0
							],
							"uv": [
								492,
								28
							]
						},
						{
							"origin": [
								17,
								0,
								42.5
							],
							"size": [
								4,
								4,
								5
							],
							"uv": [
								492,
								28
							]
						},
						{
							"origin": [
								17,
								0,
								42.5
							],
							"size": [
								4,
								4,
								5
							],
							"pivot": [
								19,
								9.33013,
								45
							],
							"rotation": [
								-30,
								0,
								0
							],
							"uv": [
								492,
								28
							]
						},
						{
							"origin": [
								17,
								0,
								42.5
							],
							"size": [
								4,
								4,
								5
							],
							"pivot": [
								19,
								9.33013,
								45
							],
							"rotation": [
								-60,
								0,
								0
							],
							"uv": [
								492,
								28
							]
						},
						{
							"origin": [
								17,
								0,
								42.5
							],
							"size": [
								4,
								4,
								5
							],
							"pivot": [
								19,
								9.33013,
								45
							],
							"rotation": [
								-90,
								0,
								0
							],
							"uv": [
								492,
								28
							]
						},
						{
							"origin": [
								17,
								0,
								42.5
							],
							"size": [
								4,
								4,
								5
							],
							"pivot": [
								19,
								9.33013,
								45
							],
							"rotation": [
								-120,
								0,
								0
							],
							"uv": [
								492,
								28
							]
						},
						{
							"origin": [
								17,
								0,
								42.5
							],
							"size": [
								4,
								4,
								5
							],
							"pivot": [
								19,
								9.33013,
								45
							],
							"rotation": [
								-150,
								0,
								0
							],
							"uv": [
								492,
								28
							]
						},
						{
							"origin": [
								17,
								14.66025,
								42.5
							],
							"size": [
								4,
								4,
								5
							],
							"uv": [
								492,
								28
							]
						},
						{
							"origin": [
								17,
								14.66025,
								42.5
							],
							"size": [
								4,
								4,
								5
							],
							"pivot": [
								19,
								9.33013,
								45
							],
							"rotation": [
								-60,
								0,
								0
							],
							"uv": [
								492,
								28
							]
						},
						{
							"origin": [
								17,
								14.66025,
								42.5
							],
							"size": [
								4,
								4,
								5
							],
							"pivot": [
								19,
								9.33013,
								45
							],
							"rotation": [
								-30,
								0,
								0
							],
							"uv": [
								492,
								28
							]
						},
						{
							"origin": [
								17,
								14.66025,
								42.5
							],
							"size": [
								4,
								4,
								5
							],
							"pivot": [
								19,
								9.33013,
								45
							],
							"rotation": [
								-90,
								0,
								0
							],
							"uv": [
								492,
								28
							]
						},
						{
							"origin": [
								17,
								14.66025,
								42.5
							],
							"size": [
								4,
								4,
								5
							],
							"pivot": [
								19,
								9.33013,
								45
							],
							"rotation": [
								-120,
								0,
								0
							],
							"uv": [
								492,
								28
							]
						},
						{
							"origin": [
								17,
								14.66025,
								42.5
							],
							"size": [
								4,
								4,
								5
							],
							"pivot": [
								19,
								9.33013,
								45
							],
							"rotation": [
								-150,
								0,
								0
							],
							"uv": [
								492,
								28
							]
						},
						{
							"origin": [
								-22,
								0,
								42.5
							],
							"size": [
								4,
								4,
								5
							],
							"uv": [
								492,
								28
							]
						},
						{
							"origin": [
								-22,
								0,
								42.5
							],
							"size": [
								4,
								4,
								5
							],
							"pivot": [
								-20,
								9.33013,
								45
							],
							"rotation": [
								-30,
								0,
								0
							],
							"uv": [
								492,
								28
							]
						},
						{
							"origin": [
								-22,
								0,
								42.5
							],
							"size": [
								4,
								4,
								5
							],
							"pivot": [
								-20,
								9.33013,
								45
							],
							"rotation": [
								-60,
								0,
								0
							],
							"uv": [
								492,
								28
							]
						},
						{
							"origin": [
								-22,
								0,
								42.5
							],
							"size": [
								4,
								4,
								5
							],
							"pivot": [
								-20,
								9.33013,
								45
							],
							"rotation": [
								-90,
								0,
								0
							],
							"uv": [
								492,
								28
							]
						},
						{
							"origin": [
								-22,
								0,
								42.5
							],
							"size": [
								4,
								4,
								5
							],
							"pivot": [
								-20,
								9.33013,
								45
							],
							"rotation": [
								-120,
								0,
								0
							],
							"uv": [
								492,
								28
							]
						},
						{
							"origin": [
								-22,
								0,
								42.5
							],
							"size": [
								4,
								4,
								5
							],
							"pivot": [
								-20,
								9.33013,
								45
							],
							"rotation": [
								-150,
								0,
								0
							],
							"uv": [
								492,
								28
							]
						},
						{
							"origin": [
								-22,
								14.66025,
								42.5
							],
							"size": [
								4,
								4,
								5
							],
							"uv": [
								492,
								28
							]
						},
						{
							"origin": [
								-22,
								14.66025,
								42.5
							],
							"size": [
								4,
								4,
								5
							],
							"pivot": [
								-20,
								9.33013,
								45
							],
							"rotation": [
								-60,
								0,
								0
							],
							"uv": [
								492,
								28
							]
						},
						{
							"origin": [
								-22,
								14.66025,
								42.5
							],
							"size": [
								4,
								4,
								5
							],
							"pivot": [
								-20,
								9.33013,
								45
							],
							"rotation": [
								-30,
								0,
								0
							],
							"uv": [
								492,
								28
							]
						},
						{
							"origin": [
								-22,
								14.66025,
								42.5
							],
							"size": [
								4,
								4,
								5
							],
							"pivot": [
								-20,
								9.33013,
								45
							],
							"rotation": [
								-90,
								0,
								0
							],
							"uv": [
								492,
								28
							]
						},
						{
							"origin": [
								-22,
								14.66025,
								42.5
							],
							"size": [
								4,
								4,
								5
							],
							"pivot": [
								-20,
								9.33013,
								45
							],
							"rotation": [
								-120,
								0,
								0
							],
							"uv": [
								492,
								28
							]
						},
						{
							"origin": [
								-22,
								14.66025,
								42.5
							],
							"size": [
								4,
								4,
								5
							],
							"pivot": [
								-20,
								9.33013,
								45
							],
							"rotation": [
								-150,
								0,
								0
							],
							"uv": [
								492,
								28
							]
						},
						{
							"origin": [
								21,
								4,
								42.5
							],
							"size": [
								3,
								3,
								5
							],
							"uv": [
								498,
								54
							]
						},
						{
							"origin": [
								21,
								4,
								42.5
							],
							"size": [
								3,
								3,
								5
							],
							"pivot": [
								22,
								9.33013,
								45
							],
							"rotation": [
								-60,
								0,
								0
							],
							"uv": [
								498,
								54
							]
						},
						{
							"origin": [
								21,
								4,
								42.5
							],
							"size": [
								3,
								3,
								5
							],
							"pivot": [
								22,
								9.33013,
								45
							],
							"rotation": [
								-120,
								0,
								0
							],
							"uv": [
								498,
								54
							]
						},
						{
							"origin": [
								21,
								11.66025,
								42.5
							],
							"size": [
								3,
								3,
								5
							],
							"uv": [
								498,
								54
							]
						},
						{
							"origin": [
								21,
								11.66025,
								42.5
							],
							"size": [
								3,
								3,
								5
							],
							"pivot": [
								22,
								9.33013,
								45
							],
							"rotation": [
								-60,
								0,
								0
							],
							"uv": [
								498,
								54
							]
						},
						{
							"origin": [
								21,
								11.66025,
								42.5
							],
							"size": [
								3,
								3,
								5
							],
							"pivot": [
								22,
								9.33013,
								45
							],
							"rotation": [
								-120,
								0,
								0
							],
							"uv": [
								498,
								54
							]
						},
						{
							"origin": [
								18,
								11.66025,
								42.5
							],
							"size": [
								3,
								3,
								5
							],
							"pivot": [
								19,
								9.33013,
								45
							],
							"rotation": [
								-120,
								0,
								0
							],
							"uv": [
								498,
								54
							]
						},
						{
							"origin": [
								18,
								4,
								42.5
							],
							"size": [
								3,
								3,
								5
							],
							"uv": [
								498,
								54
							]
						},
						{
							"origin": [
								18,
								4,
								42.5
							],
							"size": [
								3,
								3,
								5
							],
							"pivot": [
								19,
								9.33013,
								45
							],
							"rotation": [
								-60,
								0,
								0
							],
							"uv": [
								498,
								54
							]
						},
						{
							"origin": [
								18,
								4,
								42.5
							],
							"size": [
								3,
								3,
								5
							],
							"pivot": [
								19,
								9.33013,
								45
							],
							"rotation": [
								-120,
								0,
								0
							],
							"uv": [
								498,
								54
							]
						},
						{
							"origin": [
								18,
								11.66025,
								42.5
							],
							"size": [
								3,
								3,
								5
							],
							"uv": [
								498,
								54
							]
						},
						{
							"origin": [
								18,
								11.66025,
								42.5
							],
							"size": [
								3,
								3,
								5
							],
							"pivot": [
								19,
								9.33013,
								45
							],
							"rotation": [
								-60,
								0,
								0
							],
							"uv": [
								498,
								54
							]
						},
						{
							"origin": [
								-22,
								11.66025,
								42.5
							],
							"size": [
								3,
								3,
								5
							],
							"pivot": [
								-21,
								9.33013,
								45
							],
							"rotation": [
								-120,
								0,
								0
							],
							"uv": [
								498,
								54
							]
						},
						{
							"origin": [
								-22,
								4,
								42.5
							],
							"size": [
								3,
								3,
								5
							],
							"uv": [
								498,
								54
							]
						},
						{
							"origin": [
								-22,
								4,
								42.5
							],
							"size": [
								3,
								3,
								5
							],
							"pivot": [
								-21,
								9.33013,
								45
							],
							"rotation": [
								-60,
								0,
								0
							],
							"uv": [
								498,
								54
							]
						},
						{
							"origin": [
								-22,
								4,
								42.5
							],
							"size": [
								3,
								3,
								5
							],
							"pivot": [
								-21,
								9.33013,
								45
							],
							"rotation": [
								-120,
								0,
								0
							],
							"uv": [
								498,
								54
							]
						},
						{
							"origin": [
								-22,
								11.66025,
								42.5
							],
							"size": [
								3,
								3,
								5
							],
							"uv": [
								498,
								54
							]
						},
						{
							"origin": [
								-22,
								11.66025,
								42.5
							],
							"size": [
								3,
								3,
								5
							],
							"pivot": [
								-21,
								9.33013,
								45
							],
							"rotation": [
								-60,
								0,
								0
							],
							"uv": [
								498,
								54
							]
						},
						{
							"origin": [
								21,
								6.86025,
								42.5
							],
							"size": [
								2,
								5,
								5
							],
							"uv": [
								496,
								42
							],
							"mirror": true
						}
					]
				}
			]
		}
	]
}