{
	"format_version": "1.12.0",
	"minecraft:geometry": [
		{
			"description": {
				"identifier": "geometry.submarine",
				"texture_width": 512,
				"texture_height": 512,
				"visible_bounds_width": 12,
				"visible_bounds_height": 4,
				"visible_bounds_offset": [
					0,
					0,
					0
				]
			},
			"bones": [
				{
					"name": "body",
					"pivot": [
						0,
						0,
						0
					],
					"cubes": [
						{
							"origin": [
								-15,
								0,
								-16
							],
							"size": [
								28,
								1,
								55
							],
							"uv": [
								0,
								0
							]
						},
						{
							"origin": [
								-9,
								1,
								-7
							],
							"size": [
								16,
								2,
								12
							],
							"uv": [
								178,
								172
							]
						},
						{
							"origin": [
								-9,
								1,
								5
							],
							"size": [
								16,
								16,
								2
							],
							"uv": [
								156,
								198
							]
						},
						{
							"origin": [
								-15,
								1,
								-16
							],
							"size": [
								6,
								11,
								26
							],
							"uv": [
								64,
								96
							]
						},
						{
							"origin": [
								-9,
								1,
								8
							],
							"size": [
								16,
								11,
								2
							],
							"uv": [
								102,
								218
							]
						},
						{
							"origin": [
								-15,
								8,
								39
							],
							"size": [
								28,
								18,
								15
							],
							"uv": [
								114,
								56
							]
						},
						{
							"origin": [
								-2,
								-3,
								42
							],
							"size": [
								2,
								11,
								2
							],
							"uv": [
								24,
								272
							]
						},
						{
							"origin": [
								-2,
								-3,
								44
							],
							"size": [
								2,
								8,
								9
							],
							"uv": [
								40,
								235
							]
						},
						{
							"origin": [
								-3,
								15,
								54
							],
							"size": [
								4,
								4,
								2
							],
							"uv": [
								60,
								272
							]
						},
						{
							"origin": [
								-15,
								22.29497,
								36.14248
							],
							"size": [
								28,
								4,
								15
							],
							"pivot": [
								-1,
								17.29497,
								51.64248
							],
							"rotation": [
								-15,
								0,
								0
							],
							"uv": [
								200,
								56
							]
						},
						{
							"origin": [
								-2,
								26.29497,
								39.14248
							],
							"size": [
								2,
								15,
								12
							],
							"pivot": [
								-1,
								17.29497,
								51.64248
							],
							"rotation": [
								-15,
								0,
								0
							],
							"uv": [
								0,
								317
							]
						},
						{
							"origin": [
								-15,
								12,
								8
							],
							"size": [
								28,
								18,
								31
							],
							"uv": [
								166,
								0
							]
						},
						{
							"origin": [
								-8,
								30,
								11
							],
							"size": [
								14,
								10,
								14
							],
							"uv": [
								92,
								133
							]
						},
						{
							"origin": [
								-9,
								38,
								10
							],
							"size": [
								16,
								12,
								16
							],
							"uv": [
								128,
								96
							]
						},
						{
							"origin": [
								-10,
								28,
								6
							],
							"size": [
								18,
								2,
								2
							],
							"uv": [
								102,
								231
							]
						},
						{
							"origin": [
								-15,
								1,
								10
							],
							"size": [
								28,
								11,
								29
							],
							"uv": [
								0,
								56
							]
						},
						{
							"origin": [
								7,
								1,
								-16
							],
							"size": [
								6,
								11,
								26
							],
							"uv": [
								0,
								96
							]
						},
						{
							"origin": [
								-8,
								0,
								-23
							],
							"size": [
								14,
								12,
								7
							],
							"uv": [
								0,
								198
							]
						},
						{
							"origin": [
								-8,
								0,
								-18
							],
							"size": [
								14,
								10,
								7
							],
							"uv": [
								42,
								198
							]
						},
						{
							"origin": [
								-4,
								8,
								-9
							],
							"size": [
								6,
								2,
								1
							],
							"pivot": [
								-1,
								9,
								-13.5
							],
							"rotation": [
								30,
								0,
								0
							],
							"uv": [
								60,
								278
							]
						},
						{
							"origin": [
								2,
								8,
								-9
							],
							"size": [
								1,
								5,
								1
							],
							"pivot": [
								-1,
								9,
								-13.5
							],
							"rotation": [
								30,
								0,
								0
							],
							"uv": [
								74,
								278
							]
						},
						{
							"origin": [
								-5,
								8,
								-9
							],
							"size": [
								1,
								5,
								1
							],
							"pivot": [
								-1,
								9,
								-13.5
							],
							"rotation": [
								30,
								0,
								0
							],
							"uv": [
								74,
								272
							]
						},
						{
							"origin": [
								-2,
								8,
								-14
							],
							"size": [
								2,
								2,
								7
							],
							"pivot": [
								-1,
								9,
								-13.5
							],
							"rotation": [
								30,
								0,
								0
							],
							"uv": [
								80,
								252
							]
						},
						{
							"origin": [
								-6,
								9,
								-14
							],
							"size": [
								1,
								1,
								5
							],
							"pivot": [
								-1,
								9,
								-13.5
							],
							"rotation": [
								50,
								0,
								0
							],
							"uv": [
								32,
								278
							]
						},
						{
							"origin": [
								4,
								8,
								-14
							],
							"size": [
								1,
								1,
								5
							],
							"pivot": [
								-1,
								9,
								-13.5
							],
							"rotation": [
								50,
								0,
								0
							],
							"uv": [
								32,
								272
							]
						},
						{
							"origin": [
								-4.95837,
								0,
								-31.75736
							],
							"size": [
								10,
								12,
								8
							],
							"pivot": [
								9.04163,
								0.5,
								-11.75736
							],
							"rotation": [
								0,
								45,
								0
							],
							"uv": [
								120,
								198
							]
						},
						{
							"origin": [
								8.04163,
								4,
								-21.75736
							],
							"size": [
								4,
								4,
								5
							],
							"inflate": 0.3,
							"uv": [
								62,
								261
							]
						},
						{
							"origin": [
								-13.95837,
								4,
								-21.75736
							],
							"size": [
								4,
								4,
								5
							],
							"inflate": 0.3,
							"uv": [
								62,
								252
							]
						},
						{
							"origin": [
								-12.89949,
								0,
								-17.61522
							],
							"size": [
								10,
								12,
								8
							],
							"pivot": [
								3.10051,
								0.5,
								2.38478
							],
							"rotation": [
								0,
								-45,
								0
							],
							"uv": [
								84,
								198
							]
						}
					]
				},
				{
					"name": "lights",
					"parent": "body",
					"pivot": [
						0,
						0,
						0
					],
					"cubes": [
						{
							"origin": [
								-5,
								40,
								9
							],
							"size": [
								8,
								8,
								5
							],
							"uv": [
								62,
								235
							]
						},
						{
							"origin": [
								8.04163,
								4,
								-22.75736
							],
							"size": [
								4,
								4,
								7
							],
							"uv": [
								88,
								235
							]
						},
						{
							"origin": [
								-13.95837,
								4,
								-22.75736
							],
							"size": [
								4,
								4,
								7
							],
							"uv": [
								110,
								235
							]
						}
					]
				},
				{
					"name": "holder",
					"parent": "body",
					"pivot": [
						-9.53553,
						8.3934,
						56.5
					],
					"cubes": [
						{
							"origin": [
								-13.07107,
								11.92893,
								54
							],
							"size": [
								3,
								10,
								4
							],
							"uv": [
								48,
								252
							]
						},
						{
							"origin": [
								-9.53553,
								20.46447,
								55
							],
							"size": [
								3,
								10,
								3
							],
							"pivot": [
								-9.53553,
								25.46447,
								56.5
							],
							"rotation": [
								0,
								0,
								45
							],
							"uv": [
								12,
								272
							]
						},
						{
							"origin": [
								-6,
								26,
								55
							],
							"size": [
								10,
								3,
								3
							],
							"uv": [
								0,
								252
							]
						},
						{
							"origin": [
								5.41421,
								18.34315,
								55
							],
							"size": [
								3,
								10,
								3
							],
							"pivot": [
								5.41421,
								23.34315,
								56.5
							],
							"rotation": [
								0,
								0,
								-45
							],
							"uv": [
								114,
								252
							]
						},
						{
							"origin": [
								8.07107,
								11.92893,
								54
							],
							"size": [
								3,
								10,
								4
							],
							"uv": [
								34,
								252
							]
						},
						{
							"origin": [
								5.41421,
								5.51472,
								55
							],
							"size": [
								3,
								10,
								3
							],
							"pivot": [
								5.41421,
								10.51472,
								56.5
							],
							"rotation": [
								0,
								0,
								45
							],
							"uv": [
								0,
								272
							]
						},
						{
							"origin": [
								-6,
								4.85786,
								55
							],
							"size": [
								10,
								3,
								3
							],
							"uv": [
								110,
								246
							]
						},
						{
							"origin": [
								-9.53553,
								3.3934,
								55
							],
							"size": [
								3,
								10,
								3
							],
							"pivot": [
								-9.53553,
								8.3934,
								56.5
							],
							"rotation": [
								0,
								0,
								-45
							],
							"uv": [
								126,
								252
							]
						}
					]
				},
				{
					"name": "propeller2",
					"pivot": [
						-32.9,
						18.12868,
						29.5
					]
				},
				{
					"name": "propeller",
					"pivot": [
						-1,
						17,
						57
					],
					"cubes": [
						{
							"origin": [
								-10,
								16,
								56
							],
							"size": [
								18,
								2,
								2
							],
							"uv": [
								0,
								243
							]
						},
						{
							"origin": [
								-2,
								8,
								56
							],
							"size": [
								2,
								18,
								2
							],
							"uv": [
								26,
								252
							]
						}
					]
				},
				{
					"name": "cage",
					"pivot": [
						9,
						29,
						8
					],
					"cubes": [
						{
							"origin": [
								-10,
								28,
								6
							],
							"size": [
								18,
								2,
								2
							],
							"uv": [
								142,
								218
							]
						},
						{
							"origin": [
								-12,
								28,
								-7
							],
							"size": [
								2,
								2,
								15
							],
							"uv": [
								68,
								218
							]
						},
						{
							"origin": [
								-12,
								13,
								6
							],
							"size": [
								2,
								15,
								2
							],
							"uv": [
								106,
								252
							]
						},
						{
							"origin": [
								8,
								13,
								6
							],
							"size": [
								2,
								15,
								2
							],
							"uv": [
								98,
								252
							]
						},
						{
							"origin": [
								-12,
								23.13604,
								-18.74264
							],
							"size": [
								2,
								2,
								15
							],
							"pivot": [
								-11.5,
								23.63604,
								-11.24264
							],
							"rotation": [
								45,
								0,
								0
							],
							"uv": [
								0,
								218
							]
						},
						{
							"origin": [
								-11,
								22.13604,
								-18.74264
							],
							"size": [
								0,
								1,
								15
							],
							"pivot": [
								-11.5,
								23.63604,
								-11.24264
							],
							"rotation": [
								45,
								0,
								0
							],
							"uv": [
								0,
								291
							]
						},
						{
							"origin": [
								9,
								22.13604,
								-18.74264
							],
							"size": [
								0,
								1,
								15
							],
							"pivot": [
								-11.5,
								23.63604,
								-11.24264
							],
							"rotation": [
								45,
								0,
								0
							],
							"uv": [
								0,
								291
							]
						},
						{
							"origin": [
								8,
								28,
								-7
							],
							"size": [
								2,
								2,
								15
							],
							"uv": [
								34,
								218
							]
						},
						{
							"origin": [
								8,
								11,
								-16
							],
							"size": [
								2,
								2,
								24
							],
							"uv": [
								0,
								172
							]
						},
						{
							"origin": [
								-12,
								11,
								-16
							],
							"size": [
								2,
								2,
								24
							],
							"uv": [
								148,
								133
							]
						},
						{
							"origin": [
								8,
								23.13604,
								-18.74264
							],
							"size": [
								2,
								2,
								15
							],
							"pivot": [
								9.5,
								23.63604,
								-11.24264
							],
							"rotation": [
								45,
								0,
								0
							],
							"uv": [
								192,
								198
							]
						},
						{
							"origin": [
								-10,
								23.13604,
								-5.74264
							],
							"size": [
								18,
								2,
								2
							],
							"pivot": [
								9.5,
								23.63604,
								-11.24264
							],
							"rotation": [
								45,
								0,
								0
							],
							"uv": [
								0,
								312
							]
						},
						{
							"origin": [
								8,
								11.3934,
								-17.6066
							],
							"size": [
								2,
								8,
								2
							],
							"uv": [
								44,
								272
							]
						},
						{
							"origin": [
								-10,
								11.3934,
								-17.6066
							],
							"size": [
								18,
								1,
								2
							],
							"uv": [
								0,
								247
							]
						},
						{
							"origin": [
								-12,
								11.3934,
								-17.6066
							],
							"size": [
								2,
								8,
								2
							],
							"uv": [
								52,
								272
							]
						},
						{
							"origin": [
								-11,
								12,
								-16
							],
							"size": [
								0,
								16,
								23
							],
							"uv": [
								46,
								133
							]
						},
						{
							"origin": [
								-10,
								24.55025,
								-18.74264
							],
							"size": [
								18,
								0,
								14
							],
							"pivot": [
								7.5,
								24.05025,
								-11.24264
							],
							"rotation": [
								45,
								0,
								0
							],
							"uv": [
								52,
								172
							]
						},
						{
							"origin": [
								-10,
								11.10051,
								-16.90049
							],
							"size": [
								18,
								8,
								0
							],
							"uv": [
								0,
								235
							]
						},
						{
							"origin": [
								-10,
								29,
								-7
							],
							"size": [
								18,
								0,
								13
							],
							"uv": [
								116,
								172
							]
						},
						{
							"origin": [
								9,
								12,
								-16
							],
							"size": [
								0,
								16,
								23
							],
							"uv": [
								0,
								133
							]
						}
					]
				}
			]
		}
	]
}