{
	"format_version": "1.12.0",
	"minecraft:geometry": [
		{
			"description": {
				"identifier": "geometry.car_4x4",
				"texture_width": 512,
				"texture_height": 512,
				"visible_bounds_width": 14,
				"visible_bounds_height": 4,
				"visible_bounds_offset": [
					0,
					0,
					0
				]
			},
			"bones": [
				{
					"name": "body",
					"pivot": [
						0,
						12,
						0
					],
					"cubes": [
						{
							"origin": [
								-17,
								8,
								14.64959
							],
							"size": [
								34,
								6,
								9
							],
							"uv": [
								144,
								250
							]
						},
						{
							"origin": [
								-17,
								8,
								-3.35041
							],
							"size": [
								34,
								6,
								9
							],
							"uv": [
								144,
								250
							]
						},
						{
							"origin": [
								-2,
								9,
								-14.35041
							],
							"size": [
								4,
								6,
								20
							],
							"uv": [
								68,
								320
							]
						},
						{
							"origin": [
								2,
								13,
								3.64959
							],
							"size": [
								12,
								12,
								2
							],
							"pivot": [
								0,
								13,
								4.64959
							],
							"rotation": [
								-15,
								0,
								0
							],
							"uv": [
								30,
								349
							]
						},
						{
							"origin": [
								4,
								14,
								21.64959
							],
							"size": [
								12,
								12,
								2
							],
							"uv": [
								30,
								349
							]
						},
						{
							"origin": [
								-14,
								13,
								3.64959
							],
							"size": [
								12,
								12,
								2
							],
							"pivot": [
								0,
								13,
								4.64959
							],
							"rotation": [
								-15,
								0,
								0
							],
							"uv": [
								30,
								349
							]
						},
						{
							"origin": [
								-16,
								14,
								21.64959
							],
							"size": [
								12,
								12,
								2
							],
							"uv": [
								30,
								349
							]
						},
						{
							"origin": [
								-19,
								8,
								-17.35041
							],
							"size": [
								2,
								14,
								42
							],
							"uv": [
								0,
								148
							]
						},
						{
							"origin": [
								17,
								8,
								-17.35041
							],
							"size": [
								2,
								14,
								42
							],
							"uv": [
								0,
								148
							],
							"mirror": true
						},
						{
							"origin": [
								-19,
								17,
								25.64959
							],
							"size": [
								2,
								5,
								47
							],
							"uv": [
								98,
								89
							]
						},
						{
							"origin": [
								-20,
								17,
								31.64959
							],
							"size": [
								1,
								2,
								35
							],
							"uv": [
								72,
								250
							]
						},
						{
							"origin": [
								19,
								17,
								31.64959
							],
							"size": [
								1,
								2,
								35
							],
							"uv": [
								0,
								250
							]
						},
						{
							"origin": [
								-20,
								16,
								43.64959
							],
							"size": [
								1,
								1,
								10
							],
							"uv": [
								16,
								382
							]
						},
						{
							"origin": [
								19,
								16,
								43.64959
							],
							"size": [
								1,
								1,
								10
							],
							"uv": [
								16,
								371
							]
						},
						{
							"origin": [
								-20,
								16,
								31.64959
							],
							"size": [
								1,
								1,
								5
							],
							"uv": [
								84,
								399
							]
						},
						{
							"origin": [
								19,
								16,
								31.64959
							],
							"size": [
								1,
								1,
								5
							],
							"uv": [
								84,
								393
							]
						},
						{
							"origin": [
								-20,
								16,
								-38.35041
							],
							"size": [
								40,
								1,
								17
							],
							"uv": [
								88,
								148
							]
						},
						{
							"origin": [
								-20,
								16,
								61.64959
							],
							"size": [
								1,
								1,
								5
							],
							"uv": [
								72,
								399
							]
						},
						{
							"origin": [
								19,
								16,
								61.64959
							],
							"size": [
								1,
								1,
								5
							],
							"uv": [
								72,
								393
							]
						},
						{
							"origin": [
								-20,
								15,
								31.64959
							],
							"size": [
								1,
								1,
								3
							],
							"uv": [
								130,
								401
							]
						},
						{
							"origin": [
								19,
								15,
								31.64959
							],
							"size": [
								1,
								1,
								3
							],
							"uv": [
								130,
								397
							]
						},
						{
							"origin": [
								-20,
								15,
								-38.35041
							],
							"size": [
								40,
								1,
								3
							],
							"uv": [
								0,
								303
							]
						},
						{
							"origin": [
								-20,
								15,
								-24.35041
							],
							"size": [
								40,
								1,
								3
							],
							"uv": [
								396,
								287
							]
						},
						{
							"origin": [
								-20,
								15,
								63.64959
							],
							"size": [
								1,
								1,
								3
							],
							"uv": [
								130,
								393
							]
						},
						{
							"origin": [
								19,
								15,
								63.64959
							],
							"size": [
								1,
								1,
								3
							],
							"uv": [
								122,
								401
							]
						},
						{
							"origin": [
								-20,
								14,
								31.64959
							],
							"size": [
								1,
								1,
								2
							],
							"uv": [
								12,
								408
							]
						},
						{
							"origin": [
								19,
								14,
								31.64959
							],
							"size": [
								1,
								1,
								2
							],
							"uv": [
								6,
								408
							]
						},
						{
							"origin": [
								-20,
								14,
								-38.35041
							],
							"size": [
								40,
								1,
								2
							],
							"uv": [
								156,
								306
							]
						},
						{
							"origin": [
								-20,
								14,
								-23.35041
							],
							"size": [
								40,
								1,
								2
							],
							"uv": [
								156,
								303
							]
						},
						{
							"origin": [
								-20,
								5,
								-22.35041
							],
							"size": [
								40,
								9,
								1
							],
							"uv": [
								158,
								287
							]
						},
						{
							"origin": [
								-20,
								5,
								-38.35041
							],
							"size": [
								40,
								9,
								1
							],
							"uv": [
								76,
								287
							]
						},
						{
							"origin": [
								-20,
								14,
								64.64959
							],
							"size": [
								1,
								1,
								2
							],
							"uv": [
								0,
								408
							]
						},
						{
							"origin": [
								19,
								14,
								64.64959
							],
							"size": [
								1,
								1,
								2
							],
							"uv": [
								144,
								393
							]
						},
						{
							"origin": [
								-20,
								15,
								45.64959
							],
							"size": [
								1,
								1,
								6
							],
							"uv": [
								136,
								371
							]
						},
						{
							"origin": [
								19,
								15,
								45.64959
							],
							"size": [
								1,
								1,
								6
							],
							"uv": [
								122,
								386
							]
						},
						{
							"origin": [
								-20,
								14,
								47.64959
							],
							"size": [
								1,
								1,
								2
							],
							"uv": [
								138,
								404
							]
						},
						{
							"origin": [
								19,
								14,
								47.64959
							],
							"size": [
								1,
								1,
								2
							],
							"uv": [
								138,
								401
							]
						},
						{
							"origin": [
								17,
								17,
								25.64959
							],
							"size": [
								2,
								5,
								47
							],
							"uv": [
								0,
								89
							]
						},
						{
							"origin": [
								17,
								6,
								25.64959
							],
							"size": [
								2,
								11,
								6
							],
							"uv": [
								0,
								371
							]
						},
						{
							"origin": [
								17,
								6,
								66.64959
							],
							"size": [
								2,
								11,
								6
							],
							"uv": [
								230,
								349
							]
						},
						{
							"origin": [
								-17,
								6,
								71.64959
							],
							"size": [
								34,
								16,
								1
							],
							"uv": [
								86,
								303
							]
						},
						{
							"origin": [
								14,
								6,
								66.64959
							],
							"size": [
								3,
								11,
								1
							],
							"uv": [
								16,
								393
							]
						},
						{
							"origin": [
								-17,
								6,
								66.64959
							],
							"size": [
								3,
								11,
								1
							],
							"uv": [
								8,
								393
							]
						},
						{
							"origin": [
								14,
								17,
								30.64959
							],
							"size": [
								3,
								1,
								37
							],
							"uv": [
								72,
								204
							]
						},
						{
							"origin": [
								14,
								6,
								31.64959
							],
							"size": [
								1,
								11,
								35
							],
							"uv": [
								0,
								204
							]
						},
						{
							"origin": [
								-14,
								6,
								30.64959
							],
							"size": [
								28,
								8,
								37
							],
							"uv": [
								146,
								44
							]
						},
						{
							"origin": [
								-17,
								6,
								25.64959
							],
							"size": [
								34,
								8,
								5
							],
							"uv": [
								318,
								287
							]
						},
						{
							"origin": [
								-17,
								6,
								67.64959
							],
							"size": [
								34,
								8,
								4
							],
							"uv": [
								0,
								307
							]
						},
						{
							"origin": [
								-15,
								6,
								31.64959
							],
							"size": [
								1,
								11,
								35
							],
							"uv": [
								202,
								148
							]
						},
						{
							"origin": [
								-17,
								17,
								30.64959
							],
							"size": [
								3,
								1,
								37
							],
							"uv": [
								88,
								166
							]
						},
						{
							"origin": [
								14,
								6,
								30.64959
							],
							"size": [
								3,
								11,
								1
							],
							"uv": [
								0,
								393
							]
						},
						{
							"origin": [
								-17,
								6,
								30.64959
							],
							"size": [
								3,
								11,
								1
							],
							"uv": [
								136,
								378
							]
						},
						{
							"origin": [
								-19,
								6,
								25.64959
							],
							"size": [
								2,
								11,
								6
							],
							"uv": [
								214,
								349
							]
						},
						{
							"origin": [
								-19,
								6,
								66.64959
							],
							"size": [
								2,
								11,
								6
							],
							"uv": [
								198,
								349
							]
						},
						{
							"origin": [
								-19,
								17,
								-39.35041
							],
							"size": [
								38,
								3,
								22
							],
							"uv": [
								286,
								89
							]
						},
						{
							"origin": [
								-19,
								5,
								-21.35041
							],
							"size": [
								38,
								12,
								4
							],
							"uv": [
								144,
								265
							]
						},
						{
							"origin": [
								-17,
								9.71692,
								-18.62732
							],
							"size": [
								34,
								12,
								4
							],
							"pivot": [
								0,
								15.71692,
								-16.62732
							],
							"rotation": [
								25,
								0,
								0
							],
							"uv": [
								0,
								287
							]
						},
						{
							"origin": [
								-15,
								5,
								-37.35041
							],
							"size": [
								30,
								12,
								15
							],
							"uv": [
								152,
								204
							]
						},
						{
							"origin": [
								-19,
								5,
								-39.35041
							],
							"size": [
								38,
								12,
								1
							],
							"uv": [
								240,
								287
							]
						},
						{
							"origin": [
								-19,
								5,
								-46.35041
							],
							"size": [
								38,
								14,
								7
							],
							"uv": [
								242,
								204
							]
						},
						{
							"origin": [
								-19,
								20,
								-28.35041
							],
							"size": [
								38,
								1,
								11
							],
							"uv": [
								242,
								225
							]
						},
						{
							"origin": [
								-21,
								20,
								-22.35041
							],
							"size": [
								2,
								2,
								2
							],
							"uv": [
								122,
								397
							]
						},
						{
							"origin": [
								19,
								20,
								-22.35041
							],
							"size": [
								2,
								2,
								2
							],
							"uv": [
								122,
								393
							]
						},
						{
							"origin": [
								20.65798,
								20,
								-22.41072
							],
							"size": [
								6,
								5,
								2
							],
							"pivot": [
								20.65798,
								21.5,
								-21.41072
							],
							"rotation": [
								0,
								-20,
								0
							],
							"uv": [
								74,
								378
							]
						},
						{
							"origin": [
								-26.29614,
								20,
								-20.3586
							],
							"size": [
								6,
								5,
								2
							],
							"pivot": [
								-26.29614,
								21.5,
								-19.3586
							],
							"rotation": [
								0,
								20,
								0
							],
							"uv": [
								74,
								371
							]
						},
						{
							"origin": [
								-19,
								20.06412,
								-45.78562
							],
							"size": [
								38,
								1,
								29
							],
							"pivot": [
								0,
								15.06412,
								-27.78562
							],
							"rotation": [
								5,
								0,
								0
							],
							"uv": [
								276,
								44
							]
						},
						{
							"origin": [
								-19,
								5,
								24
							],
							"size": [
								38,
								17,
								2
							],
							"uv": [
								230,
								250
							]
						},
						{
							"origin": [
								-17,
								8,
								-17.35041
							],
							"size": [
								34,
								1,
								42
							],
							"uv": [
								312,
								0
							]
						},
						{
							"origin": [
								-17,
								7,
								-17.35041
							],
							"size": [
								34,
								1,
								42
							],
							"uv": [
								160,
								0
							]
						},
						{
							"origin": [
								-19,
								5,
								-17.35041
							],
							"size": [
								38,
								2,
								42
							],
							"uv": [
								0,
								0
							]
						}
					]
				},
				{
					"name": "steer",
					"parent": "body",
					"pivot": [
						9,
						18.85328,
						-11.12732
					],
					"cubes": [
						{
							"origin": [
								6,
								11.71692,
								-10.62732
							],
							"size": [
								6,
								1,
								1
							],
							"pivot": [
								1,
								15.71692,
								-16.62732
							],
							"rotation": [
								25,
								0,
								0
							],
							"uv": [
								98,
								393
							]
						},
						{
							"origin": [
								12,
								12.71692,
								-10.62732
							],
							"size": [
								1,
								1,
								1
							],
							"pivot": [
								1,
								15.71692,
								-16.62732
							],
							"rotation": [
								25,
								0,
								0
							],
							"uv": [
								20,
								408
							]
						},
						{
							"origin": [
								13,
								13.71692,
								-10.62732
							],
							"size": [
								1,
								4,
								1
							],
							"pivot": [
								1,
								15.71692,
								-16.62732
							],
							"rotation": [
								25,
								0,
								0
							],
							"uv": [
								138,
								393
							]
						},
						{
							"origin": [
								6,
								15.71692,
								-10.62732
							],
							"size": [
								6,
								1,
								1
							],
							"pivot": [
								1,
								15.71692,
								-16.62732
							],
							"rotation": [
								25,
								0,
								0
							],
							"uv": [
								98,
								393
							]
						},
						{
							"origin": [
								6,
								14.71692,
								-10.62732
							],
							"size": [
								6,
								1,
								1
							],
							"pivot": [
								1,
								15.71692,
								-16.62732
							],
							"rotation": [
								25,
								0,
								0
							],
							"uv": [
								98,
								393
							]
						},
						{
							"origin": [
								8,
								14.71692,
								-12.62732
							],
							"size": [
								2,
								2,
								1
							],
							"pivot": [
								1,
								15.71692,
								-16.62732
							],
							"rotation": [
								25,
								0,
								0
							],
							"uv": [
								138,
								398
							]
						},
						{
							"origin": [
								6,
								15.71692,
								-11.62732
							],
							"size": [
								6,
								1,
								1
							],
							"pivot": [
								1,
								15.71692,
								-16.62732
							],
							"rotation": [
								25,
								0,
								0
							],
							"uv": [
								98,
								393
							]
						},
						{
							"origin": [
								6,
								14.71692,
								-11.62732
							],
							"size": [
								6,
								1,
								1
							],
							"pivot": [
								1,
								15.71692,
								-16.62732
							],
							"rotation": [
								25,
								0,
								0
							],
							"uv": [
								98,
								393
							]
						},
						{
							"origin": [
								8,
								14.71692,
								-15.62732
							],
							"size": [
								2,
								2,
								3
							],
							"pivot": [
								1,
								15.71692,
								-16.62732
							],
							"rotation": [
								25,
								0,
								0
							],
							"uv": [
								112,
								393
							]
						},
						{
							"origin": [
								12,
								17.71692,
								-10.62732
							],
							"size": [
								1,
								1,
								1
							],
							"pivot": [
								1,
								15.71692,
								-16.62732
							],
							"rotation": [
								25,
								0,
								0
							],
							"uv": [
								20,
								408
							]
						},
						{
							"origin": [
								6,
								18.71692,
								-10.62732
							],
							"size": [
								6,
								1,
								1
							],
							"pivot": [
								1,
								15.71692,
								-16.62732
							],
							"rotation": [
								25,
								0,
								0
							],
							"uv": [
								98,
								393
							]
						},
						{
							"origin": [
								12,
								15.71692,
								-10.62732
							],
							"size": [
								1,
								1,
								1
							],
							"pivot": [
								1,
								15.71692,
								-16.62732
							],
							"rotation": [
								25,
								0,
								0
							],
							"uv": [
								20,
								408
							]
						},
						{
							"origin": [
								5,
								15.71692,
								-10.62732
							],
							"size": [
								1,
								1,
								1
							],
							"pivot": [
								1,
								15.71692,
								-16.62732
							],
							"rotation": [
								25,
								0,
								0
							],
							"uv": [
								20,
								408
							]
						},
						{
							"origin": [
								4,
								13.71692,
								-10.62732
							],
							"size": [
								1,
								4,
								1
							],
							"pivot": [
								1,
								15.71692,
								-16.62732
							],
							"rotation": [
								25,
								0,
								0
							],
							"uv": [
								138,
								393
							]
						},
						{
							"origin": [
								5,
								17.71692,
								-10.62732
							],
							"size": [
								1,
								1,
								1
							],
							"pivot": [
								1,
								15.71692,
								-16.62732
							],
							"rotation": [
								25,
								0,
								0
							],
							"uv": [
								20,
								408
							]
						},
						{
							"origin": [
								5,
								12.71692,
								-10.62732
							],
							"size": [
								1,
								1,
								1
							],
							"pivot": [
								1,
								15.71692,
								-16.62732
							],
							"rotation": [
								25,
								0,
								0
							],
							"uv": [
								20,
								408
							]
						}
					]
				},
				{
					"name": "top",
					"parent": "body",
					"pivot": [
						-2,
						30.63192,
						-12.35041
					],
					"cubes": [
						{
							"origin": [
								17,
								36,
								-9
							],
							"size": [
								2,
								2,
								13
							],
							"uv": [
								0,
								349
							]
						},
						{
							"origin": [
								17,
								36,
								6
							],
							"size": [
								2,
								2,
								18
							],
							"uv": [
								156,
								320
							]
						},
						{
							"origin": [
								-19,
								38,
								-9
							],
							"size": [
								38,
								1,
								35
							],
							"uv": [
								0,
								44
							]
						},
						{
							"origin": [
								-19,
								36.78421,
								-14.90207
							],
							"size": [
								38,
								4,
								1
							],
							"pivot": [
								-2,
								31.78421,
								-14.40207
							],
							"rotation": [
								-40,
								0,
								0
							],
							"uv": [
								156,
								309
							]
						},
						{
							"origin": [
								-19,
								36,
								-9
							],
							"size": [
								2,
								2,
								13
							],
							"uv": [
								262,
								320
							]
						},
						{
							"origin": [
								-19,
								36,
								6
							],
							"size": [
								2,
								2,
								18
							],
							"uv": [
								116,
								320
							]
						},
						{
							"origin": [
								-19,
								22,
								4
							],
							"size": [
								1,
								16,
								2
							],
							"uv": [
								68,
								371
							]
						},
						{
							"origin": [
								-19,
								22,
								24
							],
							"size": [
								1,
								16,
								2
							],
							"uv": [
								62,
								371
							]
						},
						{
							"origin": [
								-19,
								22,
								26
							],
							"size": [
								2,
								16,
								6
							],
							"uv": [
								134,
								349
							]
						},
						{
							"origin": [
								-18,
								22,
								32
							],
							"size": [
								0,
								16,
								13
							],
							"uv": [
								236,
								320
							]
						},
						{
							"origin": [
								18,
								22,
								32
							],
							"size": [
								0,
								16,
								13
							],
							"uv": [
								236,
								320
							]
						},
						{
							"origin": [
								17,
								22,
								26
							],
							"size": [
								2,
								16,
								6
							],
							"uv": [
								118,
								349
							]
						},
						{
							"origin": [
								-19,
								16.94328,
								36.84417
							],
							"size": [
								2,
								21,
								1
							],
							"pivot": [
								-18,
								29.94328,
								34.84417
							],
							"rotation": [
								40,
								0,
								0
							],
							"uv": [
								44,
								371
							]
						},
						{
							"origin": [
								17,
								16.94328,
								36.84417
							],
							"size": [
								2,
								21,
								1
							],
							"pivot": [
								18,
								29.94328,
								34.84417
							],
							"rotation": [
								40,
								0,
								0
							],
							"uv": [
								38,
								371
							]
						},
						{
							"origin": [
								-19,
								20.48848,
								-22.74727
							],
							"size": [
								2,
								8,
								2
							],
							"pivot": [
								-2,
								21.48848,
								-22.24727
							],
							"rotation": [
								-35,
								0,
								0
							],
							"uv": [
								64,
								393
							]
						},
						{
							"origin": [
								17,
								25.78421,
								-13.90207
							],
							"size": [
								2,
								14,
								1
							],
							"pivot": [
								2,
								31.78421,
								-14.40207
							],
							"rotation": [
								-40,
								0,
								0
							],
							"uv": [
								122,
								371
							]
						},
						{
							"origin": [
								-19,
								25.78421,
								-13.90207
							],
							"size": [
								2,
								14,
								1
							],
							"pivot": [
								2,
								31.78421,
								-14.40207
							],
							"rotation": [
								-40,
								0,
								0
							],
							"uv": [
								116,
								371
							]
						},
						{
							"origin": [
								17,
								28.82563,
								-23.25831
							],
							"size": [
								2,
								11,
								1
							],
							"pivot": [
								2,
								21.82563,
								-22.75831
							],
							"rotation": [
								-40,
								0,
								0
							],
							"uv": [
								58,
								393
							]
						},
						{
							"origin": [
								-19,
								28.82563,
								-23.25831
							],
							"size": [
								2,
								11,
								1
							],
							"pivot": [
								2,
								21.82563,
								-22.75831
							],
							"rotation": [
								-40,
								0,
								0
							],
							"uv": [
								52,
								393
							]
						},
						{
							"origin": [
								17,
								20.48848,
								-22.74727
							],
							"size": [
								2,
								8,
								2
							],
							"pivot": [
								2,
								21.48848,
								-22.24727
							],
							"rotation": [
								-35,
								0,
								0
							],
							"uv": [
								44,
								393
							]
						},
						{
							"origin": [
								-17,
								21.20399,
								-22.42127
							],
							"size": [
								34,
								7,
								0
							],
							"pivot": [
								2,
								21.20399,
								-22.92127
							],
							"rotation": [
								-35,
								0,
								0
							],
							"uv": [
								0,
								334
							]
						},
						{
							"origin": [
								18,
								22,
								4
							],
							"size": [
								1,
								16,
								2
							],
							"uv": [
								56,
								371
							]
						},
						{
							"origin": [
								18,
								22,
								24
							],
							"size": [
								1,
								16,
								2
							],
							"uv": [
								50,
								371
							]
						},
						{
							"origin": [
								10,
								22,
								24
							],
							"size": [
								8,
								16,
								2
							],
							"uv": [
								98,
								349
							]
						},
						{
							"origin": [
								-18,
								22,
								24
							],
							"size": [
								8,
								16,
								2
							],
							"uv": [
								78,
								349
							]
						}
					]
				},
				{
					"name": "glass",
					"parent": "top",
					"pivot": [
						0,
						-7,
						0
					],
					"cubes": [
						{
							"origin": [
								18.5,
								22,
								-21
							],
							"size": [
								0,
								14,
								45
							],
							"uv": [
								196,
								89
							]
						},
						{
							"origin": [
								-18.5,
								22,
								-21
							],
							"size": [
								0,
								14,
								45
							],
							"uv": [
								196,
								89
							]
						},
						{
							"origin": [
								18.5,
								24.48848,
								-20.74727
							],
							"size": [
								0,
								4,
								1
							],
							"pivot": [
								2,
								21.48848,
								-22.24727
							],
							"rotation": [
								-35,
								0,
								0
							],
							"uv": [
								18,
								408
							]
						},
						{
							"origin": [
								-18.5,
								24.48848,
								-20.74727
							],
							"size": [
								0,
								4,
								1
							],
							"pivot": [
								-35,
								21.48848,
								-22.24727
							],
							"rotation": [
								-35,
								0,
								0
							],
							"uv": [
								18,
								408
							]
						},
						{
							"origin": [
								18.5,
								25.78421,
								-12.90207
							],
							"size": [
								0,
								14,
								1
							],
							"pivot": [
								2,
								31.78421,
								-14.40207
							],
							"rotation": [
								-40,
								0,
								0
							],
							"uv": [
								96,
								393
							]
						},
						{
							"origin": [
								-18.5,
								25.78421,
								-12.90207
							],
							"size": [
								0,
								14,
								1
							],
							"pivot": [
								-35,
								31.78421,
								-14.40207
							],
							"rotation": [
								-40,
								0,
								0
							],
							"uv": [
								96,
								393
							]
						},
						{
							"origin": [
								-17,
								23.63192,
								-14.5
							],
							"size": [
								34,
								14,
								0
							],
							"pivot": [
								-2,
								30.63192,
								-12.35041
							],
							"rotation": [
								-40,
								0,
								0
							],
							"uv": [
								0,
								320
							]
						},
						{
							"origin": [
								-10,
								22,
								25
							],
							"size": [
								20,
								16,
								0
							],
							"uv": [
								196,
								320
							]
						}
					]
				},
				{
					"name": "leg0",
					"pivot": [
						0,
						7.4,
						-30
					],
					"rotation": [
						0,
						0,
						0
					],
					"cubes": [
						{
							"origin": [
								-19,
								5.4641,
								-37.4641
							],
							"size": [
								4,
								4,
								1
							],
							"uv": [
								98,
								400
							]
						},
						{
							"origin": [
								15,
								5.4641,
								-37.4641
							],
							"size": [
								4,
								4,
								1
							],
							"uv": [
								98,
								400
							]
						},
						{
							"origin": [
								-19,
								5.4641,
								-36.4641
							],
							"size": [
								4,
								4,
								2
							],
							"uv": [
								98,
								405
							]
						},
						{
							"origin": [
								15,
								5.4641,
								-36.4641
							],
							"size": [
								4,
								4,
								2
							],
							"uv": [
								98,
								405
							]
						},
						{
							"origin": [
								-19,
								5.4641,
								-25.5359
							],
							"size": [
								4,
								4,
								2
							],
							"uv": [
								98,
								405
							]
						},
						{
							"origin": [
								15,
								5.4641,
								-25.5359
							],
							"size": [
								4,
								4,
								2
							],
							"uv": [
								98,
								405
							]
						},
						{
							"origin": [
								-19,
								-8.36603,
								-44.92116
							],
							"size": [
								4,
								4,
								1
							],
							"pivot": [
								0,
								-13.36603,
								-7.92116
							],
							"rotation": [
								-30,
								0,
								0
							],
							"uv": [
								98,
								400
							]
						},
						{
							"origin": [
								15,
								-8.36603,
								-44.92116
							],
							"size": [
								4,
								4,
								1
							],
							"pivot": [
								34,
								-13.36603,
								-7.92116
							],
							"rotation": [
								-30,
								0,
								0
							],
							"uv": [
								98,
								400
							]
						},
						{
							"origin": [
								-19,
								-16.61474,
								-58.29423
							],
							"size": [
								4,
								4,
								1
							],
							"pivot": [
								0,
								-21.61474,
								-21.29423
							],
							"rotation": [
								-60,
								0,
								0
							],
							"uv": [
								98,
								400
							]
						},
						{
							"origin": [
								15,
								-16.61474,
								-58.29423
							],
							"size": [
								4,
								4,
								1
							],
							"pivot": [
								34,
								-21.61474,
								-21.29423
							],
							"rotation": [
								-60,
								0,
								0
							],
							"uv": [
								98,
								400
							]
						},
						{
							"origin": [
								-19,
								8.94615,
								-24.46891
							],
							"size": [
								4,
								4,
								1
							],
							"pivot": [
								-17,
								10.94615,
								-23.96891
							],
							"rotation": [
								30,
								0,
								0
							],
							"uv": [
								98,
								395
							]
						},
						{
							"origin": [
								15,
								8.94615,
								-24.46891
							],
							"size": [
								4,
								4,
								1
							],
							"pivot": [
								17,
								10.94615,
								-23.96891
							],
							"rotation": [
								30,
								0,
								0
							],
							"uv": [
								98,
								395
							]
						},
						{
							"origin": [
								-19,
								11.49519,
								-27.01795
							],
							"size": [
								4,
								4,
								1
							],
							"pivot": [
								-17,
								13.49519,
								-26.51795
							],
							"rotation": [
								60,
								0,
								0
							],
							"uv": [
								98,
								395
							]
						},
						{
							"origin": [
								15,
								11.49519,
								-27.01795
							],
							"size": [
								4,
								4,
								1
							],
							"pivot": [
								17,
								13.49519,
								-26.51795
							],
							"rotation": [
								60,
								0,
								0
							],
							"uv": [
								98,
								395
							]
						},
						{
							"origin": [
								-19,
								5.4641,
								-23.5359
							],
							"size": [
								4,
								4,
								1
							],
							"uv": [
								98,
								395
							]
						},
						{
							"origin": [
								15,
								5.4641,
								-23.5359
							],
							"size": [
								4,
								4,
								1
							],
							"uv": [
								98,
								395
							]
						},
						{
							"origin": [
								16,
								2.4,
								-34
							],
							"size": [
								2,
								10,
								8
							],
							"uv": [
								58,
								349
							]
						},
						{
							"origin": [
								-18,
								2.5,
								-34
							],
							"size": [
								2,
								10,
								8
							],
							"uv": [
								58,
								349
							]
						},
						{
							"origin": [
								-19,
								13.9282,
								-32
							],
							"size": [
								4,
								1,
								4
							],
							"uv": [
								90,
								371
							]
						},
						{
							"origin": [
								15,
								13.9282,
								-32
							],
							"size": [
								4,
								1,
								4
							],
							"uv": [
								90,
								371
							]
						},
						{
							"origin": [
								-19,
								11.9282,
								-32
							],
							"size": [
								4,
								2,
								4
							],
							"uv": [
								100,
								385
							]
						},
						{
							"origin": [
								15,
								11.9282,
								-32
							],
							"size": [
								4,
								2,
								4
							],
							"uv": [
								100,
								385
							]
						},
						{
							"origin": [
								-19,
								11.19615,
								-34.73205
							],
							"size": [
								4,
								2,
								4
							],
							"pivot": [
								-17,
								12.19615,
								-32.73205
							],
							"rotation": [
								30,
								0,
								0
							],
							"uv": [
								100,
								385
							]
						},
						{
							"origin": [
								15,
								11.19615,
								-34.73205
							],
							"size": [
								4,
								2,
								4
							],
							"pivot": [
								17,
								12.19615,
								-32.73205
							],
							"rotation": [
								30,
								0,
								0
							],
							"uv": [
								100,
								385
							]
						},
						{
							"origin": [
								-19,
								9.19615,
								-36.73205
							],
							"size": [
								4,
								2,
								4
							],
							"pivot": [
								-17,
								10.19615,
								-34.73205
							],
							"rotation": [
								60,
								0,
								0
							],
							"uv": [
								100,
								385
							]
						},
						{
							"origin": [
								15,
								9.19615,
								-36.73205
							],
							"size": [
								4,
								2,
								4
							],
							"pivot": [
								17,
								10.19615,
								-34.73205
							],
							"rotation": [
								60,
								0,
								0
							],
							"uv": [
								100,
								385
							]
						},
						{
							"origin": [
								-19,
								1,
								-32
							],
							"size": [
								4,
								2,
								4
							],
							"uv": [
								100,
								385
							]
						},
						{
							"origin": [
								15,
								1,
								-32
							],
							"size": [
								4,
								2,
								4
							],
							"uv": [
								100,
								385
							]
						},
						{
							"origin": [
								-19,
								1.73205,
								-29.26795
							],
							"size": [
								4,
								2,
								4
							],
							"pivot": [
								-17,
								2.73205,
								-27.26795
							],
							"rotation": [
								30,
								0,
								0
							],
							"uv": [
								100,
								385
							]
						},
						{
							"origin": [
								15,
								1.73205,
								-29.26795
							],
							"size": [
								4,
								2,
								4
							],
							"pivot": [
								17,
								2.73205,
								-27.26795
							],
							"rotation": [
								30,
								0,
								0
							],
							"uv": [
								100,
								385
							]
						},
						{
							"origin": [
								-19,
								3.73205,
								-27.26795
							],
							"size": [
								4,
								2,
								4
							],
							"pivot": [
								-17,
								4.73205,
								-25.26795
							],
							"rotation": [
								60,
								0,
								0
							],
							"uv": [
								100,
								385
							]
						},
						{
							"origin": [
								15,
								3.73205,
								-27.26795
							],
							"size": [
								4,
								2,
								4
							],
							"pivot": [
								17,
								4.73205,
								-25.26795
							],
							"rotation": [
								60,
								0,
								0
							],
							"uv": [
								100,
								385
							]
						},
						{
							"origin": [
								-19,
								1.73205,
								-34.73205
							],
							"size": [
								4,
								2,
								4
							],
							"pivot": [
								-17,
								2.73205,
								-32.73205
							],
							"rotation": [
								-30,
								0,
								0
							],
							"uv": [
								100,
								385
							]
						},
						{
							"origin": [
								15,
								1.73205,
								-34.73205
							],
							"size": [
								4,
								2,
								4
							],
							"pivot": [
								17,
								2.73205,
								-32.73205
							],
							"rotation": [
								-30,
								0,
								0
							],
							"uv": [
								100,
								385
							]
						},
						{
							"origin": [
								-19,
								11.19615,
								-29.26795
							],
							"size": [
								4,
								2,
								4
							],
							"pivot": [
								-17,
								12.19615,
								-27.26795
							],
							"rotation": [
								-30,
								0,
								0
							],
							"uv": [
								100,
								385
							]
						},
						{
							"origin": [
								15,
								11.19615,
								-29.26795
							],
							"size": [
								4,
								2,
								4
							],
							"pivot": [
								17,
								12.19615,
								-27.26795
							],
							"rotation": [
								-30,
								0,
								0
							],
							"uv": [
								100,
								385
							]
						},
						{
							"origin": [
								-19,
								4.09808,
								-37.09808
							],
							"size": [
								4,
								2,
								4
							],
							"pivot": [
								-17,
								5.09808,
								-35.09808
							],
							"rotation": [
								-60,
								0,
								0
							],
							"uv": [
								100,
								385
							]
						},
						{
							"origin": [
								15,
								4.09808,
								-37.09808
							],
							"size": [
								4,
								2,
								4
							],
							"pivot": [
								17,
								5.09808,
								-35.09808
							],
							"rotation": [
								-60,
								0,
								0
							],
							"uv": [
								100,
								385
							]
						},
						{
							"origin": [
								-19,
								8.83013,
								-26.90192
							],
							"size": [
								4,
								2,
								4
							],
							"pivot": [
								-17,
								9.83013,
								-24.90192
							],
							"rotation": [
								-60,
								0,
								0
							],
							"uv": [
								100,
								385
							]
						},
						{
							"origin": [
								15,
								8.83013,
								-26.90192
							],
							"size": [
								4,
								2,
								4
							],
							"pivot": [
								17,
								9.83013,
								-24.90192
							],
							"rotation": [
								-60,
								0,
								0
							],
							"uv": [
								100,
								385
							]
						},
						{
							"origin": [
								-19,
								0,
								-32
							],
							"size": [
								4,
								1,
								4
							],
							"uv": [
								74,
								385
							]
						},
						{
							"origin": [
								15,
								0,
								-32
							],
							"size": [
								4,
								1,
								4
							],
							"uv": [
								74,
								385
							]
						},
						{
							"origin": [
								-19,
								0.93301,
								-28.51795
							],
							"size": [
								4,
								1,
								4
							],
							"pivot": [
								-17,
								1.43301,
								-26.51795
							],
							"rotation": [
								30,
								0,
								0
							],
							"uv": [
								74,
								385
							]
						},
						{
							"origin": [
								15,
								0.93301,
								-28.51795
							],
							"size": [
								4,
								1,
								4
							],
							"pivot": [
								17,
								1.43301,
								-26.51795
							],
							"rotation": [
								30,
								0,
								0
							],
							"uv": [
								74,
								385
							]
						},
						{
							"origin": [
								-19,
								3.48205,
								-25.96891
							],
							"size": [
								4,
								1,
								4
							],
							"pivot": [
								-17,
								3.98205,
								-23.96891
							],
							"rotation": [
								60,
								0,
								0
							],
							"uv": [
								74,
								385
							]
						},
						{
							"origin": [
								15,
								3.48205,
								-25.96891
							],
							"size": [
								4,
								1,
								4
							],
							"pivot": [
								17,
								3.98205,
								-23.96891
							],
							"rotation": [
								60,
								0,
								0
							],
							"uv": [
								74,
								385
							]
						},
						{
							"origin": [
								-19,
								0.93301,
								-35.48205
							],
							"size": [
								4,
								1,
								4
							],
							"pivot": [
								-17,
								1.43301,
								-33.48205
							],
							"rotation": [
								-30,
								0,
								0
							],
							"uv": [
								74,
								385
							]
						},
						{
							"origin": [
								15,
								0.93301,
								-35.48205
							],
							"size": [
								4,
								1,
								4
							],
							"pivot": [
								17,
								1.43301,
								-33.48205
							],
							"rotation": [
								-30,
								0,
								0
							],
							"uv": [
								74,
								385
							]
						},
						{
							"origin": [
								-19,
								3.48205,
								-38.03109
							],
							"size": [
								4,
								1,
								4
							],
							"pivot": [
								-17,
								3.98205,
								-36.03109
							],
							"rotation": [
								-60,
								0,
								0
							],
							"uv": [
								74,
								385
							]
						},
						{
							"origin": [
								15,
								3.48205,
								-38.03109
							],
							"size": [
								4,
								1,
								4
							],
							"pivot": [
								17,
								3.98205,
								-36.03109
							],
							"rotation": [
								-60,
								0,
								0
							],
							"uv": [
								74,
								385
							]
						}
					]
				},
				{
					"name": "leg1",
					"pivot": [
						0,
						7.4,
						40
					],
					"rotation": [
						0,
						0,
						0
					],
					"cubes": [
						{
							"origin": [
								-19,
								5.4641,
								32.5359
							],
							"size": [
								4,
								4,
								1
							],
							"uv": [
								98,
								400
							]
						},
						{
							"origin": [
								15,
								5.4641,
								32.5359
							],
							"size": [
								4,
								4,
								1
							],
							"uv": [
								98,
								400
							]
						},
						{
							"origin": [
								-19,
								5.4641,
								33.5359
							],
							"size": [
								4,
								4,
								2
							],
							"uv": [
								98,
								405
							]
						},
						{
							"origin": [
								15,
								5.4641,
								33.5359
							],
							"size": [
								4,
								4,
								2
							],
							"uv": [
								98,
								405
							]
						},
						{
							"origin": [
								-19,
								5.4641,
								44.4641
							],
							"size": [
								4,
								4,
								2
							],
							"uv": [
								98,
								405
							]
						},
						{
							"origin": [
								15,
								5.4641,
								44.4641
							],
							"size": [
								4,
								4,
								2
							],
							"uv": [
								98,
								405
							]
						},
						{
							"origin": [
								-19,
								-8.36603,
								25.07884
							],
							"size": [
								4,
								4,
								1
							],
							"pivot": [
								0,
								-13.36603,
								62.07884
							],
							"rotation": [
								-30,
								0,
								0
							],
							"uv": [
								98,
								400
							]
						},
						{
							"origin": [
								15,
								-8.36603,
								25.07884
							],
							"size": [
								4,
								4,
								1
							],
							"pivot": [
								34,
								-13.36603,
								62.07884
							],
							"rotation": [
								-30,
								0,
								0
							],
							"uv": [
								98,
								400
							]
						},
						{
							"origin": [
								-19,
								-16.61474,
								11.70577
							],
							"size": [
								4,
								4,
								1
							],
							"pivot": [
								0,
								-21.61474,
								48.70577
							],
							"rotation": [
								-60,
								0,
								0
							],
							"uv": [
								98,
								400
							]
						},
						{
							"origin": [
								15,
								-16.61474,
								11.70577
							],
							"size": [
								4,
								4,
								1
							],
							"pivot": [
								34,
								-21.61474,
								48.70577
							],
							"rotation": [
								-60,
								0,
								0
							],
							"uv": [
								98,
								400
							]
						},
						{
							"origin": [
								-19,
								8.94615,
								45.53109
							],
							"size": [
								4,
								4,
								1
							],
							"pivot": [
								-17,
								10.94615,
								46.03109
							],
							"rotation": [
								30,
								0,
								0
							],
							"uv": [
								98,
								395
							]
						},
						{
							"origin": [
								15,
								8.94615,
								45.53109
							],
							"size": [
								4,
								4,
								1
							],
							"pivot": [
								17,
								10.94615,
								46.03109
							],
							"rotation": [
								30,
								0,
								0
							],
							"uv": [
								98,
								395
							]
						},
						{
							"origin": [
								-19,
								11.49519,
								42.98205
							],
							"size": [
								4,
								4,
								1
							],
							"pivot": [
								-17,
								13.49519,
								43.48205
							],
							"rotation": [
								60,
								0,
								0
							],
							"uv": [
								98,
								395
							]
						},
						{
							"origin": [
								15,
								11.49519,
								42.98205
							],
							"size": [
								4,
								4,
								1
							],
							"pivot": [
								17,
								13.49519,
								43.48205
							],
							"rotation": [
								60,
								0,
								0
							],
							"uv": [
								98,
								395
							]
						},
						{
							"origin": [
								-19,
								5.4641,
								46.4641
							],
							"size": [
								4,
								4,
								1
							],
							"uv": [
								98,
								395
							]
						},
						{
							"origin": [
								15,
								5.4641,
								46.4641
							],
							"size": [
								4,
								4,
								1
							],
							"uv": [
								98,
								395
							]
						},
						{
							"origin": [
								16,
								2.4,
								36
							],
							"size": [
								2,
								10,
								8
							],
							"uv": [
								58,
								349
							]
						},
						{
							"origin": [
								-18,
								2.5,
								36
							],
							"size": [
								2,
								10,
								8
							],
							"uv": [
								58,
								349
							]
						},
						{
							"origin": [
								-19,
								13.9282,
								38
							],
							"size": [
								4,
								1,
								4
							],
							"uv": [
								90,
								371
							]
						},
						{
							"origin": [
								15,
								13.9282,
								38
							],
							"size": [
								4,
								1,
								4
							],
							"uv": [
								90,
								371
							]
						},
						{
							"origin": [
								-19,
								11.9282,
								38
							],
							"size": [
								4,
								2,
								4
							],
							"uv": [
								100,
								385
							]
						},
						{
							"origin": [
								15,
								11.9282,
								38
							],
							"size": [
								4,
								2,
								4
							],
							"uv": [
								100,
								385
							]
						},
						{
							"origin": [
								-19,
								11.19615,
								35.26795
							],
							"size": [
								4,
								2,
								4
							],
							"pivot": [
								-17,
								12.19615,
								37.26795
							],
							"rotation": [
								30,
								0,
								0
							],
							"uv": [
								100,
								385
							]
						},
						{
							"origin": [
								15,
								11.19615,
								35.26795
							],
							"size": [
								4,
								2,
								4
							],
							"pivot": [
								17,
								12.19615,
								37.26795
							],
							"rotation": [
								30,
								0,
								0
							],
							"uv": [
								100,
								385
							]
						},
						{
							"origin": [
								-19,
								9.19615,
								33.26795
							],
							"size": [
								4,
								2,
								4
							],
							"pivot": [
								-17,
								10.19615,
								35.26795
							],
							"rotation": [
								60,
								0,
								0
							],
							"uv": [
								100,
								385
							]
						},
						{
							"origin": [
								15,
								9.19615,
								33.26795
							],
							"size": [
								4,
								2,
								4
							],
							"pivot": [
								17,
								10.19615,
								35.26795
							],
							"rotation": [
								60,
								0,
								0
							],
							"uv": [
								100,
								385
							]
						},
						{
							"origin": [
								-19,
								1,
								38
							],
							"size": [
								4,
								2,
								4
							],
							"uv": [
								100,
								385
							]
						},
						{
							"origin": [
								15,
								1,
								38
							],
							"size": [
								4,
								2,
								4
							],
							"uv": [
								100,
								385
							]
						},
						{
							"origin": [
								-19,
								1.73205,
								40.73205
							],
							"size": [
								4,
								2,
								4
							],
							"pivot": [
								-17,
								2.73205,
								42.73205
							],
							"rotation": [
								30,
								0,
								0
							],
							"uv": [
								100,
								385
							]
						},
						{
							"origin": [
								15,
								1.73205,
								40.73205
							],
							"size": [
								4,
								2,
								4
							],
							"pivot": [
								17,
								2.73205,
								42.73205
							],
							"rotation": [
								30,
								0,
								0
							],
							"uv": [
								100,
								385
							]
						},
						{
							"origin": [
								-19,
								3.73205,
								42.73205
							],
							"size": [
								4,
								2,
								4
							],
							"pivot": [
								-17,
								4.73205,
								44.73205
							],
							"rotation": [
								60,
								0,
								0
							],
							"uv": [
								100,
								385
							]
						},
						{
							"origin": [
								15,
								3.73205,
								42.73205
							],
							"size": [
								4,
								2,
								4
							],
							"pivot": [
								17,
								4.73205,
								44.73205
							],
							"rotation": [
								60,
								0,
								0
							],
							"uv": [
								100,
								385
							]
						},
						{
							"origin": [
								-19,
								1.73205,
								35.26795
							],
							"size": [
								4,
								2,
								4
							],
							"pivot": [
								-17,
								2.73205,
								37.26795
							],
							"rotation": [
								-30,
								0,
								0
							],
							"uv": [
								100,
								385
							]
						},
						{
							"origin": [
								15,
								1.73205,
								35.26795
							],
							"size": [
								4,
								2,
								4
							],
							"pivot": [
								17,
								2.73205,
								37.26795
							],
							"rotation": [
								-30,
								0,
								0
							],
							"uv": [
								100,
								385
							]
						},
						{
							"origin": [
								-19,
								11.19615,
								40.73205
							],
							"size": [
								4,
								2,
								4
							],
							"pivot": [
								-17,
								12.19615,
								42.73205
							],
							"rotation": [
								-30,
								0,
								0
							],
							"uv": [
								100,
								385
							]
						},
						{
							"origin": [
								15,
								11.19615,
								40.73205
							],
							"size": [
								4,
								2,
								4
							],
							"pivot": [
								17,
								12.19615,
								42.73205
							],
							"rotation": [
								-30,
								0,
								0
							],
							"uv": [
								100,
								385
							]
						},
						{
							"origin": [
								-19,
								4.09808,
								32.90192
							],
							"size": [
								4,
								2,
								4
							],
							"pivot": [
								-17,
								5.09808,
								34.90192
							],
							"rotation": [
								-60,
								0,
								0
							],
							"uv": [
								100,
								385
							]
						},
						{
							"origin": [
								15,
								4.09808,
								32.90192
							],
							"size": [
								4,
								2,
								4
							],
							"pivot": [
								17,
								5.09808,
								34.90192
							],
							"rotation": [
								-60,
								0,
								0
							],
							"uv": [
								100,
								385
							]
						},
						{
							"origin": [
								-19,
								8.83013,
								43.09808
							],
							"size": [
								4,
								2,
								4
							],
							"pivot": [
								-17,
								9.83013,
								45.09808
							],
							"rotation": [
								-60,
								0,
								0
							],
							"uv": [
								100,
								385
							]
						},
						{
							"origin": [
								15,
								8.83013,
								43.09808
							],
							"size": [
								4,
								2,
								4
							],
							"pivot": [
								17,
								9.83013,
								45.09808
							],
							"rotation": [
								-60,
								0,
								0
							],
							"uv": [
								100,
								385
							]
						},
						{
							"origin": [
								-19,
								0,
								38
							],
							"size": [
								4,
								1,
								4
							],
							"uv": [
								74,
								385
							]
						},
						{
							"origin": [
								15,
								0,
								38
							],
							"size": [
								4,
								1,
								4
							],
							"uv": [
								74,
								385
							]
						},
						{
							"origin": [
								-19,
								0.93301,
								41.48205
							],
							"size": [
								4,
								1,
								4
							],
							"pivot": [
								-17,
								1.43301,
								43.48205
							],
							"rotation": [
								30,
								0,
								0
							],
							"uv": [
								74,
								385
							]
						},
						{
							"origin": [
								15,
								0.93301,
								41.48205
							],
							"size": [
								4,
								1,
								4
							],
							"pivot": [
								17,
								1.43301,
								43.48205
							],
							"rotation": [
								30,
								0,
								0
							],
							"uv": [
								74,
								385
							]
						},
						{
							"origin": [
								-19,
								3.48205,
								44.03109
							],
							"size": [
								4,
								1,
								4
							],
							"pivot": [
								-17,
								3.98205,
								46.03109
							],
							"rotation": [
								60,
								0,
								0
							],
							"uv": [
								74,
								385
							]
						},
						{
							"origin": [
								15,
								3.48205,
								44.03109
							],
							"size": [
								4,
								1,
								4
							],
							"pivot": [
								17,
								3.98205,
								46.03109
							],
							"rotation": [
								60,
								0,
								0
							],
							"uv": [
								74,
								385
							]
						},
						{
							"origin": [
								-19,
								0.93301,
								34.51795
							],
							"size": [
								4,
								1,
								4
							],
							"pivot": [
								-17,
								1.43301,
								36.51795
							],
							"rotation": [
								-30,
								0,
								0
							],
							"uv": [
								74,
								385
							]
						},
						{
							"origin": [
								15,
								0.93301,
								34.51795
							],
							"size": [
								4,
								1,
								4
							],
							"pivot": [
								17,
								1.43301,
								36.51795
							],
							"rotation": [
								-30,
								0,
								0
							],
							"uv": [
								74,
								385
							]
						},
						{
							"origin": [
								-19,
								3.48205,
								31.96891
							],
							"size": [
								4,
								1,
								4
							],
							"pivot": [
								-17,
								3.98205,
								33.96891
							],
							"rotation": [
								-60,
								0,
								0
							],
							"uv": [
								74,
								385
							]
						},
						{
							"origin": [
								15,
								3.48205,
								31.96891
							],
							"size": [
								4,
								1,
								4
							],
							"pivot": [
								17,
								3.98205,
								33.96891
							],
							"rotation": [
								-60,
								0,
								0
							],
							"uv": [
								74,
								385
							]
						}
					]
				},
				{
					"name": "leg2",
					"pivot": [
						0,
						7.4,
						58
					],
					"rotation": [
						0,
						0,
						0
					],
					"cubes": [
						{
							"origin": [
								-19,
								5.4641,
								50.5359
							],
							"size": [
								4,
								4,
								1
							],
							"uv": [
								98,
								400
							]
						},
						{
							"origin": [
								15,
								5.4641,
								50.5359
							],
							"size": [
								4,
								4,
								1
							],
							"uv": [
								98,
								400
							]
						},
						{
							"origin": [
								-19,
								5.4641,
								51.5359
							],
							"size": [
								4,
								4,
								2
							],
							"uv": [
								98,
								405
							]
						},
						{
							"origin": [
								15,
								5.4641,
								51.5359
							],
							"size": [
								4,
								4,
								2
							],
							"uv": [
								98,
								405
							]
						},
						{
							"origin": [
								-19,
								5.4641,
								62.4641
							],
							"size": [
								4,
								4,
								2
							],
							"uv": [
								98,
								405
							]
						},
						{
							"origin": [
								15,
								5.4641,
								62.4641
							],
							"size": [
								4,
								4,
								2
							],
							"uv": [
								98,
								405
							]
						},
						{
							"origin": [
								-19,
								-8.36603,
								43.07884
							],
							"size": [
								4,
								4,
								1
							],
							"pivot": [
								0,
								-13.36603,
								80.07884
							],
							"rotation": [
								-30,
								0,
								0
							],
							"uv": [
								98,
								400
							]
						},
						{
							"origin": [
								15,
								-8.36603,
								43.07884
							],
							"size": [
								4,
								4,
								1
							],
							"pivot": [
								34,
								-13.36603,
								80.07884
							],
							"rotation": [
								-30,
								0,
								0
							],
							"uv": [
								98,
								400
							]
						},
						{
							"origin": [
								-19,
								-16.61474,
								29.70577
							],
							"size": [
								4,
								4,
								1
							],
							"pivot": [
								0,
								-21.61474,
								66.70577
							],
							"rotation": [
								-60,
								0,
								0
							],
							"uv": [
								98,
								400
							]
						},
						{
							"origin": [
								15,
								-16.61474,
								29.70577
							],
							"size": [
								4,
								4,
								1
							],
							"pivot": [
								34,
								-21.61474,
								66.70577
							],
							"rotation": [
								-60,
								0,
								0
							],
							"uv": [
								98,
								400
							]
						},
						{
							"origin": [
								-19,
								8.94615,
								63.53109
							],
							"size": [
								4,
								4,
								1
							],
							"pivot": [
								-17,
								10.94615,
								64.03109
							],
							"rotation": [
								30,
								0,
								0
							],
							"uv": [
								98,
								395
							]
						},
						{
							"origin": [
								15,
								8.94615,
								63.53109
							],
							"size": [
								4,
								4,
								1
							],
							"pivot": [
								17,
								10.94615,
								64.03109
							],
							"rotation": [
								30,
								0,
								0
							],
							"uv": [
								98,
								395
							]
						},
						{
							"origin": [
								-19,
								11.49519,
								60.98205
							],
							"size": [
								4,
								4,
								1
							],
							"pivot": [
								-17,
								13.49519,
								61.48205
							],
							"rotation": [
								60,
								0,
								0
							],
							"uv": [
								98,
								395
							]
						},
						{
							"origin": [
								15,
								11.49519,
								60.98205
							],
							"size": [
								4,
								4,
								1
							],
							"pivot": [
								17,
								13.49519,
								61.48205
							],
							"rotation": [
								60,
								0,
								0
							],
							"uv": [
								98,
								395
							]
						},
						{
							"origin": [
								-19,
								5.4641,
								64.4641
							],
							"size": [
								4,
								4,
								1
							],
							"uv": [
								98,
								395
							]
						},
						{
							"origin": [
								15,
								5.4641,
								64.4641
							],
							"size": [
								4,
								4,
								1
							],
							"uv": [
								98,
								395
							]
						},
						{
							"origin": [
								16,
								2.4,
								54
							],
							"size": [
								2,
								10,
								8
							],
							"uv": [
								58,
								349
							]
						},
						{
							"origin": [
								-18,
								2.5,
								54
							],
							"size": [
								2,
								10,
								8
							],
							"uv": [
								58,
								349
							]
						},
						{
							"origin": [
								-19,
								13.9282,
								56
							],
							"size": [
								4,
								1,
								4
							],
							"uv": [
								90,
								371
							]
						},
						{
							"origin": [
								15,
								13.9282,
								56
							],
							"size": [
								4,
								1,
								4
							],
							"uv": [
								90,
								371
							]
						},
						{
							"origin": [
								-19,
								11.9282,
								56
							],
							"size": [
								4,
								2,
								4
							],
							"uv": [
								100,
								385
							]
						},
						{
							"origin": [
								15,
								11.9282,
								56
							],
							"size": [
								4,
								2,
								4
							],
							"uv": [
								100,
								385
							]
						},
						{
							"origin": [
								-19,
								11.19615,
								53.26795
							],
							"size": [
								4,
								2,
								4
							],
							"pivot": [
								-17,
								12.19615,
								55.26795
							],
							"rotation": [
								30,
								0,
								0
							],
							"uv": [
								100,
								385
							]
						},
						{
							"origin": [
								15,
								11.19615,
								53.26795
							],
							"size": [
								4,
								2,
								4
							],
							"pivot": [
								17,
								12.19615,
								55.26795
							],
							"rotation": [
								30,
								0,
								0
							],
							"uv": [
								100,
								385
							]
						},
						{
							"origin": [
								-19,
								9.19615,
								51.26795
							],
							"size": [
								4,
								2,
								4
							],
							"pivot": [
								-17,
								10.19615,
								53.26795
							],
							"rotation": [
								60,
								0,
								0
							],
							"uv": [
								100,
								385
							]
						},
						{
							"origin": [
								15,
								9.19615,
								51.26795
							],
							"size": [
								4,
								2,
								4
							],
							"pivot": [
								17,
								10.19615,
								53.26795
							],
							"rotation": [
								60,
								0,
								0
							],
							"uv": [
								100,
								385
							]
						},
						{
							"origin": [
								-19,
								1,
								56
							],
							"size": [
								4,
								2,
								4
							],
							"uv": [
								100,
								385
							]
						},
						{
							"origin": [
								15,
								1,
								56
							],
							"size": [
								4,
								2,
								4
							],
							"uv": [
								100,
								385
							]
						},
						{
							"origin": [
								-19,
								1.73205,
								58.73205
							],
							"size": [
								4,
								2,
								4
							],
							"pivot": [
								-17,
								2.73205,
								60.73205
							],
							"rotation": [
								30,
								0,
								0
							],
							"uv": [
								100,
								385
							]
						},
						{
							"origin": [
								15,
								1.73205,
								58.73205
							],
							"size": [
								4,
								2,
								4
							],
							"pivot": [
								17,
								2.73205,
								60.73205
							],
							"rotation": [
								30,
								0,
								0
							],
							"uv": [
								100,
								385
							]
						},
						{
							"origin": [
								-19,
								3.73205,
								60.73205
							],
							"size": [
								4,
								2,
								4
							],
							"pivot": [
								-17,
								4.73205,
								62.73205
							],
							"rotation": [
								60,
								0,
								0
							],
							"uv": [
								100,
								385
							]
						},
						{
							"origin": [
								15,
								3.73205,
								60.73205
							],
							"size": [
								4,
								2,
								4
							],
							"pivot": [
								17,
								4.73205,
								62.73205
							],
							"rotation": [
								60,
								0,
								0
							],
							"uv": [
								100,
								385
							]
						},
						{
							"origin": [
								-19,
								1.73205,
								53.26795
							],
							"size": [
								4,
								2,
								4
							],
							"pivot": [
								-17,
								2.73205,
								55.26795
							],
							"rotation": [
								-30,
								0,
								0
							],
							"uv": [
								100,
								385
							]
						},
						{
							"origin": [
								15,
								1.73205,
								53.26795
							],
							"size": [
								4,
								2,
								4
							],
							"pivot": [
								17,
								2.73205,
								55.26795
							],
							"rotation": [
								-30,
								0,
								0
							],
							"uv": [
								100,
								385
							]
						},
						{
							"origin": [
								-19,
								11.19615,
								58.73205
							],
							"size": [
								4,
								2,
								4
							],
							"pivot": [
								-17,
								12.19615,
								60.73205
							],
							"rotation": [
								-30,
								0,
								0
							],
							"uv": [
								100,
								385
							]
						},
						{
							"origin": [
								15,
								11.19615,
								58.73205
							],
							"size": [
								4,
								2,
								4
							],
							"pivot": [
								17,
								12.19615,
								60.73205
							],
							"rotation": [
								-30,
								0,
								0
							],
							"uv": [
								100,
								385
							]
						},
						{
							"origin": [
								-19,
								4.09808,
								50.90192
							],
							"size": [
								4,
								2,
								4
							],
							"pivot": [
								-17,
								5.09808,
								52.90192
							],
							"rotation": [
								-60,
								0,
								0
							],
							"uv": [
								100,
								385
							]
						},
						{
							"origin": [
								15,
								4.09808,
								50.90192
							],
							"size": [
								4,
								2,
								4
							],
							"pivot": [
								17,
								5.09808,
								52.90192
							],
							"rotation": [
								-60,
								0,
								0
							],
							"uv": [
								100,
								385
							]
						},
						{
							"origin": [
								-19,
								8.83013,
								61.09808
							],
							"size": [
								4,
								2,
								4
							],
							"pivot": [
								-17,
								9.83013,
								63.09808
							],
							"rotation": [
								-60,
								0,
								0
							],
							"uv": [
								100,
								385
							]
						},
						{
							"origin": [
								15,
								8.83013,
								61.09808
							],
							"size": [
								4,
								2,
								4
							],
							"pivot": [
								17,
								9.83013,
								63.09808
							],
							"rotation": [
								-60,
								0,
								0
							],
							"uv": [
								100,
								385
							]
						},
						{
							"origin": [
								-19,
								0,
								56
							],
							"size": [
								4,
								1,
								4
							],
							"uv": [
								74,
								385
							]
						},
						{
							"origin": [
								15,
								0,
								56
							],
							"size": [
								4,
								1,
								4
							],
							"uv": [
								74,
								385
							]
						},
						{
							"origin": [
								-19,
								0.93301,
								59.48205
							],
							"size": [
								4,
								1,
								4
							],
							"pivot": [
								-17,
								1.43301,
								61.48205
							],
							"rotation": [
								30,
								0,
								0
							],
							"uv": [
								74,
								385
							]
						},
						{
							"origin": [
								15,
								0.93301,
								59.48205
							],
							"size": [
								4,
								1,
								4
							],
							"pivot": [
								17,
								1.43301,
								61.48205
							],
							"rotation": [
								30,
								0,
								0
							],
							"uv": [
								74,
								385
							]
						},
						{
							"origin": [
								-19,
								3.48205,
								62.03109
							],
							"size": [
								4,
								1,
								4
							],
							"pivot": [
								-17,
								3.98205,
								64.03109
							],
							"rotation": [
								60,
								0,
								0
							],
							"uv": [
								74,
								385
							]
						},
						{
							"origin": [
								15,
								3.48205,
								62.03109
							],
							"size": [
								4,
								1,
								4
							],
							"pivot": [
								17,
								3.98205,
								64.03109
							],
							"rotation": [
								60,
								0,
								0
							],
							"uv": [
								74,
								385
							]
						},
						{
							"origin": [
								-19,
								0.93301,
								52.51795
							],
							"size": [
								4,
								1,
								4
							],
							"pivot": [
								-17,
								1.43301,
								54.51795
							],
							"rotation": [
								-30,
								0,
								0
							],
							"uv": [
								74,
								385
							]
						},
						{
							"origin": [
								15,
								0.93301,
								52.51795
							],
							"size": [
								4,
								1,
								4
							],
							"pivot": [
								17,
								1.43301,
								54.51795
							],
							"rotation": [
								-30,
								0,
								0
							],
							"uv": [
								74,
								385
							]
						},
						{
							"origin": [
								-19,
								3.48205,
								49.96891
							],
							"size": [
								4,
								1,
								4
							],
							"pivot": [
								-17,
								3.98205,
								51.96891
							],
							"rotation": [
								-60,
								0,
								0
							],
							"uv": [
								74,
								385
							]
						},
						{
							"origin": [
								15,
								3.48205,
								49.96891
							],
							"size": [
								4,
								1,
								4
							],
							"pivot": [
								17,
								3.98205,
								51.96891
							],
							"rotation": [
								-60,
								0,
								0
							],
							"uv": [
								74,
								385
							]
						}
					]
				}
			]
		}
	]
}