{
	"format_version": "1.12.0",
	"minecraft:geometry": [
		{
			"description": {
				"identifier": "geometry.corolla",
				"texture_width": 512,
				"texture_height": 512,
				"visible_bounds_width": 9,
				"visible_bounds_height": 6.5,
				"visible_bounds_offset": [0, 1.75, 0]
			},
			"bones": [
				{
					"name": "corolla",
					"pivot": [0, 0, 0]
				},
				{
					"name": "body",
					"parent": "corolla",
					"pivot": [0.46154, 11.25385, -2.74872],
					"cubes": [
						{"origin": [-18, 4, -22], "size": [36, 1, 35], "uv": [0, 69]},
						{"origin": [-15, 29.3, -13], "size": [30, 1, 20], "uv": [145, 72]},
						{"origin": [-13, 4, 13], "size": [26, 1, 12], "uv": [242, 129]},
						{"origin": [-18, 4, 25], "size": [36, 1, 7], "uv": [156, 129]},
						{"origin": [-18, 5, 28], "size": [36, 4, 4], "uv": [68, 145]},
						{"origin": [15, 13, 15], "size": [3, 3, 16], "uv": [38, 215]},
						{"origin": [15, 16, 15], "size": [3, 1, 16], "uv": [194, 215]},
						{"origin": [-18, 16, 14.9], "size": [3, 1, 16.1], "uv": [156, 215]},
						{"origin": [-15, 16, 14.9], "size": [30, 1, 16.1], "uv": [0, 105]},
						{"origin": [-15, 9, 10], "size": [30, 8, 1.1], "uv": [108, 170]},
						{"origin": [-15, 16, 11], "size": [30, 1, 4.1], "uv": [108, 165]},
						{"origin": [-15, 13, 29], "size": [30, 3, 2], "uv": [0, 188]},
						{"origin": [-12, 9, 29], "size": [24, 4, 2], "uv": [132, 188]},
						{"origin": [-18, 13, 14.9], "size": [3, 3, 16.1], "uv": [0, 215]},
						{"origin": [-16, 5, -22], "size": [32, 12, 3], "uv": [148, 145]},
						{"origin": [-14, 5, 0], "size": [28, 5, 11], "uv": [78, 129]},
						{"origin": [-14, 10, 8], "size": [28, 6, 2], "uv": [176, 165]},
						{"origin": [-12, 16, 8], "size": [6, 4, 2], "uv": [126, 314]},
						{"origin": [-12, 16, -6], "size": [6, 4, 2], "uv": [32, 335]},
						{"origin": [6, 16, 8], "size": [6, 4, 2], "uv": [108, 321]},
						{"origin": [6, 16, -6], "size": [6, 4, 2], "uv": [32, 329]},
						{"origin": [-14, 10, -6], "size": [10, 6, 2], "uv": [0, 268]},
						{"origin": [4, 10, -6], "size": [10, 6, 2], "uv": [0, 258]},
						{"origin": [4, 5, -14], "size": [10, 5, 10], "uv": [116, 215]},
						{"origin": [-14, 5, -14], "size": [10, 5, 10], "uv": [76, 215]},
						{"origin": [-18, 5, -2], "size": [2, 12, 12], "uv": [28, 234]},
						{"origin": [-18.5, 9, -26], "size": [1, 1, 36], "uv": [0, 381]},
						{"origin": [17.5, 9, -26], "size": [1, 1, 36], "uv": [0, 381]},
						{"origin": [16, 5, -2], "size": [2, 12, 12], "uv": [0, 234]},
						{"origin": [-18, 5, -7], "size": [2, 12, 5], "uv": [38, 258]},
						{"origin": [16, 5, -7], "size": [2, 12, 5], "uv": [24, 258]},
						{"origin": [14.1705, 13.19057, -4], "size": [2, 13.7, 2], "pivot": [-0.00541, 23.47975, -3], "rotation": [0, 0, -12.5], "uv": [24, 329]},
						{"origin": [-16.12074, 13.09291, -4], "size": [2, 13.8, 2], "pivot": [-0.00541, 23.47975, -3], "rotation": [0, 0, 12.5], "uv": [142, 314]},
						{"origin": [14.1705, 13.19057, -7], "size": [2, 13.7, 2], "pivot": [-0.00541, 23.47975, -6], "rotation": [0, 0, -12.5], "uv": [24, 329]},
						{"origin": [-16.12074, 13.09291, -7], "size": [2, 13.8, 2], "pivot": [-0.00541, 23.47975, -6], "rotation": [0, 0, 12.5], "uv": [142, 314]},
						{"origin": [14.1705, 13.19057, -6], "size": [2, 13.7, 2], "inflate": -0.01, "pivot": [-0.00541, 23.47975, -5], "rotation": [0, 0, -12.5], "uv": [24, 329]},
						{"origin": [-16.12074, 13.09291, -6], "size": [2, 13.8, 2], "inflate": -0.01, "pivot": [-0.00541, 23.47975, -5], "rotation": [0, 0, 12.5], "uv": [142, 314]},
						{"origin": [-18, 5, -22], "size": [2, 12, 15], "uv": [98, 188]},
						{"origin": [16, 5, -22], "size": [2, 12, 15], "uv": [64, 188]},
						{"origin": [12, 5, 25], "size": [6, 8, 3], "uv": [86, 269]},
						{"origin": [12, 5, 13], "size": [1, 8, 12], "uv": [82, 234]},
						{"origin": [-13, 5, 13], "size": [1, 8, 12], "uv": [56, 234]},
						{"origin": [12, 5, 10], "size": [6, 4, 3], "uv": [108, 314]},
						{"origin": [15, 9, 10], "size": [3, 8, 3], "uv": [12, 329]},
						{"origin": [15, 11.98205, 10.79904], "size": [3, 2, 3], "pivot": [15, 13.98205, 12.29904], "rotation": [-30, 0, 0], "uv": [0, 369]},
						{"origin": [15, 12.43301, 11.98205], "size": [3, 4.5, 3], "pivot": [15, 14.43301, 13.48205], "rotation": [-60, 0, 0], "uv": [112, 360]},
						{"origin": [-18, 12.43301, 11.98205], "size": [3, 4.5, 3], "pivot": [-18, 14.43301, 13.48205], "rotation": [-60, 0, 0], "uv": [100, 360]},
						{"origin": [-18, 11.98205, 10.79904], "size": [3, 2, 3], "pivot": [-18, 13.98205, 12.29904], "rotation": [-30, 0, 0], "uv": [176, 360]},
						{"origin": [12, 8.04904, 10.54904], "size": [6, 4, 3], "inflate": -0.001, "pivot": [17, 9.54904, 12.04904], "rotation": [-30, 0, 0], "uv": [90, 321]},
						{"origin": [12, 8.04904, 24.45096], "size": [6, 4, 3], "inflate": -0.001, "pivot": [17, 9.54904, 25.95096], "rotation": [30, 0, 0], "uv": [90, 314]},
						{"origin": [12, 10.41506, 12.54904], "size": [6, 5, 3], "inflate": -0.001, "pivot": [17, 11.91506, 14.04904], "rotation": [-60, 0, 0], "uv": [36, 314]},
						{"origin": [12, 10.41506, 22.45096], "size": [6, 5, 3], "inflate": -0.001, "pivot": [17, 11.91506, 23.95096], "rotation": [60, 0, 0], "uv": [18, 314]},
						{"origin": [12, 11.9641, 16.26987], "size": [6, 3, 5.3], "inflate": -0.001, "uv": [52, 266]},
						{"origin": [-18, 11.9641, 16.33013], "size": [6, 3, 5.3], "inflate": -0.001, "uv": [52, 258]},
						{"origin": [-18, 10.41506, 22.45096], "size": [6, 5, 3], "inflate": -0.001, "pivot": [-13, 11.91506, 23.95096], "rotation": [60, 0, 0], "uv": [0, 314]},
						{"origin": [-18, 8.04904, 24.45096], "size": [6, 4, 3], "inflate": -0.001, "pivot": [-13, 9.54904, 25.95096], "rotation": [30, 0, 0], "uv": [72, 321]},
						{"origin": [-18, 5, 25], "size": [6, 8, 3], "uv": [86, 258]},
						{"origin": [12, 9, 28], "size": [6, 4, 3], "uv": [72, 314]},
						{"origin": [-18, 9, 28], "size": [6, 4, 3], "uv": [54, 321]},
						{"origin": [-18, 10.41506, 12.54904], "size": [6, 5, 3], "inflate": -0.001, "pivot": [-13, 11.91506, 14.04904], "rotation": [-60, 0, 0], "uv": [152, 294]},
						{"origin": [-18, 8.04904, 10.54904], "size": [6, 4, 3], "inflate": -0.001, "pivot": [-13, 9.54904, 12.04904], "rotation": [-30, 0, 0], "uv": [54, 314]},
						{"origin": [-18, 5, 10], "size": [6, 4, 3], "uv": [36, 322]},
						{"origin": [-18, 9, 10], "size": [3, 8, 3], "uv": [0, 329]},
						{"origin": [15, 15, 13], "size": [3, 2, 2], "uv": [58, 373]},
						{"origin": [-18, 15, 13], "size": [3, 2, 2], "uv": [58, 369]}
					]
				},
				{
					"name": "steer",
					"parent": "body",
					"pivot": [9, 14, -18.85714],
					"cubes": [
						{"origin": [8, 13, -19], "size": [2, 2, 4], "pivot": [9, 14, -19.77273], "rotation": [25, 0, 0], "uv": [124, 360]},
						{"origin": [-16, 11.5, -19.8], "size": [32, 5, 2], "pivot": [9, 14, -19.77273], "rotation": [25, 0, 0], "uv": [0, 418]},
						{"origin": [-4, 6.5, -19.8], "size": [8, 5, 2], "pivot": [9, 14, -19.77273], "rotation": [25, 0, 0], "uv": [0, 418]},
						{"origin": [-4, 4.5, -19.8], "size": [8, 5, 16], "uv": [0, 426]},
						{"origin": [7, 16, -16], "size": [4, 1, 1], "pivot": [9, 14, -19.77273], "rotation": [25, 0, 0], "uv": [170, 377]},
						{"origin": [6, 15, -16], "size": [1, 1, 1], "pivot": [9, 14, -19.77273], "rotation": [25, 0, 0], "uv": [218, 377]},
						{"origin": [11, 15, -16], "size": [1, 1, 1], "pivot": [9, 14, -19.77273], "rotation": [25, 0, 0], "uv": [214, 377]},
						{"origin": [11, 12, -16], "size": [1, 1, 1], "pivot": [9, 14, -19.77273], "rotation": [25, 0, 0], "uv": [206, 377]},
						{"origin": [6, 12, -16], "size": [1, 1, 1], "pivot": [9, 14, -19.77273], "rotation": [25, 0, 0], "uv": [210, 377]},
						{"origin": [11, 13, -16], "size": [1, 2, 1], "pivot": [9, 14, -19.77273], "rotation": [25, 0, 0], "uv": [198, 377]},
						{"origin": [6, 13, -16], "size": [1, 2, 1], "pivot": [9, 14, -19.77273], "rotation": [25, 0, 0], "uv": [202, 377]},
						{"origin": [8, 15, -17], "size": [2, 1, 1], "pivot": [9, 14, -19.77273], "rotation": [25, 0, 0], "uv": [192, 377]},
						{"origin": [8, 12, -17], "size": [2, 1, 1], "pivot": [9, 14, -19.77273], "rotation": [25, 0, 0], "uv": [186, 377]},
						{"origin": [7, 11, -16], "size": [4, 1, 1], "pivot": [9, 14, -19.77273], "rotation": [25, 0, 0], "uv": [160, 377]}
					]
				},
				{
					"name": "glass",
					"parent": "body",
					"pivot": [14.42865, 12.11634, -5.31489],
					"cubes": [
						{"origin": [-15.12074, 13.09291, -31], "size": [0, 13.8, 56], "pivot": [-0.00541, 23.47975, -4], "rotation": [0, 0, 12.5], "uv": [112, 0]},
						{"origin": [-16.98979, -12, -31.3], "size": [34, 20, 0], "inflate": -0.01, "pivot": [0, 0, 0], "rotation": [-50, 0, 0], "uv": [0, 145]},
						{"origin": [14.87926, 13.09291, -31], "size": [0, 13.8, 56], "pivot": [-0.00541, 23.47975, -4], "rotation": [0, 0, -12.5], "uv": [112, 0]},
						{"origin": [-16.96793, 15.83773, 11.19378], "size": [34, 16, 0], "pivot": [0.03207, 26.83773, 14.19378], "rotation": [45, 0, 0], "uv": [218, 145]}
					]
				},
				{
					"name": "front",
					"parent": "corolla",
					"pivot": [0, 23, -24],
					"rotation": [-50, 0, 0],
					"cubes": [
						{"origin": [-14.60399, 14.13191, -22.6], "size": [2, 22, 1], "inflate": -0.01, "pivot": [-15.27593, 39.10456, -10.31883], "rotation": [0, 0, 7.5], "uv": [80, 258]},
						{"origin": [-14.98979, 34, -22.6], "size": [30, 2, 1], "inflate": -0.01, "uv": [0, 197]},
						{"origin": [12.56467, 13.97099, -22.6], "size": [2, 22, 1], "inflate": -0.01, "pivot": [14.55611, 39.37433, -10.16496], "rotation": [0, 0, -7.5], "uv": [74, 258]}
					]
				},
				{
					"name": "back",
					"parent": "corolla",
					"pivot": [0, 23, -24],
					"rotation": [30, 0, 0],
					"cubes": [
						{"origin": [-15.19875, -8.38808, 5.48248], "size": [2, 19, 1], "inflate": -0.01, "pivot": [-14.82933, 12.28723, -5.61534], "rotation": [15, 0, 7.5], "uv": [146, 294]},
						{"origin": [13.22786, -8.38064, 5.51235], "size": [2, 19, 1], "pivot": [14.42865, 12.11634, -5.31489], "rotation": [15, 0, -7.5], "uv": [140, 294]},
						{"origin": [-14.96793, 7.63176, 5.51567], "size": [30, 3, 1], "pivot": [14.42865, 12.11634, -5.31489], "rotation": [15, 0, 0], "uv": [0, 193]}
					]
				},
				{
					"name": "mirror",
					"parent": "corolla",
					"pivot": [0, 16, -23],
					"rotation": [5, 0, 0],
					"cubes": [
						{"origin": [-17.999, 4.30224, -30.94639], "size": [36, 12, 8], "pivot": [0.001, 5.30224, -26.94639], "rotation": [-5, 0, 0], "uv": [92, 105]},
						{"origin": [-16.2, 4.10761, -51.62607], "size": [32.4, 9, 7], "pivot": [-1.8, 5.10761, -27.62607], "rotation": [-5, 0, 0], "uv": [0, 129]},
						{"origin": [-12.5, 4.10761, -45.02607], "size": [25, 10, 14], "pivot": [-2.5, 5.10761, -27.62607], "rotation": [-5, 0, 0], "uv": [180, 105]},
						{"origin": [12.86737, 4.10761, -50.14559], "size": [5.4, 9, 7], "pivot": [0.26737, 5.10761, -26.14559], "rotation": [-5, 5, 0], "uv": [164, 234]},
						{"origin": [15.78, 5.20002, -45.76078], "size": [1.4, 9, 3], "inflate": -0.01, "pivot": [16.5, 12.02743, -39.36319], "rotation": [-5, 5, 0], "uv": [80, 344]},
						{"origin": [15.18, 7.50002, -42.86078], "size": [2, 6, 3], "inflate": -0.01, "pivot": [16.5, 12.02743, -39.36319], "rotation": [-57.5, 5, 0], "uv": [42, 360]},
						{"origin": [-17.02, 9.70002, -41.36078], "size": [2, 6, 3], "inflate": -0.01, "pivot": [16.5, 12.02743, -39.36319], "rotation": [-57.5, -5, 0], "uv": [32, 360]},
						{"origin": [15.9555, 11.13325, -31.32497], "size": [2, 6, 2], "inflate": -0.01, "pivot": [0.0265, 12.84999, -29.79327], "rotation": [57.5, 5, 0], "uv": [12, 369]},
						{"origin": [-17.87089, 10.51143, -31.96784], "size": [2, 6, 2.5], "inflate": -0.01, "pivot": [0.0265, 12.84999, -29.79327], "rotation": [57.5, -5, 0], "uv": [20, 369]},
						{"origin": [-17.05, 5.40002, -48.16078], "size": [1.4, 9, 8.3], "pivot": [16.5, 12.02743, -39.36319], "rotation": [-5, -5, 0], "uv": [188, 234]},
						{"origin": [-17.6516, 12.58235, -42.8186], "size": [1.4, 2, 13.3], "inflate": -0.01, "pivot": [-16.90163, 14.33235, -33.9186], "rotation": [-5, -5, 0], "uv": [136, 234]},
						{"origin": [-17.6516, 14.58235, -33.8186], "size": [1.4, 1, 4.3], "inflate": -0.01, "pivot": [-16.90163, 14.33235, -33.9186], "rotation": [-5, -5, 0], "uv": [48, 369]},
						{"origin": [15.78, 13.30002, -43.36078], "size": [1.4, 2, 13], "inflate": -0.01, "pivot": [16.5, 12.02743, -39.36319], "rotation": [-5, 5, 0], "uv": [108, 234]},
						{"origin": [15.8, 15.30002, -32.36078], "size": [1.4, 1, 2], "inflate": -0.01, "pivot": [16.5, 12.02743, -39.36319], "rotation": [-5, 5, 0], "uv": [180, 377]},
						{"origin": [-18, 15, -30], "size": [36, 2, 8], "uv": [258, 105]},
						{"origin": [11.72887, 14.65527, -49.31217], "size": [6, 2, 21], "inflate": -0.01, "pivot": [-0.27113, 15.65527, -32.31217], "rotation": [5, 5, 0], "uv": [54, 165]},
						{"origin": [-17.61471, 14.65527, -51.92684], "size": [6, 2, 21], "inflate": -0.01, "pivot": [-29.61471, 15.65527, -34.92684], "rotation": [5, -5, 0], "uv": [0, 165]},
						{"origin": [-16, 14.08875, -50.79138], "size": [32, 2, 21], "pivot": [0, 15.08875, -40.29138], "rotation": [5, 0, 0], "uv": [248, 69]},
						{"origin": [-22, 15, -28], "size": [4, 5, 1], "inflate": -0.001, "uv": [38, 369]},
						{"origin": [18, 15, -28], "size": [4, 5, 1], "inflate": -0.001, "uv": [28, 369]}
					]
				},
				{
					"name": "leg1",
					"parent": "corolla",
					"pivot": [0, 5.5981, 19],
					"cubes": [
						{"origin": [13, 0, 17.5], "size": [5, 1, 3], "uv": [16, 364]},
						{"origin": [13, 10.19615, 17.5], "size": [5, 1, 3], "uv": [16, 360]},
						{"origin": [13, 0.59615, 17.5], "size": [4, 10, 3], "uv": [126, 294]},
						{"origin": [13, 0.59615, 17.5], "size": [4, 10, 3], "pivot": [15.5, 5.59615, 19], "rotation": [-30, 0, 0], "uv": [112, 294]},
						{"origin": [13, 0.59615, 17.5], "size": [4, 10, 3], "pivot": [15.5, 5.59615, 19], "rotation": [-60, 0, 0], "uv": [98, 294]},
						{"origin": [13, 0.59615, 17.5], "size": [4, 10, 3], "pivot": [15.5, 5.59615, 19], "rotation": [-90, 0, 0], "uv": [84, 294]},
						{"origin": [13, 0.59615, 17.5], "size": [4, 10, 3], "pivot": [15.5, 5.59615, 19], "rotation": [-120, 0, 0], "uv": [70, 294]},
						{"origin": [13, 0.59615, 17.5], "size": [4, 10, 3], "pivot": [15.5, 5.59615, 19], "rotation": [-150, 0, 0], "uv": [56, 294]},
						{"origin": [-17, 0.59615, 17.5], "size": [4, 10, 3], "pivot": [-14.5, 5.59615, 19], "rotation": [-150, 0, 0], "uv": [42, 294]},
						{"origin": [-17, 0.59615, 17.5], "size": [4, 10, 3], "uv": [28, 294]},
						{"origin": [-17, 0.59615, 17.5], "size": [4, 10, 3], "pivot": [-14.5, 5.59615, 19], "rotation": [-30, 0, 0], "uv": [14, 294]},
						{"origin": [-17, 0.59615, 17.5], "size": [4, 10, 3], "pivot": [-14.5, 5.59615, 19], "rotation": [-60, 0, 0], "uv": [0, 294]},
						{"origin": [-17, 0.59615, 17.5], "size": [4, 10, 3], "pivot": [-14.5, 5.59615, 19], "rotation": [-90, 0, 0], "uv": [168, 281]},
						{"origin": [-17, 0.59615, 17.5], "size": [4, 10, 3], "pivot": [-14.5, 5.59615, 19], "rotation": [-120, 0, 0], "uv": [154, 281]},
						{"origin": [14, 2.59615, 18.25], "size": [4, 6.1, 1.5], "uv": [166, 360]},
						{"origin": [14, 6.74615, 18.15622], "size": [4, 2, 1.5], "pivot": [16, 5.74615, 18.85622], "rotation": [-30, 0, 0], "uv": [150, 377]},
						{"origin": [14, 2.59423, 18.35718], "size": [4, 2, 1.5], "pivot": [16, 5.59423, 19.05718], "rotation": [-30, 0, 0], "uv": [140, 377]},
						{"origin": [14, 2.59615, 18.45096], "size": [4, 2, 1.5], "pivot": [16, 5.56923, 19.10048], "rotation": [-60, 0, 0], "uv": [130, 377]},
						{"origin": [14, 6.69423, 18.04904], "size": [4, 2, 1.5], "pivot": [16, 5.72115, 18.89952], "rotation": [-60, 0, 0], "uv": [120, 377]},
						{"origin": [14, 3.16779, 17.97548], "size": [4, 5.6, 2], "pivot": [16, 5.79471, 18.82596], "rotation": [-90, 0, 0], "uv": [88, 360]},
						{"origin": [14, 6.4532, 18.69856], "size": [4, 2, 1.5], "pivot": [16, 5.65417, 19.14952], "rotation": [-120, 0, 0], "uv": [110, 377]},
						{"origin": [14, 3.27019, 18.55144], "size": [4, 2, 1.5], "pivot": [16, 6.06923, 19.10048], "rotation": [-120, 0, 0], "uv": [100, 377]},
						{"origin": [14, 6.34375, 18.80801], "size": [4, 2, 1.5], "pivot": [16, 5.54471, 19.25897], "rotation": [-150, 0, 0], "uv": [90, 377]},
						{"origin": [14, 3.19663, 18.625], "size": [4, 2, 1.5], "pivot": [16, 5.99567, 19.17404], "rotation": [-150, 0, 0], "uv": [80, 377]},
						{"origin": [-18, 2.59615, 18.25], "size": [4, 6.1, 1.5], "uv": [156, 360]},
						{"origin": [-18, 6.4532, 18.69856], "size": [4, 2, 1.5], "pivot": [-16, 5.65417, 19.14952], "rotation": [-120, 0, 0], "uv": [70, 377]},
						{"origin": [-18, 6.34375, 18.80801], "size": [4, 2, 1.5], "pivot": [-16, 5.54471, 19.25897], "rotation": [-150, 0, 0], "uv": [60, 377]},
						{"origin": [-18, 2.59423, 18.35718], "size": [4, 2, 1.5], "pivot": [-16, 5.59423, 19.05718], "rotation": [-30, 0, 0], "uv": [50, 377]},
						{"origin": [-18, 2.59615, 18.45096], "size": [4, 2, 1.5], "pivot": [-16, 5.56923, 19.10048], "rotation": [-60, 0, 0], "uv": [40, 377]},
						{"origin": [-18, 3.16779, 17.97548], "size": [4, 5.6, 2], "pivot": [-16, 5.79471, 18.82596], "rotation": [-90, 0, 0], "uv": [76, 360]},
						{"origin": [-18, 3.27019, 18.55144], "size": [4, 2, 1.5], "pivot": [-16, 6.06923, 19.10048], "rotation": [-120, 0, 0], "uv": [30, 377]},
						{"origin": [-18, 3.19663, 18.625], "size": [4, 2, 1.5], "pivot": [-16, 5.99567, 19.17404], "rotation": [-150, 0, 0], "uv": [20, 377]},
						{"origin": [-18, 6.74615, 18.15622], "size": [4, 2, 1.5], "pivot": [-16, 5.74615, 18.85622], "rotation": [-30, 0, 0], "uv": [10, 377]},
						{"origin": [-18, 6.69423, 18.04904], "size": [4, 2, 1.5], "pivot": [-16, 5.72115, 18.89952], "rotation": [-60, 0, 0], "uv": [0, 377]},
						{"origin": [13, 0.05385, 17.70096], "size": [5, 1, 3], "pivot": [15.5, 6, 19], "rotation": [-30, 0, 0], "uv": [0, 364]},
						{"origin": [13, 10.1423, 17.29904], "size": [5, 1, 3], "pivot": [15.5, 5.19615, 19], "rotation": [-30, 0, 0], "uv": [0, 360]},
						{"origin": [13, 10.19615, 17.09808], "size": [5, 1, 3], "pivot": [15.5, 5.25, 18.79904], "rotation": [-60, 0, 0], "uv": [256, 356]},
						{"origin": [13, 0, 17.90192], "size": [5, 1, 3], "pivot": [15.5, 5.94615, 19.20096], "rotation": [-60, 0, 0], "uv": [240, 356]},
						{"origin": [13, 0, 17.5], "size": [5, 1, 3], "pivot": [15.5, 5.59808, 19], "rotation": [-90, 0, 0], "uv": [224, 356]},
						{"origin": [13, 10.19615, 17.5], "size": [5, 1, 3], "pivot": [15.5, 5.59808, 19], "rotation": [-90, 0, 0], "uv": [208, 356]},
						{"origin": [13, 9.84808, 16.89711], "size": [5, 1, 3], "pivot": [15.5, 5.25, 18.79904], "rotation": [-120, 0, 0], "uv": [192, 356]},
						{"origin": [13, 0.34808, 18.10289], "size": [5, 1, 3], "pivot": [15.5, 5.94615, 19.20096], "rotation": [-120, 0, 0], "uv": [176, 356]},
						{"origin": [13, 9.99519, 16.75], "size": [5, 1, 3], "pivot": [15.5, 5.39711, 18.65192], "rotation": [-150, 0, 0], "uv": [160, 356]},
						{"origin": [13, 0.20096, 18.25], "size": [5, 1, 3], "pivot": [15.5, 5.79904, 19.34808], "rotation": [-150, 0, 0], "uv": [144, 356]},
						{"origin": [-18, 10.19615, 17.5], "size": [5, 1, 3], "uv": [128, 356]},
						{"origin": [-18, 0.20096, 18.25], "size": [5, 1, 3], "pivot": [-15.5, 5.79904, 19.34808], "rotation": [-150, 0, 0], "uv": [112, 356]},
						{"origin": [-18, 0.34808, 18.10289], "size": [5, 1, 3], "pivot": [-15.5, 5.94615, 19.20096], "rotation": [-120, 0, 0], "uv": [96, 356]},
						{"origin": [-18, 0, 17.5], "size": [5, 1, 3], "pivot": [-15.5, 5.59808, 19], "rotation": [-90, 0, 0], "uv": [80, 356]},
						{"origin": [-18, 0, 17.90192], "size": [5, 1, 3], "pivot": [-15.5, 5.94615, 19.20096], "rotation": [-60, 0, 0], "uv": [64, 356]},
						{"origin": [-18, 0.05385, 17.70096], "size": [5, 1, 3], "pivot": [-15.5, 6, 19], "rotation": [-30, 0, 0], "uv": [48, 356]},
						{"origin": [-18, 0, 17.5], "size": [5, 1, 3], "uv": [32, 356]},
						{"origin": [-18, 9.99519, 16.75], "size": [5, 1, 3], "pivot": [-15.5, 5.39711, 18.65192], "rotation": [-150, 0, 0], "uv": [16, 356]},
						{"origin": [-18, 9.84808, 16.89711], "size": [5, 1, 3], "pivot": [-15.5, 5.25, 18.79904], "rotation": [-120, 0, 0], "uv": [0, 356]},
						{"origin": [-18, 10.19615, 17.5], "size": [5, 1, 3], "pivot": [-15.5, 5.59808, 19], "rotation": [-90, 0, 0], "uv": [88, 352]},
						{"origin": [-18, 10.19615, 17.09808], "size": [5, 1, 3], "pivot": [-15.5, 5.25, 18.79904], "rotation": [-60, 0, 0], "uv": [88, 348]},
						{"origin": [-18, 10.1423, 17.29904], "size": [5, 1, 3], "pivot": [-15.5, 5.19615, 19], "rotation": [-30, 0, 0], "uv": [88, 344]}
					]
				},
				{
					"name": "leg0",
					"parent": "corolla",
					"pivot": [0, 5.5981, -36],
					"cubes": [
						{"origin": [13, 0, -37.5], "size": [5, 1, 3], "uv": [64, 344]},
						{"origin": [13, 10.19615, -37.5], "size": [5, 1, 3], "uv": [48, 352]},
						{"origin": [13, 0.59615, -37.5], "size": [4, 10, 3], "uv": [140, 281]},
						{"origin": [13, 0.59615, -37.5], "size": [4, 10, 3], "pivot": [15.5, 5.59615, -36], "rotation": [-30, 0, 0], "uv": [126, 281]},
						{"origin": [13, 0.59615, -37.5], "size": [4, 10, 3], "pivot": [15.5, 5.59615, -36], "rotation": [-60, 0, 0], "uv": [112, 281]},
						{"origin": [13, 0.59615, -37.5], "size": [4, 10, 3], "pivot": [15.5, 5.59615, -36], "rotation": [-90, 0, 0], "uv": [98, 281]},
						{"origin": [13, 0.59615, -37.5], "size": [4, 10, 3], "pivot": [15.5, 5.59615, -36], "rotation": [-120, 0, 0], "uv": [84, 281]},
						{"origin": [13, 0.59615, -37.5], "size": [4, 10, 3], "pivot": [15.5, 5.59615, -36], "rotation": [-150, 0, 0], "uv": [70, 281]},
						{"origin": [-17, 0.59615, -37.5], "size": [4, 10, 3], "pivot": [-14.5, 5.59615, -36], "rotation": [-150, 0, 0], "uv": [56, 281]},
						{"origin": [-17, 0.59615, -37.5], "size": [4, 10, 3], "uv": [42, 281]},
						{"origin": [-17, 0.59615, -37.5], "size": [4, 10, 3], "pivot": [-14.5, 5.59615, -36], "rotation": [-30, 0, 0], "uv": [28, 281]},
						{"origin": [-17, 0.59615, -37.5], "size": [4, 10, 3], "pivot": [-14.5, 5.59615, -36], "rotation": [-60, 0, 0], "uv": [14, 281]},
						{"origin": [-17, 0.59615, -37.5], "size": [4, 10, 3], "pivot": [-14.5, 5.59615, -36], "rotation": [-90, 0, 0], "uv": [0, 281]},
						{"origin": [-17, 0.59615, -37.5], "size": [4, 10, 3], "pivot": [-14.5, 5.59615, -36], "rotation": [-120, 0, 0], "uv": [104, 258]},
						{"origin": [14, 2.59615, -36.75], "size": [4, 6.1, 1.5], "uv": [146, 360]},
						{"origin": [14, 6.74615, -36.84378], "size": [4, 2, 1.5], "pivot": [16, 5.74615, -36.14378], "rotation": [-30, 0, 0], "uv": [138, 372]},
						{"origin": [14, 2.59423, -36.64282], "size": [4, 2, 1.5], "pivot": [16, 5.59423, -35.94282], "rotation": [-30, 0, 0], "uv": [138, 369]},
						{"origin": [14, 2.59615, -36.54904], "size": [4, 2, 1.5], "pivot": [16, 5.56923, -35.89952], "rotation": [-60, 0, 0], "uv": [128, 372]},
						{"origin": [14, 6.69423, -36.95096], "size": [4, 2, 1.5], "pivot": [16, 5.72115, -36.10048], "rotation": [-60, 0, 0], "uv": [128, 369]},
						{"origin": [14, 3.16779, -37.02452], "size": [4, 5.6, 2], "pivot": [16, 5.79471, -36.17404], "rotation": [-90, 0, 0], "uv": [64, 360]},
						{"origin": [14, 6.4532, -36.30144], "size": [4, 2, 1.5], "pivot": [16, 5.65417, -35.85048], "rotation": [-120, 0, 0], "uv": [118, 372]},
						{"origin": [14, 3.27019, -36.44856], "size": [4, 2, 1.5], "pivot": [16, 6.06923, -35.89952], "rotation": [-120, 0, 0], "uv": [118, 369]},
						{"origin": [14, 6.34375, -36.19199], "size": [4, 2, 1.5], "pivot": [16, 5.54471, -35.74103], "rotation": [-150, 0, 0], "uv": [108, 372]},
						{"origin": [14, 3.19663, -36.375], "size": [4, 2, 1.5], "pivot": [16, 5.99567, -35.82596], "rotation": [-150, 0, 0], "uv": [108, 369]},
						{"origin": [-18, 2.59615, -36.75], "size": [4, 6.1, 1.5], "uv": [136, 360]},
						{"origin": [-18, 6.4532, -36.30144], "size": [4, 2, 1.5], "pivot": [-16, 5.65417, -35.85048], "rotation": [-120, 0, 0], "uv": [98, 372]},
						{"origin": [-18, 6.34375, -36.19199], "size": [4, 2, 1.5], "pivot": [-16, 5.54471, -35.74103], "rotation": [-150, 0, 0], "uv": [98, 369]},
						{"origin": [-18, 2.59423, -36.64282], "size": [4, 2, 1.5], "pivot": [-16, 5.59423, -35.94282], "rotation": [-30, 0, 0], "uv": [88, 372]},
						{"origin": [-18, 2.59615, -36.54904], "size": [4, 2, 1.5], "pivot": [-16, 5.56923, -35.89952], "rotation": [-60, 0, 0], "uv": [88, 369]},
						{"origin": [-18, 3.16779, -37.02452], "size": [4, 5.6, 2], "pivot": [-16, 5.79471, -36.17404], "rotation": [-90, 0, 0], "uv": [52, 360]},
						{"origin": [-18, 3.27019, -36.44856], "size": [4, 2, 1.5], "pivot": [-16, 6.06923, -35.89952], "rotation": [-120, 0, 0], "uv": [78, 372]},
						{"origin": [-18, 3.19663, -36.375], "size": [4, 2, 1.5], "pivot": [-16, 5.99567, -35.82596], "rotation": [-150, 0, 0], "uv": [78, 369]},
						{"origin": [-18, 6.74615, -36.84378], "size": [4, 2, 1.5], "pivot": [-16, 5.74615, -36.14378], "rotation": [-30, 0, 0], "uv": [68, 372]},
						{"origin": [-18, 6.69423, -36.95096], "size": [4, 2, 1.5], "pivot": [-16, 5.72115, -36.10048], "rotation": [-60, 0, 0], "uv": [68, 369]},
						{"origin": [13, 0.05385, -37.29904], "size": [5, 1, 3], "pivot": [15.5, 6, -36], "rotation": [-30, 0, 0], "uv": [48, 348]},
						{"origin": [13, 10.1423, -37.70096], "size": [5, 1, 3], "pivot": [15.5, 5.19615, -36], "rotation": [-30, 0, 0], "uv": [48, 344]},
						{"origin": [13, 10.19615, -37.90192], "size": [5, 1, 3], "pivot": [15.5, 5.25, -36.20096], "rotation": [-60, 0, 0], "uv": [32, 352]},
						{"origin": [13, 0, -37.09808], "size": [5, 1, 3], "pivot": [15.5, 5.94615, -35.79904], "rotation": [-60, 0, 0], "uv": [32, 348]},
						{"origin": [13, 0, -37.5], "size": [5, 1, 3], "pivot": [15.5, 5.59808, -36], "rotation": [-90, 0, 0], "uv": [32, 344]},
						{"origin": [13, 10.19615, -37.5], "size": [5, 1, 3], "pivot": [15.5, 5.59808, -36], "rotation": [-90, 0, 0], "uv": [16, 352]},
						{"origin": [13, 9.84808, -38.10289], "size": [5, 1, 3], "pivot": [15.5, 5.25, -36.20096], "rotation": [-120, 0, 0], "uv": [16, 348]},
						{"origin": [13, 0.34808, -36.89711], "size": [5, 1, 3], "pivot": [15.5, 5.94615, -35.79904], "rotation": [-120, 0, 0], "uv": [16, 344]},
						{"origin": [13, 9.99519, -38.25], "size": [5, 1, 3], "pivot": [15.5, 5.39711, -36.34808], "rotation": [-150, 0, 0], "uv": [0, 352]},
						{"origin": [13, 0.20096, -36.75], "size": [5, 1, 3], "pivot": [15.5, 5.79904, -35.65192], "rotation": [-150, 0, 0], "uv": [0, 348]},
						{"origin": [-18, 10.19615, -37.5], "size": [5, 1, 3], "uv": [0, 344]},
						{"origin": [-18, 0.20096, -36.75], "size": [5, 1, 3], "pivot": [-15.5, 5.79904, -35.65192], "rotation": [-150, 0, 0], "uv": [96, 333]},
						{"origin": [-18, 0.34808, -36.89711], "size": [5, 1, 3], "pivot": [-15.5, 5.94615, -35.79904], "rotation": [-120, 0, 0], "uv": [96, 329]},
						{"origin": [-18, 0, -37.5], "size": [5, 1, 3], "pivot": [-15.5, 5.59808, -36], "rotation": [-90, 0, 0], "uv": [80, 337]},
						{"origin": [-18, 0, -37.09808], "size": [5, 1, 3], "pivot": [-15.5, 5.94615, -35.79904], "rotation": [-60, 0, 0], "uv": [80, 333]},
						{"origin": [-18, 0.05385, -37.29904], "size": [5, 1, 3], "pivot": [-15.5, 6, -36], "rotation": [-30, 0, 0], "uv": [80, 329]},
						{"origin": [-18, 0, -37.5], "size": [5, 1, 3], "uv": [64, 337]},
						{"origin": [-18, 9.99519, -38.25], "size": [5, 1, 3], "pivot": [-15.5, 5.39711, -36.34808], "rotation": [-150, 0, 0], "uv": [64, 333]},
						{"origin": [-18, 9.84808, -38.10289], "size": [5, 1, 3], "pivot": [-15.5, 5.25, -36.20096], "rotation": [-120, 0, 0], "uv": [64, 329]},
						{"origin": [-18, 10.19615, -37.5], "size": [5, 1, 3], "pivot": [-15.5, 5.59808, -36], "rotation": [-90, 0, 0], "uv": [48, 337]},
						{"origin": [-18, 10.19615, -37.90192], "size": [5, 1, 3], "pivot": [-15.5, 5.25, -36.20096], "rotation": [-60, 0, 0], "uv": [48, 333]},
						{"origin": [-18, 10.1423, -37.70096], "size": [5, 1, 3], "pivot": [-15.5, 5.19615, -36], "rotation": [-30, 0, 0], "uv": [48, 329]}
					]
				}
			]
		}
	]
}