{
	"format_version": "1.12.0",
	"minecraft:geometry": [
		{
			"description": {
				"identifier": "geometry.deer",
				"texture_width": 512,
				"texture_height": 256,
				"visible_bounds_width": 4,
				"visible_bounds_height": 3,
				"visible_bounds_offset": [
					0,
					1.5,
					0
				]
			},
			"bones": [
				{
					"name": "deer",
					"pivot": [
						0.17857,
						12.25,
						4.78571
					],
					"cubes": [
						{
							"origin": [
								-5,
								23,
								-21
							],
							"size": [
								10,
								8,
								8
							],
							"uv": [
								303,
								60
							]
						},
						{
							"origin": [
								-6,
								12,
								-13
							],
							"size": [
								12,
								13,
								26
							],
							"uv": [
								265,
								0
							]
						},
						{
							"origin": [
								-2,
								23,
								13
							],
							"size": [
								3,
								2,
								2
							],
							"uv": [
								265,
								0
							]
						},
						{
							"origin": [
								1,
								21,
								13
							],
							"size": [
								2,
								2,
								2
							],
							"uv": [
								265,
								0
							]
						},
						{
							"origin": [
								0,
								19,
								13
							],
							"size": [
								2,
								2,
								2
							],
							"uv": [
								265,
								0
							]
						},
						{
							"origin": [
								-1,
								18,
								13
							],
							"size": [
								2,
								2,
								2
							],
							"uv": [
								265,
								0
							]
						},
						{
							"origin": [
								0,
								22,
								13
							],
							"size": [
								2,
								2,
								2
							],
							"uv": [
								265,
								0
							]
						},
						{
							"origin": [
								-2,
								17,
								13
							],
							"size": [
								2,
								2,
								2
							],
							"uv": [
								265,
								0
							]
						}
					]
				},
				{
					"name": "leg0",
					"parent": "deer",
					"pivot": [
						-4,
						12,
						7
					],
					"cubes": [
						{
							"origin": [
								-6,
								0,
								5
							],
							"size": [
								4,
								12,
								4
							],
							"uv": [
								256,
								61
							]
						}
					]
				},
				{
					"name": "leg1",
					"parent": "deer",
					"pivot": [
						4,
						12,
						7
					],
					"cubes": [
						{
							"origin": [
								2,
								0,
								5
							],
							"size": [
								4,
								12,
								4
							],
							"uv": [
								256,
								61
							]
						}
					]
				},
				{
					"name": "leg2",
					"parent": "deer",
					"pivot": [
						-4,
						12,
						-7
					],
					"cubes": [
						{
							"origin": [
								-6,
								0,
								-9
							],
							"size": [
								4,
								12,
								4
							],
							"uv": [
								256,
								61
							]
						}
					]
				},
				{
					"name": "leg3",
					"parent": "deer",
					"pivot": [
						4,
						12,
						-7
					],
					"cubes": [
						{
							"origin": [
								2,
								0,
								-9
							],
							"size": [
								4,
								12,
								4
							],
							"uv": [
								256,
								61
							]
						}
					]
				},
				{
					"name": "head",
					"parent": "deer",
					"pivot": [
						0,
						35.5,
						-17
					],
					"cubes": [
						{
							"origin": [
								-5,
								31,
								-21
							],
							"size": [
								10,
								8,
								8
							],
							"uv": [
								303,
								45
							]
						},
						{
							"origin": [
								-6,
								39,
								-15
							],
							"size": [
								2,
								1,
								2
							],
							"uv": [
								304,
								45
							]
						},
						{
							"origin": [
								2,
								39,
								-15
							],
							"size": [
								2,
								1,
								2
							],
							"uv": [
								304,
								45
							]
						},
						{
							"origin": [
								-4,
								39,
								-15
							],
							"size": [
								2,
								1,
								2
							],
							"uv": [
								304,
								45
							]
						},
						{
							"origin": [
								4,
								39,
								-15
							],
							"size": [
								2,
								1,
								2
							],
							"uv": [
								304,
								45
							]
						},
						{
							"origin": [
								-8,
								40,
								-15
							],
							"size": [
								2,
								1,
								2
							],
							"uv": [
								304,
								45
							]
						},
						{
							"origin": [
								6,
								40,
								-15
							],
							"size": [
								2,
								1,
								2
							],
							"uv": [
								304,
								45
							]
						},
						{
							"origin": [
								-10,
								41,
								-15
							],
							"size": [
								2,
								1,
								2
							],
							"uv": [
								304,
								45
							]
						},
						{
							"origin": [
								8,
								41,
								-15
							],
							"size": [
								2,
								1,
								2
							],
							"uv": [
								304,
								45
							]
						},
						{
							"origin": [
								8,
								42,
								-13
							],
							"size": [
								2,
								1,
								2
							],
							"uv": [
								304,
								45
							]
						},
						{
							"origin": [
								8,
								43,
								-11
							],
							"size": [
								2,
								1,
								2
							],
							"uv": [
								304,
								45
							]
						},
						{
							"origin": [
								8,
								44,
								-9
							],
							"size": [
								2,
								1,
								2
							],
							"uv": [
								304,
								45
							]
						},
						{
							"origin": [
								8,
								45,
								-7
							],
							"size": [
								2,
								1,
								2
							],
							"uv": [
								304,
								45
							]
						},
						{
							"origin": [
								10,
								42,
								-15
							],
							"size": [
								2,
								1,
								2
							],
							"uv": [
								304,
								45
							]
						},
						{
							"origin": [
								10,
								42,
								-17
							],
							"size": [
								2,
								1,
								2
							],
							"uv": [
								304,
								45
							]
						},
						{
							"origin": [
								10,
								43,
								-19
							],
							"size": [
								2,
								1,
								2
							],
							"uv": [
								304,
								45
							]
						},
						{
							"origin": [
								10,
								44,
								-21
							],
							"size": [
								2,
								1,
								2
							],
							"uv": [
								304,
								45
							]
						},
						{
							"origin": [
								12,
								43,
								-15
							],
							"size": [
								2,
								1,
								2
							],
							"uv": [
								304,
								45
							]
						},
						{
							"origin": [
								14,
								44,
								-15
							],
							"size": [
								2,
								1,
								2
							],
							"uv": [
								304,
								45
							]
						},
						{
							"origin": [
								14,
								44,
								-13
							],
							"size": [
								2,
								1,
								2
							],
							"uv": [
								304,
								45
							]
						},
						{
							"origin": [
								14,
								45,
								-11
							],
							"size": [
								2,
								1,
								2
							],
							"uv": [
								304,
								45
							]
						},
						{
							"origin": [
								12,
								46,
								-11
							],
							"size": [
								2,
								1,
								2
							],
							"uv": [
								304,
								45
							]
						},
						{
							"origin": [
								10,
								47,
								-11
							],
							"size": [
								2,
								1,
								2
							],
							"uv": [
								304,
								45
							]
						},
						{
							"origin": [
								8,
								48,
								-11
							],
							"size": [
								2,
								1,
								2
							],
							"uv": [
								304,
								45
							]
						},
						{
							"origin": [
								16,
								46,
								-11
							],
							"size": [
								2,
								1,
								2
							],
							"uv": [
								304,
								45
							]
						},
						{
							"origin": [
								14,
								46,
								-9
							],
							"size": [
								2,
								1,
								2
							],
							"uv": [
								304,
								45
							]
						},
						{
							"origin": [
								16,
								45,
								-15
							],
							"size": [
								2,
								1,
								2
							],
							"uv": [
								304,
								45
							]
						},
						{
							"origin": [
								18,
								46,
								-15
							],
							"size": [
								2,
								1,
								2
							],
							"uv": [
								304,
								45
							]
						},
						{
							"origin": [
								20,
								47,
								-15
							],
							"size": [
								2,
								1,
								2
							],
							"uv": [
								304,
								45
							]
						},
						{
							"origin": [
								-12,
								42,
								-15
							],
							"size": [
								2,
								1,
								2
							],
							"uv": [
								304,
								45
							]
						},
						{
							"origin": [
								-12,
								42,
								-17
							],
							"size": [
								2,
								1,
								2
							],
							"uv": [
								304,
								45
							]
						},
						{
							"origin": [
								-12,
								43,
								-19
							],
							"size": [
								2,
								1,
								2
							],
							"uv": [
								304,
								45
							]
						},
						{
							"origin": [
								-12,
								44,
								-21
							],
							"size": [
								2,
								1,
								2
							],
							"uv": [
								304,
								45
							]
						},
						{
							"origin": [
								-14,
								43,
								-15
							],
							"size": [
								2,
								1,
								2
							],
							"uv": [
								304,
								45
							]
						},
						{
							"origin": [
								-16,
								44,
								-15
							],
							"size": [
								2,
								1,
								2
							],
							"uv": [
								304,
								45
							]
						},
						{
							"origin": [
								-16,
								44,
								-13
							],
							"size": [
								2,
								1,
								2
							],
							"uv": [
								304,
								45
							]
						},
						{
							"origin": [
								-16,
								45,
								-11
							],
							"size": [
								2,
								1,
								2
							],
							"uv": [
								304,
								45
							]
						},
						{
							"origin": [
								-16,
								46,
								-9
							],
							"size": [
								2,
								1,
								2
							],
							"uv": [
								304,
								45
							]
						},
						{
							"origin": [
								-18,
								46,
								-11
							],
							"size": [
								2,
								1,
								2
							],
							"uv": [
								304,
								45
							]
						},
						{
							"origin": [
								-14,
								46,
								-11
							],
							"size": [
								2,
								1,
								2
							],
							"uv": [
								304,
								45
							]
						},
						{
							"origin": [
								-12,
								47,
								-11
							],
							"size": [
								2,
								1,
								2
							],
							"uv": [
								304,
								45
							]
						},
						{
							"origin": [
								-10,
								48,
								-11
							],
							"size": [
								2,
								1,
								2
							],
							"uv": [
								304,
								45
							]
						},
						{
							"origin": [
								-18,
								45,
								-15
							],
							"size": [
								2,
								1,
								2
							],
							"uv": [
								304,
								45
							]
						},
						{
							"origin": [
								-20,
								46,
								-15
							],
							"size": [
								2,
								1,
								2
							],
							"uv": [
								304,
								45
							]
						},
						{
							"origin": [
								-22,
								47,
								-15
							],
							"size": [
								2,
								1,
								2
							],
							"uv": [
								304,
								45
							]
						},
						{
							"origin": [
								-10,
								42,
								-13
							],
							"size": [
								2,
								1,
								2
							],
							"uv": [
								304,
								45
							]
						},
						{
							"origin": [
								-10,
								43,
								-11
							],
							"size": [
								2,
								1,
								2
							],
							"uv": [
								304,
								45
							]
						},
						{
							"origin": [
								-10,
								44,
								-9
							],
							"size": [
								2,
								1,
								2
							],
							"uv": [
								304,
								45
							]
						},
						{
							"origin": [
								-10,
								45,
								-7
							],
							"size": [
								2,
								1,
								2
							],
							"uv": [
								304,
								45
							]
						},
						{
							"origin": [
								-2,
								32,
								-25
							],
							"size": [
								4,
								2,
								4
							],
							"uv": [
								265,
								0
							]
						},
						{
							"origin": [
								-2,
								31,
								-25
							],
							"size": [
								4,
								1,
								4
							],
							"uv": [
								265,
								0
							]
						}
					]
				},
				{
					"name": "body",
					"parent": "deer",
					"pivot": [
						0,
						0,
						18
					],
					"rotation": [
						-60,
						0,
						0
					],
					"cubes": [
						{
							"origin": [
								-5,
								-22,
								-22
							],
							"size": [
								10,
								8,
								14
							],
							"uv": [
								256,
								39
							]
						}
					]
				}
			]
		}
	]
}