{
	"format_version": "1.12.0",
	"minecraft:geometry": [
		{
			"description": {
				"identifier": "geometry.firetruckX_OUT",
				"texture_width": 1024,
				"texture_height": 1024,
				"visible_bounds_width": 17,
				"visible_bounds_height": 5,
				"visible_bounds_offset": [
					0,
					0,
					0
				]
			},
			"bones": [
				{
					"name": "body",
					"pivot": [
						0,
						5,
						0
					],
					"cubes": [
						{
							"origin": [
								-17,
								4,
								-29
							],
							"size": [
								34,
								5,
								99
							],
							"uv": [
								0,
								0
							]
						},
						{
							"origin": [
								-17,
								9,
								50
							],
							"size": [
								34,
								7,
								20
							],
							"uv": [
								248,
								327
							]
						},
						{
							"origin": [
								17,
								17,
								-29
							],
							"size": [
								4,
								1,
								35
							],
							"uv": [
								0,
								419
							]
						},
						{
							"origin": [
								-17,
								9,
								6
							],
							"size": [
								34,
								31,
								2
							],
							"uv": [
								260,
								419
							]
						},
						{
							"origin": [
								-21,
								4,
								-31
							],
							"size": [
								42,
								21,
								2
							],
							"uv": [
								78,
								419
							]
						},
						{
							"origin": [
								-19,
								19,
								-23
							],
							"size": [
								38,
								5,
								2
							],
							"pivot": [
								4,
								15,
								-26
							],
							"rotation": [
								45,
								0,
								0
							],
							"uv": [
								350,
								455
							]
						},
						{
							"origin": [
								-21,
								4,
								-32
							],
							"size": [
								42,
								8,
								1
							],
							"inflate": 0.25,
							"uv": [
								264,
								455
							]
						},
						{
							"origin": [
								-21,
								22,
								-31
							],
							"size": [
								2,
								18,
								2
							],
							"uv": [
								102,
								605
							]
						},
						{
							"origin": [
								-21,
								26,
								-14
							],
							"size": [
								2,
								14,
								4
							],
							"uv": [
								82,
								605
							]
						},
						{
							"origin": [
								-21,
								26,
								4
							],
							"size": [
								2,
								14,
								2
							],
							"uv": [
								118,
								605
							]
						},
						{
							"origin": [
								19,
								22,
								-31
							],
							"size": [
								2,
								18,
								2
							],
							"uv": [
								94,
								605
							]
						},
						{
							"origin": [
								19,
								26,
								-14
							],
							"size": [
								2,
								14,
								4
							],
							"uv": [
								70,
								605
							]
						},
						{
							"origin": [
								19,
								26,
								4
							],
							"size": [
								2,
								14,
								2
							],
							"uv": [
								110,
								605
							]
						},
						{
							"origin": [
								-21,
								4,
								6
							],
							"size": [
								4,
								36,
								2
							],
							"uv": [
								214,
								466
							]
						},
						{
							"origin": [
								17,
								4,
								6
							],
							"size": [
								4,
								36,
								2
							],
							"uv": [
								202,
								466
							]
						},
						{
							"origin": [
								17,
								7.36603,
								-16.63397
							],
							"size": [
								4,
								9,
								1
							],
							"pivot": [
								38,
								17.36603,
								-15.63397
							],
							"rotation": [
								-30,
								0,
								0
							],
							"uv": [
								96,
								636
							]
						},
						{
							"origin": [
								-21,
								7.36603,
								53.36603
							],
							"size": [
								42,
								9,
								2
							],
							"pivot": [
								38,
								17.36603,
								55.36603
							],
							"rotation": [
								-30,
								0,
								0
							],
							"uv": [
								88,
								455
							]
						},
						{
							"origin": [
								-21,
								7.36603,
								-16.63397
							],
							"size": [
								4,
								9,
								1
							],
							"inflate": -0.001,
							"pivot": [
								0,
								17.36603,
								-15.63397
							],
							"rotation": [
								-30,
								0,
								0
							],
							"uv": [
								66,
								636
							]
						},
						{
							"origin": [
								17,
								7.86603,
								-6.5
							],
							"size": [
								4,
								9,
								1
							],
							"pivot": [
								38,
								17.86603,
								-5.5
							],
							"rotation": [
								30,
								0,
								0
							],
							"uv": [
								86,
								636
							]
						},
						{
							"origin": [
								-21,
								7.86603,
								64.5
							],
							"size": [
								42,
								9,
								2
							],
							"pivot": [
								0,
								17.86603,
								65.5
							],
							"rotation": [
								30,
								0,
								0
							],
							"uv": [
								0,
								455
							]
						},
						{
							"origin": [
								-21,
								7.86603,
								-6.5
							],
							"size": [
								4,
								9,
								1
							],
							"inflate": -0.001,
							"pivot": [
								0,
								17.86603,
								-5.5
							],
							"rotation": [
								30,
								0,
								0
							],
							"uv": [
								76,
								636
							]
						},
						{
							"origin": [
								17,
								16,
								-17
							],
							"size": [
								4,
								1,
								12
							],
							"uv": [
								88,
								554
							]
						},
						{
							"origin": [
								17,
								16,
								54
							],
							"size": [
								4,
								1,
								12
							],
							"uv": [
								56,
								554
							]
						},
						{
							"origin": [
								-21,
								16,
								54
							],
							"size": [
								4,
								1,
								12
							],
							"uv": [
								56,
								541
							]
						},
						{
							"origin": [
								-21,
								16,
								-17
							],
							"size": [
								4,
								1,
								12
							],
							"uv": [
								88,
								541
							]
						},
						{
							"origin": [
								-17,
								9,
								-29
							],
							"size": [
								34,
								7,
								35
							],
							"uv": [
								0,
								269
							]
						},
						{
							"origin": [
								3,
								19,
								-12
							],
							"size": [
								14,
								11,
								2
							],
							"uv": [
								64,
								517
							]
						},
						{
							"origin": [
								3,
								19,
								4
							],
							"size": [
								14,
								11,
								2
							],
							"uv": [
								32,
								504
							]
						},
						{
							"origin": [
								-17,
								19,
								-12
							],
							"size": [
								14,
								11,
								2
							],
							"uv": [
								64,
								504
							]
						},
						{
							"origin": [
								-17,
								19,
								4
							],
							"size": [
								14,
								11,
								2
							],
							"uv": [
								32,
								517
							]
						},
						{
							"origin": [
								-17,
								16,
								-20
							],
							"size": [
								14,
								3,
								10
							],
							"uv": [
								154,
								479
							]
						},
						{
							"origin": [
								-17,
								16,
								-4
							],
							"size": [
								34,
								3,
								10
							],
							"uv": [
								332,
								419
							]
						},
						{
							"origin": [
								3,
								16,
								-20
							],
							"size": [
								14,
								3,
								10
							],
							"uv": [
								154,
								466
							]
						},
						{
							"origin": [
								-4,
								16,
								-29
							],
							"size": [
								8,
								4,
								19
							],
							"uv": [
								0,
								466
							]
						},
						{
							"origin": [
								-21,
								40,
								-33
							],
							"size": [
								42,
								1,
								41
							],
							"uv": [
								312,
								188
							]
						},
						{
							"origin": [
								-21,
								41,
								-22
							],
							"size": [
								42,
								1,
								30
							],
							"uv": [
								258,
								269
							]
						},
						{
							"origin": [
								13,
								42,
								-22
							],
							"size": [
								1,
								2,
								11
							],
							"uv": [
								58,
								591
							]
						},
						{
							"origin": [
								-14,
								42,
								-22
							],
							"size": [
								1,
								2,
								11
							],
							"uv": [
								58,
								578
							]
						},
						{
							"origin": [
								-7,
								42,
								-22
							],
							"size": [
								15,
								2,
								11
							],
							"uv": [
								102,
								489
							]
						},
						{
							"origin": [
								-18,
								44,
								-22
							],
							"size": [
								36,
								3,
								11
							],
							"uv": [
								166,
								419
							]
						},
						{
							"origin": [
								-21,
								41.7886,
								-33.03443
							],
							"size": [
								42,
								1,
								11
							],
							"inflate": -0.001,
							"pivot": [
								0,
								42.2886,
								-12.53443
							],
							"rotation": [
								5,
								0,
								0
							],
							"uv": [
								80,
								376
							]
						},
						{
							"origin": [
								-21,
								39.68449,
								-37.75498
							],
							"size": [
								2,
								1,
								5
							],
							"pivot": [
								0,
								38.0363,
								-36.49067
							],
							"rotation": [
								5,
								0,
								0
							],
							"uv": [
								52,
								636
							]
						},
						{
							"origin": [
								-1,
								39.16813,
								-29
							],
							"size": [
								2,
								1,
								5
							],
							"pivot": [
								-40,
								40.66813,
								-28.10347
							],
							"rotation": [
								-37.5,
								0,
								0
							],
							"uv": [
								0,
								636
							]
						},
						{
							"origin": [
								-4,
								35.3941,
								-25.97355
							],
							"size": [
								8,
								4,
								1
							],
							"pivot": [
								0,
								37.3941,
								-24.97355
							],
							"rotation": [
								-25,
								0,
								0
							],
							"uv": [
								272,
								625
							]
						},
						{
							"origin": [
								19,
								39.68449,
								-37.75498
							],
							"size": [
								2,
								1,
								5
							],
							"pivot": [
								0,
								38.0363,
								-36.49067
							],
							"rotation": [
								5,
								0,
								0
							],
							"uv": [
								38,
								636
							]
						},
						{
							"origin": [
								-22,
								29.7886,
								-38.03443
							],
							"size": [
								4,
								10,
								1
							],
							"uv": [
								300,
								625
							]
						},
						{
							"origin": [
								18,
								29.7886,
								-38.03443
							],
							"size": [
								4,
								10,
								1
							],
							"uv": [
								290,
								625
							]
						},
						{
							"origin": [
								-21,
								17,
								49
							],
							"size": [
								2,
								1,
								22
							],
							"uv": [
								102,
								466
							]
						},
						{
							"origin": [
								19,
								17,
								49
							],
							"size": [
								2,
								1,
								22
							],
							"uv": [
								54,
								466
							]
						},
						{
							"origin": [
								-21,
								43,
								13
							],
							"size": [
								2,
								1,
								80
							],
							"uv": [
								0,
								188
							]
						},
						{
							"origin": [
								-21,
								44,
								13
							],
							"size": [
								2,
								4,
								80
							],
							"uv": [
								0,
								104
							]
						},
						{
							"origin": [
								-22,
								45,
								84
							],
							"size": [
								2,
								2,
								7
							],
							"uv": [
								0,
								104
							]
						},
						{
							"origin": [
								20,
								45,
								84
							],
							"size": [
								2,
								2,
								7
							],
							"uv": [
								0,
								104
							]
						},
						{
							"origin": [
								-22,
								45,
								15
							],
							"size": [
								2,
								2,
								7
							],
							"uv": [
								0,
								104
							]
						},
						{
							"origin": [
								20,
								45,
								15
							],
							"size": [
								2,
								2,
								7
							],
							"uv": [
								0,
								104
							]
						},
						{
							"origin": [
								19,
								44,
								13
							],
							"size": [
								2,
								4,
								80
							],
							"uv": [
								266,
								0
							]
						},
						{
							"origin": [
								19,
								43,
								13
							],
							"size": [
								2,
								1,
								80
							],
							"uv": [
								164,
								104
							]
						},
						{
							"origin": [
								-21,
								18,
								49
							],
							"size": [
								2,
								25,
								2
							],
							"uv": [
								132,
								578
							]
						},
						{
							"origin": [
								19,
								18,
								49
							],
							"size": [
								2,
								25,
								2
							],
							"uv": [
								108,
								578
							]
						},
						{
							"origin": [
								-21,
								8,
								13
							],
							"size": [
								2,
								35,
								2
							],
							"uv": [
								48,
								541
							]
						},
						{
							"origin": [
								19,
								8,
								13
							],
							"size": [
								2,
								35,
								2
							],
							"uv": [
								128,
								504
							]
						},
						{
							"origin": [
								-21,
								8,
								30
							],
							"size": [
								2,
								35,
								2
							],
							"uv": [
								32,
								541
							]
						},
						{
							"origin": [
								19,
								8,
								30
							],
							"size": [
								2,
								35,
								2
							],
							"uv": [
								136,
								504
							]
						},
						{
							"origin": [
								-21,
								8,
								47
							],
							"size": [
								2,
								35,
								2
							],
							"uv": [
								40,
								541
							]
						},
						{
							"origin": [
								19,
								8,
								47
							],
							"size": [
								2,
								35,
								2
							],
							"uv": [
								144,
								504
							]
						},
						{
							"origin": [
								19,
								10,
								49
							],
							"size": [
								2,
								7,
								2
							],
							"uv": [
								238,
								636
							]
						},
						{
							"origin": [
								-21,
								10,
								49
							],
							"size": [
								2,
								7,
								2
							],
							"uv": [
								214,
								636
							]
						},
						{
							"origin": [
								19,
								10,
								69
							],
							"size": [
								2,
								7,
								2
							],
							"uv": [
								230,
								636
							]
						},
						{
							"origin": [
								-21,
								10,
								69
							],
							"size": [
								2,
								7,
								2
							],
							"uv": [
								222,
								636
							]
						},
						{
							"origin": [
								19,
								14,
								51
							],
							"size": [
								2,
								3,
								2
							],
							"uv": [
								16,
								646
							]
						},
						{
							"origin": [
								-21,
								14,
								51
							],
							"size": [
								2,
								3,
								2
							],
							"uv": [
								266,
								636
							]
						},
						{
							"origin": [
								19,
								14,
								67
							],
							"size": [
								2,
								3,
								2
							],
							"uv": [
								8,
								646
							]
						},
						{
							"origin": [
								-21,
								14,
								67
							],
							"size": [
								2,
								3,
								2
							],
							"uv": [
								0,
								646
							]
						},
						{
							"origin": [
								-21,
								8,
								91
							],
							"size": [
								2,
								35,
								2
							],
							"uv": [
								24,
								541
							]
						},
						{
							"origin": [
								19,
								8,
								91
							],
							"size": [
								2,
								35,
								2
							],
							"uv": [
								8,
								541
							]
						},
						{
							"origin": [
								-21,
								8,
								71
							],
							"size": [
								2,
								35,
								2
							],
							"uv": [
								16,
								541
							]
						},
						{
							"origin": [
								19,
								8,
								71
							],
							"size": [
								2,
								35,
								2
							],
							"uv": [
								0,
								541
							]
						},
						{
							"origin": [
								-21,
								18,
								69
							],
							"size": [
								2,
								25,
								2
							],
							"uv": [
								124,
								578
							]
						},
						{
							"origin": [
								19,
								18,
								69
							],
							"size": [
								2,
								25,
								2
							],
							"uv": [
								116,
								578
							]
						},
						{
							"origin": [
								-19,
								17,
								49
							],
							"size": [
								38,
								27,
								22
							],
							"uv": [
								0,
								327
							]
						},
						{
							"origin": [
								-19,
								8,
								13
							],
							"size": [
								38,
								36,
								36
							],
							"uv": [
								164,
								188
							]
						},
						{
							"origin": [
								-19,
								8,
								71
							],
							"size": [
								38,
								36,
								22
							],
							"uv": [
								138,
								269
							]
						},
						{
							"origin": [
								-7,
								10,
								93
							],
							"size": [
								26,
								1,
								2
							],
							"uv": [
								0,
								651
							]
						},
						{
							"origin": [
								-7,
								40,
								93
							],
							"size": [
								26,
								1,
								2
							],
							"uv": [
								0,
								651
							]
						},
						{
							"origin": [
								17,
								11,
								93
							],
							"size": [
								2,
								29,
								2
							],
							"uv": [
								0,
								655
							]
						},
						{
							"origin": [
								-9,
								10,
								93
							],
							"size": [
								1,
								35,
								2
							],
							"uv": [
								8,
								655
							]
						},
						{
							"origin": [
								-18,
								10,
								93
							],
							"size": [
								1,
								35,
								2
							],
							"uv": [
								8,
								655
							]
						},
						{
							"origin": [
								-17,
								40,
								93
							],
							"size": [
								8,
								2,
								1
							],
							"uv": [
								14,
								655
							]
						},
						{
							"origin": [
								-17,
								32,
								93
							],
							"size": [
								8,
								2,
								1
							],
							"uv": [
								14,
								655
							]
						},
						{
							"origin": [
								-17,
								24,
								93
							],
							"size": [
								8,
								2,
								1
							],
							"uv": [
								14,
								655
							]
						},
						{
							"origin": [
								-17,
								16,
								93
							],
							"size": [
								8,
								2,
								1
							],
							"uv": [
								14,
								655
							]
						},
						{
							"origin": [
								-17,
								36,
								93
							],
							"size": [
								8,
								2,
								1
							],
							"uv": [
								14,
								655
							]
						},
						{
							"origin": [
								-17,
								28,
								93
							],
							"size": [
								8,
								2,
								1
							],
							"uv": [
								14,
								655
							]
						},
						{
							"origin": [
								-17,
								20,
								93
							],
							"size": [
								8,
								2,
								1
							],
							"uv": [
								14,
								655
							]
						},
						{
							"origin": [
								-17,
								12,
								93
							],
							"size": [
								8,
								2,
								1
							],
							"uv": [
								14,
								655
							]
						},
						{
							"origin": [
								-7,
								11,
								93
							],
							"size": [
								2,
								29,
								2
							],
							"uv": [
								0,
								655
							]
						},
						{
							"origin": [
								-21,
								4,
								13
							],
							"size": [
								4,
								4,
								36
							],
							"uv": [
								0,
								376
							]
						},
						{
							"origin": [
								17,
								4,
								13
							],
							"size": [
								4,
								4,
								36
							],
							"uv": [
								356,
								327
							]
						},
						{
							"origin": [
								-21,
								4,
								71
							],
							"size": [
								42,
								4,
								22
							],
							"uv": [
								120,
								327
							]
						},
						{
							"origin": [
								-21,
								4,
								69.63397
							],
							"size": [
								42,
								6,
								2
							],
							"uv": [
								176,
								455
							]
						},
						{
							"origin": [
								-21,
								4,
								48.63397
							],
							"size": [
								4,
								6,
								2
							],
							"uv": [
								26,
								636
							]
						},
						{
							"origin": [
								17,
								4,
								48.63397
							],
							"size": [
								4,
								6,
								2
							],
							"uv": [
								14,
								636
							]
						},
						{
							"origin": [
								-21,
								17,
								-29
							],
							"size": [
								4,
								1,
								35
							],
							"uv": [
								334,
								376
							]
						},
						{
							"origin": [
								-21,
								16,
								-5
							],
							"size": [
								4,
								1,
								11
							],
							"uv": [
								0,
								590
							]
						},
						{
							"origin": [
								17,
								16,
								-5
							],
							"size": [
								4,
								1,
								11
							],
							"uv": [
								0,
								578
							]
						},
						{
							"origin": [
								-21,
								16,
								-29
							],
							"size": [
								4,
								1,
								12
							],
							"uv": [
								96,
								517
							]
						},
						{
							"origin": [
								-21,
								11,
								-29
							],
							"size": [
								4,
								1,
								9
							],
							"inflate": -0.001,
							"uv": [
								82,
								588
							]
						},
						{
							"origin": [
								17,
								11,
								-29
							],
							"size": [
								4,
								1,
								9
							],
							"inflate": -0.001,
							"uv": [
								82,
								578
							]
						},
						{
							"origin": [
								-21,
								11,
								-2
							],
							"size": [
								4,
								1,
								8
							],
							"inflate": -0.001,
							"uv": [
								0,
								614
							]
						},
						{
							"origin": [
								17,
								11,
								-2
							],
							"size": [
								4,
								1,
								8
							],
							"inflate": -0.001,
							"uv": [
								0,
								605
							]
						},
						{
							"origin": [
								-21,
								7,
								-29
							],
							"size": [
								4,
								1,
								8
							],
							"inflate": -0.001,
							"uv": [
								24,
								605
							]
						},
						{
							"origin": [
								17,
								7,
								-29
							],
							"size": [
								4,
								1,
								8
							],
							"inflate": -0.001,
							"uv": [
								140,
								578
							]
						},
						{
							"origin": [
								-21,
								7,
								-1
							],
							"size": [
								4,
								1,
								7
							],
							"inflate": -0.001,
							"uv": [
								48,
								605
							]
						},
						{
							"origin": [
								17,
								7,
								-1
							],
							"size": [
								4,
								1,
								7
							],
							"inflate": -0.001,
							"uv": [
								24,
								614
							]
						},
						{
							"origin": [
								-21,
								3,
								-32
							],
							"size": [
								4,
								1,
								12
							],
							"uv": [
								0,
								517
							]
						},
						{
							"origin": [
								17,
								3,
								-32
							],
							"size": [
								4,
								1,
								12
							],
							"uv": [
								0,
								504
							]
						},
						{
							"origin": [
								-21,
								3,
								-2
							],
							"size": [
								4,
								1,
								10
							],
							"uv": [
								30,
								589
							]
						},
						{
							"origin": [
								17,
								3,
								-2
							],
							"size": [
								4,
								1,
								10
							],
							"uv": [
								30,
								578
							]
						},
						{
							"origin": [
								-21,
								3.20577,
								-1.5
							],
							"size": [
								4,
								6,
								1
							],
							"uv": [
								204,
								636
							]
						},
						{
							"origin": [
								17,
								3.20577,
								-1.5
							],
							"size": [
								4,
								6,
								1
							],
							"uv": [
								184,
								636
							]
						},
						{
							"origin": [
								-21,
								3.20577,
								-21.5
							],
							"size": [
								4,
								6,
								1
							],
							"uv": [
								194,
								636
							]
						},
						{
							"origin": [
								17,
								3.20577,
								-21.5
							],
							"size": [
								4,
								6,
								1
							],
							"uv": [
								174,
								636
							]
						},
						{
							"origin": [
								17,
								16,
								-29
							],
							"size": [
								4,
								1,
								12
							],
							"uv": [
								96,
								504
							]
						},
						{
							"origin": [
								-21,
								18,
								-29
							],
							"size": [
								2,
								8,
								35
							],
							"uv": [
								260,
								376
							]
						},
						{
							"origin": [
								19,
								18,
								-29
							],
							"size": [
								2,
								8,
								35
							],
							"uv": [
								186,
								376
							]
						}
					]
				},
				{
					"name": "steer",
					"parent": "body",
					"pivot": [
						9.5,
						24.5,
						-24.86603
					],
					"rotation": [
						-40,
						0,
						0
					],
					"cubes": [
						{
							"origin": [
								7.5,
								24,
								-25.36603
							],
							"size": [
								4,
								1,
								1
							],
							"uv": [
								40,
								646
							]
						},
						{
							"origin": [
								8.5,
								21,
								-25.36603
							],
							"size": [
								2,
								3,
								1
							],
							"uv": [
								50,
								646
							]
						},
						{
							"origin": [
								7.38397,
								24,
								-23.43301
							],
							"size": [
								1,
								1,
								1
							],
							"pivot": [
								7.38397,
								24.5,
								-22.93301
							],
							"rotation": [
								0,
								-30,
								0
							],
							"uv": [
								76,
								648
							]
						},
						{
							"origin": [
								7.06699,
								24,
								-24.11603
							],
							"size": [
								1,
								1,
								1
							],
							"pivot": [
								7.06699,
								24.5,
								-23.61603
							],
							"rotation": [
								0,
								-60,
								0
							],
							"uv": [
								68,
								646
							]
						},
						{
							"origin": [
								11.25,
								24,
								-26.79904
							],
							"size": [
								1,
								1,
								1
							],
							"pivot": [
								11.25,
								24.5,
								-26.29904
							],
							"rotation": [
								0,
								30,
								0
							],
							"uv": [
								72,
								648
							]
						},
						{
							"origin": [
								10.93301,
								24,
								-27.11603
							],
							"size": [
								1,
								1,
								1
							],
							"pivot": [
								10.93301,
								24.5,
								-26.61603
							],
							"rotation": [
								0,
								60,
								0
							],
							"uv": [
								64,
								646
							]
						},
						{
							"origin": [
								6.75,
								24,
								-26.79904
							],
							"size": [
								1,
								1,
								1
							],
							"pivot": [
								7.75,
								24.5,
								-26.29904
							],
							"rotation": [
								0,
								-30,
								0
							],
							"uv": [
								76,
								646
							]
						},
						{
							"origin": [
								7.06699,
								24,
								-27.11603
							],
							"size": [
								1,
								1,
								1
							],
							"pivot": [
								8.06699,
								24.5,
								-26.61603
							],
							"rotation": [
								0,
								-60,
								0
							],
							"uv": [
								64,
								648
							]
						},
						{
							"origin": [
								10.61603,
								24,
								-23.43301
							],
							"size": [
								1,
								1,
								1
							],
							"pivot": [
								11.61603,
								24.5,
								-22.93301
							],
							"rotation": [
								0,
								30,
								0
							],
							"uv": [
								72,
								646
							]
						},
						{
							"origin": [
								10.93301,
								24,
								-24.11603
							],
							"size": [
								1,
								1,
								1
							],
							"pivot": [
								11.93301,
								24.5,
								-23.61603
							],
							"rotation": [
								0,
								60,
								0
							],
							"uv": [
								68,
								648
							]
						},
						{
							"origin": [
								8,
								24,
								-23
							],
							"size": [
								3,
								1,
								1
							],
							"uv": [
								56,
								648
							]
						},
						{
							"origin": [
								8,
								24,
								-27.73205
							],
							"size": [
								3,
								1,
								1
							],
							"uv": [
								56,
								646
							]
						},
						{
							"origin": [
								6.63397,
								24,
								-26.36603
							],
							"size": [
								1,
								1,
								3
							],
							"uv": [
								24,
								646
							]
						},
						{
							"origin": [
								11.36603,
								24,
								-26.36603
							],
							"size": [
								1,
								1,
								3
							],
							"uv": [
								32,
								646
							]
						}
					]
				},
				{
					"name": "leg0",
					"pivot": [
						-19,
						7.4641,
						-11
					],
					"cubes": [
						{
							"origin": [
								-21,
								6,
								-7
							],
							"size": [
								4,
								4,
								4
							],
							"uv": [
								256,
								625
							]
						},
						{
							"origin": [
								17,
								6,
								-7
							],
							"size": [
								4,
								4,
								4
							],
							"uv": [
								256,
								625
							]
						},
						{
							"origin": [
								-21,
								8,
								-8
							],
							"size": [
								4,
								4,
								4
							],
							"uv": [
								256,
								625
							]
						},
						{
							"origin": [
								17,
								8,
								-8
							],
							"size": [
								4,
								4,
								4
							],
							"uv": [
								256,
								625
							]
						},
						{
							"origin": [
								-21,
								10,
								-9
							],
							"size": [
								4,
								4,
								4
							],
							"uv": [
								256,
								625
							]
						},
						{
							"origin": [
								17,
								10,
								-9
							],
							"size": [
								4,
								4,
								4
							],
							"uv": [
								256,
								625
							]
						},
						{
							"origin": [
								-21,
								11,
								-11
							],
							"size": [
								4,
								4,
								4
							],
							"uv": [
								256,
								625
							]
						},
						{
							"origin": [
								17,
								11,
								-11
							],
							"size": [
								4,
								4,
								4
							],
							"uv": [
								256,
								625
							]
						},
						{
							"origin": [
								-21,
								11,
								-15
							],
							"size": [
								4,
								4,
								4
							],
							"uv": [
								256,
								625
							]
						},
						{
							"origin": [
								17,
								11,
								-15
							],
							"size": [
								4,
								4,
								4
							],
							"uv": [
								256,
								625
							]
						},
						{
							"origin": [
								-21,
								10,
								-17
							],
							"size": [
								4,
								4,
								4
							],
							"uv": [
								256,
								625
							]
						},
						{
							"origin": [
								17,
								10,
								-17
							],
							"size": [
								4,
								4,
								4
							],
							"uv": [
								256,
								625
							]
						},
						{
							"origin": [
								-21,
								8,
								-18
							],
							"size": [
								4,
								4,
								4
							],
							"uv": [
								256,
								625
							]
						},
						{
							"origin": [
								17,
								8,
								-18
							],
							"size": [
								4,
								4,
								4
							],
							"uv": [
								256,
								625
							]
						},
						{
							"origin": [
								-21,
								6,
								-19
							],
							"size": [
								4,
								4,
								4
							],
							"uv": [
								256,
								625
							]
						},
						{
							"origin": [
								17,
								6,
								-19
							],
							"size": [
								4,
								4,
								4
							],
							"uv": [
								256,
								625
							]
						},
						{
							"origin": [
								-21,
								4,
								-18
							],
							"size": [
								4,
								4,
								4
							],
							"uv": [
								256,
								625
							]
						},
						{
							"origin": [
								17,
								4,
								-18
							],
							"size": [
								4,
								4,
								4
							],
							"uv": [
								256,
								625
							]
						},
						{
							"origin": [
								-21,
								2,
								-17
							],
							"size": [
								4,
								4,
								4
							],
							"uv": [
								256,
								625
							]
						},
						{
							"origin": [
								17,
								2,
								-17
							],
							"size": [
								4,
								4,
								4
							],
							"uv": [
								256,
								625
							]
						},
						{
							"origin": [
								-21,
								1,
								-15
							],
							"size": [
								4,
								4,
								4
							],
							"uv": [
								256,
								625
							]
						},
						{
							"origin": [
								17,
								1,
								-15
							],
							"size": [
								4,
								4,
								4
							],
							"uv": [
								256,
								625
							]
						},
						{
							"origin": [
								-21,
								1,
								-11
							],
							"size": [
								4,
								4,
								4
							],
							"uv": [
								256,
								625
							]
						},
						{
							"origin": [
								17,
								1,
								-11
							],
							"size": [
								4,
								4,
								4
							],
							"uv": [
								256,
								625
							]
						},
						{
							"origin": [
								-21,
								2,
								-9
							],
							"size": [
								4,
								4,
								4
							],
							"uv": [
								256,
								625
							]
						},
						{
							"origin": [
								17,
								2,
								-9
							],
							"size": [
								4,
								4,
								4
							],
							"uv": [
								256,
								625
							]
						},
						{
							"origin": [
								-21,
								2,
								-9
							],
							"size": [
								4,
								4,
								4
							],
							"uv": [
								256,
								625
							]
						},
						{
							"origin": [
								17,
								2,
								-9
							],
							"size": [
								4,
								4,
								4
							],
							"uv": [
								256,
								625
							]
						},
						{
							"origin": [
								-21,
								4,
								-8
							],
							"size": [
								4,
								4,
								4
							],
							"uv": [
								256,
								625
							]
						},
						{
							"origin": [
								17,
								4,
								-8
							],
							"size": [
								4,
								4,
								4
							],
							"uv": [
								256,
								625
							]
						},
						{
							"origin": [
								-21,
								0,
								-13
							],
							"size": [
								4,
								4,
								4
							],
							"uv": [
								256,
								625
							]
						},
						{
							"origin": [
								17,
								0,
								-13
							],
							"size": [
								4,
								4,
								4
							],
							"uv": [
								256,
								625
							]
						},
						{
							"origin": [
								-21,
								12,
								-13
							],
							"size": [
								4,
								4,
								4
							],
							"uv": [
								256,
								625
							]
						},
						{
							"origin": [
								17,
								12,
								-13
							],
							"size": [
								4,
								4,
								4
							],
							"uv": [
								256,
								625
							]
						}
					]
				},
				{
					"name": "leg0core",
					"parent": "leg0",
					"pivot": [
						-20,
						10.4641,
						-11
					],
					"cubes": [
						{
							"origin": [
								-20,
								6,
								-15.4641
							],
							"size": [
								2,
								4,
								3
							],
							"uv": [
								246,
								636
							]
						},
						{
							"origin": [
								17,
								6,
								-15.4641
							],
							"size": [
								2,
								4,
								3
							],
							"uv": [
								246,
								636
							]
						},
						{
							"origin": [
								-19,
								6,
								-15.4641
							],
							"size": [
								2,
								4,
								3
							],
							"uv": [
								246,
								636
							]
						},
						{
							"origin": [
								18,
								6,
								-15.4641
							],
							"size": [
								2,
								4,
								3
							],
							"uv": [
								246,
								636
							]
						},
						{
							"origin": [
								-20,
								9,
								-13
							],
							"size": [
								2,
								3,
								4
							],
							"uv": [
								130,
								636
							]
						},
						{
							"origin": [
								17,
								9,
								-13
							],
							"size": [
								2,
								3,
								4
							],
							"uv": [
								130,
								636
							]
						},
						{
							"origin": [
								-19,
								8.9282,
								-13
							],
							"size": [
								2,
								3,
								4
							],
							"uv": [
								106,
								636
							]
						},
						{
							"origin": [
								18,
								8.9282,
								-13
							],
							"size": [
								2,
								3,
								4
							],
							"uv": [
								106,
								636
							]
						},
						{
							"origin": [
								-20,
								6,
								-9.5359
							],
							"size": [
								2,
								4,
								3
							],
							"uv": [
								256,
								636
							]
						},
						{
							"origin": [
								17,
								6,
								-9.5359
							],
							"size": [
								2,
								4,
								3
							],
							"uv": [
								256,
								636
							]
						},
						{
							"origin": [
								-19,
								6,
								-9.5359
							],
							"size": [
								2,
								4,
								3
							],
							"uv": [
								256,
								636
							]
						},
						{
							"origin": [
								18,
								6,
								-9.5359
							],
							"size": [
								2,
								4,
								3
							],
							"uv": [
								256,
								636
							]
						},
						{
							"origin": [
								-20,
								4,
								-13
							],
							"size": [
								2,
								3,
								4
							],
							"uv": [
								142,
								636
							]
						},
						{
							"origin": [
								17,
								4,
								-13
							],
							"size": [
								2,
								3,
								4
							],
							"uv": [
								142,
								636
							]
						},
						{
							"origin": [
								-19,
								4,
								-13
							],
							"size": [
								2,
								3,
								4
							],
							"uv": [
								118,
								636
							]
						},
						{
							"origin": [
								18,
								4,
								-13
							],
							"size": [
								2,
								3,
								4
							],
							"uv": [
								118,
								636
							]
						}
					]
				},
				{
					"name": "leg1",
					"pivot": [
						-19,
						7.4641,
						60
					],
					"cubes": [
						{
							"origin": [
								-21,
								6,
								64
							],
							"size": [
								4,
								4,
								4
							],
							"uv": [
								256,
								625
							]
						},
						{
							"origin": [
								17,
								6,
								64
							],
							"size": [
								4,
								4,
								4
							],
							"uv": [
								256,
								625
							]
						},
						{
							"origin": [
								-21,
								8,
								63
							],
							"size": [
								4,
								4,
								4
							],
							"uv": [
								256,
								625
							]
						},
						{
							"origin": [
								17,
								8,
								63
							],
							"size": [
								4,
								4,
								4
							],
							"uv": [
								256,
								625
							]
						},
						{
							"origin": [
								-21,
								10,
								62
							],
							"size": [
								4,
								4,
								4
							],
							"uv": [
								256,
								625
							]
						},
						{
							"origin": [
								17,
								10,
								62
							],
							"size": [
								4,
								4,
								4
							],
							"uv": [
								256,
								625
							]
						},
						{
							"origin": [
								-21,
								11,
								60
							],
							"size": [
								4,
								4,
								4
							],
							"uv": [
								256,
								625
							]
						},
						{
							"origin": [
								17,
								11,
								60
							],
							"size": [
								4,
								4,
								4
							],
							"uv": [
								256,
								625
							]
						},
						{
							"origin": [
								-21,
								11,
								56
							],
							"size": [
								4,
								4,
								4
							],
							"uv": [
								256,
								625
							]
						},
						{
							"origin": [
								17,
								11,
								56
							],
							"size": [
								4,
								4,
								4
							],
							"uv": [
								256,
								625
							]
						},
						{
							"origin": [
								-21,
								10,
								54
							],
							"size": [
								4,
								4,
								4
							],
							"uv": [
								256,
								625
							]
						},
						{
							"origin": [
								17,
								10,
								54
							],
							"size": [
								4,
								4,
								4
							],
							"uv": [
								256,
								625
							]
						},
						{
							"origin": [
								-21,
								8,
								53
							],
							"size": [
								4,
								4,
								4
							],
							"uv": [
								256,
								625
							]
						},
						{
							"origin": [
								17,
								8,
								53
							],
							"size": [
								4,
								4,
								4
							],
							"uv": [
								256,
								625
							]
						},
						{
							"origin": [
								-21,
								6,
								52
							],
							"size": [
								4,
								4,
								4
							],
							"uv": [
								256,
								625
							]
						},
						{
							"origin": [
								17,
								6,
								52
							],
							"size": [
								4,
								4,
								4
							],
							"uv": [
								256,
								625
							]
						},
						{
							"origin": [
								-21,
								4,
								53
							],
							"size": [
								4,
								4,
								4
							],
							"uv": [
								256,
								625
							]
						},
						{
							"origin": [
								17,
								4,
								53
							],
							"size": [
								4,
								4,
								4
							],
							"uv": [
								256,
								625
							]
						},
						{
							"origin": [
								-21,
								2,
								54
							],
							"size": [
								4,
								4,
								4
							],
							"uv": [
								256,
								625
							]
						},
						{
							"origin": [
								17,
								2,
								54
							],
							"size": [
								4,
								4,
								4
							],
							"uv": [
								256,
								625
							]
						},
						{
							"origin": [
								-21,
								1,
								56
							],
							"size": [
								4,
								4,
								4
							],
							"uv": [
								256,
								625
							]
						},
						{
							"origin": [
								17,
								1,
								56
							],
							"size": [
								4,
								4,
								4
							],
							"uv": [
								256,
								625
							]
						},
						{
							"origin": [
								-21,
								1,
								60
							],
							"size": [
								4,
								4,
								4
							],
							"uv": [
								256,
								625
							]
						},
						{
							"origin": [
								17,
								1,
								60
							],
							"size": [
								4,
								4,
								4
							],
							"uv": [
								256,
								625
							]
						},
						{
							"origin": [
								-21,
								2,
								62
							],
							"size": [
								4,
								4,
								4
							],
							"uv": [
								256,
								625
							]
						},
						{
							"origin": [
								17,
								2,
								62
							],
							"size": [
								4,
								4,
								4
							],
							"uv": [
								256,
								625
							]
						},
						{
							"origin": [
								-21,
								2,
								62
							],
							"size": [
								4,
								4,
								4
							],
							"uv": [
								256,
								625
							]
						},
						{
							"origin": [
								17,
								2,
								62
							],
							"size": [
								4,
								4,
								4
							],
							"uv": [
								256,
								625
							]
						},
						{
							"origin": [
								-21,
								4,
								63
							],
							"size": [
								4,
								4,
								4
							],
							"uv": [
								256,
								625
							]
						},
						{
							"origin": [
								17,
								4,
								63
							],
							"size": [
								4,
								4,
								4
							],
							"uv": [
								256,
								625
							]
						},
						{
							"origin": [
								-21,
								0,
								58
							],
							"size": [
								4,
								4,
								4
							],
							"uv": [
								256,
								625
							]
						},
						{
							"origin": [
								17,
								0,
								58
							],
							"size": [
								4,
								4,
								4
							],
							"uv": [
								256,
								625
							]
						},
						{
							"origin": [
								-21,
								12,
								58
							],
							"size": [
								4,
								4,
								4
							],
							"uv": [
								256,
								625
							]
						},
						{
							"origin": [
								17,
								12,
								58
							],
							"size": [
								4,
								4,
								4
							],
							"uv": [
								256,
								625
							]
						}
					]
				},
				{
					"name": "leg0core2",
					"parent": "leg1",
					"pivot": [
						-20,
						10.4641,
						60
					],
					"cubes": [
						{
							"origin": [
								-20,
								6,
								55.5359
							],
							"size": [
								2,
								4,
								3
							],
							"uv": [
								246,
								636
							]
						},
						{
							"origin": [
								17,
								6,
								55.5359
							],
							"size": [
								2,
								4,
								3
							],
							"uv": [
								246,
								636
							]
						},
						{
							"origin": [
								-19,
								6,
								55.5359
							],
							"size": [
								2,
								4,
								3
							],
							"uv": [
								246,
								636
							]
						},
						{
							"origin": [
								18,
								6,
								55.5359
							],
							"size": [
								2,
								4,
								3
							],
							"uv": [
								246,
								636
							]
						},
						{
							"origin": [
								-20,
								9,
								58
							],
							"size": [
								2,
								3,
								4
							],
							"uv": [
								130,
								636
							]
						},
						{
							"origin": [
								17,
								9,
								58
							],
							"size": [
								2,
								3,
								4
							],
							"uv": [
								130,
								636
							]
						},
						{
							"origin": [
								-19,
								8.9282,
								58
							],
							"size": [
								2,
								3,
								4
							],
							"uv": [
								106,
								636
							]
						},
						{
							"origin": [
								18,
								8.9282,
								58
							],
							"size": [
								2,
								3,
								4
							],
							"uv": [
								106,
								636
							]
						},
						{
							"origin": [
								-20,
								6,
								61.4641
							],
							"size": [
								2,
								4,
								3
							],
							"uv": [
								256,
								636
							]
						},
						{
							"origin": [
								17,
								6,
								61.4641
							],
							"size": [
								2,
								4,
								3
							],
							"uv": [
								256,
								636
							]
						},
						{
							"origin": [
								-19,
								6,
								61.4641
							],
							"size": [
								2,
								4,
								3
							],
							"uv": [
								256,
								636
							]
						},
						{
							"origin": [
								18,
								6,
								61.4641
							],
							"size": [
								2,
								4,
								3
							],
							"uv": [
								256,
								636
							]
						},
						{
							"origin": [
								-20,
								4,
								58
							],
							"size": [
								2,
								3,
								4
							],
							"uv": [
								142,
								636
							]
						},
						{
							"origin": [
								17,
								4,
								58
							],
							"size": [
								2,
								3,
								4
							],
							"uv": [
								142,
								636
							]
						},
						{
							"origin": [
								-19,
								4,
								58
							],
							"size": [
								2,
								3,
								4
							],
							"uv": [
								118,
								636
							]
						},
						{
							"origin": [
								18,
								4,
								58
							],
							"size": [
								2,
								3,
								4
							],
							"uv": [
								118,
								636
							]
						}
					]
				}
			]
		}
	]
}