{
	"format_version": "1.12.0",
	"minecraft:geometry": [
		{
			"description": {
				"identifier": "geometry.helicopter",
				"texture_width": 512,
				"texture_height": 512,
				"visible_bounds_width": 38,
				"visible_bounds_height": 5,
				"visible_bounds_offset": [
					0,
					1.5,
					0
				]
			},
			"bones": [
				{
					"name": "body",
					"pivot": [
						0,
						4,
						0
					],
					"cubes": [
						{
							"origin": [
								-18,
								8,
								-21
							],
							"size": [
								36,
								2,
								39
							],
							"uv": [
								126,
								66
							]
						},
						{
							"origin": [
								6.5,
								8,
								-20
							],
							"size": [
								3,
								10,
								2
							],
							"pivot": [
								8,
								10.5,
								-17
							],
							"rotation": [
								-20,
								0,
								0
							],
							"uv": [
								104,
								481
							]
						},
						{
							"origin": [
								6.5,
								16.02165,
								-13.78092
							],
							"size": [
								3,
								5,
								2
							],
							"pivot": [
								8,
								21.02165,
								-12.78092
							],
							"rotation": [
								-50,
								0,
								0
							],
							"uv": [
								38,
								500
							]
						},
						{
							"origin": [
								-9.5,
								16.02165,
								-13.78092
							],
							"size": [
								3,
								5,
								2
							],
							"pivot": [
								-8,
								21.02165,
								-12.78092
							],
							"rotation": [
								-50,
								0,
								0
							],
							"uv": [
								28,
								500
							]
						},
						{
							"origin": [
								-9.5,
								8,
								-20
							],
							"size": [
								3,
								10,
								2
							],
							"pivot": [
								-8,
								10.5,
								-17
							],
							"rotation": [
								-20,
								0,
								0
							],
							"uv": [
								94,
								481
							]
						},
						{
							"origin": [
								-21.02002,
								0.18743,
								-13
							],
							"size": [
								2,
								10,
								4
							],
							"pivot": [
								-20.02002,
								5.18743,
								2
							],
							"rotation": [
								0,
								0,
								40
							],
							"uv": [
								0,
								481
							]
						},
						{
							"origin": [
								-21.02002,
								0.18743,
								13
							],
							"size": [
								2,
								10,
								4
							],
							"pivot": [
								-20.02002,
								5.18743,
								2
							],
							"rotation": [
								0,
								0,
								40
							],
							"uv": [
								182,
								460
							]
						},
						{
							"origin": [
								19.02002,
								0.18743,
								14
							],
							"size": [
								2,
								10,
								4
							],
							"pivot": [
								20.02002,
								5.18743,
								7
							],
							"rotation": [
								0,
								0,
								-40
							],
							"uv": [
								170,
								460
							]
						},
						{
							"origin": [
								19.02002,
								0.18743,
								-13
							],
							"size": [
								2,
								10,
								4
							],
							"pivot": [
								20.02002,
								5.18743,
								-2
							],
							"rotation": [
								0,
								0,
								-40
							],
							"uv": [
								158,
								460
							]
						},
						{
							"origin": [
								19,
								0,
								-17
							],
							"size": [
								6,
								2,
								39
							],
							"uv": [
								322,
								185
							]
						},
						{
							"origin": [
								-25,
								0,
								-17
							],
							"size": [
								6,
								2,
								39
							],
							"uv": [
								232,
								185
							]
						},
						{
							"origin": [
								-10,
								8,
								-25.5
							],
							"size": [
								20,
								2,
								5
							],
							"uv": [
								152,
								357
							]
						},
						{
							"origin": [
								-8.5,
								6.54086,
								-26.47853
							],
							"size": [
								17,
								2,
								62
							],
							"uv": [
								0,
								0
							]
						},
						{
							"origin": [
								8.5,
								6.54086,
								-20.47853
							],
							"size": [
								9,
								2,
								49
							],
							"uv": [
								0,
								134
							]
						},
						{
							"origin": [
								-17.5,
								6.54086,
								-20.47853
							],
							"size": [
								9,
								2,
								49
							],
							"uv": [
								276,
								66
							]
						},
						{
							"origin": [
								8.22376,
								8,
								-23.63181
							],
							"size": [
								9,
								2,
								4
							],
							"pivot": [
								12.72376,
								9,
								-21.13181
							],
							"rotation": [
								0,
								-29,
								0
							],
							"uv": [
								80,
								460
							]
						},
						{
							"origin": [
								-17.22376,
								8,
								-23.63181
							],
							"size": [
								9,
								2,
								4
							],
							"pivot": [
								-12.72376,
								9,
								-21.13181
							],
							"rotation": [
								0,
								29,
								0
							],
							"uv": [
								54,
								471
							]
						},
						{
							"origin": [
								-16,
								37,
								-14.7
							],
							"size": [
								32,
								3,
								4.7
							],
							"uv": [
								234,
								328
							]
						},
						{
							"origin": [
								16,
								10,
								-18
							],
							"size": [
								2,
								11,
								3
							],
							"uv": [
								68,
								481
							]
						},
						{
							"origin": [
								-18,
								10,
								-18
							],
							"size": [
								2,
								11,
								3
							],
							"uv": [
								58,
								481
							]
						},
						{
							"origin": [
								-18,
								10,
								13
							],
							"size": [
								2,
								27,
								5
							],
							"uv": [
								104,
								393
							]
						},
						{
							"origin": [
								-18,
								21,
								-17
							],
							"size": [
								2,
								11,
								2
							],
							"uv": [
								146,
								481
							]
						},
						{
							"origin": [
								16,
								21,
								-17
							],
							"size": [
								2,
								11,
								2
							],
							"uv": [
								138,
								481
							]
						},
						{
							"origin": [
								16,
								10,
								13
							],
							"size": [
								2,
								27,
								5
							],
							"uv": [
								90,
								393
							]
						},
						{
							"origin": [
								16,
								10,
								-1
							],
							"size": [
								2,
								27,
								3
							],
							"uv": [
								90,
								430
							]
						},
						{
							"origin": [
								-18,
								10,
								-1
							],
							"size": [
								2,
								27,
								3
							],
							"uv": [
								80,
								430
							]
						},
						{
							"origin": [
								3,
								10,
								-11
							],
							"size": [
								10,
								5,
								8
							],
							"uv": [
								28,
								406
							]
						},
						{
							"origin": [
								-3,
								10,
								-25
							],
							"size": [
								6,
								5,
								22
							],
							"uv": [
								126,
								328
							]
						},
						{
							"origin": [
								-3,
								12,
								-29
							],
							"size": [
								6,
								5,
								4
							],
							"uv": [
								138,
								460
							]
						},
						{
							"origin": [
								-5,
								17,
								-29
							],
							"size": [
								10,
								6,
								1
							],
							"uv": [
								116,
								474
							]
						},
						{
							"origin": [
								5.25715,
								17,
								-31.15994
							],
							"size": [
								10,
								6,
								1
							],
							"pivot": [
								0.25715,
								20,
								-30.65994
							],
							"rotation": [
								0,
								-25,
								0
							],
							"uv": [
								116,
								467
							]
						},
						{
							"origin": [
								-13.38331,
								17,
								-22.70757
							],
							"size": [
								10,
								6,
								1
							],
							"pivot": [
								-18.38331,
								20,
								-22.20757
							],
							"rotation": [
								0,
								25,
								0
							],
							"uv": [
								116,
								460
							]
						},
						{
							"origin": [
								3,
								15,
								-5
							],
							"size": [
								10,
								14,
								2
							],
							"uv": [
								56,
								430
							]
						},
						{
							"origin": [
								-13,
								15,
								-5
							],
							"size": [
								10,
								14,
								2
							],
							"uv": [
								32,
								430
							]
						},
						{
							"origin": [
								-13,
								10,
								-11
							],
							"size": [
								10,
								5,
								8
							],
							"uv": [
								28,
								393
							]
						},
						{
							"origin": [
								-16,
								15,
								14
							],
							"size": [
								32,
								14,
								2
							],
							"uv": [
								58,
								328
							]
						},
						{
							"origin": [
								-16,
								10,
								16
							],
							"size": [
								32,
								28,
								2
							],
							"uv": [
								0,
								281
							]
						},
						{
							"origin": [
								-18,
								8,
								18
							],
							"size": [
								36,
								32,
								11
							],
							"uv": [
								138,
								185
							]
						},
						{
							"origin": [
								-3.5,
								19,
								41
							],
							"size": [
								7,
								12,
								56
							],
							"uv": [
								0,
								66
							]
						},
						{
							"origin": [
								3.5,
								23,
								84
							],
							"size": [
								2,
								4,
								4
							],
							"uv": [
								154,
								481
							]
						},
						{
							"origin": [
								6.5,
								23,
								84
							],
							"size": [
								1,
								4,
								4
							],
							"uv": [
								10,
								500
							]
						},
						{
							"origin": [
								-1.5,
								31,
								94
							],
							"size": [
								3,
								24,
								2
							],
							"uv": [
								152,
								430
							]
						},
						{
							"origin": [
								-1.5,
								31,
								85
							],
							"size": [
								3,
								24,
								9
							],
							"uv": [
								128,
								357
							]
						},
						{
							"origin": [
								-1.5,
								31,
								83
							],
							"size": [
								3,
								18,
								2
							],
							"uv": [
								106,
								460
							]
						},
						{
							"origin": [
								-1.5,
								31,
								81
							],
							"size": [
								3,
								13,
								2
							],
							"uv": [
								24,
								481
							]
						},
						{
							"origin": [
								-1.5,
								31,
								79
							],
							"size": [
								3,
								7,
								2
							],
							"uv": [
								0,
								500
							]
						},
						{
							"origin": [
								-1.5,
								31,
								77
							],
							"size": [
								3,
								2,
								2
							],
							"uv": [
								48,
								500
							]
						},
						{
							"origin": [
								-1.5,
								29.38167,
								80.83545
							],
							"size": [
								3,
								26,
								2
							],
							"pivot": [
								0,
								43.38167,
								81.83545
							],
							"rotation": [
								-20,
								0,
								0
							],
							"uv": [
								142,
								430
							]
						},
						{
							"origin": [
								-3.5,
								8,
								29
							],
							"size": [
								7,
								32,
								15
							],
							"uv": [
								148,
								281
							]
						},
						{
							"origin": [
								-0.77208,
								8,
								17.30761
							],
							"size": [
								11,
								32,
								21
							],
							"pivot": [
								0,
								24,
								32.53553
							],
							"rotation": [
								0,
								-45,
								0
							],
							"uv": [
								152,
								228
							]
						},
						{
							"origin": [
								-10.22792,
								8,
								17.30761
							],
							"size": [
								11,
								32,
								21
							],
							"pivot": [
								0,
								24,
								32.53553
							],
							"rotation": [
								0,
								45,
								0
							],
							"uv": [
								88,
								228
							]
						},
						{
							"origin": [
								-16,
								10,
								8
							],
							"size": [
								32,
								5,
								8
							],
							"uv": [
								68,
								311
							]
						},
						{
							"origin": [
								16,
								16,
								-29
							],
							"size": [
								2,
								5,
								11
							],
							"uv": [
								138,
								409
							]
						},
						{
							"origin": [
								-22.94935,
								16,
								-41.61392
							],
							"size": [
								6.3,
								5,
								2
							],
							"pivot": [
								-6.94935,
								18.5,
								-40.61392
							],
							"rotation": [
								0,
								50,
								0
							],
							"uv": [
								78,
								488
							]
						},
						{
							"origin": [
								12.05917,
								16,
								-31.77025
							],
							"size": [
								6.3,
								5,
								2
							],
							"pivot": [
								15.20917,
								18.5,
								-30.77025
							],
							"rotation": [
								0,
								-50,
								0
							],
							"uv": [
								78,
								481
							]
						},
						{
							"origin": [
								16,
								6.13934,
								-27.52513
							],
							"size": [
								2,
								11.3,
								2
							],
							"pivot": [
								2,
								14.93934,
								-26.52513
							],
							"rotation": [
								45,
								0,
								0
							],
							"uv": [
								130,
								481
							]
						},
						{
							"origin": [
								-18,
								6.13934,
								-27.52513
							],
							"size": [
								2,
								11.3,
								2
							],
							"pivot": [
								2,
								14.93934,
								-26.52513
							],
							"rotation": [
								45,
								0,
								0
							],
							"uv": [
								122,
								481
							]
						},
						{
							"origin": [
								-10,
								7.04731,
								-29.85858
							],
							"size": [
								20,
								11.4,
								2
							],
							"pivot": [
								0,
								12.74731,
								-28.85858
							],
							"rotation": [
								46,
								0,
								0
							],
							"uv": [
								84,
								357
							]
						},
						{
							"origin": [
								-14,
								16,
								-33.82608
							],
							"size": [
								28,
								5,
								2
							],
							"uv": [
								234,
								335
							]
						},
						{
							"origin": [
								-14,
								17.1616,
								-24.94698
							],
							"size": [
								1,
								27,
								3
							],
							"pivot": [
								-12.7,
								29.7116,
								-24.84698
							],
							"rotation": [
								-45,
								0,
								0
							],
							"uv": [
								134,
								430
							]
						},
						{
							"origin": [
								13,
								17.10302,
								-24.80556
							],
							"size": [
								1,
								27,
								3
							],
							"pivot": [
								12.5,
								29.85302,
								-24.70556
							],
							"rotation": [
								-45,
								0,
								0
							],
							"uv": [
								126,
								430
							]
						},
						{
							"origin": [
								-18,
								16,
								-29
							],
							"size": [
								2,
								5,
								11
							],
							"uv": [
								138,
								393
							]
						},
						{
							"origin": [
								-18,
								37,
								-10
							],
							"size": [
								36,
								3,
								28
							],
							"uv": [
								116,
								134
							]
						},
						{
							"origin": [
								-8,
								40,
								-6
							],
							"size": [
								16,
								2,
								28
							],
							"uv": [
								0,
								228
							]
						},
						{
							"origin": [
								-6,
								42,
								-4
							],
							"size": [
								12,
								2,
								24
							],
							"uv": [
								216,
								228
							]
						},
						{
							"origin": [
								-2,
								44,
								5
							],
							"size": [
								4,
								7,
								4
							],
							"uv": [
								138,
								469
							]
						},
						{
							"origin": [
								-4,
								47,
								3
							],
							"size": [
								8,
								1,
								8
							],
							"uv": [
								0,
								439
							]
						},
						{
							"origin": [
								-4,
								49,
								3
							],
							"size": [
								8,
								1,
								8
							],
							"uv": [
								0,
								430
							]
						},
						{
							"origin": [
								16,
								25.56497,
								-31.02082
							],
							"size": [
								2,
								2,
								27
							],
							"pivot": [
								0,
								26.56497,
								-22.02082
							],
							"rotation": [
								45,
								0,
								0
							],
							"uv": [
								0,
								328
							]
						},
						{
							"origin": [
								-18,
								25.56497,
								-31.02082
							],
							"size": [
								2,
								2,
								27
							],
							"pivot": [
								0,
								26.56497,
								-22.02082
							],
							"rotation": [
								45,
								0,
								0
							],
							"uv": [
								192,
								281
							]
						}
					]
				},
				{
					"name": "propeller1",
					"parent": "body",
					"pivot": [
						6,
						25,
						86
					],
					"cubes": [
						{
							"origin": [
								5.5,
								24,
								68
							],
							"size": [
								1,
								2,
								17
							],
							"uv": [
								152,
								364
							]
						},
						{
							"origin": [
								5.5,
								24,
								87
							],
							"size": [
								1,
								2,
								17
							],
							"uv": [
								202,
								357
							]
						},
						{
							"origin": [
								5.5,
								26,
								85
							],
							"size": [
								1,
								17,
								2
							],
							"uv": [
								18,
								481
							]
						},
						{
							"origin": [
								5.5,
								7,
								85
							],
							"size": [
								1,
								17,
								2
							],
							"uv": [
								12,
								481
							]
						}
					]
				},
				{
					"name": "window",
					"parent": "body",
					"pivot": [
						0,
						0,
						0
					],
					"cubes": [
						{
							"origin": [
								-13,
								17.10302,
								-24.50556
							],
							"size": [
								26,
								27,
								0
							],
							"pivot": [
								12.5,
								29.85302,
								-24.70556
							],
							"rotation": [
								-45,
								0,
								0
							],
							"uv": [
								182,
								328
							]
						},
						{
							"origin": [
								-14,
								15.8934,
								-24.68528
							],
							"size": [
								0,
								30,
								7
							],
							"pivot": [
								-13.5,
								29.3934,
								-23.18528
							],
							"rotation": [
								-63.43495,
								-37.76124,
								50.76848
							],
							"uv": [
								14,
								393
							]
						},
						{
							"origin": [
								17,
								9,
								-30
							],
							"size": [
								0,
								23,
								13
							],
							"uv": [
								26,
								357
							]
						},
						{
							"origin": [
								12.48564,
								17.09917,
								-24.80171
							],
							"size": [
								0,
								30,
								7
							],
							"pivot": [
								12.78564,
								29.84917,
								-24.70171
							],
							"rotation": [
								-63.43495,
								37.76124,
								-50.76848
							],
							"uv": [
								0,
								393
							]
						},
						{
							"origin": [
								8,
								7.06195,
								-24.29774
							],
							"size": [
								10,
								14.3,
								0
							],
							"pivot": [
								17,
								12.71195,
								-24.29774
							],
							"rotation": [
								46.78082,
								-13.99545,
								-14.43276
							],
							"uv": [
								34,
								460
							]
						},
						{
							"origin": [
								-15.7404,
								7.59004,
								-35.35545
							],
							"size": [
								10,
								14.3,
								0
							],
							"pivot": [
								17.2596,
								12.24004,
								-23.35545
							],
							"rotation": [
								46.78082,
								13.99545,
								14.43276
							],
							"uv": [
								14,
								460
							]
						},
						{
							"origin": [
								-17,
								9,
								-30
							],
							"size": [
								0,
								23,
								13
							],
							"uv": [
								0,
								357
							]
						}
					]
				},
				{
					"name": "door2",
					"parent": "body",
					"pivot": [
						17,
						28.22721,
						-8.9
					],
					"cubes": [
						{
							"origin": [
								16,
								10,
								-15
							],
							"size": [
								2,
								11,
								14
							],
							"uv": [
								52,
								357
							]
						},
						{
							"origin": [
								16,
								21,
								-15
							],
							"size": [
								2,
								11,
								2
							],
							"uv": [
								114,
								481
							]
						},
						{
							"origin": [
								16,
								31.63604,
								-16
							],
							"size": [
								2,
								7,
								2
							],
							"pivot": [
								17,
								30.63604,
								-14.94975
							],
							"rotation": [
								-45,
								0,
								0
							],
							"uv": [
								20,
								500
							]
						},
						{
							"origin": [
								16,
								35,
								-10
							],
							"size": [
								2,
								2,
								9
							],
							"uv": [
								54,
								460
							]
						},
						{
							"origin": [
								16,
								21,
								-3
							],
							"size": [
								2,
								14,
								2
							],
							"uv": [
								50,
								481
							]
						},
						{
							"origin": [
								17,
								21,
								-13
							],
							"size": [
								0,
								14,
								10
							],
							"uv": [
								118,
								393
							]
						}
					]
				},
				{
					"name": "door0",
					"parent": "body",
					"pivot": [
						-17,
						28.22721,
						-8.9
					],
					"cubes": [
						{
							"origin": [
								-18,
								10,
								-15
							],
							"size": [
								2,
								11,
								14
							],
							"uv": [
								52,
								357
							],
							"mirror": true
						},
						{
							"origin": [
								-18,
								21,
								-15
							],
							"size": [
								2,
								11,
								2
							],
							"uv": [
								114,
								481
							],
							"mirror": true
						},
						{
							"origin": [
								-18,
								31.63604,
								-16
							],
							"size": [
								2,
								7,
								2
							],
							"pivot": [
								-17,
								30.63604,
								-14.94975
							],
							"rotation": [
								-45,
								0,
								0
							],
							"uv": [
								20,
								500
							],
							"mirror": true
						},
						{
							"origin": [
								-18,
								35,
								-10
							],
							"size": [
								2,
								2,
								9
							],
							"uv": [
								54,
								460
							],
							"mirror": true
						},
						{
							"origin": [
								-18,
								21,
								-3
							],
							"size": [
								2,
								14,
								2
							],
							"uv": [
								50,
								481
							],
							"mirror": true
						},
						{
							"origin": [
								-17,
								21,
								-13
							],
							"size": [
								0,
								14,
								10
							],
							"uv": [
								118,
								393
							],
							"mirror": true
						}
					]
				},
				{
					"name": "door3",
					"parent": "body",
					"pivot": [
						17,
						26.875,
						7.5
					],
					"cubes": [
						{
							"origin": [
								16,
								21,
								2
							],
							"size": [
								2,
								14,
								2
							],
							"uv": [
								42,
								481
							]
						},
						{
							"origin": [
								16,
								10,
								2
							],
							"size": [
								2,
								11,
								11
							],
							"uv": [
								64,
								393
							]
						},
						{
							"origin": [
								16,
								21,
								11
							],
							"size": [
								2,
								14,
								2
							],
							"uv": [
								34,
								481
							]
						},
						{
							"origin": [
								17,
								21,
								4
							],
							"size": [
								0,
								14,
								7
							],
							"uv": [
								0,
								460
							]
						},
						{
							"origin": [
								16,
								35,
								2
							],
							"size": [
								2,
								2,
								11
							],
							"uv": [
								100,
								430
							]
						}
					]
				},
				{
					"name": "door1",
					"parent": "body",
					"pivot": [
						-17,
						26.875,
						7.5
					],
					"cubes": [
						{
							"origin": [
								-18,
								21,
								2
							],
							"size": [
								2,
								14,
								2
							],
							"uv": [
								42,
								481
							],
							"mirror": true
						},
						{
							"origin": [
								-18,
								10,
								2
							],
							"size": [
								2,
								11,
								11
							],
							"uv": [
								64,
								393
							],
							"mirror": true
						},
						{
							"origin": [
								-18,
								21,
								11
							],
							"size": [
								2,
								14,
								2
							],
							"uv": [
								34,
								481
							],
							"mirror": true
						},
						{
							"origin": [
								-17,
								21,
								4
							],
							"size": [
								0,
								14,
								7
							],
							"uv": [
								0,
								460
							],
							"mirror": true
						},
						{
							"origin": [
								-18,
								35,
								2
							],
							"size": [
								2,
								2,
								11
							],
							"uv": [
								100,
								430
							],
							"mirror": true
						}
					]
				},
				{
					"name": "propeller0",
					"parent": "body",
					"pivot": [
						0,
						48.5,
						7
					],
					"cubes": [
						{
							"origin": [
								2,
								48,
								5
							],
							"size": [
								65,
								1,
								4
							],
							"uv": [
								0,
								185
							]
						},
						{
							"origin": [
								-2,
								48,
								9
							],
							"size": [
								4,
								1,
								65
							],
							"uv": [
								296,
								0
							]
						},
						{
							"origin": [
								-67,
								48,
								5
							],
							"size": [
								65,
								1,
								4
							],
							"uv": [
								116,
								165
							]
						},
						{
							"origin": [
								-2,
								48,
								-60
							],
							"size": [
								4,
								1,
								65
							],
							"uv": [
								158,
								0
							]
						}
					]
				}
			]
		}
	]
}