{
	"format_version": "1.12.0",
	"minecraft:geometry": [
		{
			"description": {
				"identifier": "geometry.hoverboard",
				"texture_width": 128,
				"texture_height": 128,
				"visible_bounds_width": 3,
				"visible_bounds_height": 3,
				"visible_bounds_offset": [
					0,
					0.5,
					0
				]
			},
			"bones": [
				{
					"name": "body",
					"pivot": [
						0,
						2,
						0
					],
					"cubes": [
						{
							"origin": [
								-9,
								9,
								-2
							],
							"size": [
								1,
								5,
								4
							],
							"uv": [
								42,
								41
							]
						},
						{
							"origin": [
								8,
								9,
								-2
							],
							"size": [
								1,
								5,
								4
							],
							"uv": [
								32,
								41
							]
						},
						{
							"origin": [
								-10,
								3,
								-5
							],
							"size": [
								2,
								6,
								10
							],
							"uv": [
								0,
								16
							]
						},
						{
							"origin": [
								8,
								3,
								-5
							],
							"size": [
								2,
								6,
								10
							],
							"uv": [
								68,
								0
							]
						},
						{
							"origin": [
								1,
								4,
								-5
							],
							"size": [
								7,
								2,
								10
							],
							"uv": [
								34,
								0
							]
						},
						{
							"origin": [
								-8,
								4,
								-5
							],
							"size": [
								7,
								2,
								10
							],
							"uv": [
								0,
								0
							]
						},
						{
							"origin": [
								-1,
								4,
								-1
							],
							"size": [
								2,
								2,
								2
							],
							"uv": [
								28,
								75
							]
						},
						{
							"origin": [
								-13,
								13,
								-2
							],
							"size": [
								4,
								1,
								4
							],
							"uv": [
								16,
								41
							]
						},
						{
							"origin": [
								9,
								13,
								-2
							],
							"size": [
								4,
								1,
								4
							],
							"uv": [
								0,
								41
							]
						},
						{
							"origin": [
								-13,
								11.68743,
								1.05955
							],
							"size": [
								4,
								1,
								3
							],
							"pivot": [
								-11,
								11.42206,
								4.21179
							],
							"rotation": [
								-27.5,
								0,
								0
							],
							"uv": [
								42,
								54
							]
						},
						{
							"origin": [
								-9,
								8.68743,
								1.05955
							],
							"size": [
								1,
								4,
								3
							],
							"pivot": [
								-11,
								11.42206,
								4.21179
							],
							"rotation": [
								-27.5,
								0,
								0
							],
							"uv": [
								16,
								66
							]
						},
						{
							"origin": [
								8,
								8.68743,
								1.05955
							],
							"size": [
								1,
								4,
								3
							],
							"pivot": [
								-11,
								11.42206,
								4.21179
							],
							"rotation": [
								-27.5,
								0,
								0
							],
							"uv": [
								40,
								59
							]
						},
						{
							"origin": [
								9,
								11.68743,
								1.05955
							],
							"size": [
								4,
								1,
								3
							],
							"pivot": [
								-11,
								11.42206,
								4.21179
							],
							"rotation": [
								-27.5,
								0,
								0
							],
							"uv": [
								0,
								54
							]
						},
						{
							"origin": [
								9,
								13.21327,
								-4.43292
							],
							"size": [
								4,
								1,
								3
							],
							"pivot": [
								-11,
								12.9479,
								-1.28068
							],
							"rotation": [
								27.5,
								0,
								0
							],
							"uv": [
								42,
								50
							]
						},
						{
							"origin": [
								-13,
								13.21327,
								-4.43292
							],
							"size": [
								4,
								1,
								3
							],
							"pivot": [
								-11,
								12.9479,
								-1.28068
							],
							"rotation": [
								27.5,
								0,
								0
							],
							"uv": [
								52,
								41
							]
						},
						{
							"origin": [
								-9,
								10.21327,
								-4.43292
							],
							"size": [
								1,
								4,
								3
							],
							"pivot": [
								-11,
								12.9479,
								-1.28068
							],
							"rotation": [
								27.5,
								0,
								0
							],
							"uv": [
								24,
								66
							]
						},
						{
							"origin": [
								8,
								10.21327,
								-4.43292
							],
							"size": [
								1,
								4,
								3
							],
							"pivot": [
								-11,
								12.9479,
								-1.28068
							],
							"rotation": [
								27.5,
								0,
								0
							],
							"uv": [
								48,
								59
							]
						},
						{
							"origin": [
								-13,
								9.49372,
								1.56393
							],
							"size": [
								4,
								1,
								3
							],
							"pivot": [
								-11,
								8.5795,
								5.14972
							],
							"rotation": [
								-55,
								0,
								0
							],
							"uv": [
								28,
								54
							]
						},
						{
							"origin": [
								-9,
								6.49372,
								1.56393
							],
							"size": [
								1,
								4,
								3
							],
							"pivot": [
								-11,
								8.5795,
								5.14972
							],
							"rotation": [
								-55,
								0,
								0
							],
							"uv": [
								8,
								66
							]
						},
						{
							"origin": [
								8,
								6.49372,
								1.56393
							],
							"size": [
								1,
								4,
								3
							],
							"pivot": [
								-11,
								8.5795,
								5.14972
							],
							"rotation": [
								-55,
								0,
								0
							],
							"uv": [
								32,
								59
							]
						},
						{
							"origin": [
								9,
								9.49372,
								1.56393
							],
							"size": [
								4,
								1,
								3
							],
							"pivot": [
								-11,
								8.5795,
								5.14972
							],
							"rotation": [
								-55,
								0,
								0
							],
							"uv": [
								70,
								50
							]
						},
						{
							"origin": [
								9,
								12.91087,
								-6.34279
							],
							"size": [
								4,
								1,
								3
							],
							"pivot": [
								-11,
								11.99665,
								-2.757
							],
							"rotation": [
								55,
								0,
								0
							],
							"uv": [
								28,
								50
							]
						},
						{
							"origin": [
								-13,
								12.91087,
								-6.34279
							],
							"size": [
								4,
								1,
								3
							],
							"pivot": [
								-11,
								11.99665,
								-2.757
							],
							"rotation": [
								55,
								0,
								0
							],
							"uv": [
								52,
								45
							]
						},
						{
							"origin": [
								-9,
								9.91087,
								-6.34279
							],
							"size": [
								1,
								4,
								3
							],
							"pivot": [
								-11,
								11.99665,
								-2.757
							],
							"rotation": [
								55,
								0,
								0
							],
							"uv": [
								32,
								66
							]
						},
						{
							"origin": [
								8,
								9.91087,
								-6.34279
							],
							"size": [
								1,
								4,
								3
							],
							"pivot": [
								-11,
								11.99665,
								-2.757
							],
							"rotation": [
								55,
								0,
								0
							],
							"uv": [
								56,
								59
							]
						},
						{
							"origin": [
								-13,
								6.69431,
								1.5986
							],
							"size": [
								4,
								1,
								3
							],
							"pivot": [
								-11,
								5.34655,
								5.83324
							],
							"rotation": [
								-67.5,
								0,
								0
							],
							"uv": [
								14,
								54
							]
						},
						{
							"origin": [
								-9,
								3.69431,
								1.5986
							],
							"size": [
								1,
								4,
								3
							],
							"pivot": [
								-11,
								5.34655,
								5.83324
							],
							"rotation": [
								-67.5,
								0,
								0
							],
							"uv": [
								0,
								66
							]
						},
						{
							"origin": [
								8,
								3.69431,
								1.5986
							],
							"size": [
								1,
								4,
								3
							],
							"pivot": [
								-11,
								5.34655,
								5.83324
							],
							"rotation": [
								-67.5,
								0,
								0
							],
							"uv": [
								24,
								59
							]
						},
						{
							"origin": [
								9,
								6.69431,
								1.5986
							],
							"size": [
								4,
								1,
								3
							],
							"pivot": [
								-11,
								5.34655,
								5.83324
							],
							"rotation": [
								-67.5,
								0,
								0
							],
							"uv": [
								56,
								50
							]
						},
						{
							"origin": [
								9,
								11.74727,
								-7.97488
							],
							"size": [
								4,
								1,
								3
							],
							"pivot": [
								-11,
								10.39951,
								-3.74024
							],
							"rotation": [
								67.5,
								0,
								0
							],
							"uv": [
								14,
								50
							]
						},
						{
							"origin": [
								-13,
								11.74727,
								-7.97488
							],
							"size": [
								4,
								1,
								3
							],
							"pivot": [
								-11,
								10.39951,
								-3.74024
							],
							"rotation": [
								67.5,
								0,
								0
							],
							"uv": [
								0,
								50
							]
						},
						{
							"origin": [
								-9,
								9.74727,
								-7.97488
							],
							"size": [
								1,
								3,
								3
							],
							"pivot": [
								-11,
								10.39951,
								-3.74024
							],
							"rotation": [
								67.5,
								0,
								0
							],
							"uv": [
								20,
								75
							]
						},
						{
							"origin": [
								8,
								9.74727,
								-7.97488
							],
							"size": [
								1,
								3,
								3
							],
							"pivot": [
								-11,
								10.39951,
								-3.74024
							],
							"rotation": [
								67.5,
								0,
								0
							],
							"uv": [
								12,
								75
							]
						}
					]
				},
				{
					"name": "leg0",
					"pivot": [
						0,
						6.10805,
						0
					],
					"cubes": [
						{
							"origin": [
								-12,
								0,
								-2
							],
							"size": [
								2,
								1,
								4
							],
							"uv": [
								0,
								59
							]
						},
						{
							"origin": [
								10,
								0,
								-2
							],
							"size": [
								2,
								1,
								4
							],
							"uv": [
								0,
								59
							],
							"mirror": true
						},
						{
							"origin": [
								-12,
								1.22,
								-4
							],
							"size": [
								2,
								1,
								8
							],
							"uv": [
								40,
								32
							]
						},
						{
							"origin": [
								10,
								1.22,
								-4
							],
							"size": [
								2,
								1,
								8
							],
							"uv": [
								40,
								32
							],
							"mirror": true
						},
						{
							"origin": [
								-12,
								10.22,
								-3
							],
							"size": [
								2,
								1,
								6
							],
							"uv": [
								1,
								34
							]
						},
						{
							"origin": [
								10,
								10.22,
								-3
							],
							"size": [
								2,
								1,
								6
							],
							"uv": [
								1,
								34
							],
							"mirror": true
						},
						{
							"origin": [
								-12,
								11.19615,
								-2
							],
							"size": [
								2,
								1,
								4
							],
							"uv": [
								56,
								54
							]
						},
						{
							"origin": [
								10,
								11.19615,
								-2
							],
							"size": [
								2,
								1,
								4
							],
							"uv": [
								56,
								54
							],
							"mirror": true
						},
						{
							"origin": [
								-12,
								0.93301,
								-4.48205
							],
							"size": [
								2,
								1,
								3
							],
							"pivot": [
								-11,
								1.43301,
								-3.48205
							],
							"rotation": [
								-30,
								0,
								0
							],
							"uv": [
								57,
								55
							]
						},
						{
							"origin": [
								10,
								0.93301,
								-4.48205
							],
							"size": [
								2,
								1,
								3
							],
							"pivot": [
								11,
								1.43301,
								-3.48205
							],
							"rotation": [
								-30,
								0,
								0
							],
							"uv": [
								57,
								55
							],
							"mirror": true
						},
						{
							"origin": [
								-12,
								10.76314,
								1.61603
							],
							"size": [
								2,
								1,
								3
							],
							"pivot": [
								-11,
								11.26314,
								2.61603
							],
							"rotation": [
								-30,
								0,
								0
							],
							"uv": [
								57,
								55
							]
						},
						{
							"origin": [
								10,
								10.76314,
								1.61603
							],
							"size": [
								2,
								1,
								3
							],
							"pivot": [
								11,
								11.26314,
								2.61603
							],
							"rotation": [
								-30,
								0,
								0
							],
							"uv": [
								57,
								55
							],
							"mirror": true
						},
						{
							"origin": [
								-12,
								2.98205,
								-6.16506
							],
							"size": [
								2,
								1,
								3
							],
							"pivot": [
								-11,
								3.48205,
								-5.16506
							],
							"rotation": [
								-60,
								0,
								0
							],
							"uv": [
								57,
								55
							]
						},
						{
							"origin": [
								10,
								2.98205,
								-6.16506
							],
							"size": [
								2,
								1,
								3
							],
							"pivot": [
								11,
								3.48205,
								-5.16506
							],
							"rotation": [
								-60,
								0,
								0
							],
							"uv": [
								57,
								55
							],
							"mirror": true
						},
						{
							"origin": [
								-12,
								9.08013,
								3.66506
							],
							"size": [
								2,
								1,
								3
							],
							"pivot": [
								-11,
								9.58013,
								4.66506
							],
							"rotation": [
								-60,
								0,
								0
							],
							"uv": [
								57,
								55
							]
						},
						{
							"origin": [
								10,
								9.08013,
								3.66506
							],
							"size": [
								2,
								1,
								3
							],
							"pivot": [
								11,
								9.58013,
								4.66506
							],
							"rotation": [
								-60,
								0,
								0
							],
							"uv": [
								57,
								55
							],
							"mirror": true
						},
						{
							"origin": [
								-12,
								8.2141,
								-6.16506
							],
							"size": [
								2,
								1,
								3
							],
							"pivot": [
								-11,
								8.7141,
								-5.16506
							],
							"rotation": [
								60,
								0,
								0
							],
							"uv": [
								57,
								55
							]
						},
						{
							"origin": [
								10,
								8.2141,
								-6.16506
							],
							"size": [
								2,
								1,
								3
							],
							"pivot": [
								11,
								8.7141,
								-5.16506
							],
							"rotation": [
								60,
								0,
								0
							],
							"uv": [
								57,
								55
							],
							"mirror": true
						},
						{
							"origin": [
								-12,
								2.11603,
								3.66506
							],
							"size": [
								2,
								1,
								3
							],
							"pivot": [
								-11,
								2.61603,
								4.66506
							],
							"rotation": [
								60,
								0,
								0
							],
							"uv": [
								57,
								55
							]
						},
						{
							"origin": [
								10,
								2.11603,
								3.66506
							],
							"size": [
								2,
								1,
								3
							],
							"pivot": [
								11,
								2.61603,
								4.66506
							],
							"rotation": [
								60,
								0,
								0
							],
							"uv": [
								57,
								55
							],
							"mirror": true
						},
						{
							"origin": [
								-12,
								10.26314,
								-4.48205
							],
							"size": [
								2,
								1,
								3
							],
							"pivot": [
								-11,
								10.76314,
								-3.48205
							],
							"rotation": [
								30,
								0,
								0
							],
							"uv": [
								57,
								55
							]
						},
						{
							"origin": [
								10,
								10.26314,
								-4.48205
							],
							"size": [
								2,
								1,
								3
							],
							"pivot": [
								11,
								10.76314,
								-3.48205
							],
							"rotation": [
								30,
								0,
								0
							],
							"uv": [
								57,
								55
							],
							"mirror": true
						},
						{
							"origin": [
								-12,
								0.43301,
								1.61603
							],
							"size": [
								2,
								1,
								3
							],
							"pivot": [
								-11,
								0.93301,
								2.61603
							],
							"rotation": [
								30,
								0,
								0
							],
							"uv": [
								57,
								55
							]
						},
						{
							"origin": [
								10,
								0.43301,
								1.61603
							],
							"size": [
								2,
								1,
								3
							],
							"pivot": [
								11,
								0.93301,
								2.61603
							],
							"rotation": [
								30,
								0,
								0
							],
							"uv": [
								57,
								55
							],
							"mirror": true
						},
						{
							"origin": [
								-12,
								2,
								-5
							],
							"size": [
								2,
								8,
								1
							],
							"uv": [
								0,
								75
							]
						},
						{
							"origin": [
								10,
								2,
								-5
							],
							"size": [
								2,
								8,
								1
							],
							"uv": [
								0,
								75
							],
							"mirror": true
						},
						{
							"origin": [
								-12,
								2.22,
								-4
							],
							"size": [
								2,
								8,
								8
							],
							"uv": [
								24,
								16
							]
						},
						{
							"origin": [
								10,
								2.22,
								-4
							],
							"size": [
								2,
								8,
								8
							],
							"uv": [
								24,
								16
							],
							"mirror": true
						},
						{
							"origin": [
								-12,
								2,
								4
							],
							"size": [
								2,
								8,
								1
							],
							"uv": [
								40,
								66
							]
						},
						{
							"origin": [
								10,
								2,
								4
							],
							"size": [
								2,
								8,
								1
							],
							"uv": [
								40,
								66
							],
							"mirror": true
						},
						{
							"origin": [
								-12,
								4.09808,
								5.09808
							],
							"size": [
								2,
								4,
								1
							],
							"uv": [
								42,
								75
							]
						},
						{
							"origin": [
								10,
								4.09808,
								5.09808
							],
							"size": [
								2,
								4,
								1
							],
							"uv": [
								42,
								75
							],
							"mirror": true
						},
						{
							"origin": [
								-12,
								4.09808,
								-6.09808
							],
							"size": [
								2,
								4,
								1
							],
							"uv": [
								28,
								79
							]
						},
						{
							"origin": [
								10,
								4.09808,
								-6.09808
							],
							"size": [
								2,
								4,
								1
							],
							"uv": [
								28,
								79
							],
							"mirror": true
						}
					]
				}
			]
		}
	]
}