{
	"format_version": "1.12.0",
	"minecraft:geometry": [
		{
			"description": {
				"identifier": "geometry.jeep_ph",
				"texture_width": 512,
				"texture_height": 512,
				"visible_bounds_width": 8,
				"visible_bounds_height": 5,
				"visible_bounds_offset": [
					0,
					0.5,
					0
				]
			},
			"bones": [
				{
					"name": "jeep",
					"pivot": [
						0,
						0,
						0
					]
				},
				{
					"name": "body",
					"parent": "jeep",
					"pivot": [
						0,
						0,
						0
					],
					"cubes": [
						{
							"origin": [
								-13,
								4,
								-43
							],
							"size": [
								26,
								15,
								20
							],
							"uv": [
								0,
								63
							]
						},
						{
							"origin": [
								-13,
								4,
								-47
							],
							"size": [
								26,
								7,
								4
							],
							"uv": [
								0,
								0
							]
						},
						{
							"origin": [
								-19.61969,
								4,
								-44.30747
							],
							"size": [
								39,
								7,
								1
							],
							"uv": [
								0,
								0
							]
						},
						{
							"origin": [
								12.4552,
								4,
								-44.77296
							],
							"size": [
								2,
								7,
								3
							],
							"pivot": [
								25.4552,
								7.5,
								-42.77296
							],
							"rotation": [
								0,
								-10,
								0
							],
							"uv": [
								10,
								19
							]
						},
						{
							"origin": [
								-14.81982,
								4,
								-48.94051
							],
							"size": [
								2,
								7,
								3
							],
							"pivot": [
								-1.81982,
								7.5,
								-46.94051
							],
							"rotation": [
								0,
								10,
								0
							],
							"uv": [
								10,
								19
							]
						},
						{
							"origin": [
								12.90638,
								4,
								-41.34605
							],
							"size": [
								2,
								7,
								3
							],
							"pivot": [
								25.90638,
								7.5,
								-39.34605
							],
							"rotation": [
								0,
								-25,
								0
							],
							"uv": [
								0,
								19
							]
						},
						{
							"origin": [
								-16.49915,
								4,
								-48.53056
							],
							"size": [
								2,
								7,
								3
							],
							"pivot": [
								-10.49915,
								7.5,
								-46.53056
							],
							"rotation": [
								0,
								25,
								0
							],
							"uv": [
								0,
								19
							]
						},
						{
							"origin": [
								14.04056,
								4,
								-39.57542
							],
							"size": [
								3,
								7,
								1
							],
							"pivot": [
								27.04056,
								7.5,
								-37.57542
							],
							"rotation": [
								0,
								-30,
								0
							],
							"uv": [
								0,
								29
							]
						},
						{
							"origin": [
								-18.78223,
								4,
								-46.07542
							],
							"size": [
								3,
								7,
								1
							],
							"pivot": [
								-15.78223,
								7.5,
								-44.07542
							],
							"rotation": [
								0,
								30,
								0
							],
							"uv": [
								0,
								29
							]
						},
						{
							"origin": [
								-13,
								19,
								-43
							],
							"size": [
								26,
								3,
								16
							],
							"uv": [
								162,
								0
							]
						},
						{
							"origin": [
								-19,
								19,
								-27
							],
							"size": [
								38,
								3,
								4
							],
							"uv": [
								218,
								173
							]
						},
						{
							"origin": [
								-17,
								14.2953,
								-26.17869
							],
							"size": [
								34,
								7,
								4
							],
							"pivot": [
								0,
								19.7953,
								-24.17869
							],
							"rotation": [
								25,
								0,
								0
							],
							"uv": [
								0,
								216
							]
						},
						{
							"origin": [
								-19,
								5.2953,
								-26.17869
							],
							"size": [
								2,
								16,
								4
							],
							"pivot": [
								0,
								19.7953,
								-24.17869
							],
							"rotation": [
								25,
								0,
								0
							],
							"uv": [
								136,
								131
							]
						},
						{
							"origin": [
								-23,
								23.2953,
								-25.17869
							],
							"size": [
								4,
								1,
								1
							],
							"uv": [
								136,
								131
							]
						},
						{
							"origin": [
								19,
								23.2953,
								-25.17869
							],
							"size": [
								4,
								1,
								1
							],
							"uv": [
								136,
								131
							]
						},
						{
							"origin": [
								-23,
								24.2953,
								-25.17869
							],
							"size": [
								1,
								1,
								1
							],
							"uv": [
								136,
								131
							]
						},
						{
							"origin": [
								22,
								24.2953,
								-25.17869
							],
							"size": [
								1,
								1,
								1
							],
							"uv": [
								136,
								131
							]
						},
						{
							"origin": [
								20,
								25.2953,
								-25.17869
							],
							"size": [
								5,
								8,
								1
							],
							"uv": [
								202,
								76
							]
						},
						{
							"origin": [
								-25,
								25.2953,
								-25.17869
							],
							"size": [
								5,
								8,
								1
							],
							"uv": [
								202,
								76
							]
						},
						{
							"origin": [
								17,
								5.2953,
								-26.17869
							],
							"size": [
								2,
								16,
								4
							],
							"pivot": [
								0,
								19.7953,
								-24.17869
							],
							"rotation": [
								25,
								0,
								0
							],
							"uv": [
								346,
								152
							]
						},
						{
							"origin": [
								17,
								21,
								-27
							],
							"size": [
								2,
								18,
								4
							],
							"pivot": [
								0,
								21.5,
								-25
							],
							"rotation": [
								-15,
								0,
								0
							],
							"uv": [
								183,
								82
							]
						},
						{
							"origin": [
								-17,
								21,
								-27
							],
							"size": [
								34,
								18,
								0
							],
							"pivot": [
								0,
								21.5,
								-25
							],
							"rotation": [
								-15,
								0,
								0
							],
							"uv": [
								445,
								344
							]
						},
						{
							"origin": [
								17,
								22,
								-7
							],
							"size": [
								2,
								15,
								4
							],
							"uv": [
								98,
								226
							]
						},
						{
							"origin": [
								17,
								22,
								10
							],
							"size": [
								2,
								15,
								3
							],
							"uv": [
								311,
								125
							]
						},
						{
							"origin": [
								17,
								22,
								13
							],
							"size": [
								2,
								15,
								13
							],
							"uv": [
								483,
								353
							]
						},
						{
							"origin": [
								17,
								22,
								-3
							],
							"size": [
								2,
								15,
								13
							],
							"uv": [
								483,
								353
							]
						},
						{
							"origin": [
								-19,
								22,
								-3
							],
							"size": [
								2,
								15,
								13
							],
							"uv": [
								483,
								353
							]
						},
						{
							"origin": [
								-19,
								22,
								13
							],
							"size": [
								2,
								15,
								13
							],
							"uv": [
								483,
								353
							]
						},
						{
							"origin": [
								-19,
								22,
								30
							],
							"size": [
								2,
								15,
								13
							],
							"uv": [
								483,
								353
							]
						},
						{
							"origin": [
								17,
								22,
								30
							],
							"size": [
								2,
								15,
								13
							],
							"uv": [
								483,
								353
							]
						},
						{
							"origin": [
								18,
								22,
								26
							],
							"size": [
								1,
								15,
								4
							],
							"uv": [
								227,
								105
							]
						},
						{
							"origin": [
								17,
								22,
								43
							],
							"size": [
								2,
								15,
								8
							],
							"uv": [
								136,
								84
							]
						},
						{
							"origin": [
								-19,
								21,
								-27
							],
							"size": [
								2,
								18,
								4
							],
							"pivot": [
								0,
								21.5,
								-25
							],
							"rotation": [
								-15,
								0,
								0
							],
							"uv": [
								196,
								71
							]
						},
						{
							"origin": [
								-19,
								22,
								-7
							],
							"size": [
								2,
								15,
								4
							],
							"uv": [
								158,
								115
							]
						},
						{
							"origin": [
								-19,
								22,
								10
							],
							"size": [
								2,
								15,
								3
							],
							"uv": [
								188,
								114
							]
						},
						{
							"origin": [
								-19,
								22,
								26
							],
							"size": [
								2,
								15,
								4
							],
							"uv": [
								103,
								155
							]
						},
						{
							"origin": [
								-19,
								22,
								43
							],
							"size": [
								2,
								15,
								8
							],
							"uv": [
								138,
								108
							]
						},
						{
							"origin": [
								13,
								15,
								-43
							],
							"size": [
								6,
								6,
								20
							],
							"uv": [
								0,
								37
							]
						},
						{
							"origin": [
								15,
								15,
								17
							],
							"size": [
								4,
								4,
								20
							],
							"uv": [
								0,
								139
							]
						},
						{
							"origin": [
								-19,
								15,
								17
							],
							"size": [
								4,
								4,
								20
							],
							"uv": [
								0,
								139
							]
						},
						{
							"origin": [
								14,
								8,
								17
							],
							"size": [
								1,
								6,
								20
							],
							"uv": [
								0,
								0
							]
						},
						{
							"origin": [
								14,
								9,
								17
							],
							"size": [
								1,
								6,
								20
							],
							"uv": [
								0,
								0
							]
						},
						{
							"origin": [
								-15,
								8,
								17
							],
							"size": [
								1,
								6,
								20
							],
							"uv": [
								0,
								0
							]
						},
						{
							"origin": [
								-15,
								15,
								-3
							],
							"size": [
								2,
								11,
								52
							],
							"uv": [
								315,
								427
							]
						},
						{
							"origin": [
								14,
								15,
								-3
							],
							"size": [
								2,
								11,
								52
							],
							"uv": [
								405,
								379
							]
						},
						{
							"origin": [
								15,
								4,
								35
							],
							"size": [
								1,
								11,
								2
							],
							"uv": [
								0,
								0
							]
						},
						{
							"origin": [
								-19,
								4,
								35
							],
							"size": [
								1,
								11,
								2
							],
							"uv": [
								103,
								180
							]
						},
						{
							"origin": [
								15,
								8,
								17
							],
							"size": [
								1,
								7,
								2
							],
							"uv": [
								0,
								0
							]
						},
						{
							"origin": [
								-19,
								8,
								17
							],
							"size": [
								1,
								7,
								2
							],
							"uv": [
								106,
								324
							]
						},
						{
							"origin": [
								16,
								4,
								35
							],
							"size": [
								3,
								11,
								2
							],
							"uv": [
								243,
								116
							]
						},
						{
							"origin": [
								-18,
								4,
								35
							],
							"size": [
								3,
								11,
								2
							],
							"uv": [
								0,
								0
							]
						},
						{
							"origin": [
								16,
								8,
								17
							],
							"size": [
								3,
								7,
								2
							],
							"uv": [
								238,
								305
							]
						},
						{
							"origin": [
								-18,
								8,
								17
							],
							"size": [
								3,
								7,
								2
							],
							"uv": [
								106,
								324
							]
						},
						{
							"origin": [
								-19,
								15,
								-43
							],
							"size": [
								6,
								6,
								20
							],
							"uv": [
								0,
								37
							]
						},
						{
							"origin": [
								13,
								11.91025,
								-30.70096
							],
							"size": [
								6,
								5,
								14
							],
							"pivot": [
								16,
								13.41025,
								-26.70096
							],
							"rotation": [
								-60,
								0,
								0
							],
							"uv": [
								170,
								350
							]
						},
						{
							"origin": [
								-19,
								11.91025,
								-30.70096
							],
							"size": [
								6,
								5,
								14
							],
							"pivot": [
								13,
								13.41025,
								-26.70096
							],
							"rotation": [
								-60,
								0,
								0
							],
							"uv": [
								148,
								132
							]
						},
						{
							"origin": [
								17,
								4,
								-23
							],
							"size": [
								2,
								4,
								42
							],
							"uv": [
								196,
								240
							]
						},
						{
							"origin": [
								-19,
								4,
								-23
							],
							"size": [
								2,
								4,
								42
							],
							"uv": [
								196,
								240
							]
						},
						{
							"origin": [
								-17,
								14,
								-1
							],
							"size": [
								2,
								4,
								42
							],
							"uv": [
								156,
								112
							]
						},
						{
							"origin": [
								-19,
								8,
								-14
							],
							"size": [
								2,
								12,
								5
							],
							"uv": [
								498,
								161
							]
						},
						{
							"origin": [
								17,
								8,
								-14
							],
							"size": [
								2,
								12,
								5
							],
							"uv": [
								163,
								305
							]
						},
						{
							"origin": [
								-19,
								18.27465,
								-11.50955
							],
							"size": [
								2,
								3,
								3
							],
							"pivot": [
								-18,
								19.77465,
								-11.50955
							],
							"rotation": [
								15,
								0,
								0
							],
							"uv": [
								502,
								179
							]
						},
						{
							"origin": [
								17,
								18.27465,
								-11.50955
							],
							"size": [
								2,
								3,
								3
							],
							"pivot": [
								18,
								19.77465,
								-11.50955
							],
							"rotation": [
								15,
								0,
								0
							],
							"uv": [
								502,
								179
							]
						},
						{
							"origin": [
								-19,
								16.9245,
								-13.74585
							],
							"size": [
								2,
								3,
								3
							],
							"pivot": [
								-18,
								18.4245,
								-13.74585
							],
							"rotation": [
								30,
								0,
								0
							],
							"uv": [
								502,
								185
							]
						},
						{
							"origin": [
								17,
								16.9245,
								-13.74585
							],
							"size": [
								2,
								3,
								3
							],
							"pivot": [
								18,
								18.4245,
								-13.74585
							],
							"rotation": [
								30,
								0,
								0
							],
							"uv": [
								502,
								185
							]
						},
						{
							"origin": [
								17,
								8,
								-9
							],
							"size": [
								2,
								14,
								26
							],
							"uv": [
								56,
								99
							]
						},
						{
							"origin": [
								-19,
								8,
								-9
							],
							"size": [
								2,
								14,
								26
							],
							"uv": [
								0,
								99
							]
						},
						{
							"origin": [
								17,
								19,
								17
							],
							"size": [
								2,
								3,
								20
							],
							"uv": [
								24,
								247
							]
						},
						{
							"origin": [
								-19,
								19,
								17
							],
							"size": [
								2,
								3,
								20
							],
							"uv": [
								0,
								227
							]
						},
						{
							"origin": [
								17,
								4,
								37
							],
							"size": [
								2,
								18,
								15
							],
							"uv": [
								34,
								163
							]
						},
						{
							"origin": [
								-19,
								4,
								37
							],
							"size": [
								2,
								18,
								15
							],
							"uv": [
								0,
								163
							]
						},
						{
							"origin": [
								-17,
								8,
								49
							],
							"size": [
								9,
								29,
								3
							],
							"uv": [
								112,
								107
							]
						},
						{
							"origin": [
								8,
								8,
								49
							],
							"size": [
								9,
								29,
								3
							],
							"uv": [
								112,
								75
							]
						},
						{
							"origin": [
								-17,
								4,
								-23
							],
							"size": [
								34,
								4,
								42
							],
							"uv": [
								86,
								245
							]
						},
						{
							"origin": [
								-15,
								4,
								19
							],
							"size": [
								30,
								4,
								18
							],
							"uv": [
								136,
								192
							]
						},
						{
							"origin": [
								-17,
								4,
								37
							],
							"size": [
								34,
								4,
								15
							],
							"uv": [
								238,
								286
							]
						},
						{
							"origin": [
								-17,
								8,
								-13
							],
							"size": [
								34,
								6,
								10
							],
							"uv": [
								316,
								382
							]
						},
						{
							"origin": [
								-2,
								9,
								-24
							],
							"size": [
								4,
								6,
								20
							],
							"uv": [
								388,
								438
							]
						},
						{
							"origin": [
								-14,
								8,
								-3
							],
							"size": [
								6,
								7,
								53
							],
							"uv": [
								316,
								413
							]
						},
						{
							"origin": [
								8,
								8,
								-4
							],
							"size": [
								6,
								7,
								53
							],
							"uv": [
								372,
								445
							]
						},
						{
							"origin": [
								2,
								14,
								-5
							],
							"size": [
								15,
								12,
								2
							],
							"uv": [
								402,
								460
							]
						},
						{
							"origin": [
								-17,
								14,
								-5
							],
							"size": [
								15,
								12,
								2
							],
							"uv": [
								402,
								460
							]
						},
						{
							"origin": [
								-20,
								37,
								-24
							],
							"size": [
								40,
								2,
								76
							],
							"uv": [
								0,
								294
							]
						},
						{
							"origin": [
								-19.98895,
								38.74692,
								-24
							],
							"size": [
								5,
								2,
								76
							],
							"pivot": [
								0.01105,
								39.74692,
								14
							],
							"rotation": [
								0,
								0,
								-5
							],
							"uv": [
								0,
								216
							]
						},
						{
							"origin": [
								14.85576,
								35.69647,
								-24
							],
							"size": [
								5,
								2,
								76
							],
							"pivot": [
								34.85576,
								36.69647,
								14
							],
							"rotation": [
								0,
								0,
								5
							],
							"uv": [
								0,
								216
							]
						},
						{
							"origin": [
								-15.01903,
								38.43578,
								-24
							],
							"size": [
								30,
								1,
								76
							],
							"uv": [
								0,
								139
							]
						}
					]
				},
				{
					"name": "steer",
					"parent": "body",
					"pivot": [
						8,
						18.2953,
						-21.67869
					],
					"cubes": [
						{
							"origin": [
								4,
								13.2953,
								-20.17869
							],
							"size": [
								8,
								8,
								0
							],
							"pivot": [
								0,
								19.7953,
								-24.17869
							],
							"rotation": [
								25,
								0,
								0
							],
							"uv": [
								496,
								0
							]
						},
						{
							"origin": [
								7,
								16.2953,
								-22.17869
							],
							"size": [
								2,
								2,
								2
							],
							"pivot": [
								0,
								19.7953,
								-24.17869
							],
							"rotation": [
								25,
								0,
								0
							],
							"uv": [
								0,
								266
							]
						}
					]
				},
				{
					"name": "leg0",
					"parent": "jeep",
					"pivot": [
						0,
						7.5,
						-34
					],
					"cubes": [
						{
							"origin": [
								-18,
								0,
								-36
							],
							"size": [
								5,
								1,
								4
							],
							"uv": [
								27,
								453
							]
						},
						{
							"origin": [
								13,
								0,
								-36
							],
							"size": [
								5,
								1,
								4
							],
							"uv": [
								27,
								453
							]
						},
						{
							"origin": [
								-18,
								1,
								-36
							],
							"size": [
								5,
								1,
								4
							],
							"uv": [
								27,
								453
							]
						},
						{
							"origin": [
								13,
								1,
								-36
							],
							"size": [
								5,
								1,
								4
							],
							"uv": [
								27,
								453
							]
						},
						{
							"origin": [
								-18,
								2,
								-36
							],
							"size": [
								5,
								1,
								4
							],
							"uv": [
								27,
								453
							]
						},
						{
							"origin": [
								13,
								2,
								-36
							],
							"size": [
								5,
								1,
								4
							],
							"uv": [
								27,
								453
							]
						},
						{
							"origin": [
								-18,
								0.93301,
								-39.48205
							],
							"size": [
								5,
								1,
								4
							],
							"pivot": [
								-15.5,
								1.43301,
								-37.48205
							],
							"rotation": [
								-30,
								0,
								0
							],
							"uv": [
								27,
								453
							]
						},
						{
							"origin": [
								13,
								0.93301,
								-39.48205
							],
							"size": [
								5,
								1,
								4
							],
							"pivot": [
								15.5,
								1.43301,
								-37.48205
							],
							"rotation": [
								-30,
								0,
								0
							],
							"uv": [
								27,
								453
							]
						},
						{
							"origin": [
								-18,
								1.93301,
								-39.48205
							],
							"size": [
								5,
								1,
								4
							],
							"pivot": [
								-15.5,
								1.43301,
								-37.48205
							],
							"rotation": [
								-30,
								0,
								0
							],
							"uv": [
								27,
								453
							]
						},
						{
							"origin": [
								13,
								1.93301,
								-39.48205
							],
							"size": [
								5,
								1,
								4
							],
							"pivot": [
								15.5,
								1.43301,
								-37.48205
							],
							"rotation": [
								-30,
								0,
								0
							],
							"uv": [
								27,
								453
							]
						},
						{
							"origin": [
								-18,
								12.99519,
								-32.51795
							],
							"size": [
								5,
								1,
								4
							],
							"pivot": [
								-15.5,
								13.49519,
								-30.51795
							],
							"rotation": [
								-30,
								0,
								0
							],
							"uv": [
								27,
								453
							]
						},
						{
							"origin": [
								13,
								12.99519,
								-32.51795
							],
							"size": [
								5,
								1,
								4
							],
							"pivot": [
								15.5,
								13.49519,
								-30.51795
							],
							"rotation": [
								-30,
								0,
								0
							],
							"uv": [
								27,
								453
							]
						},
						{
							"origin": [
								-18,
								11.99519,
								-32.51795
							],
							"size": [
								5,
								1,
								4
							],
							"pivot": [
								-15.5,
								13.49519,
								-30.51795
							],
							"rotation": [
								-30,
								0,
								0
							],
							"uv": [
								27,
								453
							]
						},
						{
							"origin": [
								13,
								11.99519,
								-32.51795
							],
							"size": [
								5,
								1,
								4
							],
							"pivot": [
								15.5,
								13.49519,
								-30.51795
							],
							"rotation": [
								-30,
								0,
								0
							],
							"uv": [
								27,
								453
							]
						},
						{
							"origin": [
								-18,
								0.93301,
								-32.51795
							],
							"size": [
								5,
								1,
								4
							],
							"pivot": [
								-15.5,
								1.43301,
								-30.51795
							],
							"rotation": [
								30,
								0,
								0
							],
							"uv": [
								27,
								453
							]
						},
						{
							"origin": [
								13,
								0.93301,
								-32.51795
							],
							"size": [
								5,
								1,
								4
							],
							"pivot": [
								15.5,
								1.43301,
								-30.51795
							],
							"rotation": [
								30,
								0,
								0
							],
							"uv": [
								27,
								453
							]
						},
						{
							"origin": [
								-18,
								1.93301,
								-32.51795
							],
							"size": [
								5,
								1,
								4
							],
							"pivot": [
								-15.5,
								1.43301,
								-30.51795
							],
							"rotation": [
								30,
								0,
								0
							],
							"uv": [
								27,
								453
							]
						},
						{
							"origin": [
								13,
								1.93301,
								-32.51795
							],
							"size": [
								5,
								1,
								4
							],
							"pivot": [
								15.5,
								1.43301,
								-30.51795
							],
							"rotation": [
								30,
								0,
								0
							],
							"uv": [
								27,
								453
							]
						},
						{
							"origin": [
								-18,
								3.48205,
								-29.96891
							],
							"size": [
								5,
								1,
								4
							],
							"pivot": [
								-15.5,
								3.98205,
								-27.96891
							],
							"rotation": [
								60,
								0,
								0
							],
							"uv": [
								27,
								453
							]
						},
						{
							"origin": [
								13,
								3.48205,
								-29.96891
							],
							"size": [
								5,
								1,
								4
							],
							"pivot": [
								15.5,
								3.98205,
								-27.96891
							],
							"rotation": [
								60,
								0,
								0
							],
							"uv": [
								27,
								453
							]
						},
						{
							"origin": [
								-18,
								4.48205,
								-29.96891
							],
							"size": [
								5,
								1,
								4
							],
							"pivot": [
								-15.5,
								3.98205,
								-27.96891
							],
							"rotation": [
								60,
								0,
								0
							],
							"uv": [
								27,
								453
							]
						},
						{
							"origin": [
								13,
								4.48205,
								-29.96891
							],
							"size": [
								5,
								1,
								4
							],
							"pivot": [
								15.5,
								3.98205,
								-27.96891
							],
							"rotation": [
								60,
								0,
								0
							],
							"uv": [
								27,
								453
							]
						},
						{
							"origin": [
								-18,
								10.44615,
								-29.96891
							],
							"size": [
								5,
								1,
								4
							],
							"pivot": [
								-15.5,
								10.94615,
								-27.96891
							],
							"rotation": [
								-60,
								0,
								0
							],
							"uv": [
								27,
								453
							]
						},
						{
							"origin": [
								13,
								10.44615,
								-29.96891
							],
							"size": [
								5,
								1,
								4
							],
							"pivot": [
								15.5,
								10.94615,
								-27.96891
							],
							"rotation": [
								-60,
								0,
								0
							],
							"uv": [
								27,
								453
							]
						},
						{
							"origin": [
								-18,
								9.44615,
								-29.96891
							],
							"size": [
								5,
								1,
								4
							],
							"pivot": [
								-15.5,
								10.94615,
								-27.96891
							],
							"rotation": [
								-60,
								0,
								0
							],
							"uv": [
								27,
								453
							]
						},
						{
							"origin": [
								13,
								9.44615,
								-29.96891
							],
							"size": [
								5,
								1,
								4
							],
							"pivot": [
								15.5,
								10.94615,
								-27.96891
							],
							"rotation": [
								-60,
								0,
								0
							],
							"uv": [
								27,
								453
							]
						},
						{
							"origin": [
								-18,
								3.48205,
								-42.03109
							],
							"size": [
								5,
								1,
								4
							],
							"pivot": [
								-15.5,
								3.98205,
								-40.03109
							],
							"rotation": [
								-60,
								0,
								0
							],
							"uv": [
								27,
								453
							]
						},
						{
							"origin": [
								13,
								3.48205,
								-42.03109
							],
							"size": [
								5,
								1,
								4
							],
							"pivot": [
								15.5,
								3.98205,
								-40.03109
							],
							"rotation": [
								-60,
								0,
								0
							],
							"uv": [
								27,
								453
							]
						},
						{
							"origin": [
								-18,
								4.48205,
								-42.03109
							],
							"size": [
								5,
								1,
								4
							],
							"pivot": [
								-15.5,
								3.98205,
								-40.03109
							],
							"rotation": [
								-60,
								0,
								0
							],
							"uv": [
								27,
								453
							]
						},
						{
							"origin": [
								13,
								4.48205,
								-42.03109
							],
							"size": [
								5,
								1,
								4
							],
							"pivot": [
								15.5,
								3.98205,
								-40.03109
							],
							"rotation": [
								-60,
								0,
								0
							],
							"uv": [
								27,
								453
							]
						},
						{
							"origin": [
								-18,
								13.9282,
								-36
							],
							"size": [
								5,
								1,
								4
							],
							"uv": [
								27,
								453
							]
						},
						{
							"origin": [
								13,
								13.9282,
								-36
							],
							"size": [
								5,
								1,
								4
							],
							"uv": [
								27,
								453
							]
						},
						{
							"origin": [
								-18,
								12.9282,
								-36
							],
							"size": [
								5,
								1,
								4
							],
							"uv": [
								27,
								453
							]
						},
						{
							"origin": [
								13,
								12.9282,
								-36
							],
							"size": [
								5,
								1,
								4
							],
							"uv": [
								27,
								453
							]
						},
						{
							"origin": [
								-18,
								11.9282,
								-36
							],
							"size": [
								5,
								1,
								4
							],
							"uv": [
								27,
								453
							]
						},
						{
							"origin": [
								13,
								11.9282,
								-36
							],
							"size": [
								5,
								1,
								4
							],
							"uv": [
								27,
								453
							]
						},
						{
							"origin": [
								-18,
								2.5,
								-39
							],
							"size": [
								5,
								10,
								10
							],
							"inflate": 0.01,
							"uv": [
								27,
								453
							],
							"mirror": true
						},
						{
							"origin": [
								13,
								2,
								-39
							],
							"size": [
								5,
								10,
								10
							],
							"inflate": 0.01,
							"uv": [
								27,
								453
							]
						},
						{
							"origin": [
								-18,
								5.4641,
								-41.4641
							],
							"size": [
								5,
								4,
								1
							],
							"uv": [
								27,
								453
							]
						},
						{
							"origin": [
								13,
								5.4641,
								-41.4641
							],
							"size": [
								5,
								4,
								1
							],
							"uv": [
								27,
								453
							]
						},
						{
							"origin": [
								-18,
								5.4641,
								-40.4641
							],
							"size": [
								5,
								4,
								1
							],
							"uv": [
								27,
								453
							]
						},
						{
							"origin": [
								13,
								5.4641,
								-40.4641
							],
							"size": [
								5,
								4,
								1
							],
							"uv": [
								27,
								453
							]
						},
						{
							"origin": [
								-18,
								5.4641,
								-39.4641
							],
							"size": [
								5,
								4,
								1
							],
							"uv": [
								27,
								453
							]
						},
						{
							"origin": [
								13,
								5.4641,
								-39.4641
							],
							"size": [
								5,
								4,
								1
							],
							"uv": [
								27,
								453
							]
						},
						{
							"origin": [
								-18,
								5.4641,
								-27.5359
							],
							"size": [
								5,
								4,
								1
							],
							"uv": [
								27,
								453
							]
						},
						{
							"origin": [
								13,
								5.4641,
								-27.5359
							],
							"size": [
								5,
								4,
								1
							],
							"uv": [
								27,
								453
							]
						},
						{
							"origin": [
								-18,
								5.4641,
								-28.5359
							],
							"size": [
								5,
								4,
								1
							],
							"uv": [
								27,
								453
							]
						},
						{
							"origin": [
								13,
								5.4641,
								-28.5359
							],
							"size": [
								5,
								4,
								1
							],
							"uv": [
								27,
								453
							]
						},
						{
							"origin": [
								-18,
								5.4641,
								-29.5359
							],
							"size": [
								5,
								4,
								1
							],
							"uv": [
								27,
								453
							]
						},
						{
							"origin": [
								13,
								5.4641,
								-29.5359
							],
							"size": [
								5,
								4,
								1
							],
							"uv": [
								27,
								453
							]
						},
						{
							"origin": [
								-18,
								8.94615,
								-39.53109
							],
							"size": [
								5,
								4,
								1
							],
							"pivot": [
								-15.5,
								10.94615,
								-40.03109
							],
							"rotation": [
								-30,
								0,
								0
							],
							"uv": [
								27,
								453
							]
						},
						{
							"origin": [
								13,
								8.94615,
								-39.53109
							],
							"size": [
								5,
								4,
								1
							],
							"pivot": [
								15.5,
								10.94615,
								-40.03109
							],
							"rotation": [
								-30,
								0,
								0
							],
							"uv": [
								27,
								453
							]
						},
						{
							"origin": [
								-18,
								8.94615,
								-38.53109
							],
							"size": [
								5,
								4,
								1
							],
							"pivot": [
								-15.5,
								10.94615,
								-40.03109
							],
							"rotation": [
								-30,
								0,
								0
							],
							"uv": [
								27,
								453
							]
						},
						{
							"origin": [
								13,
								8.94615,
								-38.53109
							],
							"size": [
								5,
								4,
								1
							],
							"pivot": [
								15.5,
								10.94615,
								-40.03109
							],
							"rotation": [
								-30,
								0,
								0
							],
							"uv": [
								27,
								453
							]
						},
						{
							"origin": [
								-18,
								8.94615,
								-40.53109
							],
							"size": [
								5,
								4,
								1
							],
							"pivot": [
								-15.5,
								10.94615,
								-40.03109
							],
							"rotation": [
								-30,
								0,
								0
							],
							"uv": [
								27,
								453
							]
						},
						{
							"origin": [
								13,
								8.94615,
								-40.53109
							],
							"size": [
								5,
								4,
								1
							],
							"pivot": [
								15.5,
								10.94615,
								-40.03109
							],
							"rotation": [
								-30,
								0,
								0
							],
							"uv": [
								27,
								453
							]
						},
						{
							"origin": [
								-18,
								11.49519,
								-37.98205
							],
							"size": [
								5,
								4,
								1
							],
							"pivot": [
								-15.5,
								13.49519,
								-37.48205
							],
							"rotation": [
								-60,
								0,
								0
							],
							"uv": [
								27,
								453
							]
						},
						{
							"origin": [
								13,
								11.49519,
								-37.98205
							],
							"size": [
								5,
								4,
								1
							],
							"pivot": [
								15.5,
								13.49519,
								-37.48205
							],
							"rotation": [
								-60,
								0,
								0
							],
							"uv": [
								27,
								453
							]
						},
						{
							"origin": [
								-18,
								11.49519,
								-36.98205
							],
							"size": [
								5,
								4,
								1
							],
							"pivot": [
								-15.5,
								13.49519,
								-37.48205
							],
							"rotation": [
								-60,
								0,
								0
							],
							"uv": [
								27,
								453
							]
						},
						{
							"origin": [
								13,
								11.49519,
								-36.98205
							],
							"size": [
								5,
								4,
								1
							],
							"pivot": [
								15.5,
								13.49519,
								-37.48205
							],
							"rotation": [
								-60,
								0,
								0
							],
							"uv": [
								27,
								453
							]
						}
					]
				},
				{
					"name": "leg1",
					"parent": "jeep",
					"pivot": [
						0,
						7.5,
						27
					],
					"cubes": [
						{
							"origin": [
								-18,
								0,
								25
							],
							"size": [
								5,
								1,
								4
							],
							"uv": [
								27,
								453
							]
						},
						{
							"origin": [
								13,
								0,
								25
							],
							"size": [
								5,
								1,
								4
							],
							"uv": [
								27,
								453
							]
						},
						{
							"origin": [
								-18,
								1,
								25
							],
							"size": [
								5,
								1,
								4
							],
							"uv": [
								27,
								453
							]
						},
						{
							"origin": [
								13,
								1,
								25
							],
							"size": [
								5,
								1,
								4
							],
							"uv": [
								27,
								453
							]
						},
						{
							"origin": [
								-18,
								2,
								25
							],
							"size": [
								5,
								1,
								4
							],
							"uv": [
								27,
								453
							]
						},
						{
							"origin": [
								13,
								2,
								25
							],
							"size": [
								5,
								1,
								4
							],
							"uv": [
								27,
								453
							]
						},
						{
							"origin": [
								-18,
								0.93301,
								21.51795
							],
							"size": [
								5,
								1,
								4
							],
							"pivot": [
								-15.5,
								1.43301,
								23.51795
							],
							"rotation": [
								-30,
								0,
								0
							],
							"uv": [
								27,
								453
							]
						},
						{
							"origin": [
								13,
								0.93301,
								21.51795
							],
							"size": [
								5,
								1,
								4
							],
							"pivot": [
								15.5,
								1.43301,
								23.51795
							],
							"rotation": [
								-30,
								0,
								0
							],
							"uv": [
								27,
								453
							]
						},
						{
							"origin": [
								-18,
								1.93301,
								21.51795
							],
							"size": [
								5,
								1,
								4
							],
							"pivot": [
								-15.5,
								1.43301,
								23.51795
							],
							"rotation": [
								-30,
								0,
								0
							],
							"uv": [
								27,
								453
							]
						},
						{
							"origin": [
								13,
								1.93301,
								21.51795
							],
							"size": [
								5,
								1,
								4
							],
							"pivot": [
								15.5,
								1.43301,
								23.51795
							],
							"rotation": [
								-30,
								0,
								0
							],
							"uv": [
								27,
								453
							]
						},
						{
							"origin": [
								-18,
								12.99519,
								28.48205
							],
							"size": [
								5,
								1,
								4
							],
							"pivot": [
								-15.5,
								13.49519,
								30.48205
							],
							"rotation": [
								-30,
								0,
								0
							],
							"uv": [
								27,
								453
							]
						},
						{
							"origin": [
								13,
								12.99519,
								28.48205
							],
							"size": [
								5,
								1,
								4
							],
							"pivot": [
								15.5,
								13.49519,
								30.48205
							],
							"rotation": [
								-30,
								0,
								0
							],
							"uv": [
								27,
								453
							]
						},
						{
							"origin": [
								-18,
								11.99519,
								28.48205
							],
							"size": [
								5,
								1,
								4
							],
							"pivot": [
								-15.5,
								13.49519,
								30.48205
							],
							"rotation": [
								-30,
								0,
								0
							],
							"uv": [
								27,
								453
							]
						},
						{
							"origin": [
								13,
								11.99519,
								28.48205
							],
							"size": [
								5,
								1,
								4
							],
							"pivot": [
								15.5,
								13.49519,
								30.48205
							],
							"rotation": [
								-30,
								0,
								0
							],
							"uv": [
								27,
								453
							]
						},
						{
							"origin": [
								-18,
								0.93301,
								28.48205
							],
							"size": [
								5,
								1,
								4
							],
							"pivot": [
								-15.5,
								1.43301,
								30.48205
							],
							"rotation": [
								30,
								0,
								0
							],
							"uv": [
								27,
								453
							]
						},
						{
							"origin": [
								13,
								0.93301,
								28.48205
							],
							"size": [
								5,
								1,
								4
							],
							"pivot": [
								15.5,
								1.43301,
								30.48205
							],
							"rotation": [
								30,
								0,
								0
							],
							"uv": [
								27,
								453
							]
						},
						{
							"origin": [
								-18,
								1.93301,
								28.48205
							],
							"size": [
								5,
								1,
								4
							],
							"pivot": [
								-15.5,
								1.43301,
								30.48205
							],
							"rotation": [
								30,
								0,
								0
							],
							"uv": [
								27,
								453
							]
						},
						{
							"origin": [
								13,
								1.93301,
								28.48205
							],
							"size": [
								5,
								1,
								4
							],
							"pivot": [
								15.5,
								1.43301,
								30.48205
							],
							"rotation": [
								30,
								0,
								0
							],
							"uv": [
								27,
								453
							]
						},
						{
							"origin": [
								-18,
								3.48205,
								31.03109
							],
							"size": [
								5,
								1,
								4
							],
							"pivot": [
								-15.5,
								3.98205,
								33.03109
							],
							"rotation": [
								60,
								0,
								0
							],
							"uv": [
								27,
								453
							]
						},
						{
							"origin": [
								13,
								3.48205,
								31.03109
							],
							"size": [
								5,
								1,
								4
							],
							"pivot": [
								15.5,
								3.98205,
								33.03109
							],
							"rotation": [
								60,
								0,
								0
							],
							"uv": [
								27,
								453
							]
						},
						{
							"origin": [
								-18,
								4.48205,
								31.03109
							],
							"size": [
								5,
								1,
								4
							],
							"pivot": [
								-15.5,
								3.98205,
								33.03109
							],
							"rotation": [
								60,
								0,
								0
							],
							"uv": [
								27,
								453
							]
						},
						{
							"origin": [
								13,
								4.48205,
								31.03109
							],
							"size": [
								5,
								1,
								4
							],
							"pivot": [
								15.5,
								3.98205,
								33.03109
							],
							"rotation": [
								60,
								0,
								0
							],
							"uv": [
								27,
								453
							]
						},
						{
							"origin": [
								-18,
								10.44615,
								31.03109
							],
							"size": [
								5,
								1,
								4
							],
							"pivot": [
								-15.5,
								10.94615,
								33.03109
							],
							"rotation": [
								-60,
								0,
								0
							],
							"uv": [
								27,
								453
							]
						},
						{
							"origin": [
								13,
								10.44615,
								31.03109
							],
							"size": [
								5,
								1,
								4
							],
							"pivot": [
								15.5,
								10.94615,
								33.03109
							],
							"rotation": [
								-60,
								0,
								0
							],
							"uv": [
								27,
								453
							]
						},
						{
							"origin": [
								-18,
								9.44615,
								31.03109
							],
							"size": [
								5,
								1,
								4
							],
							"pivot": [
								-15.5,
								10.94615,
								33.03109
							],
							"rotation": [
								-60,
								0,
								0
							],
							"uv": [
								27,
								453
							]
						},
						{
							"origin": [
								13,
								9.44615,
								31.03109
							],
							"size": [
								5,
								1,
								4
							],
							"pivot": [
								15.5,
								10.94615,
								33.03109
							],
							"rotation": [
								-60,
								0,
								0
							],
							"uv": [
								27,
								453
							]
						},
						{
							"origin": [
								-18,
								3.48205,
								18.96891
							],
							"size": [
								5,
								1,
								4
							],
							"pivot": [
								-15.5,
								3.98205,
								20.96891
							],
							"rotation": [
								-60,
								0,
								0
							],
							"uv": [
								27,
								453
							]
						},
						{
							"origin": [
								13,
								3.48205,
								18.96891
							],
							"size": [
								5,
								1,
								4
							],
							"pivot": [
								15.5,
								3.98205,
								20.96891
							],
							"rotation": [
								-60,
								0,
								0
							],
							"uv": [
								27,
								453
							]
						},
						{
							"origin": [
								-18,
								4.48205,
								18.96891
							],
							"size": [
								5,
								1,
								4
							],
							"pivot": [
								-15.5,
								3.98205,
								20.96891
							],
							"rotation": [
								-60,
								0,
								0
							],
							"uv": [
								27,
								453
							]
						},
						{
							"origin": [
								13,
								4.48205,
								18.96891
							],
							"size": [
								5,
								1,
								4
							],
							"pivot": [
								15.5,
								3.98205,
								20.96891
							],
							"rotation": [
								-60,
								0,
								0
							],
							"uv": [
								27,
								453
							]
						},
						{
							"origin": [
								-18,
								13.9282,
								25
							],
							"size": [
								5,
								1,
								4
							],
							"uv": [
								27,
								453
							]
						},
						{
							"origin": [
								13,
								13.9282,
								25
							],
							"size": [
								5,
								1,
								4
							],
							"uv": [
								27,
								453
							]
						},
						{
							"origin": [
								-18,
								12.9282,
								25
							],
							"size": [
								5,
								1,
								4
							],
							"uv": [
								27,
								453
							]
						},
						{
							"origin": [
								13,
								12.9282,
								25
							],
							"size": [
								5,
								1,
								4
							],
							"uv": [
								27,
								453
							]
						},
						{
							"origin": [
								-18,
								11.9282,
								25
							],
							"size": [
								5,
								1,
								4
							],
							"uv": [
								27,
								453
							]
						},
						{
							"origin": [
								13,
								11.9282,
								25
							],
							"size": [
								5,
								1,
								4
							],
							"uv": [
								27,
								453
							]
						},
						{
							"origin": [
								-18,
								2.5,
								22
							],
							"size": [
								5,
								10,
								10
							],
							"inflate": 0.01,
							"uv": [
								27,
								453
							],
							"mirror": true
						},
						{
							"origin": [
								13,
								2,
								22
							],
							"size": [
								5,
								10,
								10
							],
							"inflate": 0.01,
							"uv": [
								27,
								453
							]
						},
						{
							"origin": [
								-18,
								5.4641,
								19.5359
							],
							"size": [
								5,
								4,
								1
							],
							"uv": [
								27,
								453
							]
						},
						{
							"origin": [
								13,
								5.4641,
								19.5359
							],
							"size": [
								5,
								4,
								1
							],
							"uv": [
								27,
								453
							]
						},
						{
							"origin": [
								-18,
								5.4641,
								20.5359
							],
							"size": [
								5,
								4,
								1
							],
							"uv": [
								27,
								453
							]
						},
						{
							"origin": [
								13,
								5.4641,
								20.5359
							],
							"size": [
								5,
								4,
								1
							],
							"uv": [
								27,
								453
							]
						},
						{
							"origin": [
								-18,
								5.4641,
								21.5359
							],
							"size": [
								5,
								4,
								1
							],
							"uv": [
								27,
								453
							]
						},
						{
							"origin": [
								13,
								5.4641,
								21.5359
							],
							"size": [
								5,
								4,
								1
							],
							"uv": [
								27,
								453
							]
						},
						{
							"origin": [
								-18,
								5.4641,
								33.4641
							],
							"size": [
								5,
								4,
								1
							],
							"uv": [
								27,
								453
							]
						},
						{
							"origin": [
								13,
								5.4641,
								33.4641
							],
							"size": [
								5,
								4,
								1
							],
							"uv": [
								27,
								453
							]
						},
						{
							"origin": [
								-18,
								5.4641,
								32.4641
							],
							"size": [
								5,
								4,
								1
							],
							"uv": [
								27,
								453
							]
						},
						{
							"origin": [
								13,
								5.4641,
								32.4641
							],
							"size": [
								5,
								4,
								1
							],
							"uv": [
								27,
								453
							]
						},
						{
							"origin": [
								-18,
								5.4641,
								31.4641
							],
							"size": [
								5,
								4,
								1
							],
							"uv": [
								27,
								453
							]
						},
						{
							"origin": [
								13,
								5.4641,
								31.4641
							],
							"size": [
								5,
								4,
								1
							],
							"uv": [
								27,
								453
							]
						},
						{
							"origin": [
								-18,
								8.94615,
								21.46891
							],
							"size": [
								5,
								4,
								1
							],
							"pivot": [
								-15.5,
								10.94615,
								20.96891
							],
							"rotation": [
								-30,
								0,
								0
							],
							"uv": [
								27,
								453
							]
						},
						{
							"origin": [
								13,
								8.94615,
								21.46891
							],
							"size": [
								5,
								4,
								1
							],
							"pivot": [
								15.5,
								10.94615,
								20.96891
							],
							"rotation": [
								-30,
								0,
								0
							],
							"uv": [
								27,
								453
							]
						},
						{
							"origin": [
								-18,
								8.94615,
								22.46891
							],
							"size": [
								5,
								4,
								1
							],
							"pivot": [
								-15.5,
								10.94615,
								20.96891
							],
							"rotation": [
								-30,
								0,
								0
							],
							"uv": [
								27,
								453
							]
						},
						{
							"origin": [
								13,
								8.94615,
								22.46891
							],
							"size": [
								5,
								4,
								1
							],
							"pivot": [
								15.5,
								10.94615,
								20.96891
							],
							"rotation": [
								-30,
								0,
								0
							],
							"uv": [
								27,
								453
							]
						},
						{
							"origin": [
								-18,
								8.94615,
								20.46891
							],
							"size": [
								5,
								4,
								1
							],
							"pivot": [
								-15.5,
								10.94615,
								20.96891
							],
							"rotation": [
								-30,
								0,
								0
							],
							"uv": [
								27,
								453
							]
						},
						{
							"origin": [
								13,
								8.94615,
								20.46891
							],
							"size": [
								5,
								4,
								1
							],
							"pivot": [
								15.5,
								10.94615,
								20.96891
							],
							"rotation": [
								-30,
								0,
								0
							],
							"uv": [
								27,
								453
							]
						},
						{
							"origin": [
								-18,
								11.49519,
								23.01795
							],
							"size": [
								5,
								4,
								1
							],
							"pivot": [
								-15.5,
								13.49519,
								23.51795
							],
							"rotation": [
								-60,
								0,
								0
							],
							"uv": [
								27,
								453
							]
						},
						{
							"origin": [
								13,
								11.49519,
								23.01795
							],
							"size": [
								5,
								4,
								1
							],
							"pivot": [
								15.5,
								13.49519,
								23.51795
							],
							"rotation": [
								-60,
								0,
								0
							],
							"uv": [
								27,
								453
							]
						},
						{
							"origin": [
								-18,
								11.49519,
								24.01795
							],
							"size": [
								5,
								4,
								1
							],
							"pivot": [
								-15.5,
								13.49519,
								23.51795
							],
							"rotation": [
								-60,
								0,
								0
							],
							"uv": [
								27,
								453
							]
						},
						{
							"origin": [
								13,
								11.49519,
								24.01795
							],
							"size": [
								5,
								4,
								1
							],
							"pivot": [
								15.5,
								13.49519,
								23.51795
							],
							"rotation": [
								-60,
								0,
								0
							],
							"uv": [
								27,
								453
							]
						}
					]
				},
				{
					"name": "bone",
					"pivot": [
						7,
						10,
						25
					],
					"cubes": [
						{
							"origin": [
								20,
								18.94615,
								-14.53109
							],
							"size": [
								5,
								4,
								1
							],
							"pivot": [
								22.5,
								20.94615,
								-15.03109
							],
							"rotation": [
								-30,
								0,
								0
							],
							"uv": [
								27,
								453
							]
						},
						{
							"origin": [
								20,
								15.4641,
								-14.4641
							],
							"size": [
								5,
								4,
								1
							],
							"uv": [
								27,
								453
							]
						},
						{
							"origin": [
								20,
								15.4641,
								-15.4641
							],
							"size": [
								5,
								4,
								1
							],
							"uv": [
								27,
								453
							]
						},
						{
							"origin": [
								20,
								15.4641,
								-16.4641
							],
							"size": [
								5,
								4,
								1
							],
							"uv": [
								27,
								453
							]
						},
						{
							"origin": [
								20,
								18.94615,
								-15.53109
							],
							"size": [
								5,
								4,
								1
							],
							"pivot": [
								22.5,
								20.94615,
								-15.03109
							],
							"rotation": [
								-30,
								0,
								0
							],
							"uv": [
								27,
								453
							]
						},
						{
							"origin": [
								20,
								21.49519,
								-12.98205
							],
							"size": [
								5,
								4,
								1
							],
							"pivot": [
								22.5,
								23.49519,
								-12.48205
							],
							"rotation": [
								-60,
								0,
								0
							],
							"uv": [
								27,
								453
							]
						},
						{
							"origin": [
								20,
								21.49519,
								-11.98205
							],
							"size": [
								5,
								4,
								1
							],
							"pivot": [
								22.5,
								23.49519,
								-12.48205
							],
							"rotation": [
								-60,
								0,
								0
							],
							"uv": [
								27,
								453
							]
						},
						{
							"origin": [
								20,
								22.9282,
								-11
							],
							"size": [
								5,
								1,
								4
							],
							"uv": [
								27,
								453
							]
						},
						{
							"origin": [
								20,
								23.9282,
								-11
							],
							"size": [
								5,
								1,
								4
							],
							"uv": [
								27,
								453
							]
						},
						{
							"origin": [
								20,
								22.99519,
								-7.51795
							],
							"size": [
								5,
								1,
								4
							],
							"pivot": [
								22.5,
								23.49519,
								-5.51795
							],
							"rotation": [
								-30,
								0,
								0
							],
							"uv": [
								27,
								453
							]
						},
						{
							"origin": [
								20,
								21.99519,
								-7.51795
							],
							"size": [
								5,
								1,
								4
							],
							"pivot": [
								22.5,
								23.49519,
								-5.51795
							],
							"rotation": [
								-30,
								0,
								0
							],
							"uv": [
								27,
								453
							]
						},
						{
							"origin": [
								20,
								21.9282,
								-11
							],
							"size": [
								5,
								1,
								4
							],
							"uv": [
								27,
								453
							]
						},
						{
							"origin": [
								20,
								20.44615,
								-4.96891
							],
							"size": [
								5,
								1,
								4
							],
							"pivot": [
								22.5,
								20.94615,
								-2.96891
							],
							"rotation": [
								-60,
								0,
								0
							],
							"uv": [
								27,
								453
							]
						},
						{
							"origin": [
								20,
								19.44615,
								-4.96891
							],
							"size": [
								5,
								1,
								4
							],
							"pivot": [
								22.5,
								20.94615,
								-2.96891
							],
							"rotation": [
								-60,
								0,
								0
							],
							"uv": [
								27,
								453
							]
						},
						{
							"origin": [
								20,
								15.4641,
								-3.5359
							],
							"size": [
								5,
								4,
								1
							],
							"uv": [
								27,
								453
							]
						},
						{
							"origin": [
								20,
								15.4641,
								-4.5359
							],
							"size": [
								5,
								4,
								1
							],
							"uv": [
								27,
								453
							]
						},
						{
							"origin": [
								20,
								15.4641,
								-2.5359
							],
							"size": [
								5,
								4,
								1
							],
							"uv": [
								27,
								453
							]
						},
						{
							"origin": [
								20,
								13.48205,
								-4.96891
							],
							"size": [
								5,
								1,
								4
							],
							"pivot": [
								22.5,
								13.98205,
								-2.96891
							],
							"rotation": [
								60,
								0,
								0
							],
							"uv": [
								27,
								453
							]
						},
						{
							"origin": [
								20,
								14.48205,
								-4.96891
							],
							"size": [
								5,
								1,
								4
							],
							"pivot": [
								22.5,
								13.98205,
								-2.96891
							],
							"rotation": [
								60,
								0,
								0
							],
							"uv": [
								27,
								453
							]
						},
						{
							"origin": [
								20,
								10.93301,
								-7.51795
							],
							"size": [
								5,
								1,
								4
							],
							"pivot": [
								22.5,
								11.43301,
								-5.51795
							],
							"rotation": [
								30,
								0,
								0
							],
							"uv": [
								27,
								453
							]
						},
						{
							"origin": [
								20,
								11,
								-11
							],
							"size": [
								5,
								1,
								4
							],
							"uv": [
								27,
								453
							]
						},
						{
							"origin": [
								20,
								10,
								-11
							],
							"size": [
								5,
								1,
								4
							],
							"uv": [
								27,
								453
							]
						},
						{
							"origin": [
								20,
								11.93301,
								-7.51795
							],
							"size": [
								5,
								1,
								4
							],
							"pivot": [
								22.5,
								11.43301,
								-5.51795
							],
							"rotation": [
								30,
								0,
								0
							],
							"uv": [
								27,
								453
							]
						},
						{
							"origin": [
								20,
								12,
								-11
							],
							"size": [
								5,
								1,
								4
							],
							"uv": [
								27,
								453
							]
						},
						{
							"origin": [
								20,
								14.48205,
								-17.03109
							],
							"size": [
								5,
								1,
								4
							],
							"pivot": [
								22.5,
								13.98205,
								-15.03109
							],
							"rotation": [
								-60,
								0,
								0
							],
							"uv": [
								27,
								453
							]
						},
						{
							"origin": [
								20,
								13.48205,
								-17.03109
							],
							"size": [
								5,
								1,
								4
							],
							"pivot": [
								22.5,
								13.98205,
								-15.03109
							],
							"rotation": [
								-60,
								0,
								0
							],
							"uv": [
								27,
								453
							]
						},
						{
							"origin": [
								20,
								10.93301,
								-14.48205
							],
							"size": [
								5,
								1,
								4
							],
							"pivot": [
								22.5,
								11.43301,
								-12.48205
							],
							"rotation": [
								-30,
								0,
								0
							],
							"uv": [
								27,
								453
							]
						},
						{
							"origin": [
								20,
								11.93301,
								-14.48205
							],
							"size": [
								5,
								1,
								4
							],
							"pivot": [
								22.5,
								11.43301,
								-12.48205
							],
							"rotation": [
								-30,
								0,
								0
							],
							"uv": [
								27,
								453
							]
						},
						{
							"origin": [
								20,
								12,
								-14
							],
							"size": [
								5,
								10,
								10
							],
							"inflate": 0.01,
							"uv": [
								27,
								453
							]
						}
					]
				}
			]
		}
	]
}