{
	"format_version": "1.12.0",
	"minecraft:geometry": [
		{
			"description": {
				"identifier": "geometry.limmo",
				"texture_width": 512,
				"texture_height": 512,
				"visible_bounds_width": 10,
				"visible_bounds_height": 5.5,
				"visible_bounds_offset": [
					0,
					1.25,
					0
				]
			},
			"bones": [
				{
					"name": "body",
					"pivot": [
						0,
						1,
						0
					],
					"cubes": [
						{
							"origin": [
								-17,
								3,
								-40
							],
							"size": [
								34,
								2,
								72
							],
							"uv": [
								0,
								0
							]
						},
						{
							"origin": [
								-19,
								32,
								-29
							],
							"size": [
								38,
								3,
								57
							],
							"uv": [
								215,
								3
							]
						},
						{
							"origin": [
								-19,
								18,
								12
							],
							"size": [
								2,
								14,
								4
							],
							"uv": [
								68,
								424
							]
						},
						{
							"origin": [
								-19,
								18,
								31
							],
							"size": [
								2,
								10,
								4
							],
							"uv": [
								136,
								424
							]
						},
						{
							"origin": [
								17,
								18,
								31
							],
							"size": [
								2,
								10,
								4
							],
							"uv": [
								124,
								424
							]
						},
						{
							"origin": [
								-19,
								18,
								35
							],
							"size": [
								2,
								6,
								4
							],
							"uv": [
								12,
								442
							]
						},
						{
							"origin": [
								17,
								18,
								35
							],
							"size": [
								2,
								6,
								4
							],
							"uv": [
								0,
								442
							]
						},
						{
							"origin": [
								-19,
								18,
								39
							],
							"size": [
								2,
								2,
								3
							],
							"uv": [
								106,
								468
							]
						},
						{
							"origin": [
								17,
								18,
								39
							],
							"size": [
								2,
								2,
								3
							],
							"uv": [
								96,
								468
							]
						},
						{
							"origin": [
								-19,
								18,
								-20
							],
							"size": [
								2,
								14,
								4
							],
							"uv": [
								56,
								424
							]
						},
						{
							"origin": [
								17,
								18,
								12
							],
							"size": [
								2,
								14,
								4
							],
							"uv": [
								44,
								424
							]
						},
						{
							"origin": [
								17,
								18,
								-20
							],
							"size": [
								2,
								14,
								4
							],
							"uv": [
								32,
								424
							]
						},
						{
							"origin": [
								-19,
								3,
								-40
							],
							"size": [
								2,
								15,
								72
							],
							"uv": [
								148,
								74
							]
						},
						{
							"origin": [
								-17,
								3,
								-16
							],
							"size": [
								10,
								10,
								25
							],
							"uv": [
								98,
								259
							]
						},
						{
							"origin": [
								-19,
								3,
								32
							],
							"size": [
								38,
								15,
								27
							],
							"uv": [
								140,
								161
							]
						},
						{
							"origin": [
								-17,
								5,
								21
							],
							"size": [
								34,
								4,
								11
							],
							"uv": [
								168,
								259
							]
						},
						{
							"origin": [
								-17,
								8,
								30
							],
							"size": [
								31,
								11,
								3
							],
							"pivot": [
								0,
								13,
								31.5
							],
							"rotation": [
								-10,
								0,
								0
							],
							"uv": [
								136,
								294
							]
						},
						{
							"origin": [
								5,
								5,
								-15
							],
							"size": [
								12,
								4,
								36
							],
							"uv": [
								0,
								219
							]
						},
						{
							"origin": [
								13,
								8,
								-15
							],
							"size": [
								3,
								11,
								47
							],
							"pivot": [
								14.5,
								13.5,
								3
							],
							"rotation": [
								0,
								0,
								10
							],
							"uv": [
								270,
								161
							]
						},
						{
							"origin": [
								-20,
								17,
								-48
							],
							"size": [
								1,
								2,
								2
							],
							"uv": [
								188,
								468
							]
						},
						{
							"origin": [
								-21,
								17,
								-48
							],
							"size": [
								1,
								2,
								2
							],
							"uv": [
								188,
								468
							]
						},
						{
							"origin": [
								17,
								17,
								-48
							],
							"size": [
								1,
								2,
								2
							],
							"uv": [
								182,
								468
							]
						},
						{
							"origin": [
								18,
								17,
								-48
							],
							"size": [
								1,
								2,
								2
							],
							"uv": [
								182,
								468
							]
						},
						{
							"origin": [
								-29,
								17,
								-48
							],
							"size": [
								9,
								5,
								2
							],
							"pivot": [
								-20.5,
								19.5,
								-47
							],
							"rotation": [
								0,
								30,
								0
							],
							"uv": [
								80,
								431
							]
						},
						{
							"origin": [
								18,
								17,
								-48
							],
							"size": [
								9,
								5,
								2
							],
							"pivot": [
								18.5,
								19.5,
								-47
							],
							"rotation": [
								0,
								-30,
								0
							],
							"uv": [
								80,
								424
							]
						},
						{
							"origin": [
								-19,
								3,
								-72
							],
							"size": [
								38,
								15,
								32
							],
							"uv": [
								0,
								161
							]
						},
						{
							"origin": [
								-19,
								3,
								-64
							],
							"size": [
								5,
								13,
								16
							],
							"uv": [
								42,
								353
							]
						},
						{
							"origin": [
								-19,
								3,
								35.1
							],
							"size": [
								5,
								13,
								16
							],
							"uv": [
								74,
								324
							]
						},
						{
							"origin": [
								14,
								3,
								-64
							],
							"size": [
								5,
								13,
								16
							],
							"uv": [
								0,
								353
							]
						},
						{
							"origin": [
								14,
								3,
								35.1
							],
							"size": [
								5,
								13,
								16
							],
							"uv": [
								116,
								324
							]
						},
						{
							"origin": [
								-17,
								10,
								-40
							],
							"size": [
								34,
								8,
								5
							],
							"pivot": [
								0,
								10.5,
								-37.5
							],
							"rotation": [
								25,
								0,
								0
							],
							"uv": [
								0,
								294
							]
						},
						{
							"origin": [
								-9,
								6,
								-73
							],
							"size": [
								18,
								13,
								25
							],
							"uv": [
								96,
								219
							]
						},
						{
							"origin": [
								-20,
								3,
								-74
							],
							"size": [
								40,
								4,
								9
							],
							"uv": [
								0,
								259
							]
						},
						{
							"origin": [
								-20,
								3,
								55
							],
							"size": [
								40,
								4,
								5
							],
							"uv": [
								168,
								274
							]
						},
						{
							"origin": [
								-19,
								22.0901,
								-46.77386
							],
							"size": [
								2,
								24,
								3
							],
							"inflate": -0.0001,
							"pivot": [
								-1,
								19.0901,
								-51.27386
							],
							"rotation": [
								-45,
								0,
								0
							],
							"uv": [
								110,
								397
							]
						},
						{
							"origin": [
								18.995,
								25.0901,
								-43.77386
							],
							"size": [
								0,
								21,
								1
							],
							"inflate": -0.0001,
							"pivot": [
								-1,
								19.0901,
								-51.27386
							],
							"rotation": [
								-45,
								0,
								0
							],
							"uv": [
								370,
								219
							],
							"mirror": true
						},
						{
							"origin": [
								-18.995,
								25.0901,
								-43.77386
							],
							"size": [
								0,
								21,
								1
							],
							"inflate": -0.0001,
							"pivot": [
								-1,
								19.0901,
								-51.27386
							],
							"rotation": [
								-45,
								0,
								0
							],
							"uv": [
								370,
								219
							],
							"mirror": true
						},
						{
							"origin": [
								-17,
								42.0901,
								-46.77386
							],
							"size": [
								34,
								4,
								3
							],
							"pivot": [
								-1,
								19.0901,
								-51.27386
							],
							"rotation": [
								-45,
								0,
								0
							],
							"uv": [
								136,
								308
							]
						},
						{
							"origin": [
								-2,
								43,
								-46
							],
							"size": [
								4,
								1,
								5
							],
							"inflate": -0.01,
							"pivot": [
								-3,
								19,
								-51.5
							],
							"rotation": [
								-45,
								0,
								0
							],
							"uv": [
								148,
								424
							]
						},
						{
							"origin": [
								-5,
								42,
								-41
							],
							"size": [
								10,
								4,
								1
							],
							"pivot": [
								-3,
								19,
								-51.5
							],
							"rotation": [
								-45,
								0,
								0
							],
							"uv": [
								102,
								436
							]
						},
						{
							"origin": [
								-17,
								21.0901,
								-46.77386
							],
							"size": [
								34,
								3,
								3
							],
							"pivot": [
								-1,
								19.0901,
								-51.27386
							],
							"rotation": [
								-45,
								0,
								0
							],
							"uv": [
								0,
								324
							]
						},
						{
							"origin": [
								-19,
								-50,
								13
							],
							"size": [
								2,
								24,
								3
							],
							"inflate": -0.0001,
							"pivot": [
								-1,
								19,
								-51.5
							],
							"rotation": [
								45,
								0,
								0
							],
							"uv": [
								100,
								397
							]
						},
						{
							"origin": [
								17,
								22.0901,
								-46.77386
							],
							"size": [
								2,
								24,
								3
							],
							"inflate": -0.0001,
							"pivot": [
								-1,
								19.0901,
								-51.27386
							],
							"rotation": [
								-45,
								0,
								0
							],
							"uv": [
								90,
								397
							]
						},
						{
							"origin": [
								17,
								-50,
								13
							],
							"size": [
								2,
								24,
								3
							],
							"inflate": -0.0001,
							"pivot": [
								-1,
								19,
								-51.5
							],
							"rotation": [
								45,
								0,
								0
							],
							"uv": [
								80,
								397
							]
						},
						{
							"origin": [
								18.999,
								-34,
								12
							],
							"size": [
								0,
								7,
								1
							],
							"inflate": -0.0001,
							"pivot": [
								-1,
								19,
								-51.5
							],
							"rotation": [
								45,
								0,
								0
							],
							"uv": [
								289,
								260
							]
						},
						{
							"origin": [
								-18.999,
								-34,
								12
							],
							"size": [
								0,
								7,
								1
							],
							"inflate": -0.0001,
							"pivot": [
								-44,
								19,
								-51.5
							],
							"rotation": [
								45,
								0,
								0
							],
							"uv": [
								289,
								260
							]
						},
						{
							"origin": [
								-17,
								-30,
								14
							],
							"size": [
								34,
								4,
								2
							],
							"pivot": [
								-1,
								19,
								-51.5
							],
							"rotation": [
								45,
								0,
								0
							],
							"uv": [
								0,
								336
							]
						},
						{
							"origin": [
								-17,
								-50,
								14
							],
							"size": [
								34,
								4,
								2
							],
							"pivot": [
								-1,
								19,
								-51.5
							],
							"rotation": [
								45,
								0,
								0
							],
							"uv": [
								0,
								330
							]
						},
						{
							"origin": [
								17,
								3,
								-40
							],
							"size": [
								2,
								15,
								72
							],
							"uv": [
								0,
								74
							]
						},
						{
							"origin": [
								-18,
								5,
								-18
							],
							"size": [
								35,
								13,
								2
							],
							"uv": [
								0,
								307
							]
						},
						{
							"origin": [
								-17,
								5,
								-31
							],
							"size": [
								34,
								4,
								13
							],
							"uv": [
								182,
								219
							]
						},
						{
							"origin": [
								-3,
								5,
								-41
							],
							"size": [
								6,
								7,
								23
							],
							"uv": [
								78,
								294
							]
						},
						{
							"origin": [
								0,
								9,
								-32
							],
							"size": [
								2,
								8,
								2
							],
							"uv": [
								220,
								452
							]
						},
						{
							"origin": [
								-2,
								9,
								-22
							],
							"size": [
								4,
								8,
								4
							],
							"uv": [
								102,
								424
							]
						},
						{
							"origin": [
								-1,
								9,
								-26
							],
							"size": [
								2,
								5,
								4
							],
							"uv": [
								208,
								452
							]
						},
						{
							"origin": [
								-17,
								8,
								-21
							],
							"size": [
								14,
								9,
								2
							],
							"pivot": [
								-10,
								16.75,
								-20
							],
							"rotation": [
								-10,
								0,
								0
							],
							"uv": [
								0,
								412
							]
						},
						{
							"origin": [
								3,
								8,
								-21
							],
							"size": [
								14,
								9,
								2
							],
							"pivot": [
								10,
								16.75,
								-20
							],
							"rotation": [
								-10,
								0,
								0
							],
							"uv": [
								0,
								412
							]
						},
						{
							"origin": [
								-15,
								17,
								-21
							],
							"size": [
								10,
								5,
								2
							],
							"pivot": [
								-10,
								16.75,
								-20
							],
							"rotation": [
								-10,
								0,
								0
							],
							"uv": [
								120,
								397
							]
						},
						{
							"origin": [
								5,
								17,
								-21
							],
							"size": [
								10,
								5,
								2
							],
							"pivot": [
								10,
								16.75,
								-20
							],
							"rotation": [
								-10,
								0,
								0
							],
							"uv": [
								120,
								397
							]
						},
						{
							"origin": [
								7,
								18,
								-18
							],
							"size": [
								10,
								14,
								2
							],
							"uv": [
								56,
								397
							]
						},
						{
							"origin": [
								-17,
								18,
								-18
							],
							"size": [
								10,
								14,
								2
							],
							"uv": [
								32,
								397
							]
						}
					]
				},
				{
					"name": "glass",
					"parent": "body",
					"pivot": [
						-1,
						19.0901,
						-51.27386
					],
					"cubes": [
						{
							"origin": [
								-18.995,
								18,
								-42
							],
							"size": [
								0,
								14,
								22
							],
							"uv": [
								282,
								332
							]
						},
						{
							"origin": [
								18.995,
								18,
								-42
							],
							"size": [
								0,
								14,
								22
							],
							"uv": [
								282,
								332
							]
						},
						{
							"origin": [
								18.999,
								18,
								16
							],
							"size": [
								0,
								14,
								15
							],
							"uv": [
								252,
								339
							]
						},
						{
							"origin": [
								17,
								18,
								-16
							],
							"size": [
								2,
								14,
								28
							],
							"uv": [
								252,
								355
							],
							"mirror": true
						},
						{
							"origin": [
								-19,
								18,
								-16
							],
							"size": [
								2,
								14,
								28
							],
							"uv": [
								252,
								355
							]
						},
						{
							"origin": [
								-18.999,
								18,
								16
							],
							"size": [
								0,
								14,
								15
							],
							"uv": [
								252,
								339
							]
						},
						{
							"origin": [
								-17,
								-46,
								14
							],
							"size": [
								34,
								16,
								2
							],
							"pivot": [
								-1,
								19,
								-51.5
							],
							"rotation": [
								45,
								0,
								0
							],
							"uv": [
								210,
								297
							]
						},
						{
							"origin": [
								-17,
								24.0901,
								-46.77386
							],
							"size": [
								34,
								18,
								3
							],
							"pivot": [
								-1,
								19.0901,
								-51.27386
							],
							"rotation": [
								-45,
								0,
								0
							],
							"uv": [
								370,
								198
							]
						}
					]
				},
				{
					"name": "steering_wheel",
					"parent": "body",
					"pivot": [
						10,
						13.94191,
						-35.84459
					],
					"rotation": [
						30,
						0,
						0
					],
					"cubes": [
						{
							"origin": [
								9,
								13.01322,
								-38.45107
							],
							"size": [
								2,
								2,
								8
							],
							"uv": [
								12,
								424
							]
						},
						{
							"origin": [
								9,
								10.01322,
								-31.45107
							],
							"size": [
								2,
								3,
								1
							],
							"uv": [
								176,
								468
							]
						},
						{
							"origin": [
								6,
								14.01322,
								-31.45107
							],
							"size": [
								3,
								1,
								1
							],
							"inflate": 0.01,
							"uv": [
								168,
								470
							]
						},
						{
							"origin": [
								5.87868,
								11.79016,
								-31.86715
							],
							"size": [
								1,
								4,
								2
							],
							"uv": [
								144,
								468
							]
						},
						{
							"origin": [
								5.79289,
								15.99727,
								-31.86715
							],
							"size": [
								3,
								1,
								2
							],
							"pivot": [
								7.29289,
								16.49727,
								-30.36715
							],
							"rotation": [
								0,
								0,
								-45
							],
							"uv": [
								128,
								468
							]
						},
						{
							"origin": [
								8,
								16.91148,
								-31.86715
							],
							"size": [
								4,
								1,
								2
							],
							"uv": [
								116,
								471
							]
						},
						{
							"origin": [
								13.12132,
								11.79016,
								-31.86715
							],
							"size": [
								1,
								4,
								2
							],
							"uv": [
								138,
								468
							]
						},
						{
							"origin": [
								11,
								14.01322,
								-31.45107
							],
							"size": [
								3,
								1,
								1
							],
							"inflate": 0.01,
							"uv": [
								168,
								468
							]
						},
						{
							"origin": [
								12.20711,
								14.99727,
								-31.86715
							],
							"size": [
								1,
								3,
								2
							],
							"pivot": [
								12.70711,
								16.49727,
								-30.36715
							],
							"rotation": [
								0,
								0,
								-45
							],
							"uv": [
								162,
								468
							]
						},
						{
							"origin": [
								12.20711,
								9.58305,
								-31.86715
							],
							"size": [
								1,
								3,
								2
							],
							"pivot": [
								12.70711,
								11.08305,
								-30.36715
							],
							"rotation": [
								0,
								0,
								45
							],
							"uv": [
								156,
								468
							]
						},
						{
							"origin": [
								8,
								9.66884,
								-31.86715
							],
							"size": [
								4,
								1,
								2
							],
							"uv": [
								116,
								468
							]
						},
						{
							"origin": [
								6.79289,
								9.58305,
								-31.86715
							],
							"size": [
								1,
								3,
								2
							],
							"pivot": [
								7.29289,
								11.08305,
								-30.36715
							],
							"rotation": [
								0,
								0,
								-45
							],
							"uv": [
								150,
								468
							]
						}
					]
				},
				{
					"name": "wheel2",
					"pivot": [
						-18,
						7.4641,
						43
					],
					"cubes": [
						{
							"origin": [
								-19,
								0,
								41
							],
							"size": [
								4,
								2,
								4
							],
							"uv": [
								192,
								452
							]
						},
						{
							"origin": [
								-19,
								0.86603,
								44.23205
							],
							"size": [
								4,
								2,
								4
							],
							"pivot": [
								-17,
								1.86603,
								46.23205
							],
							"rotation": [
								30,
								0,
								0
							],
							"uv": [
								176,
								452
							]
						},
						{
							"origin": [
								-19,
								3.23205,
								46.59808
							],
							"size": [
								4,
								2,
								4
							],
							"pivot": [
								-17,
								4.23205,
								48.59808
							],
							"rotation": [
								60,
								0,
								0
							],
							"uv": [
								160,
								452
							]
						},
						{
							"origin": [
								-19,
								12.9282,
								41
							],
							"size": [
								4,
								2,
								4
							],
							"uv": [
								144,
								452
							]
						},
						{
							"origin": [
								-19,
								5.4641,
								35.5359
							],
							"size": [
								4,
								4,
								2
							],
							"uv": [
								84,
								468
							]
						},
						{
							"origin": [
								-19,
								5.4641,
								42
							],
							"size": [
								4,
								4,
								2
							],
							"uv": [
								72,
								468
							]
						},
						{
							"origin": [
								-19,
								5.4641,
								42
							],
							"size": [
								4,
								4,
								2
							],
							"pivot": [
								-17,
								7.4641,
								43
							],
							"rotation": [
								52.5,
								0,
								0
							],
							"uv": [
								60,
								468
							]
						},
						{
							"origin": [
								-19,
								5.4641,
								42
							],
							"size": [
								4,
								4,
								2
							],
							"pivot": [
								-17,
								7.4641,
								43
							],
							"rotation": [
								127.5,
								0,
								0
							],
							"uv": [
								48,
								468
							]
						},
						{
							"origin": [
								-19,
								5.4641,
								48.4641
							],
							"size": [
								4,
								4,
								2
							],
							"uv": [
								36,
								468
							]
						},
						{
							"origin": [
								-18,
								5.4641,
								37.4641
							],
							"size": [
								3,
								4,
								11
							],
							"uv": [
								0,
								397
							]
						},
						{
							"origin": [
								-18,
								5.4641,
								37.4641
							],
							"size": [
								3,
								4,
								11
							],
							"pivot": [
								-17,
								7.4641,
								43
							],
							"rotation": [
								90,
								0,
								0
							],
							"uv": [
								224,
								382
							]
						},
						{
							"origin": [
								-18,
								5.4641,
								37.4641
							],
							"size": [
								3,
								4,
								11
							],
							"pivot": [
								-17,
								7.4641,
								43
							],
							"rotation": [
								135,
								0,
								0
							],
							"uv": [
								196,
								382
							]
						},
						{
							"origin": [
								-18,
								5.4641,
								37.4641
							],
							"size": [
								3,
								4,
								11
							],
							"pivot": [
								-17,
								7.4641,
								43
							],
							"rotation": [
								-135,
								0,
								0
							],
							"uv": [
								168,
								382
							]
						},
						{
							"origin": [
								-19,
								8.69615,
								47.59808
							],
							"size": [
								4,
								4,
								2
							],
							"pivot": [
								-17,
								10.69615,
								48.59808
							],
							"rotation": [
								30,
								0,
								0
							],
							"uv": [
								24,
								468
							]
						},
						{
							"origin": [
								-19,
								11.06218,
								45.23205
							],
							"size": [
								4,
								4,
								2
							],
							"pivot": [
								-17,
								13.06218,
								46.23205
							],
							"rotation": [
								60,
								0,
								0
							],
							"uv": [
								12,
								468
							]
						},
						{
							"origin": [
								-19,
								-2.5359,
								32.32051
							],
							"size": [
								4,
								4,
								2
							],
							"pivot": [
								8,
								-2.5359,
								56.32051
							],
							"rotation": [
								-30,
								0,
								0
							],
							"uv": [
								0,
								468
							]
						},
						{
							"origin": [
								-19,
								0.86603,
								37.76795
							],
							"size": [
								4,
								2,
								4
							],
							"pivot": [
								-17,
								1.86603,
								39.76795
							],
							"rotation": [
								-30,
								0,
								0
							],
							"uv": [
								128,
								452
							]
						},
						{
							"origin": [
								-19,
								12.06218,
								37.76795
							],
							"size": [
								4,
								2,
								4
							],
							"pivot": [
								-17,
								13.06218,
								39.76795
							],
							"rotation": [
								30,
								0,
								0
							],
							"uv": [
								112,
								452
							]
						},
						{
							"origin": [
								-19,
								3.23205,
								35.40192
							],
							"size": [
								4,
								2,
								4
							],
							"pivot": [
								-17,
								4.23205,
								37.40192
							],
							"rotation": [
								-60,
								0,
								0
							],
							"uv": [
								96,
								452
							]
						},
						{
							"origin": [
								15,
								3.23205,
								35.40192
							],
							"size": [
								4,
								2,
								4
							],
							"pivot": [
								17,
								4.23205,
								37.40192
							],
							"rotation": [
								-60,
								0,
								0
							],
							"uv": [
								248,
								442
							]
						},
						{
							"origin": [
								15,
								12.06218,
								37.76795
							],
							"size": [
								4,
								2,
								4
							],
							"pivot": [
								17,
								13.06218,
								39.76795
							],
							"rotation": [
								30,
								0,
								0
							],
							"uv": [
								0,
								452
							]
						},
						{
							"origin": [
								15,
								0.86603,
								37.76795
							],
							"size": [
								4,
								2,
								4
							],
							"pivot": [
								17,
								1.86603,
								39.76795
							],
							"rotation": [
								-30,
								0,
								0
							],
							"uv": [
								16,
								452
							]
						},
						{
							"origin": [
								15,
								-2.5359,
								32.32051
							],
							"size": [
								4,
								4,
								2
							],
							"pivot": [
								42,
								-2.5359,
								56.32051
							],
							"rotation": [
								-30,
								0,
								0
							],
							"uv": [
								156,
								462
							]
						},
						{
							"origin": [
								15,
								11.06218,
								45.23205
							],
							"size": [
								4,
								4,
								2
							],
							"pivot": [
								17,
								13.06218,
								46.23205
							],
							"rotation": [
								60,
								0,
								0
							],
							"uv": [
								168,
								462
							]
						},
						{
							"origin": [
								15,
								8.69615,
								47.59808
							],
							"size": [
								4,
								4,
								2
							],
							"pivot": [
								17,
								10.69615,
								48.59808
							],
							"rotation": [
								30,
								0,
								0
							],
							"uv": [
								180,
								462
							]
						},
						{
							"origin": [
								15,
								5.4641,
								37.4641
							],
							"size": [
								3,
								4,
								11
							],
							"pivot": [
								16,
								7.4641,
								43
							],
							"rotation": [
								-135,
								0,
								0
							],
							"uv": [
								56,
								382
							]
						},
						{
							"origin": [
								15,
								5.4641,
								37.4641
							],
							"size": [
								3,
								4,
								11
							],
							"pivot": [
								16,
								7.4641,
								43
							],
							"rotation": [
								135,
								0,
								0
							],
							"uv": [
								84,
								382
							]
						},
						{
							"origin": [
								15,
								5.4641,
								37.4641
							],
							"size": [
								3,
								4,
								11
							],
							"pivot": [
								16,
								7.4641,
								43
							],
							"rotation": [
								90,
								0,
								0
							],
							"uv": [
								112,
								382
							]
						},
						{
							"origin": [
								15,
								5.4641,
								37.4641
							],
							"size": [
								3,
								4,
								11
							],
							"uv": [
								140,
								382
							]
						},
						{
							"origin": [
								15,
								5.4641,
								48.4641
							],
							"size": [
								4,
								4,
								2
							],
							"uv": [
								192,
								462
							]
						},
						{
							"origin": [
								15,
								5.4641,
								42
							],
							"size": [
								4,
								4,
								2
							],
							"pivot": [
								17,
								7.4641,
								43
							],
							"rotation": [
								127.5,
								0,
								0
							],
							"uv": [
								204,
								462
							]
						},
						{
							"origin": [
								15,
								5.4641,
								42
							],
							"size": [
								4,
								4,
								2
							],
							"pivot": [
								17,
								7.4641,
								43
							],
							"rotation": [
								52.5,
								0,
								0
							],
							"uv": [
								216,
								462
							]
						},
						{
							"origin": [
								15,
								5.4641,
								42
							],
							"size": [
								4,
								4,
								2
							],
							"uv": [
								228,
								462
							]
						},
						{
							"origin": [
								15,
								5.4641,
								35.5359
							],
							"size": [
								4,
								4,
								2
							],
							"uv": [
								240,
								462
							]
						},
						{
							"origin": [
								15,
								12.9282,
								41
							],
							"size": [
								4,
								2,
								4
							],
							"uv": [
								32,
								452
							]
						},
						{
							"origin": [
								15,
								3.23205,
								46.59808
							],
							"size": [
								4,
								2,
								4
							],
							"pivot": [
								17,
								4.23205,
								48.59808
							],
							"rotation": [
								60,
								0,
								0
							],
							"uv": [
								48,
								452
							]
						},
						{
							"origin": [
								15,
								0.86603,
								44.23205
							],
							"size": [
								4,
								2,
								4
							],
							"pivot": [
								17,
								1.86603,
								46.23205
							],
							"rotation": [
								30,
								0,
								0
							],
							"uv": [
								64,
								452
							]
						},
						{
							"origin": [
								15,
								0,
								41
							],
							"size": [
								4,
								2,
								4
							],
							"uv": [
								80,
								452
							]
						}
					]
				},
				{
					"name": "wheel0",
					"pivot": [
						0,
						7.4641,
						-56
					],
					"cubes": [
						{
							"origin": [
								-19,
								0,
								-58
							],
							"size": [
								4,
								2,
								4
							],
							"uv": [
								192,
								452
							]
						},
						{
							"origin": [
								-19,
								0.86603,
								-54.76795
							],
							"size": [
								4,
								2,
								4
							],
							"pivot": [
								-17,
								1.86603,
								-52.76795
							],
							"rotation": [
								30,
								0,
								0
							],
							"uv": [
								176,
								452
							]
						},
						{
							"origin": [
								-19,
								3.23205,
								-52.40192
							],
							"size": [
								4,
								2,
								4
							],
							"pivot": [
								-17,
								4.23205,
								-50.40192
							],
							"rotation": [
								60,
								0,
								0
							],
							"uv": [
								160,
								452
							]
						},
						{
							"origin": [
								-19,
								12.9282,
								-58
							],
							"size": [
								4,
								2,
								4
							],
							"uv": [
								144,
								452
							]
						},
						{
							"origin": [
								-19,
								5.4641,
								-63.4641
							],
							"size": [
								4,
								4,
								2
							],
							"uv": [
								84,
								468
							]
						},
						{
							"origin": [
								-19,
								5.4641,
								-57
							],
							"size": [
								4,
								4,
								2
							],
							"uv": [
								72,
								468
							]
						},
						{
							"origin": [
								-19,
								5.4641,
								-57
							],
							"size": [
								4,
								4,
								2
							],
							"pivot": [
								-17,
								7.4641,
								-56
							],
							"rotation": [
								52.5,
								0,
								0
							],
							"uv": [
								60,
								468
							]
						},
						{
							"origin": [
								-19,
								5.4641,
								-57
							],
							"size": [
								4,
								4,
								2
							],
							"pivot": [
								-17,
								7.4641,
								-56
							],
							"rotation": [
								127.5,
								0,
								0
							],
							"uv": [
								48,
								468
							]
						},
						{
							"origin": [
								-19,
								5.4641,
								-50.5359
							],
							"size": [
								4,
								4,
								2
							],
							"uv": [
								36,
								468
							]
						},
						{
							"origin": [
								-18,
								5.4641,
								-61.5359
							],
							"size": [
								3,
								4,
								11
							],
							"uv": [
								0,
								397
							]
						},
						{
							"origin": [
								-18,
								5.4641,
								-61.5359
							],
							"size": [
								3,
								4,
								11
							],
							"pivot": [
								-17,
								7.4641,
								-56
							],
							"rotation": [
								90,
								0,
								0
							],
							"uv": [
								224,
								382
							]
						},
						{
							"origin": [
								-18,
								5.4641,
								-61.5359
							],
							"size": [
								3,
								4,
								11
							],
							"pivot": [
								-17,
								7.4641,
								-56
							],
							"rotation": [
								135,
								0,
								0
							],
							"uv": [
								196,
								382
							]
						},
						{
							"origin": [
								-18,
								5.4641,
								-61.5359
							],
							"size": [
								3,
								4,
								11
							],
							"pivot": [
								-17,
								7.4641,
								-56
							],
							"rotation": [
								-135,
								0,
								0
							],
							"uv": [
								168,
								382
							]
						},
						{
							"origin": [
								-19,
								8.69615,
								-51.40192
							],
							"size": [
								4,
								4,
								2
							],
							"pivot": [
								-17,
								10.69615,
								-50.40192
							],
							"rotation": [
								30,
								0,
								0
							],
							"uv": [
								24,
								468
							]
						},
						{
							"origin": [
								-19,
								11.06218,
								-53.76795
							],
							"size": [
								4,
								4,
								2
							],
							"pivot": [
								-17,
								13.06218,
								-52.76795
							],
							"rotation": [
								60,
								0,
								0
							],
							"uv": [
								12,
								468
							]
						},
						{
							"origin": [
								-19,
								-2.5359,
								-66.67949
							],
							"size": [
								4,
								4,
								2
							],
							"pivot": [
								8,
								-2.5359,
								-42.67949
							],
							"rotation": [
								-30,
								0,
								0
							],
							"uv": [
								0,
								468
							]
						},
						{
							"origin": [
								-19,
								0.86603,
								-61.23205
							],
							"size": [
								4,
								2,
								4
							],
							"pivot": [
								-17,
								1.86603,
								-59.23205
							],
							"rotation": [
								-30,
								0,
								0
							],
							"uv": [
								128,
								452
							]
						},
						{
							"origin": [
								-19,
								12.06218,
								-61.23205
							],
							"size": [
								4,
								2,
								4
							],
							"pivot": [
								-17,
								13.06218,
								-59.23205
							],
							"rotation": [
								30,
								0,
								0
							],
							"uv": [
								112,
								452
							]
						},
						{
							"origin": [
								-19,
								3.23205,
								-63.59808
							],
							"size": [
								4,
								2,
								4
							],
							"pivot": [
								-17,
								4.23205,
								-61.59808
							],
							"rotation": [
								-60,
								0,
								0
							],
							"uv": [
								96,
								452
							]
						},
						{
							"origin": [
								15,
								3.23205,
								-63.59808
							],
							"size": [
								4,
								2,
								4
							],
							"pivot": [
								17,
								4.23205,
								-61.59808
							],
							"rotation": [
								-60,
								0,
								0
							],
							"uv": [
								248,
								442
							]
						},
						{
							"origin": [
								15,
								12.06218,
								-61.23205
							],
							"size": [
								4,
								2,
								4
							],
							"pivot": [
								17,
								13.06218,
								-59.23205
							],
							"rotation": [
								30,
								0,
								0
							],
							"uv": [
								0,
								452
							]
						},
						{
							"origin": [
								15,
								0.86603,
								-61.23205
							],
							"size": [
								4,
								2,
								4
							],
							"pivot": [
								17,
								1.86603,
								-59.23205
							],
							"rotation": [
								-30,
								0,
								0
							],
							"uv": [
								16,
								452
							]
						},
						{
							"origin": [
								15,
								-2.5359,
								-66.67949
							],
							"size": [
								4,
								4,
								2
							],
							"pivot": [
								42,
								-2.5359,
								-42.67949
							],
							"rotation": [
								-30,
								0,
								0
							],
							"uv": [
								156,
								462
							]
						},
						{
							"origin": [
								15,
								11.06218,
								-53.76795
							],
							"size": [
								4,
								4,
								2
							],
							"pivot": [
								17,
								13.06218,
								-52.76795
							],
							"rotation": [
								60,
								0,
								0
							],
							"uv": [
								168,
								462
							]
						},
						{
							"origin": [
								15,
								8.69615,
								-51.40192
							],
							"size": [
								4,
								4,
								2
							],
							"pivot": [
								17,
								10.69615,
								-50.40192
							],
							"rotation": [
								30,
								0,
								0
							],
							"uv": [
								180,
								462
							]
						},
						{
							"origin": [
								15,
								5.4641,
								-61.5359
							],
							"size": [
								3,
								4,
								11
							],
							"pivot": [
								16,
								7.4641,
								-56
							],
							"rotation": [
								-135,
								0,
								0
							],
							"uv": [
								56,
								382
							]
						},
						{
							"origin": [
								15,
								5.4641,
								-61.5359
							],
							"size": [
								3,
								4,
								11
							],
							"pivot": [
								16,
								7.4641,
								-56
							],
							"rotation": [
								135,
								0,
								0
							],
							"uv": [
								84,
								382
							]
						},
						{
							"origin": [
								15,
								5.4641,
								-61.5359
							],
							"size": [
								3,
								4,
								11
							],
							"pivot": [
								16,
								7.4641,
								-56
							],
							"rotation": [
								90,
								0,
								0
							],
							"uv": [
								112,
								382
							]
						},
						{
							"origin": [
								15,
								5.4641,
								-61.5359
							],
							"size": [
								3,
								4,
								11
							],
							"uv": [
								140,
								382
							]
						},
						{
							"origin": [
								15,
								5.4641,
								-50.5359
							],
							"size": [
								4,
								4,
								2
							],
							"uv": [
								192,
								462
							]
						},
						{
							"origin": [
								15,
								5.4641,
								-57
							],
							"size": [
								4,
								4,
								2
							],
							"pivot": [
								17,
								7.4641,
								-56
							],
							"rotation": [
								127.5,
								0,
								0
							],
							"uv": [
								204,
								462
							]
						},
						{
							"origin": [
								15,
								5.4641,
								-57
							],
							"size": [
								4,
								4,
								2
							],
							"pivot": [
								17,
								7.4641,
								-56
							],
							"rotation": [
								52.5,
								0,
								0
							],
							"uv": [
								216,
								462
							]
						},
						{
							"origin": [
								15,
								5.4641,
								-57
							],
							"size": [
								4,
								4,
								2
							],
							"uv": [
								228,
								462
							]
						},
						{
							"origin": [
								15,
								5.4641,
								-63.4641
							],
							"size": [
								4,
								4,
								2
							],
							"uv": [
								240,
								462
							]
						},
						{
							"origin": [
								15,
								12.9282,
								-58
							],
							"size": [
								4,
								2,
								4
							],
							"uv": [
								32,
								452
							]
						},
						{
							"origin": [
								15,
								3.23205,
								-52.40192
							],
							"size": [
								4,
								2,
								4
							],
							"pivot": [
								17,
								4.23205,
								-50.40192
							],
							"rotation": [
								60,
								0,
								0
							],
							"uv": [
								48,
								452
							]
						},
						{
							"origin": [
								15,
								0.86603,
								-54.76795
							],
							"size": [
								4,
								2,
								4
							],
							"pivot": [
								17,
								1.86603,
								-52.76795
							],
							"rotation": [
								30,
								0,
								0
							],
							"uv": [
								64,
								452
							]
						},
						{
							"origin": [
								15,
								0,
								-58
							],
							"size": [
								4,
								2,
								4
							],
							"uv": [
								80,
								452
							]
						}
					]
				}
			]
		}
	]
}