{
	"format_version": "1.12.0",
	"minecraft:geometry": [
		{
			"description": {
				"identifier": "geometry.car_lowrider",
				"texture_width": 1024,
				"texture_height": 512,
				"visible_bounds_width": 12,
				"visible_bounds_height": 5,
				"visible_bounds_offset": [
					0,
					0.5,
					0
				]
			},
			"bones": [
				{
					"name": "car",
					"pivot": [
						0,
						0,
						0
					]
				},
				{
					"name": "body",
					"parent": "car",
					"pivot": [
						0,
						9.6,
						-4.65
					],
					"cubes": [
						{
							"origin": [
								-16,
								3.5,
								-17.5
							],
							"size": [
								32,
								1,
								37
							],
							"uv": [
								488,
								72
							]
						},
						{
							"origin": [
								-18,
								3.5,
								-53.5
							],
							"size": [
								36,
								11,
								19
							],
							"inflate": 0.01,
							"uv": [
								915,
								195
							]
						},
						{
							"origin": [
								-12,
								14.5,
								-41.5
							],
							"size": [
								30,
								1,
								7
							],
							"uv": [
								349,
								185
							]
						},
						{
							"origin": [
								-12,
								15.5,
								-29.5
							],
							"size": [
								30,
								1,
								12
							],
							"uv": [
								232,
								168
							]
						},
						{
							"origin": [
								-18,
								3.5,
								-34.5
							],
							"size": [
								36,
								12,
								17
							],
							"uv": [
								482,
								454
							]
						},
						{
							"origin": [
								-18,
								3.5,
								-54.5
							],
							"size": [
								36,
								3,
								1
							],
							"uv": [
								681,
								487
							]
						},
						{
							"origin": [
								-18,
								3.5,
								38.5
							],
							"size": [
								36,
								3,
								1
							],
							"uv": [
								681,
								487
							]
						},
						{
							"origin": [
								-18,
								3.5,
								39.5
							],
							"size": [
								36,
								1,
								1
							],
							"uv": [
								681,
								487
							]
						},
						{
							"origin": [
								-18,
								3.5,
								-55.5
							],
							"size": [
								36,
								1,
								1
							],
							"uv": [
								681,
								487
							]
						},
						{
							"origin": [
								-18,
								4.5,
								39.5
							],
							"size": [
								36,
								1,
								1
							],
							"uv": [
								681,
								487
							]
						},
						{
							"origin": [
								-18,
								4.5,
								-55.5
							],
							"size": [
								36,
								1,
								1
							],
							"uv": [
								681,
								487
							]
						},
						{
							"origin": [
								-18,
								3.5,
								-17.5
							],
							"size": [
								2,
								13,
								37
							],
							"uv": [
								0,
								74
							]
						},
						{
							"origin": [
								-23,
								16.5,
								-19.5
							],
							"size": [
								5,
								4,
								2
							],
							"uv": [
								374,
								0
							]
						},
						{
							"origin": [
								18,
								16.5,
								-19.5
							],
							"size": [
								5,
								4,
								2
							],
							"uv": [
								374,
								0
							]
						},
						{
							"origin": [
								-18,
								3.5,
								-52.5
							],
							"size": [
								3,
								10,
								14
							],
							"uv": [
								828,
								468
							]
						},
						{
							"origin": [
								-18,
								3.5,
								23.5
							],
							"size": [
								3,
								10,
								14
							],
							"uv": [
								829,
								438
							]
						},
						{
							"origin": [
								15,
								3.5,
								-52.5
							],
							"size": [
								3,
								10,
								14
							],
							"uv": [
								830,
								410
							]
						},
						{
							"origin": [
								15,
								3.5,
								23.5
							],
							"size": [
								3,
								10,
								14
							],
							"uv": [
								831,
								380
							]
						},
						{
							"origin": [
								2,
								4.5,
								-9.5
							],
							"size": [
								12,
								6,
								10
							],
							"uv": [
								824,
								493
							]
						},
						{
							"origin": [
								-14,
								4.5,
								-9.5
							],
							"size": [
								12,
								6,
								10
							],
							"uv": [
								824,
								493
							]
						},
						{
							"origin": [
								-16,
								4.5,
								7.5
							],
							"size": [
								16,
								6,
								10
							],
							"uv": [
								768,
								411
							]
						},
						{
							"origin": [
								0,
								4.5,
								7.5
							],
							"size": [
								16,
								6,
								10
							],
							"uv": [
								768,
								411
							]
						},
						{
							"origin": [
								16,
								3.5,
								-17.5
							],
							"size": [
								2,
								13,
								37
							],
							"uv": [
								0,
								0
							]
						},
						{
							"origin": [
								17,
								13.5,
								-6.5
							],
							"size": [
								2,
								2,
								4
							],
							"uv": [
								900,
								430
							]
						},
						{
							"origin": [
								-19,
								13.5,
								-6.5
							],
							"size": [
								2,
								2,
								4
							],
							"uv": [
								900,
								430
							]
						},
						{
							"origin": [
								17,
								13.5,
								14.5
							],
							"size": [
								2,
								2,
								4
							],
							"uv": [
								900,
								430
							]
						},
						{
							"origin": [
								-19,
								13.5,
								14.5
							],
							"size": [
								2,
								2,
								4
							],
							"uv": [
								900,
								430
							]
						},
						{
							"origin": [
								-18,
								3.5,
								19.5
							],
							"size": [
								36,
								13,
								19
							],
							"inflate": 0.01,
							"uv": [
								914,
								163
							]
						},
						{
							"origin": [
								-4,
								7.5,
								38
							],
							"size": [
								8,
								2,
								1
							],
							"uv": [
								735,
								494
							]
						},
						{
							"origin": [
								-4,
								7,
								-37
							],
							"size": [
								8,
								2,
								1
							],
							"uv": [
								735,
								494
							]
						},
						{
							"origin": [
								-11,
								16.48784,
								-53.1955
							],
							"size": [
								22,
								1,
								35
							],
							"pivot": [
								-2,
								12.50687,
								-19.13128
							],
							"rotation": [
								5,
								0,
								0
							],
							"uv": [
								491,
								316
							]
						},
						{
							"origin": [
								-18,
								14.48784,
								-42.5
							],
							"size": [
								6,
								3,
								24
							],
							"uv": [
								495,
								319
							]
						},
						{
							"origin": [
								12,
								14.48784,
								-42.5
							],
							"size": [
								6,
								3,
								24
							],
							"uv": [
								524,
								319
							]
						},
						{
							"origin": [
								-18,
								8.96292,
								-52.77103
							],
							"size": [
								6,
								3,
								11.5
							],
							"pivot": [
								-15,
								10.46292,
								-62.77103
							],
							"rotation": [
								15,
								0,
								0
							],
							"uv": [
								487,
								318
							]
						},
						{
							"origin": [
								12,
								8.96292,
								-52.77103
							],
							"size": [
								6,
								3,
								11.5
							],
							"pivot": [
								15,
								10.46292,
								-62.77103
							],
							"rotation": [
								15,
								0,
								0
							],
							"uv": [
								487,
								318
							]
						},
						{
							"origin": [
								11,
								8.5,
								-53.9
							],
							"size": [
								1,
								9,
								35
							],
							"pivot": [
								-2,
								11.50687,
								-19.13128
							],
							"rotation": [
								5,
								0,
								0
							],
							"uv": [
								574,
								461
							]
						},
						{
							"origin": [
								-12,
								8.5,
								-53.9
							],
							"size": [
								1,
								9,
								35
							],
							"pivot": [
								-2,
								12.50687,
								-19.13128
							],
							"rotation": [
								5,
								0,
								0
							],
							"uv": [
								574,
								461
							]
						},
						{
							"origin": [
								-14,
								10,
								21
							],
							"size": [
								1,
								6,
								18
							],
							"uv": [
								591,
								479
							]
						},
						{
							"origin": [
								-15,
								10,
								21
							],
							"size": [
								1,
								1,
								18
							],
							"uv": [
								591,
								479
							]
						},
						{
							"origin": [
								15,
								10,
								21
							],
							"size": [
								1,
								1,
								18
							],
							"uv": [
								591,
								479
							]
						},
						{
							"origin": [
								-15,
								15,
								21
							],
							"size": [
								1,
								1,
								18
							],
							"uv": [
								591,
								479
							]
						},
						{
							"origin": [
								15,
								15,
								21
							],
							"size": [
								1,
								1,
								18
							],
							"uv": [
								591,
								479
							]
						},
						{
							"origin": [
								16,
								10,
								38
							],
							"size": [
								1,
								6,
								1
							],
							"uv": [
								1009,
								462
							]
						},
						{
							"origin": [
								-17,
								10,
								38
							],
							"size": [
								1,
								6,
								1
							],
							"uv": [
								1009,
								462
							]
						},
						{
							"origin": [
								-16,
								10,
								21
							],
							"size": [
								1,
								1,
								18
							],
							"uv": [
								591,
								479
							]
						},
						{
							"origin": [
								14,
								10,
								21
							],
							"size": [
								1,
								1,
								18
							],
							"uv": [
								591,
								479
							]
						},
						{
							"origin": [
								-16,
								15,
								21
							],
							"size": [
								1,
								1,
								18
							],
							"uv": [
								591,
								479
							]
						},
						{
							"origin": [
								14,
								15,
								21
							],
							"size": [
								1,
								1,
								18
							],
							"uv": [
								591,
								479
							]
						},
						{
							"origin": [
								13,
								10,
								21
							],
							"size": [
								1,
								6,
								18
							],
							"uv": [
								591,
								479
							]
						}
					]
				},
				{
					"name": "body0",
					"parent": "car",
					"pivot": [
						0,
						17,
						-17
					],
					"rotation": [
						-25,
						0,
						0
					],
					"cubes": [
						{
							"origin": [
								-18,
								14.67738,
								-19.40631
							],
							"size": [
								2,
								20,
								1
							],
							"uv": [
								0,
								75
							]
						},
						{
							"origin": [
								16,
								14.67738,
								-19.40631
							],
							"size": [
								2,
								20,
								1
							],
							"uv": [
								0,
								75
							]
						},
						{
							"origin": [
								-16,
								32.67738,
								-19.40631
							],
							"size": [
								32,
								2,
								1
							],
							"uv": [
								213,
								145
							]
						},
						{
							"origin": [
								-16,
								15.67738,
								-19.40631
							],
							"size": [
								32,
								17,
								0
							],
							"uv": [
								787,
								238
							]
						},
						{
							"origin": [
								-16,
								14.67738,
								-19.40631
							],
							"size": [
								32,
								2,
								1
							],
							"uv": [
								136,
								85
							]
						}
					]
				},
				{
					"name": "body1",
					"parent": "car",
					"pivot": [
						0,
						16,
						21
					],
					"rotation": [
						25,
						0,
						0
					],
					"cubes": [
						{
							"origin": [
								-18,
								15.19047,
								20.87477
							],
							"size": [
								36,
								2,
								1
							],
							"uv": [
								0,
								147
							]
						}
					]
				},
				{
					"name": "body2",
					"parent": "car",
					"pivot": [
						0,
						12.5,
						2.5
					],
					"rotation": [
						-15,
						0,
						0
					],
					"cubes": [
						{
							"origin": [
								-16,
								13.24118,
								14.53407
							],
							"size": [
								32,
								10,
								1
							],
							"uv": [
								763,
								393
							]
						},
						{
							"origin": [
								-15,
								23.24118,
								14.53407
							],
							"size": [
								30,
								1,
								1
							],
							"uv": [
								767,
								387
							]
						},
						{
							"origin": [
								-14,
								24.24118,
								14.53407
							],
							"size": [
								28,
								1,
								1
							],
							"uv": [
								769,
								382
							]
						},
						{
							"origin": [
								2,
								9.24118,
								-0.46593
							],
							"size": [
								12,
								10,
								1
							],
							"uv": [
								796,
								496
							]
						},
						{
							"origin": [
								-14,
								9.24118,
								-0.46593
							],
							"size": [
								12,
								10,
								1
							],
							"uv": [
								796,
								496
							]
						},
						{
							"origin": [
								3,
								19.24118,
								-0.46593
							],
							"size": [
								10,
								1,
								1
							],
							"uv": [
								798,
								492
							]
						},
						{
							"origin": [
								-13,
								19.24118,
								-0.46593
							],
							"size": [
								10,
								1,
								1
							],
							"uv": [
								798,
								492
							]
						},
						{
							"origin": [
								4,
								20.24118,
								-0.46593
							],
							"size": [
								8,
								1,
								1
							],
							"uv": [
								801,
								488
							]
						},
						{
							"origin": [
								-12,
								20.24118,
								-0.46593
							],
							"size": [
								8,
								1,
								1
							],
							"uv": [
								801,
								488
							]
						}
					]
				},
				{
					"name": "dashboard0",
					"parent": "car",
					"pivot": [
						0,
						9,
						-16
					],
					"rotation": [
						-25,
						0,
						0
					],
					"cubes": [
						{
							"origin": [
								-16,
								11.07738,
								-20.40631
							],
							"size": [
								32,
								3,
								8
							],
							"uv": [
								765,
								361
							]
						},
						{
							"origin": [
								7,
								12.07738,
								-17.40631
							],
							"size": [
								2,
								2,
								2
							],
							"uv": [
								0,
								75
							]
						}
					]
				},
				{
					"name": "steer",
					"parent": "dashboard0",
					"pivot": [
						8,
						14.50595,
						-16.40631
					],
					"cubes": [
						{
							"origin": [
								7,
								14.07738,
								-17.40631
							],
							"size": [
								2,
								2,
								2
							],
							"uv": [
								987,
								450
							]
						},
						{
							"origin": [
								5,
								15.07738,
								-17.40631
							],
							"size": [
								2,
								1,
								2
							],
							"uv": [
								987,
								450
							]
						},
						{
							"origin": [
								9,
								15.07738,
								-17.40631
							],
							"size": [
								2,
								1,
								2
							],
							"uv": [
								987,
								450
							]
						},
						{
							"origin": [
								11,
								15.07738,
								-19.40631
							],
							"size": [
								1,
								1,
								6
							],
							"uv": [
								987,
								450
							]
						},
						{
							"origin": [
								5,
								15.07738,
								-20.40631
							],
							"size": [
								6,
								1,
								1
							],
							"uv": [
								987,
								450
							]
						},
						{
							"origin": [
								4,
								15.07738,
								-19.40631
							],
							"size": [
								1,
								1,
								6
							],
							"uv": [
								987,
								450
							]
						},
						{
							"origin": [
								5,
								15.07738,
								-13.40631
							],
							"size": [
								6,
								1,
								1
							],
							"uv": [
								987,
								450
							]
						}
					]
				},
				{
					"name": "leg0",
					"parent": "car",
					"pivot": [
						0,
						5.5981,
						-45.5
					],
					"cubes": [
						{
							"origin": [
								-18,
								0,
								-47
							],
							"size": [
								2,
								1,
								3
							],
							"uv": [
								969,
								438
							]
						},
						{
							"origin": [
								16,
								0,
								-47
							],
							"size": [
								2,
								1,
								3
							],
							"uv": [
								969,
								438
							]
						},
						{
							"origin": [
								-18,
								1,
								-47
							],
							"size": [
								2,
								1,
								3
							],
							"uv": [
								969,
								438
							]
						},
						{
							"origin": [
								16,
								1,
								-47
							],
							"size": [
								2,
								1,
								3
							],
							"uv": [
								969,
								438
							]
						},
						{
							"origin": [
								-18,
								2,
								-47
							],
							"size": [
								2,
								1,
								3
							],
							"uv": [
								969,
								438
							]
						},
						{
							"origin": [
								16,
								2,
								-47
							],
							"size": [
								2,
								1,
								3
							],
							"uv": [
								969,
								438
							]
						},
						{
							"origin": [
								-18,
								-13,
								-53.48334
							],
							"size": [
								2,
								1,
								3
							],
							"pivot": [
								0,
								-13,
								-24.48334
							],
							"rotation": [
								-30,
								0,
								0
							],
							"uv": [
								969,
								438
							]
						},
						{
							"origin": [
								16,
								-13,
								-53.48334
							],
							"size": [
								2,
								1,
								3
							],
							"pivot": [
								34,
								-13,
								-24.48334
							],
							"rotation": [
								-30,
								0,
								0
							],
							"uv": [
								969,
								438
							]
						},
						{
							"origin": [
								-18,
								-12,
								-53.48334
							],
							"size": [
								2,
								1,
								3
							],
							"pivot": [
								0,
								-13,
								-24.48334
							],
							"rotation": [
								-30,
								0,
								0
							],
							"uv": [
								969,
								438
							]
						},
						{
							"origin": [
								16,
								-12,
								-53.48334
							],
							"size": [
								2,
								1,
								3
							],
							"pivot": [
								34,
								-13,
								-24.48334
							],
							"rotation": [
								-30,
								0,
								0
							],
							"uv": [
								969,
								438
							]
						},
						{
							"origin": [
								-18,
								-21.01666,
								-65.59808
							],
							"size": [
								2,
								1,
								3
							],
							"pivot": [
								0,
								-21.01666,
								-36.59808
							],
							"rotation": [
								-60,
								0,
								0
							],
							"uv": [
								969,
								438
							]
						},
						{
							"origin": [
								16,
								-21.01666,
								-65.59808
							],
							"size": [
								2,
								1,
								3
							],
							"pivot": [
								34,
								-21.01666,
								-36.59808
							],
							"rotation": [
								-60,
								0,
								0
							],
							"uv": [
								969,
								438
							]
						},
						{
							"origin": [
								-18,
								-20.01666,
								-65.59808
							],
							"size": [
								2,
								1,
								3
							],
							"pivot": [
								0,
								-21.01666,
								-36.59808
							],
							"rotation": [
								-60,
								0,
								0
							],
							"uv": [
								969,
								438
							]
						},
						{
							"origin": [
								16,
								-20.01666,
								-65.59808
							],
							"size": [
								2,
								1,
								3
							],
							"pivot": [
								34,
								-21.01666,
								-36.59808
							],
							"rotation": [
								-60,
								0,
								0
							],
							"uv": [
								969,
								438
							]
						},
						{
							"origin": [
								-18,
								0.68301,
								-44.45096
							],
							"size": [
								2,
								1,
								3
							],
							"pivot": [
								-17,
								1.18301,
								-42.95096
							],
							"rotation": [
								30,
								0,
								0
							],
							"uv": [
								969,
								438
							]
						},
						{
							"origin": [
								16,
								0.68301,
								-44.45096
							],
							"size": [
								2,
								1,
								3
							],
							"pivot": [
								17,
								1.18301,
								-42.95096
							],
							"rotation": [
								30,
								0,
								0
							],
							"uv": [
								969,
								438
							]
						},
						{
							"origin": [
								-18,
								2.68301,
								-44.45096
							],
							"size": [
								2,
								1,
								3
							],
							"pivot": [
								-17,
								1.18301,
								-42.95096
							],
							"rotation": [
								30,
								0,
								0
							],
							"uv": [
								969,
								438
							]
						},
						{
							"origin": [
								16,
								2.68301,
								-44.45096
							],
							"size": [
								2,
								1,
								3
							],
							"pivot": [
								17,
								1.18301,
								-42.95096
							],
							"rotation": [
								30,
								0,
								0
							],
							"uv": [
								969,
								438
							]
						},
						{
							"origin": [
								-18,
								1.68301,
								-44.45096
							],
							"size": [
								2,
								1,
								3
							],
							"pivot": [
								-17,
								1.18301,
								-42.95096
							],
							"rotation": [
								30,
								0,
								0
							],
							"uv": [
								969,
								438
							]
						},
						{
							"origin": [
								16,
								1.68301,
								-44.45096
							],
							"size": [
								2,
								1,
								3
							],
							"pivot": [
								17,
								1.18301,
								-42.95096
							],
							"rotation": [
								30,
								0,
								0
							],
							"uv": [
								969,
								438
							]
						},
						{
							"origin": [
								-18,
								2.54904,
								-42.58494
							],
							"size": [
								2,
								1,
								3
							],
							"pivot": [
								-17,
								3.04904,
								-41.08494
							],
							"rotation": [
								60,
								0,
								0
							],
							"uv": [
								969,
								438
							]
						},
						{
							"origin": [
								16,
								2.54904,
								-42.58494
							],
							"size": [
								2,
								1,
								3
							],
							"pivot": [
								17,
								3.04904,
								-41.08494
							],
							"rotation": [
								60,
								0,
								0
							],
							"uv": [
								969,
								438
							]
						},
						{
							"origin": [
								-18,
								3.54904,
								-42.58494
							],
							"size": [
								2,
								1,
								3
							],
							"pivot": [
								-17,
								3.04904,
								-41.08494
							],
							"rotation": [
								60,
								0,
								0
							],
							"uv": [
								969,
								438
							]
						},
						{
							"origin": [
								16,
								3.54904,
								-42.58494
							],
							"size": [
								2,
								1,
								3
							],
							"pivot": [
								17,
								3.04904,
								-41.08494
							],
							"rotation": [
								60,
								0,
								0
							],
							"uv": [
								969,
								438
							]
						},
						{
							"origin": [
								-18,
								3.54904,
								-42.58494
							],
							"size": [
								2,
								1,
								3
							],
							"pivot": [
								-17,
								3.04904,
								-41.08494
							],
							"rotation": [
								60,
								0,
								0
							],
							"uv": [
								969,
								438
							]
						},
						{
							"origin": [
								16,
								3.54904,
								-42.58494
							],
							"size": [
								2,
								1,
								3
							],
							"pivot": [
								17,
								3.04904,
								-41.08494
							],
							"rotation": [
								60,
								0,
								0
							],
							"uv": [
								969,
								438
							]
						},
						{
							"origin": [
								-18,
								10.19615,
								-47
							],
							"size": [
								2,
								1,
								3
							],
							"uv": [
								969,
								438
							]
						},
						{
							"origin": [
								16,
								10.19615,
								-47
							],
							"size": [
								2,
								1,
								3
							],
							"uv": [
								969,
								438
							]
						},
						{
							"origin": [
								-18,
								9.19615,
								-47
							],
							"size": [
								2,
								1,
								3
							],
							"uv": [
								969,
								438
							]
						},
						{
							"origin": [
								16,
								9.19615,
								-47
							],
							"size": [
								2,
								1,
								3
							],
							"uv": [
								969,
								438
							]
						},
						{
							"origin": [
								-18,
								8.19615,
								-47
							],
							"size": [
								2,
								1,
								3
							],
							"uv": [
								969,
								438
							]
						},
						{
							"origin": [
								16,
								8.19615,
								-47
							],
							"size": [
								2,
								1,
								3
							],
							"uv": [
								969,
								438
							]
						},
						{
							"origin": [
								-18,
								9.51314,
								-49.54904
							],
							"size": [
								2,
								1,
								3
							],
							"pivot": [
								-17,
								10.01314,
								-48.04904
							],
							"rotation": [
								30,
								0,
								0
							],
							"uv": [
								969,
								438
							]
						},
						{
							"origin": [
								16,
								9.51314,
								-49.54904
							],
							"size": [
								2,
								1,
								3
							],
							"pivot": [
								17,
								10.01314,
								-48.04904
							],
							"rotation": [
								30,
								0,
								0
							],
							"uv": [
								969,
								438
							]
						},
						{
							"origin": [
								-18,
								8.51314,
								-49.54904
							],
							"size": [
								2,
								1,
								3
							],
							"pivot": [
								-17,
								10.01314,
								-48.04904
							],
							"rotation": [
								30,
								0,
								0
							],
							"uv": [
								969,
								438
							]
						},
						{
							"origin": [
								16,
								8.51314,
								-49.54904
							],
							"size": [
								2,
								1,
								3
							],
							"pivot": [
								17,
								10.01314,
								-48.04904
							],
							"rotation": [
								30,
								0,
								0
							],
							"uv": [
								969,
								438
							]
						},
						{
							"origin": [
								-18,
								7.64711,
								-51.41506
							],
							"size": [
								2,
								1,
								3
							],
							"pivot": [
								-17,
								8.14711,
								-49.91506
							],
							"rotation": [
								60,
								0,
								0
							],
							"uv": [
								969,
								438
							]
						},
						{
							"origin": [
								16,
								7.64711,
								-51.41506
							],
							"size": [
								2,
								1,
								3
							],
							"pivot": [
								17,
								8.14711,
								-49.91506
							],
							"rotation": [
								60,
								0,
								0
							],
							"uv": [
								969,
								438
							]
						},
						{
							"origin": [
								-18,
								6.64711,
								-51.41506
							],
							"size": [
								2,
								1,
								3
							],
							"pivot": [
								-17,
								8.14711,
								-49.91506
							],
							"rotation": [
								60,
								0,
								0
							],
							"uv": [
								969,
								438
							]
						},
						{
							"origin": [
								16,
								6.64711,
								-51.41506
							],
							"size": [
								2,
								1,
								3
							],
							"pivot": [
								17,
								8.14711,
								-49.91506
							],
							"rotation": [
								60,
								0,
								0
							],
							"uv": [
								969,
								438
							]
						},
						{
							"origin": [
								-18,
								2,
								-49
							],
							"size": [
								2,
								7,
								7
							],
							"inflate": 0.025,
							"uv": [
								957,
								480
							],
							"mirror": true
						},
						{
							"origin": [
								-18,
								4.09808,
								-51.09808
							],
							"size": [
								2,
								3,
								1
							],
							"uv": [
								969,
								438
							]
						},
						{
							"origin": [
								16,
								4.09808,
								-51.09808
							],
							"size": [
								2,
								3,
								1
							],
							"uv": [
								969,
								438
							]
						},
						{
							"origin": [
								-18,
								4.09808,
								-50.09808
							],
							"size": [
								2,
								3,
								1
							],
							"uv": [
								969,
								438
							]
						},
						{
							"origin": [
								16,
								4.09808,
								-50.09808
							],
							"size": [
								2,
								3,
								1
							],
							"uv": [
								969,
								438
							]
						},
						{
							"origin": [
								-18,
								4.09808,
								-40.90192
							],
							"size": [
								2,
								3,
								1
							],
							"uv": [
								969,
								438
							]
						},
						{
							"origin": [
								16,
								4.09808,
								-40.90192
							],
							"size": [
								2,
								3,
								1
							],
							"uv": [
								969,
								438
							]
						},
						{
							"origin": [
								-18,
								4.09808,
								-41.90192
							],
							"size": [
								2,
								3,
								1
							],
							"uv": [
								969,
								438
							]
						},
						{
							"origin": [
								16,
								4.09808,
								-41.90192
							],
							"size": [
								2,
								3,
								1
							],
							"uv": [
								969,
								438
							]
						},
						{
							"origin": [
								-18,
								4.09808,
								-42.90192
							],
							"size": [
								2,
								3,
								1
							],
							"uv": [
								969,
								438
							]
						},
						{
							"origin": [
								16,
								4.09808,
								-42.90192
							],
							"size": [
								2,
								3,
								1
							],
							"uv": [
								969,
								438
							]
						},
						{
							"origin": [
								-18,
								6.64711,
								-41.58494
							],
							"size": [
								2,
								3,
								1
							],
							"pivot": [
								-17,
								8.14711,
								-41.08494
							],
							"rotation": [
								30,
								0,
								0
							],
							"uv": [
								969,
								438
							]
						},
						{
							"origin": [
								16,
								6.64711,
								-41.58494
							],
							"size": [
								2,
								3,
								1
							],
							"pivot": [
								17,
								8.14711,
								-41.08494
							],
							"rotation": [
								30,
								0,
								0
							],
							"uv": [
								969,
								438
							]
						},
						{
							"origin": [
								-18,
								6.64711,
								-42.58494
							],
							"size": [
								2,
								3,
								1
							],
							"pivot": [
								-17,
								8.14711,
								-41.08494
							],
							"rotation": [
								30,
								0,
								0
							],
							"uv": [
								969,
								438
							]
						},
						{
							"origin": [
								16,
								6.64711,
								-42.58494
							],
							"size": [
								2,
								3,
								1
							],
							"pivot": [
								17,
								8.14711,
								-41.08494
							],
							"rotation": [
								30,
								0,
								0
							],
							"uv": [
								969,
								438
							]
						},
						{
							"origin": [
								-18,
								8.51314,
								-43.45096
							],
							"size": [
								2,
								3,
								1
							],
							"pivot": [
								-17,
								10.01314,
								-42.95096
							],
							"rotation": [
								60,
								0,
								0
							],
							"uv": [
								969,
								438
							]
						},
						{
							"origin": [
								16,
								8.51314,
								-43.45096
							],
							"size": [
								2,
								3,
								1
							],
							"pivot": [
								17,
								10.01314,
								-42.95096
							],
							"rotation": [
								60,
								0,
								0
							],
							"uv": [
								969,
								438
							]
						},
						{
							"origin": [
								-18,
								8.51314,
								-44.45096
							],
							"size": [
								2,
								3,
								1
							],
							"pivot": [
								-17,
								10.01314,
								-42.95096
							],
							"rotation": [
								60,
								0,
								0
							],
							"uv": [
								969,
								438
							]
						},
						{
							"origin": [
								16,
								8.51314,
								-44.45096
							],
							"size": [
								2,
								3,
								1
							],
							"pivot": [
								17,
								10.01314,
								-42.95096
							],
							"rotation": [
								60,
								0,
								0
							],
							"uv": [
								969,
								438
							]
						},
						{
							"origin": [
								16,
								2,
								-49
							],
							"size": [
								2,
								7,
								7
							],
							"inflate": 0.01,
							"uv": [
								957,
								480
							]
						}
					]
				},
				{
					"name": "leg1",
					"parent": "car",
					"pivot": [
						0,
						5.5981,
						30.5
					],
					"cubes": [
						{
							"origin": [
								-18,
								0,
								29
							],
							"size": [
								2,
								1,
								3
							],
							"uv": [
								969,
								438
							]
						},
						{
							"origin": [
								16,
								0,
								29
							],
							"size": [
								2,
								1,
								3
							],
							"uv": [
								969,
								438
							]
						},
						{
							"origin": [
								-18,
								1,
								29
							],
							"size": [
								2,
								1,
								3
							],
							"uv": [
								969,
								438
							]
						},
						{
							"origin": [
								16,
								1,
								29
							],
							"size": [
								2,
								1,
								3
							],
							"uv": [
								969,
								438
							]
						},
						{
							"origin": [
								-18,
								2,
								29
							],
							"size": [
								2,
								1,
								3
							],
							"uv": [
								969,
								438
							]
						},
						{
							"origin": [
								16,
								2,
								29
							],
							"size": [
								2,
								1,
								3
							],
							"uv": [
								969,
								438
							]
						},
						{
							"origin": [
								-18,
								-13,
								22.51666
							],
							"size": [
								2,
								1,
								3
							],
							"pivot": [
								0,
								-13,
								51.51666
							],
							"rotation": [
								-30,
								0,
								0
							],
							"uv": [
								969,
								438
							]
						},
						{
							"origin": [
								16,
								-13,
								22.51666
							],
							"size": [
								2,
								1,
								3
							],
							"pivot": [
								34,
								-13,
								51.51666
							],
							"rotation": [
								-30,
								0,
								0
							],
							"uv": [
								969,
								438
							]
						},
						{
							"origin": [
								-18,
								-12,
								22.51666
							],
							"size": [
								2,
								1,
								3
							],
							"pivot": [
								0,
								-13,
								51.51666
							],
							"rotation": [
								-30,
								0,
								0
							],
							"uv": [
								969,
								438
							]
						},
						{
							"origin": [
								16,
								-12,
								22.51666
							],
							"size": [
								2,
								1,
								3
							],
							"pivot": [
								34,
								-13,
								51.51666
							],
							"rotation": [
								-30,
								0,
								0
							],
							"uv": [
								969,
								438
							]
						},
						{
							"origin": [
								-18,
								-21.01666,
								10.40192
							],
							"size": [
								2,
								1,
								3
							],
							"pivot": [
								0,
								-21.01666,
								39.40192
							],
							"rotation": [
								-60,
								0,
								0
							],
							"uv": [
								969,
								438
							]
						},
						{
							"origin": [
								16,
								-21.01666,
								10.40192
							],
							"size": [
								2,
								1,
								3
							],
							"pivot": [
								34,
								-21.01666,
								39.40192
							],
							"rotation": [
								-60,
								0,
								0
							],
							"uv": [
								969,
								438
							]
						},
						{
							"origin": [
								-18,
								-20.01666,
								10.40192
							],
							"size": [
								2,
								1,
								3
							],
							"pivot": [
								0,
								-21.01666,
								39.40192
							],
							"rotation": [
								-60,
								0,
								0
							],
							"uv": [
								969,
								438
							]
						},
						{
							"origin": [
								16,
								-20.01666,
								10.40192
							],
							"size": [
								2,
								1,
								3
							],
							"pivot": [
								34,
								-21.01666,
								39.40192
							],
							"rotation": [
								-60,
								0,
								0
							],
							"uv": [
								969,
								438
							]
						},
						{
							"origin": [
								-18,
								0.68301,
								31.54904
							],
							"size": [
								2,
								1,
								3
							],
							"pivot": [
								-17,
								1.18301,
								33.04904
							],
							"rotation": [
								30,
								0,
								0
							],
							"uv": [
								969,
								438
							]
						},
						{
							"origin": [
								16,
								0.68301,
								31.54904
							],
							"size": [
								2,
								1,
								3
							],
							"pivot": [
								17,
								1.18301,
								33.04904
							],
							"rotation": [
								30,
								0,
								0
							],
							"uv": [
								969,
								438
							]
						},
						{
							"origin": [
								-18,
								2.68301,
								31.54904
							],
							"size": [
								2,
								1,
								3
							],
							"pivot": [
								-17,
								1.18301,
								33.04904
							],
							"rotation": [
								30,
								0,
								0
							],
							"uv": [
								969,
								438
							]
						},
						{
							"origin": [
								16,
								2.68301,
								31.54904
							],
							"size": [
								2,
								1,
								3
							],
							"pivot": [
								17,
								1.18301,
								33.04904
							],
							"rotation": [
								30,
								0,
								0
							],
							"uv": [
								969,
								438
							]
						},
						{
							"origin": [
								-18,
								1.68301,
								31.54904
							],
							"size": [
								2,
								1,
								3
							],
							"pivot": [
								-17,
								1.18301,
								33.04904
							],
							"rotation": [
								30,
								0,
								0
							],
							"uv": [
								969,
								438
							]
						},
						{
							"origin": [
								16,
								1.68301,
								31.54904
							],
							"size": [
								2,
								1,
								3
							],
							"pivot": [
								17,
								1.18301,
								33.04904
							],
							"rotation": [
								30,
								0,
								0
							],
							"uv": [
								969,
								438
							]
						},
						{
							"origin": [
								-18,
								2.54904,
								33.41506
							],
							"size": [
								2,
								1,
								3
							],
							"pivot": [
								-17,
								3.04904,
								34.91506
							],
							"rotation": [
								60,
								0,
								0
							],
							"uv": [
								969,
								438
							]
						},
						{
							"origin": [
								16,
								2.54904,
								33.41506
							],
							"size": [
								2,
								1,
								3
							],
							"pivot": [
								17,
								3.04904,
								34.91506
							],
							"rotation": [
								60,
								0,
								0
							],
							"uv": [
								969,
								438
							]
						},
						{
							"origin": [
								-18,
								3.54904,
								33.41506
							],
							"size": [
								2,
								1,
								3
							],
							"pivot": [
								-17,
								3.04904,
								34.91506
							],
							"rotation": [
								60,
								0,
								0
							],
							"uv": [
								969,
								438
							]
						},
						{
							"origin": [
								16,
								3.54904,
								33.41506
							],
							"size": [
								2,
								1,
								3
							],
							"pivot": [
								17,
								3.04904,
								34.91506
							],
							"rotation": [
								60,
								0,
								0
							],
							"uv": [
								969,
								438
							]
						},
						{
							"origin": [
								-18,
								3.54904,
								33.41506
							],
							"size": [
								2,
								1,
								3
							],
							"pivot": [
								-17,
								3.04904,
								34.91506
							],
							"rotation": [
								60,
								0,
								0
							],
							"uv": [
								969,
								438
							]
						},
						{
							"origin": [
								16,
								3.54904,
								33.41506
							],
							"size": [
								2,
								1,
								3
							],
							"pivot": [
								17,
								3.04904,
								34.91506
							],
							"rotation": [
								60,
								0,
								0
							],
							"uv": [
								969,
								438
							]
						},
						{
							"origin": [
								-18,
								10.19615,
								29
							],
							"size": [
								2,
								1,
								3
							],
							"uv": [
								969,
								438
							]
						},
						{
							"origin": [
								16,
								10.19615,
								29
							],
							"size": [
								2,
								1,
								3
							],
							"uv": [
								969,
								438
							]
						},
						{
							"origin": [
								-18,
								9.19615,
								29
							],
							"size": [
								2,
								1,
								3
							],
							"uv": [
								969,
								438
							]
						},
						{
							"origin": [
								16,
								9.19615,
								29
							],
							"size": [
								2,
								1,
								3
							],
							"uv": [
								969,
								438
							]
						},
						{
							"origin": [
								-18,
								8.19615,
								29
							],
							"size": [
								2,
								1,
								3
							],
							"uv": [
								969,
								438
							]
						},
						{
							"origin": [
								16,
								8.19615,
								29
							],
							"size": [
								2,
								1,
								3
							],
							"uv": [
								969,
								438
							]
						},
						{
							"origin": [
								-18,
								9.51314,
								26.45096
							],
							"size": [
								2,
								1,
								3
							],
							"pivot": [
								-17,
								10.01314,
								27.95096
							],
							"rotation": [
								30,
								0,
								0
							],
							"uv": [
								969,
								438
							]
						},
						{
							"origin": [
								16,
								9.51314,
								26.45096
							],
							"size": [
								2,
								1,
								3
							],
							"pivot": [
								17,
								10.01314,
								27.95096
							],
							"rotation": [
								30,
								0,
								0
							],
							"uv": [
								969,
								438
							]
						},
						{
							"origin": [
								-18,
								8.51314,
								26.45096
							],
							"size": [
								2,
								1,
								3
							],
							"pivot": [
								-17,
								10.01314,
								27.95096
							],
							"rotation": [
								30,
								0,
								0
							],
							"uv": [
								969,
								438
							]
						},
						{
							"origin": [
								16,
								8.51314,
								26.45096
							],
							"size": [
								2,
								1,
								3
							],
							"pivot": [
								17,
								10.01314,
								27.95096
							],
							"rotation": [
								30,
								0,
								0
							],
							"uv": [
								969,
								438
							]
						},
						{
							"origin": [
								-18,
								7.64711,
								24.58494
							],
							"size": [
								2,
								1,
								3
							],
							"pivot": [
								-17,
								8.14711,
								26.08494
							],
							"rotation": [
								60,
								0,
								0
							],
							"uv": [
								969,
								438
							]
						},
						{
							"origin": [
								16,
								7.64711,
								24.58494
							],
							"size": [
								2,
								1,
								3
							],
							"pivot": [
								17,
								8.14711,
								26.08494
							],
							"rotation": [
								60,
								0,
								0
							],
							"uv": [
								969,
								438
							]
						},
						{
							"origin": [
								-18,
								6.64711,
								24.58494
							],
							"size": [
								2,
								1,
								3
							],
							"pivot": [
								-17,
								8.14711,
								26.08494
							],
							"rotation": [
								60,
								0,
								0
							],
							"uv": [
								969,
								438
							]
						},
						{
							"origin": [
								16,
								6.64711,
								24.58494
							],
							"size": [
								2,
								1,
								3
							],
							"pivot": [
								17,
								8.14711,
								26.08494
							],
							"rotation": [
								60,
								0,
								0
							],
							"uv": [
								969,
								438
							]
						},
						{
							"origin": [
								-18,
								2,
								27
							],
							"size": [
								2,
								7,
								7
							],
							"inflate": 0.025,
							"uv": [
								957,
								480
							],
							"mirror": true
						},
						{
							"origin": [
								-18,
								4.09808,
								24.90192
							],
							"size": [
								2,
								3,
								1
							],
							"uv": [
								969,
								438
							]
						},
						{
							"origin": [
								16,
								4.09808,
								24.90192
							],
							"size": [
								2,
								3,
								1
							],
							"uv": [
								969,
								438
							]
						},
						{
							"origin": [
								-18,
								4.09808,
								25.90192
							],
							"size": [
								2,
								3,
								1
							],
							"uv": [
								969,
								438
							]
						},
						{
							"origin": [
								16,
								4.09808,
								25.90192
							],
							"size": [
								2,
								3,
								1
							],
							"uv": [
								969,
								438
							]
						},
						{
							"origin": [
								-18,
								4.09808,
								35.09808
							],
							"size": [
								2,
								3,
								1
							],
							"uv": [
								969,
								438
							]
						},
						{
							"origin": [
								16,
								4.09808,
								35.09808
							],
							"size": [
								2,
								3,
								1
							],
							"uv": [
								969,
								438
							]
						},
						{
							"origin": [
								-18,
								4.09808,
								34.09808
							],
							"size": [
								2,
								3,
								1
							],
							"uv": [
								969,
								438
							]
						},
						{
							"origin": [
								16,
								4.09808,
								34.09808
							],
							"size": [
								2,
								3,
								1
							],
							"uv": [
								969,
								438
							]
						},
						{
							"origin": [
								-18,
								4.09808,
								33.09808
							],
							"size": [
								2,
								3,
								1
							],
							"uv": [
								969,
								438
							]
						},
						{
							"origin": [
								16,
								4.09808,
								33.09808
							],
							"size": [
								2,
								3,
								1
							],
							"uv": [
								969,
								438
							]
						},
						{
							"origin": [
								-18,
								6.64711,
								34.41506
							],
							"size": [
								2,
								3,
								1
							],
							"pivot": [
								-17,
								8.14711,
								34.91506
							],
							"rotation": [
								30,
								0,
								0
							],
							"uv": [
								969,
								438
							]
						},
						{
							"origin": [
								16,
								6.64711,
								34.41506
							],
							"size": [
								2,
								3,
								1
							],
							"pivot": [
								17,
								8.14711,
								34.91506
							],
							"rotation": [
								30,
								0,
								0
							],
							"uv": [
								969,
								438
							]
						},
						{
							"origin": [
								-18,
								6.64711,
								33.41506
							],
							"size": [
								2,
								3,
								1
							],
							"pivot": [
								-17,
								8.14711,
								34.91506
							],
							"rotation": [
								30,
								0,
								0
							],
							"uv": [
								969,
								438
							]
						},
						{
							"origin": [
								16,
								6.64711,
								33.41506
							],
							"size": [
								2,
								3,
								1
							],
							"pivot": [
								17,
								8.14711,
								34.91506
							],
							"rotation": [
								30,
								0,
								0
							],
							"uv": [
								969,
								438
							]
						},
						{
							"origin": [
								-18,
								8.51314,
								32.54904
							],
							"size": [
								2,
								3,
								1
							],
							"pivot": [
								-17,
								10.01314,
								33.04904
							],
							"rotation": [
								60,
								0,
								0
							],
							"uv": [
								969,
								438
							]
						},
						{
							"origin": [
								16,
								8.51314,
								32.54904
							],
							"size": [
								2,
								3,
								1
							],
							"pivot": [
								17,
								10.01314,
								33.04904
							],
							"rotation": [
								60,
								0,
								0
							],
							"uv": [
								969,
								438
							]
						},
						{
							"origin": [
								-18,
								8.51314,
								31.54904
							],
							"size": [
								2,
								3,
								1
							],
							"pivot": [
								-17,
								10.01314,
								33.04904
							],
							"rotation": [
								60,
								0,
								0
							],
							"uv": [
								969,
								438
							]
						},
						{
							"origin": [
								16,
								8.51314,
								31.54904
							],
							"size": [
								2,
								3,
								1
							],
							"pivot": [
								17,
								10.01314,
								33.04904
							],
							"rotation": [
								60,
								0,
								0
							],
							"uv": [
								969,
								438
							]
						},
						{
							"origin": [
								16,
								2,
								27
							],
							"size": [
								2,
								7,
								7
							],
							"inflate": 0.01,
							"uv": [
								957,
								480
							]
						}
					]
				}
			]
		}
	]
}