{
	"format_version": "1.12.0",
	"minecraft:geometry": [
		{
			"description": {
				"identifier": "geometry.modern_jeep_ph",
				"texture_width": 1024,
				"texture_height": 1024,
				"visible_bounds_width": 9,
				"visible_bounds_height": 7.5,
				"visible_bounds_offset": [
					0,
					0.25,
					0
				]
			},
			"bones": [
				{
					"name": "jeep",
					"pivot": [
						0,
						0,
						0
					]
				},
				{
					"name": "body",
					"parent": "jeep",
					"pivot": [
						0,
						2,
						0
					],
					"cubes": [
						{
							"origin": [
								-13,
								5,
								-43
							],
							"size": [
								26,
								17,
								20
							],
							"uv": [
								0,
								363
							]
						},
						{
							"origin": [
								-13,
								10.58975,
								-44.63878
							],
							"size": [
								26,
								7,
								14
							],
							"pivot": [
								0,
								9.08975,
								-40.63878
							],
							"rotation": [
								60,
								0,
								0
							],
							"uv": [
								286,
								363
							]
						},
						{
							"origin": [
								-19,
								5,
								-51
							],
							"size": [
								38,
								6,
								9
							],
							"uv": [
								188,
								382
							]
						},
						{
							"origin": [
								-19,
								10,
								-46
							],
							"size": [
								6,
								5,
								4
							],
							"uv": [
								172,
								533
							]
						},
						{
							"origin": [
								13,
								10,
								-46
							],
							"size": [
								6,
								5,
								4
							],
							"uv": [
								172,
								524
							]
						},
						{
							"origin": [
								-19,
								20,
								-27
							],
							"size": [
								38,
								3,
								4
							],
							"uv": [
								112,
								400
							]
						},
						{
							"origin": [
								-17,
								15.2953,
								-26.17869
							],
							"size": [
								34,
								7,
								4
							],
							"pivot": [
								0,
								20.7953,
								-24.17869
							],
							"rotation": [
								25,
								0,
								0
							],
							"uv": [
								196,
								400
							]
						},
						{
							"origin": [
								17,
								22,
								-27
							],
							"size": [
								2,
								18,
								4
							],
							"pivot": [
								0,
								22.5,
								-25
							],
							"rotation": [
								-15,
								0,
								0
							],
							"uv": [
								48,
								524
							]
						},
						{
							"origin": [
								17,
								23,
								-7
							],
							"size": [
								2,
								15,
								4
							],
							"uv": [
								128,
								524
							]
						},
						{
							"origin": [
								17,
								23,
								10
							],
							"size": [
								2,
								15,
								3
							],
							"uv": [
								30,
								551
							]
						},
						{
							"origin": [
								17,
								23,
								26
							],
							"size": [
								2,
								15,
								4
							],
							"uv": [
								116,
								524
							]
						},
						{
							"origin": [
								7,
								23,
								49
							],
							"size": [
								2,
								15,
								3
							],
							"uv": [
								10,
								551
							]
						},
						{
							"origin": [
								-9,
								23,
								49
							],
							"size": [
								2,
								15,
								3
							],
							"uv": [
								0,
								551
							]
						},
						{
							"origin": [
								17,
								23,
								43
							],
							"size": [
								2,
								15,
								9
							],
							"uv": [
								56,
								500
							]
						},
						{
							"origin": [
								-19,
								22,
								-27
							],
							"size": [
								2,
								18,
								4
							],
							"pivot": [
								0,
								22.5,
								-25
							],
							"rotation": [
								-15,
								0,
								0
							],
							"uv": [
								36,
								524
							]
						},
						{
							"origin": [
								-19,
								23,
								-7
							],
							"size": [
								2,
								15,
								4
							],
							"uv": [
								104,
								524
							]
						},
						{
							"origin": [
								-19,
								23,
								10
							],
							"size": [
								2,
								15,
								3
							],
							"uv": [
								20,
								551
							]
						},
						{
							"origin": [
								-19,
								23,
								26
							],
							"size": [
								2,
								15,
								4
							],
							"uv": [
								92,
								524
							]
						},
						{
							"origin": [
								-19,
								23,
								43
							],
							"size": [
								2,
								15,
								9
							],
							"uv": [
								34,
								500
							]
						},
						{
							"origin": [
								13,
								16,
								-42
							],
							"size": [
								6,
								6,
								19
							],
							"uv": [
								170,
								440
							]
						},
						{
							"origin": [
								-19,
								16,
								17
							],
							"size": [
								4,
								7,
								20
							],
							"uv": [
								122,
								440
							]
						},
						{
							"origin": [
								14,
								9,
								17
							],
							"size": [
								1,
								6,
								20
							],
							"uv": [
								0,
								467
							]
						},
						{
							"origin": [
								14,
								10,
								17
							],
							"size": [
								1,
								6,
								20
							],
							"uv": [
								264,
								440
							]
						},
						{
							"origin": [
								-16,
								9,
								-3
							],
							"size": [
								1,
								7,
								53
							],
							"uv": [
								0,
								300
							]
						},
						{
							"origin": [
								-16,
								16,
								-3
							],
							"size": [
								2,
								11,
								52
							],
							"uv": [
								226,
								237
							]
						},
						{
							"origin": [
								14,
								16,
								-3
							],
							"size": [
								2,
								11,
								52
							],
							"uv": [
								118,
								237
							]
						},
						{
							"origin": [
								15,
								5,
								35
							],
							"size": [
								1,
								11,
								2
							],
							"uv": [
								178,
								551
							]
						},
						{
							"origin": [
								-19,
								5,
								35
							],
							"size": [
								1,
								11,
								2
							],
							"uv": [
								172,
								551
							]
						},
						{
							"origin": [
								15,
								9,
								17
							],
							"size": [
								1,
								7,
								2
							],
							"uv": [
								6,
								569
							]
						},
						{
							"origin": [
								-19,
								9,
								17
							],
							"size": [
								1,
								7,
								2
							],
							"uv": [
								0,
								569
							]
						},
						{
							"origin": [
								-19,
								9,
								-8
							],
							"size": [
								3,
								14,
								25
							],
							"uv": [
								56,
								400
							]
						},
						{
							"origin": [
								16,
								5,
								35
							],
							"size": [
								3,
								11,
								2
							],
							"uv": [
								114,
								551
							]
						},
						{
							"origin": [
								-18,
								5,
								35
							],
							"size": [
								3,
								11,
								2
							],
							"uv": [
								104,
								551
							]
						},
						{
							"origin": [
								15,
								9,
								17
							],
							"size": [
								4,
								7,
								2
							],
							"uv": [
								136,
								551
							]
						},
						{
							"origin": [
								-18,
								9,
								17
							],
							"size": [
								3,
								7,
								2
							],
							"uv": [
								160,
								558
							]
						},
						{
							"origin": [
								-19,
								16,
								-42
							],
							"size": [
								6,
								6,
								19
							],
							"uv": [
								72,
								440
							]
						},
						{
							"origin": [
								-19,
								9,
								-23
							],
							"size": [
								2,
								24,
								3
							],
							"uv": [
								26,
								524
							]
						},
						{
							"origin": [
								17,
								9,
								-24
							],
							"size": [
								2,
								24,
								3
							],
							"uv": [
								26,
								524
							]
						},
						{
							"origin": [
								-23,
								23,
								-24
							],
							"size": [
								4,
								1,
								1
							],
							"uv": [
								12,
								571
							]
						},
						{
							"origin": [
								20,
								23,
								-24
							],
							"size": [
								4,
								1,
								1
							],
							"uv": [
								12,
								569
							]
						},
						{
							"origin": [
								-23,
								24,
								-24
							],
							"size": [
								1,
								1,
								1
							],
							"uv": [
								22,
								571
							]
						},
						{
							"origin": [
								23,
								24,
								-24
							],
							"size": [
								1,
								1,
								1
							],
							"uv": [
								22,
								569
							]
						},
						{
							"origin": [
								-25,
								25,
								-24
							],
							"size": [
								5,
								8,
								1
							],
							"uv": [
								124,
								560
							]
						},
						{
							"origin": [
								21,
								25,
								-24
							],
							"size": [
								5,
								8,
								1
							],
							"uv": [
								124,
								551
							]
						},
						{
							"origin": [
								-19,
								9,
								-26
							],
							"size": [
								5,
								7,
								3
							],
							"inflate": -0.0001,
							"uv": [
								40,
								551
							]
						},
						{
							"origin": [
								-18,
								9,
								-26
							],
							"size": [
								5,
								7,
								3
							],
							"inflate": -0.001,
							"uv": [
								40,
								551
							]
						},
						{
							"origin": [
								-19,
								5,
								-26
							],
							"size": [
								5,
								7,
								3
							],
							"inflate": 0.001,
							"uv": [
								40,
								551
							]
						},
						{
							"origin": [
								-18,
								5,
								-26
							],
							"size": [
								5,
								7,
								3
							],
							"inflate": -0.0001,
							"uv": [
								40,
								551
							]
						},
						{
							"origin": [
								-19,
								15.39711,
								-45.65192
							],
							"size": [
								6,
								5,
								8
							],
							"inflate": -0.001,
							"pivot": [
								-16,
								17.39711,
								-41.15192
							],
							"rotation": [
								60,
								0,
								0
							],
							"uv": [
								194,
								500
							]
						},
						{
							"origin": [
								13,
								15.39711,
								-45.65192
							],
							"size": [
								6,
								5,
								8
							],
							"inflate": -0.001,
							"pivot": [
								16,
								17.39711,
								-41.15192
							],
							"rotation": [
								60,
								0,
								0
							],
							"uv": [
								166,
								500
							]
						},
						{
							"origin": [
								13,
								12.91025,
								-30.70096
							],
							"size": [
								6,
								5,
								14
							],
							"inflate": -0.001,
							"pivot": [
								16,
								14.41025,
								-26.70096
							],
							"rotation": [
								-60,
								0,
								0
							],
							"uv": [
								192,
								467
							]
						},
						{
							"origin": [
								17,
								5,
								-23
							],
							"size": [
								2,
								4,
								42
							],
							"uv": [
								292,
								300
							]
						},
						{
							"origin": [
								-19,
								5,
								-23
							],
							"size": [
								2,
								4,
								42
							],
							"uv": [
								204,
								300
							]
						},
						{
							"origin": [
								17,
								9,
								-23
							],
							"size": [
								2,
								14,
								14
							],
							"uv": [
								160,
								467
							]
						},
						{
							"origin": [
								17,
								9,
								-9
							],
							"size": [
								2,
								14,
								26
							],
							"uv": [
								0,
								400
							]
						},
						{
							"origin": [
								-19,
								9,
								-7
							],
							"size": [
								2,
								14,
								24
							],
							"uv": [
								0,
								99
							]
						},
						{
							"origin": [
								17,
								16,
								17
							],
							"size": [
								2,
								7,
								20
							],
							"uv": [
								220,
								440
							]
						},
						{
							"origin": [
								17,
								5,
								37
							],
							"size": [
								2,
								18,
								15
							],
							"uv": [
								76,
								467
							]
						},
						{
							"origin": [
								-19,
								5,
								37
							],
							"size": [
								2,
								18,
								15
							],
							"uv": [
								42,
								467
							]
						},
						{
							"origin": [
								7,
								12,
								49
							],
							"size": [
								10,
								11,
								3
							],
							"uv": [
								248,
								500
							]
						},
						{
							"origin": [
								-7,
								12,
								49
							],
							"size": [
								14,
								11,
								3
							],
							"uv": [
								292,
								467
							]
						},
						{
							"origin": [
								-17,
								12,
								49
							],
							"size": [
								10,
								11,
								3
							],
							"uv": [
								222,
								500
							]
						},
						{
							"origin": [
								-16,
								9,
								-7
							],
							"size": [
								31,
								3,
								57
							],
							"uv": [
								324,
								78
							]
						},
						{
							"origin": [
								-17,
								9,
								50
							],
							"size": [
								34,
								3,
								2
							],
							"uv": [
								0,
								458
							]
						},
						{
							"origin": [
								-2,
								9,
								-23
							],
							"size": [
								19,
								3,
								16
							],
							"uv": [
								112,
								407
							]
						},
						{
							"origin": [
								-17,
								5,
								-23
							],
							"size": [
								34,
								4,
								42
							],
							"uv": [
								132,
								156
							]
						},
						{
							"origin": [
								-15,
								5,
								19
							],
							"size": [
								30,
								4,
								18
							],
							"uv": [
								92,
								363
							]
						},
						{
							"origin": [
								-17,
								5,
								37
							],
							"size": [
								34,
								4,
								15
							],
							"uv": [
								188,
								363
							]
						},
						{
							"origin": [
								-19,
								5,
								52
							],
							"size": [
								38,
								6,
								2
							],
							"uv": [
								112,
								426
							]
						},
						{
							"origin": [
								2,
								12,
								-13
							],
							"size": [
								15,
								3,
								10
							],
							"uv": [
								110,
								467
							]
						},
						{
							"origin": [
								-2,
								12,
								-13
							],
							"size": [
								4,
								4,
								9
							],
							"uv": [
								0,
								524
							]
						},
						{
							"origin": [
								-14,
								9,
								-3
							],
							"size": [
								6,
								7,
								53
							],
							"uv": [
								0,
								237
							]
						},
						{
							"origin": [
								8,
								9,
								-4
							],
							"size": [
								6,
								7,
								53
							],
							"uv": [
								284,
								156
							]
						},
						{
							"origin": [
								2,
								15,
								-5
							],
							"size": [
								15,
								12,
								2
							],
							"uv": [
								0,
								500
							]
						},
						{
							"origin": [
								-20,
								38,
								-24
							],
							"size": [
								40,
								2,
								76
							],
							"uv": [
								0,
								0
							]
						},
						{
							"origin": [
								-19.98895,
								39.74692,
								-24
							],
							"size": [
								5,
								2,
								76
							],
							"pivot": [
								0.01105,
								40.74692,
								14
							],
							"rotation": [
								0,
								0,
								-5
							],
							"uv": [
								162,
								78
							]
						},
						{
							"origin": [
								14.85576,
								36.69647,
								-24
							],
							"size": [
								5,
								2,
								76
							],
							"pivot": [
								34.85576,
								37.69647,
								14
							],
							"rotation": [
								0,
								0,
								5
							],
							"uv": [
								0,
								78
							]
						},
						{
							"origin": [
								-15.01903,
								39.43578,
								-24
							],
							"size": [
								30,
								1,
								76
							],
							"uv": [
								232,
								0
							]
						}
					]
				},
				{
					"name": "steer",
					"parent": "body",
					"pivot": [
						8,
						19.2953,
						-21.67869
					],
					"cubes": [
						{
							"origin": [
								4,
								14.2953,
								-20.17869
							],
							"size": [
								8,
								8,
								0
							],
							"pivot": [
								0,
								20.7953,
								-24.17869
							],
							"rotation": [
								25,
								0,
								0
							],
							"uv": [
								40,
								561
							]
						},
						{
							"origin": [
								7,
								17.2953,
								-22.17869
							],
							"size": [
								2,
								2,
								2
							],
							"pivot": [
								0,
								20.7953,
								-24.17869
							],
							"rotation": [
								25,
								0,
								0
							],
							"uv": [
								12,
								573
							]
						}
					]
				},
				{
					"name": "leg0",
					"parent": "jeep",
					"pivot": [
						0,
						7.43563,
						-34.02816
					],
					"cubes": [
						{
							"origin": [
								-18,
								0,
								-36
							],
							"size": [
								5,
								3,
								4
							],
							"uv": [
								0,
								579
							]
						},
						{
							"origin": [
								13,
								0,
								-36
							],
							"size": [
								5,
								3,
								4
							],
							"uv": [
								0,
								579
							]
						},
						{
							"origin": [
								-18,
								11.9282,
								-36
							],
							"size": [
								5,
								3,
								4
							],
							"uv": [
								0,
								579
							]
						},
						{
							"origin": [
								13,
								11.9282,
								-36
							],
							"size": [
								5,
								3,
								4
							],
							"uv": [
								0,
								579
							]
						},
						{
							"origin": [
								-18,
								0.68301,
								-32.45096
							],
							"size": [
								5,
								3,
								4
							],
							"pivot": [
								-15.5,
								1.18301,
								-30.95096
							],
							"rotation": [
								30,
								0,
								0
							],
							"uv": [
								0,
								578
							]
						},
						{
							"origin": [
								13,
								0.68301,
								-32.45096
							],
							"size": [
								5,
								3,
								4
							],
							"pivot": [
								15.5,
								1.18301,
								-30.95096
							],
							"rotation": [
								30,
								0,
								0
							],
							"uv": [
								0,
								578
							]
						},
						{
							"origin": [
								-18,
								11.24519,
								-32.45096
							],
							"size": [
								5,
								3,
								4
							],
							"pivot": [
								-15.5,
								13.74519,
								-30.95096
							],
							"rotation": [
								-30,
								0,
								0
							],
							"uv": [
								0,
								578
							]
						},
						{
							"origin": [
								13,
								11.24519,
								-32.45096
							],
							"size": [
								5,
								3,
								4
							],
							"pivot": [
								15.5,
								13.74519,
								-30.95096
							],
							"rotation": [
								-30,
								0,
								0
							],
							"uv": [
								0,
								578
							]
						},
						{
							"origin": [
								-18,
								1.18301,
								-39.41506
							],
							"size": [
								5,
								3,
								4
							],
							"pivot": [
								-15.5,
								1.68301,
								-37.91506
							],
							"rotation": [
								-30,
								0,
								0
							],
							"uv": [
								0,
								578
							]
						},
						{
							"origin": [
								13,
								1.18301,
								-39.41506
							],
							"size": [
								5,
								3,
								4
							],
							"pivot": [
								15.5,
								1.68301,
								-37.91506
							],
							"rotation": [
								-30,
								0,
								0
							],
							"uv": [
								0,
								578
							]
						},
						{
							"origin": [
								-18,
								11.24519,
								-39.54904
							],
							"size": [
								5,
								3,
								4
							],
							"pivot": [
								-15.5,
								13.74519,
								-37.04904
							],
							"rotation": [
								30,
								0,
								0
							],
							"uv": [
								0,
								579
							]
						},
						{
							"origin": [
								13,
								11.24519,
								-39.54904
							],
							"size": [
								5,
								3,
								4
							],
							"pivot": [
								15.5,
								13.74519,
								-37.04904
							],
							"rotation": [
								30,
								0,
								0
							],
							"uv": [
								0,
								579
							]
						},
						{
							"origin": [
								-18,
								3.04904,
								-29.71891
							],
							"size": [
								5,
								3,
								4
							],
							"pivot": [
								-15.5,
								3.54904,
								-28.21891
							],
							"rotation": [
								60,
								0,
								0
							],
							"uv": [
								0,
								578
							]
						},
						{
							"origin": [
								13,
								3.04904,
								-29.71891
							],
							"size": [
								5,
								3,
								4
							],
							"pivot": [
								15.5,
								3.54904,
								-28.21891
							],
							"rotation": [
								60,
								0,
								0
							],
							"uv": [
								0,
								578
							]
						},
						{
							"origin": [
								-18,
								8.87917,
								-42.28109
							],
							"size": [
								5,
								3,
								4
							],
							"pivot": [
								-15.5,
								11.37917,
								-39.78109
							],
							"rotation": [
								60,
								0,
								0
							],
							"uv": [
								0,
								579
							]
						},
						{
							"origin": [
								13,
								8.87917,
								-42.28109
							],
							"size": [
								5,
								3,
								4
							],
							"pivot": [
								15.5,
								11.37917,
								-39.78109
							],
							"rotation": [
								60,
								0,
								0
							],
							"uv": [
								0,
								579
							]
						},
						{
							"origin": [
								-18,
								8.01314,
								-30.21891
							],
							"size": [
								5,
								3,
								4
							],
							"pivot": [
								-15.5,
								10.51314,
								-27.71891
							],
							"rotation": [
								-60,
								0,
								0
							],
							"uv": [
								0,
								579
							]
						},
						{
							"origin": [
								13,
								8.01314,
								-30.21891
							],
							"size": [
								5,
								3,
								4
							],
							"pivot": [
								15.5,
								10.51314,
								-27.71891
							],
							"rotation": [
								-60,
								0,
								0
							],
							"uv": [
								0,
								579
							]
						},
						{
							"origin": [
								-18,
								3.04904,
								-42.28109
							],
							"size": [
								5,
								3,
								4
							],
							"pivot": [
								-15.5,
								3.54904,
								-39.78109
							],
							"rotation": [
								-60,
								0,
								0
							],
							"uv": [
								0,
								579
							]
						},
						{
							"origin": [
								13,
								3.04904,
								-42.28109
							],
							"size": [
								5,
								3,
								4
							],
							"pivot": [
								15.5,
								3.54904,
								-39.78109
							],
							"rotation": [
								-60,
								0,
								0
							],
							"uv": [
								0,
								579
							]
						},
						{
							"origin": [
								-18,
								2.46,
								-39
							],
							"size": [
								5,
								10,
								10
							],
							"inflate": 0.01,
							"uv": [
								262,
								467
							]
						},
						{
							"origin": [
								13,
								2.46,
								-39
							],
							"size": [
								5,
								10,
								10
							],
							"inflate": 0.01,
							"uv": [
								232,
								467
							]
						},
						{
							"origin": [
								-18,
								5.4641,
								-29.5359
							],
							"size": [
								5,
								4,
								3
							],
							"uv": [
								10,
								596
							]
						},
						{
							"origin": [
								13,
								5.4641,
								-29.5359
							],
							"size": [
								5,
								4,
								3
							],
							"uv": [
								10,
								596
							]
						},
						{
							"origin": [
								-18,
								5.4641,
								-41.4641
							],
							"size": [
								5,
								4,
								3
							],
							"uv": [
								148,
								551
							]
						},
						{
							"origin": [
								13,
								5.4641,
								-41.4641
							],
							"size": [
								5,
								4,
								3
							],
							"uv": [
								148,
								551
							]
						}
					]
				},
				{
					"name": "leg1",
					"parent": "jeep",
					"pivot": [
						0,
						7.43563,
						26.97184
					],
					"cubes": [
						{
							"origin": [
								-18,
								0,
								25
							],
							"size": [
								5,
								3,
								4
							],
							"uv": [
								0,
								579
							]
						},
						{
							"origin": [
								13,
								0,
								25
							],
							"size": [
								5,
								3,
								4
							],
							"uv": [
								0,
								579
							]
						},
						{
							"origin": [
								-18,
								11.9282,
								25
							],
							"size": [
								5,
								3,
								4
							],
							"uv": [
								0,
								579
							]
						},
						{
							"origin": [
								13,
								11.9282,
								25
							],
							"size": [
								5,
								3,
								4
							],
							"uv": [
								0,
								579
							]
						},
						{
							"origin": [
								-18,
								0.68301,
								28.54904
							],
							"size": [
								5,
								3,
								4
							],
							"pivot": [
								-15.5,
								1.18301,
								30.04904
							],
							"rotation": [
								30,
								0,
								0
							],
							"uv": [
								0,
								578
							]
						},
						{
							"origin": [
								13,
								0.68301,
								28.54904
							],
							"size": [
								5,
								3,
								4
							],
							"pivot": [
								15.5,
								1.18301,
								30.04904
							],
							"rotation": [
								30,
								0,
								0
							],
							"uv": [
								0,
								578
							]
						},
						{
							"origin": [
								-18,
								11.24519,
								28.54904
							],
							"size": [
								5,
								3,
								4
							],
							"pivot": [
								-15.5,
								13.74519,
								30.04904
							],
							"rotation": [
								-30,
								0,
								0
							],
							"uv": [
								0,
								578
							]
						},
						{
							"origin": [
								13,
								11.24519,
								28.54904
							],
							"size": [
								5,
								3,
								4
							],
							"pivot": [
								15.5,
								13.74519,
								30.04904
							],
							"rotation": [
								-30,
								0,
								0
							],
							"uv": [
								0,
								578
							]
						},
						{
							"origin": [
								-18,
								1.18301,
								21.58494
							],
							"size": [
								5,
								3,
								4
							],
							"pivot": [
								-15.5,
								1.68301,
								23.08494
							],
							"rotation": [
								-30,
								0,
								0
							],
							"uv": [
								0,
								578
							]
						},
						{
							"origin": [
								13,
								1.18301,
								21.58494
							],
							"size": [
								5,
								3,
								4
							],
							"pivot": [
								15.5,
								1.68301,
								23.08494
							],
							"rotation": [
								-30,
								0,
								0
							],
							"uv": [
								0,
								578
							]
						},
						{
							"origin": [
								-18,
								11.24519,
								21.45096
							],
							"size": [
								5,
								3,
								4
							],
							"pivot": [
								-15.5,
								13.74519,
								23.95096
							],
							"rotation": [
								30,
								0,
								0
							],
							"uv": [
								0,
								579
							]
						},
						{
							"origin": [
								13,
								11.24519,
								21.45096
							],
							"size": [
								5,
								3,
								4
							],
							"pivot": [
								15.5,
								13.74519,
								23.95096
							],
							"rotation": [
								30,
								0,
								0
							],
							"uv": [
								0,
								579
							]
						},
						{
							"origin": [
								-18,
								3.04904,
								31.28109
							],
							"size": [
								5,
								3,
								4
							],
							"pivot": [
								-15.5,
								3.54904,
								32.78109
							],
							"rotation": [
								60,
								0,
								0
							],
							"uv": [
								0,
								578
							]
						},
						{
							"origin": [
								13,
								3.04904,
								31.28109
							],
							"size": [
								5,
								3,
								4
							],
							"pivot": [
								15.5,
								3.54904,
								32.78109
							],
							"rotation": [
								60,
								0,
								0
							],
							"uv": [
								0,
								578
							]
						},
						{
							"origin": [
								-18,
								8.87917,
								18.71891
							],
							"size": [
								5,
								3,
								4
							],
							"pivot": [
								-15.5,
								11.37917,
								21.21891
							],
							"rotation": [
								60,
								0,
								0
							],
							"uv": [
								0,
								579
							]
						},
						{
							"origin": [
								13,
								8.87917,
								18.71891
							],
							"size": [
								5,
								3,
								4
							],
							"pivot": [
								15.5,
								11.37917,
								21.21891
							],
							"rotation": [
								60,
								0,
								0
							],
							"uv": [
								0,
								579
							]
						},
						{
							"origin": [
								-18,
								8.01314,
								30.78109
							],
							"size": [
								5,
								3,
								4
							],
							"pivot": [
								-15.5,
								10.51314,
								33.28109
							],
							"rotation": [
								-60,
								0,
								0
							],
							"uv": [
								0,
								579
							]
						},
						{
							"origin": [
								13,
								8.01314,
								30.78109
							],
							"size": [
								5,
								3,
								4
							],
							"pivot": [
								15.5,
								10.51314,
								33.28109
							],
							"rotation": [
								-60,
								0,
								0
							],
							"uv": [
								0,
								579
							]
						},
						{
							"origin": [
								-18,
								3.04904,
								18.71891
							],
							"size": [
								5,
								3,
								4
							],
							"pivot": [
								-15.5,
								3.54904,
								21.21891
							],
							"rotation": [
								-60,
								0,
								0
							],
							"uv": [
								0,
								579
							]
						},
						{
							"origin": [
								13,
								3.04904,
								18.71891
							],
							"size": [
								5,
								3,
								4
							],
							"pivot": [
								15.5,
								3.54904,
								21.21891
							],
							"rotation": [
								-60,
								0,
								0
							],
							"uv": [
								0,
								579
							]
						},
						{
							"origin": [
								-18,
								2.46,
								22
							],
							"size": [
								5,
								10,
								10
							],
							"inflate": 0.01,
							"uv": [
								262,
								467
							]
						},
						{
							"origin": [
								13,
								2.46,
								22
							],
							"size": [
								5,
								10,
								10
							],
							"inflate": 0.01,
							"uv": [
								232,
								467
							]
						},
						{
							"origin": [
								-18,
								5.4641,
								31.4641
							],
							"size": [
								5,
								4,
								3
							],
							"uv": [
								10,
								596
							]
						},
						{
							"origin": [
								13,
								5.4641,
								31.4641
							],
							"size": [
								5,
								4,
								3
							],
							"uv": [
								10,
								596
							]
						},
						{
							"origin": [
								-18,
								5.4641,
								19.5359
							],
							"size": [
								5,
								4,
								3
							],
							"uv": [
								148,
								551
							]
						},
						{
							"origin": [
								13,
								5.4641,
								19.5359
							],
							"size": [
								5,
								4,
								3
							],
							"uv": [
								148,
								551
							]
						}
					]
				}
			]
		}
	]
}