{
	"format_version": "1.12.0",
	"minecraft:geometry": [
		{
			"description": {
				"identifier": "geometry.mustang",
				"texture_width": 256,
				"texture_height": 256,
				"visible_bounds_width": 7,
				"visible_bounds_height": 4.5,
				"visible_bounds_offset": [
					0,
					0.75,
					0
				]
			},
			"bones": [
				{
					"name": "main",
					"pivot": [
						0,
						0,
						0
					]
				},
				{
					"name": "body",
					"parent": "main",
					"pivot": [
						0,
						11.47,
						11.43917
					],
					"cubes": [
						{
							"origin": [
								-17,
								4,
								-37
							],
							"size": [
								34,
								1,
								77
							],
							"inflate": 0.1,
							"uv": [
								34,
								161
							]
						},
						{
							"origin": [
								-11,
								7.84795,
								-40.64054
							],
							"size": [
								22,
								6,
								10
							],
							"uv": [
								192,
								106
							]
						},
						{
							"origin": [
								15,
								5,
								-12
							],
							"size": [
								2,
								10,
								24
							],
							"uv": [
								66,
								0
							]
						},
						{
							"origin": [
								-17,
								5,
								-12
							],
							"size": [
								2,
								10,
								24
							],
							"uv": [
								204,
								161
							]
						},
						{
							"origin": [
								-17,
								5,
								12
							],
							"size": [
								34,
								10,
								28
							],
							"uv": [
								36,
								96
							]
						},
						{
							"origin": [
								-12.80322,
								4,
								-40.37447
							],
							"size": [
								25,
								1,
								5
							],
							"uv": [
								196,
								122
							]
						},
						{
							"origin": [
								-17,
								11.9282,
								39
							],
							"size": [
								34,
								3,
								5
							],
							"uv": [
								105,
								240
							]
						},
						{
							"origin": [
								-17,
								9,
								37
							],
							"size": [
								34,
								3,
								5
							],
							"uv": [
								105,
								240
							]
						},
						{
							"origin": [
								-15,
								13,
								-24
							],
							"size": [
								0,
								15,
								57
							],
							"uv": [
								142,
								0
							]
						},
						{
							"origin": [
								15,
								13,
								-24
							],
							"size": [
								0,
								15,
								57
							],
							"uv": [
								142,
								0
							]
						},
						{
							"origin": [
								16,
								3,
								-22
							],
							"size": [
								2,
								7,
								1
							],
							"uv": [
								138,
								0
							]
						},
						{
							"origin": [
								16,
								3,
								-36
							],
							"size": [
								2,
								7,
								1
							],
							"uv": [
								138,
								0
							]
						},
						{
							"origin": [
								16,
								3,
								37
							],
							"size": [
								2,
								7,
								1
							],
							"uv": [
								138,
								0
							]
						},
						{
							"origin": [
								16,
								3,
								23
							],
							"size": [
								2,
								7,
								1
							],
							"uv": [
								138,
								0
							]
						},
						{
							"origin": [
								16,
								11.6,
								-30
							],
							"size": [
								2,
								1,
								3
							],
							"uv": [
								138,
								0
							]
						},
						{
							"origin": [
								16,
								12,
								29
							],
							"size": [
								2,
								1,
								3
							],
							"uv": [
								138,
								0
							]
						},
						{
							"origin": [
								-18,
								12,
								29
							],
							"size": [
								2,
								1,
								3
							],
							"uv": [
								138,
								0
							]
						},
						{
							"origin": [
								-15,
								5,
								0
							],
							"size": [
								30,
								5,
								12
							],
							"uv": [
								47,
								79
							]
						},
						{
							"origin": [
								-18,
								3,
								23
							],
							"size": [
								2,
								7,
								1
							],
							"uv": [
								138,
								0
							]
						},
						{
							"origin": [
								-18,
								3,
								37
							],
							"size": [
								2,
								7,
								1
							],
							"uv": [
								138,
								0
							]
						},
						{
							"origin": [
								-18,
								11.60952,
								-29.69084
							],
							"size": [
								2,
								1,
								3
							],
							"uv": [
								138,
								0
							]
						},
						{
							"origin": [
								-18,
								3.98727,
								-36.18113
							],
							"size": [
								2,
								6,
								1
							],
							"uv": [
								138,
								0
							]
						},
						{
							"origin": [
								-18,
								4.07381,
								-22.25299
							],
							"size": [
								2,
								6,
								1
							],
							"uv": [
								138,
								0
							]
						},
						{
							"origin": [
								15,
								15,
								11
							],
							"size": [
								2,
								3,
								16
							],
							"uv": [
								102,
								32
							]
						},
						{
							"origin": [
								15,
								18,
								11
							],
							"size": [
								2,
								3,
								12
							],
							"uv": [
								74,
								35
							]
						},
						{
							"origin": [
								15,
								21,
								11
							],
							"size": [
								2,
								3,
								10
							],
							"uv": [
								50,
								36
							]
						},
						{
							"origin": [
								15,
								24,
								11
							],
							"size": [
								2,
								3,
								7
							],
							"uv": [
								33,
								37
							]
						},
						{
							"origin": [
								-17,
								24,
								11
							],
							"size": [
								2,
								3,
								7
							],
							"uv": [
								33,
								37
							]
						},
						{
							"origin": [
								-17,
								15,
								11
							],
							"size": [
								2,
								3,
								16
							],
							"uv": [
								102,
								32
							]
						},
						{
							"origin": [
								-17,
								21,
								11
							],
							"size": [
								2,
								3,
								10
							],
							"uv": [
								50,
								36
							]
						},
						{
							"origin": [
								-17,
								18,
								11
							],
							"size": [
								2,
								3,
								12
							],
							"uv": [
								74,
								35
							]
						}
					]
				},
				{
					"name": "body0",
					"parent": "body",
					"pivot": [
						0,
						18,
						-13.5
					],
					"rotation": [
						45,
						0,
						0
					],
					"cubes": [
						{
							"origin": [
								-17,
								19.2,
								-26.4
							],
							"size": [
								3,
								4,
								26
							],
							"uv": [
								53,
								207
							]
						},
						{
							"origin": [
								14,
								19.2,
								-26.4
							],
							"size": [
								3,
								4,
								26
							],
							"uv": [
								53,
								207
							]
						},
						{
							"origin": [
								-17,
								19.2,
								-19.4
							],
							"size": [
								34,
								0,
								18
							],
							"uv": [
								149,
								54
							]
						}
					]
				},
				{
					"name": "body2",
					"parent": "body",
					"pivot": [
						0,
						29,
						-4
					],
					"rotation": [
						-4,
						0,
						0
					],
					"cubes": [
						{
							"origin": [
								-14,
								26.37811,
								16.39447
							],
							"size": [
								28,
								2,
								2
							],
							"pivot": [
								0,
								-2.32189,
								2.39447
							],
							"rotation": [
								45,
								0,
								0
							],
							"uv": [
								77,
								136
							]
						},
						{
							"origin": [
								-17,
								28.7,
								-8
							],
							"size": [
								34,
								2,
								24
							],
							"uv": [
								52,
								134
							]
						},
						{
							"origin": [
								-17,
								27.7,
								-8
							],
							"size": [
								34,
								2,
								24
							],
							"uv": [
								45,
								50
							]
						}
					]
				},
				{
					"name": "body3",
					"parent": "body",
					"pivot": [
						0,
						21,
						19
					],
					"rotation": [
						-47,
						0,
						0
					],
					"cubes": [
						{
							"origin": [
								10,
								22.6,
								11
							],
							"size": [
								7,
								2,
								24
							],
							"inflate": 0.01,
							"uv": [
								50,
								160
							]
						},
						{
							"origin": [
								-17,
								22.6,
								11
							],
							"size": [
								7,
								2,
								24
							],
							"uv": [
								50,
								160
							]
						},
						{
							"origin": [
								-11,
								22.6,
								13
							],
							"size": [
								21,
								0,
								22
							],
							"uv": [
								154,
								13
							]
						}
					]
				},
				{
					"name": "body5",
					"parent": "body",
					"pivot": [
						0,
						9.5,
						-38.5
					],
					"rotation": [
						0,
						17,
						0
					],
					"cubes": [
						{
							"origin": [
								-16.14423,
								9.84795,
								-43.83975
							],
							"size": [
								6,
								4,
								13
							],
							"uv": [
								154,
								106
							]
						},
						{
							"origin": [
								-16,
								5,
								-44
							],
							"size": [
								5,
								1,
								13
							],
							"uv": [
								173,
								123
							]
						},
						{
							"origin": [
								-10,
								7,
								-44
							],
							"size": [
								1,
								1,
								13
							],
							"uv": [
								228,
								127
							]
						},
						{
							"origin": [
								-11,
								6,
								-44
							],
							"size": [
								1,
								1,
								13
							],
							"uv": [
								228,
								127
							]
						},
						{
							"origin": [
								-16,
								5,
								-44
							],
							"size": [
								1,
								5,
								13
							],
							"uv": [
								134,
								80
							]
						},
						{
							"origin": [
								-16.69574,
								4,
								-44.03586
							],
							"size": [
								5,
								1,
								15
							],
							"uv": [
								147,
								124
							]
						}
					]
				},
				{
					"name": "body4",
					"parent": "body",
					"pivot": [
						13,
						9.5,
						-34.5
					],
					"rotation": [
						0,
						-17,
						0
					],
					"cubes": [
						{
							"origin": [
								9.54279,
								9.84795,
								-39.86414
							],
							"size": [
								6,
								4,
								13
							],
							"uv": [
								154,
								106
							]
						},
						{
							"origin": [
								11,
								5,
								-40
							],
							"size": [
								4,
								1,
								13
							],
							"uv": [
								173,
								123
							]
						},
						{
							"origin": [
								10,
								6,
								-40
							],
							"size": [
								1,
								1,
								13
							],
							"uv": [
								228,
								127
							]
						},
						{
							"origin": [
								9,
								7,
								-40
							],
							"size": [
								1,
								1,
								13
							],
							"uv": [
								228,
								127
							]
						},
						{
							"origin": [
								14,
								5,
								-40
							],
							"size": [
								1,
								5,
								13
							],
							"uv": [
								134,
								80
							]
						},
						{
							"origin": [
								10.51435,
								4,
								-39.88294
							],
							"size": [
								5,
								1,
								15
							],
							"uv": [
								147,
								124
							]
						}
					]
				},
				{
					"name": "body8",
					"parent": "body",
					"pivot": [
						0,
						10,
						-25.5
					],
					"rotation": [
						5,
						0,
						0
					],
					"cubes": [
						{
							"origin": [
								-17,
								4,
								-22
							],
							"size": [
								34,
								9,
								10
							],
							"uv": [
								168,
								141
							]
						},
						{
							"origin": [
								-15,
								7,
								-12
							],
							"size": [
								30,
								6,
								3
							],
							"pivot": [
								0,
								8.5,
								-17
							],
							"rotation": [
								15,
								0,
								0
							],
							"uv": [
								37,
								246
							]
						},
						{
							"origin": [
								-17,
								6,
								-38.5
							],
							"size": [
								34,
								9,
								26.5
							],
							"uv": [
								136,
								72
							]
						}
					]
				},
				{
					"name": "steer",
					"parent": "body8",
					"pivot": [
						7.5,
						12,
						-9.95455
					],
					"cubes": [
						{
							"origin": [
								6,
								8,
								-12
							],
							"size": [
								3,
								4,
								5
							],
							"pivot": [
								0,
								8.5,
								-17
							],
							"rotation": [
								15,
								0,
								0
							],
							"uv": [
								151,
								199
							]
						},
						{
							"origin": [
								5,
								7,
								-7
							],
							"size": [
								5,
								6,
								1
							],
							"pivot": [
								0,
								8.5,
								-17
							],
							"rotation": [
								15,
								0,
								0
							],
							"uv": [
								151,
								199
							]
						},
						{
							"origin": [
								3,
								7,
								-6
							],
							"size": [
								1,
								6,
								1
							],
							"pivot": [
								0,
								8.5,
								-17
							],
							"rotation": [
								15,
								0,
								0
							],
							"uv": [
								151,
								199
							]
						},
						{
							"origin": [
								4,
								13,
								-6
							],
							"size": [
								1,
								1,
								1
							],
							"pivot": [
								0,
								8.5,
								-17
							],
							"rotation": [
								15,
								0,
								0
							],
							"uv": [
								151,
								199
							]
						},
						{
							"origin": [
								5,
								14,
								-6
							],
							"size": [
								5,
								1,
								1
							],
							"pivot": [
								0,
								8.5,
								-17
							],
							"rotation": [
								15,
								0,
								0
							],
							"uv": [
								151,
								199
							]
						},
						{
							"origin": [
								10,
								13,
								-6
							],
							"size": [
								1,
								1,
								1
							],
							"pivot": [
								0,
								8.5,
								-17
							],
							"rotation": [
								15,
								0,
								0
							],
							"uv": [
								151,
								199
							]
						},
						{
							"origin": [
								11,
								7,
								-6
							],
							"size": [
								1,
								6,
								1
							],
							"pivot": [
								0,
								8.5,
								-17
							],
							"rotation": [
								15,
								0,
								0
							],
							"uv": [
								151,
								199
							]
						},
						{
							"origin": [
								5,
								7,
								-6
							],
							"size": [
								5,
								6,
								1
							],
							"pivot": [
								0,
								8.5,
								-17
							],
							"rotation": [
								15,
								0,
								0
							],
							"uv": [
								151,
								199
							]
						},
						{
							"origin": [
								5,
								5,
								-6
							],
							"size": [
								5,
								1,
								1
							],
							"pivot": [
								0,
								8.5,
								-17
							],
							"rotation": [
								15,
								0,
								0
							],
							"uv": [
								151,
								199
							]
						},
						{
							"origin": [
								10,
								6,
								-6
							],
							"size": [
								1,
								1,
								1
							],
							"pivot": [
								0,
								8.5,
								-17
							],
							"rotation": [
								15,
								0,
								0
							],
							"uv": [
								151,
								199
							]
						},
						{
							"origin": [
								4,
								6,
								-6
							],
							"size": [
								1,
								1,
								1
							],
							"pivot": [
								0,
								8.5,
								-17
							],
							"rotation": [
								15,
								0,
								0
							],
							"uv": [
								151,
								199
							]
						}
					]
				},
				{
					"name": "body9",
					"parent": "body",
					"pivot": [
						0,
						3,
						43
					],
					"rotation": [
						-30,
						0,
						0
					],
					"cubes": [
						{
							"origin": [
								-17,
								3.23205,
								36.40192
							],
							"size": [
								34,
								8,
								3
							],
							"uv": [
								182,
								240
							]
						}
					]
				},
				{
					"name": "body6",
					"parent": "body",
					"pivot": [
						18,
						9.5,
						-22.5
					],
					"rotation": [
						65,
						0,
						0
					],
					"cubes": [
						{
							"origin": [
								16,
								8,
								-22.5
							],
							"size": [
								2,
								7,
								1
							],
							"uv": [
								138,
								0
							]
						},
						{
							"origin": [
								16,
								-45,
								2.5
							],
							"size": [
								2,
								7,
								1
							],
							"uv": [
								138,
								0
							]
						},
						{
							"origin": [
								-18,
								-45,
								2.5
							],
							"size": [
								2,
								7,
								1
							],
							"uv": [
								138,
								0
							]
						},
						{
							"origin": [
								-18,
								8.61233,
								-22.45295
							],
							"size": [
								2,
								6,
								1
							],
							"uv": [
								138,
								0
							]
						}
					]
				},
				{
					"name": "body7",
					"parent": "body",
					"pivot": [
						18,
						12.5,
						-34.5
					],
					"rotation": [
						-68,
						0,
						0
					],
					"cubes": [
						{
							"origin": [
								16,
								10,
								-32.8
							],
							"size": [
								2,
								7,
								1
							],
							"uv": [
								138,
								0
							]
						},
						{
							"origin": [
								16,
								65,
								-10.8
							],
							"size": [
								2,
								7,
								1
							],
							"uv": [
								138,
								0
							]
						},
						{
							"origin": [
								-18,
								65,
								-10.8
							],
							"size": [
								2,
								7,
								1
							],
							"uv": [
								138,
								0
							]
						},
						{
							"origin": [
								-18,
								10,
								-32.8
							],
							"size": [
								2,
								7,
								1
							],
							"uv": [
								138,
								0
							]
						}
					]
				},
				{
					"name": "mirror",
					"parent": "body",
					"pivot": [
						16,
						16.5,
						-15.5
					],
					"rotation": [
						0,
						60,
						0
					],
					"cubes": [
						{
							"origin": [
								15,
								14,
								-17
							],
							"size": [
								2,
								5,
								7
							],
							"uv": [
								211,
								172
							],
							"mirror": true
						}
					]
				},
				{
					"name": "mirror2",
					"parent": "body",
					"pivot": [
						-16,
						16.5,
						-16.5
					],
					"rotation": [
						0,
						-60,
						0
					],
					"cubes": [
						{
							"origin": [
								-17,
								14,
								-17
							],
							"size": [
								2,
								5,
								7
							],
							"uv": [
								211,
								172
							]
						}
					]
				},
				{
					"name": "body10",
					"parent": "body",
					"pivot": [
						0,
						11.47,
						11.43917
					],
					"rotation": [
						-100,
						0,
						0
					],
					"cubes": [
						{
							"origin": [
								-15,
								9,
								0
							],
							"size": [
								30,
								5,
								14
							],
							"uv": [
								45,
								77
							]
						}
					]
				},
				{
					"name": "leg0",
					"parent": "main",
					"pivot": [
						17,
						4.825,
						-29
					],
					"cubes": [
						{
							"origin": [
								-18,
								0,
								-31
							],
							"size": [
								2,
								1,
								4
							],
							"uv": [
								158,
								1
							]
						},
						{
							"origin": [
								16,
								0,
								-31
							],
							"size": [
								2,
								1,
								4
							],
							"uv": [
								158,
								1
							]
						},
						{
							"origin": [
								-18,
								1,
								-31
							],
							"size": [
								2,
								1,
								4
							],
							"uv": [
								158,
								1
							]
						},
						{
							"origin": [
								16,
								1,
								-31
							],
							"size": [
								2,
								1,
								4
							],
							"uv": [
								158,
								1
							]
						},
						{
							"origin": [
								-18,
								8.4641,
								-31
							],
							"size": [
								2,
								1,
								4
							],
							"uv": [
								158,
								1
							]
						},
						{
							"origin": [
								16,
								8.4641,
								-31
							],
							"size": [
								2,
								1,
								4
							],
							"uv": [
								158,
								1
							]
						},
						{
							"origin": [
								-18,
								7.4641,
								-31
							],
							"size": [
								2,
								1,
								4
							],
							"uv": [
								158,
								1
							]
						},
						{
							"origin": [
								16,
								7.4641,
								-31
							],
							"size": [
								2,
								1,
								4
							],
							"uv": [
								158,
								1
							]
						},
						{
							"origin": [
								-18,
								2.73205,
								-33.73205
							],
							"size": [
								2,
								4,
								1
							],
							"uv": [
								153,
								2
							]
						},
						{
							"origin": [
								16,
								2.73205,
								-33.73205
							],
							"size": [
								2,
								4,
								1
							],
							"uv": [
								153,
								2
							]
						},
						{
							"origin": [
								-18,
								2.73205,
								-32.73205
							],
							"size": [
								2,
								4,
								1
							],
							"uv": [
								153,
								2
							]
						},
						{
							"origin": [
								16,
								2.73205,
								-32.73205
							],
							"size": [
								2,
								4,
								1
							],
							"uv": [
								153,
								2
							]
						},
						{
							"origin": [
								-18,
								2.73205,
								-25.26795
							],
							"size": [
								2,
								4,
								1
							],
							"uv": [
								153,
								2
							]
						},
						{
							"origin": [
								16,
								2.73205,
								-25.26795
							],
							"size": [
								2,
								4,
								1
							],
							"uv": [
								153,
								2
							]
						},
						{
							"origin": [
								-18,
								2.73205,
								-26.26795
							],
							"size": [
								2,
								4,
								1
							],
							"uv": [
								153,
								2
							]
						},
						{
							"origin": [
								16,
								2.73205,
								-26.26795
							],
							"size": [
								2,
								4,
								1
							],
							"uv": [
								153,
								2
							]
						},
						{
							"origin": [
								-18,
								1.325,
								-32.5
							],
							"size": [
								2,
								7,
								7
							],
							"inflate": 0.1,
							"uv": [
								160,
								0
							]
						},
						{
							"origin": [
								16,
								1.325,
								-32.5
							],
							"size": [
								2,
								7,
								7
							],
							"inflate": 0.1,
							"uv": [
								160,
								0
							]
						},
						{
							"origin": [
								-18,
								6.34808,
								-33.29904
							],
							"size": [
								2,
								2,
								1
							],
							"pivot": [
								-17,
								7.34808,
								-32.79904
							],
							"rotation": [
								-30,
								0,
								0
							],
							"uv": [
								153,
								2
							]
						},
						{
							"origin": [
								16,
								6.34808,
								-33.29904
							],
							"size": [
								2,
								2,
								1
							],
							"pivot": [
								17,
								7.34808,
								-32.79904
							],
							"rotation": [
								-30,
								0,
								0
							],
							"uv": [
								153,
								2
							]
						},
						{
							"origin": [
								-18,
								1.11603,
								-25.70096
							],
							"size": [
								2,
								2,
								1
							],
							"pivot": [
								-17,
								2.11603,
								-25.20096
							],
							"rotation": [
								-30,
								0,
								0
							],
							"uv": [
								153,
								2
							]
						},
						{
							"origin": [
								16,
								1.11603,
								-25.70096
							],
							"size": [
								2,
								2,
								1
							],
							"pivot": [
								17,
								2.11603,
								-25.20096
							],
							"rotation": [
								-30,
								0,
								0
							],
							"uv": [
								153,
								2
							]
						},
						{
							"origin": [
								-18,
								-0.06699,
								-26.88397
							],
							"size": [
								2,
								2,
								1
							],
							"pivot": [
								-17,
								0.93301,
								-26.38397
							],
							"rotation": [
								-60,
								0,
								0
							],
							"uv": [
								153,
								2
							]
						},
						{
							"origin": [
								16,
								-0.06699,
								-26.88397
							],
							"size": [
								2,
								2,
								1
							],
							"pivot": [
								17,
								0.93301,
								-26.38397
							],
							"rotation": [
								-60,
								0,
								0
							],
							"uv": [
								153,
								2
							]
						},
						{
							"origin": [
								-18,
								7.53109,
								-32.11603
							],
							"size": [
								2,
								2,
								1
							],
							"pivot": [
								-17,
								8.53109,
								-31.61603
							],
							"rotation": [
								-60,
								0,
								0
							],
							"uv": [
								153,
								2
							]
						},
						{
							"origin": [
								16,
								7.53109,
								-32.11603
							],
							"size": [
								2,
								2,
								1
							],
							"pivot": [
								17,
								8.53109,
								-31.61603
							],
							"rotation": [
								-60,
								0,
								0
							],
							"uv": [
								153,
								2
							]
						},
						{
							"origin": [
								-18,
								0.43301,
								-32.61603
							],
							"size": [
								2,
								1,
								2
							],
							"pivot": [
								-17,
								0.93301,
								-31.61603
							],
							"rotation": [
								-30,
								0,
								0
							],
							"uv": [
								158,
								1
							]
						},
						{
							"origin": [
								16,
								0.43301,
								-32.61603
							],
							"size": [
								2,
								1,
								2
							],
							"pivot": [
								17,
								0.93301,
								-31.61603
							],
							"rotation": [
								-30,
								0,
								0
							],
							"uv": [
								158,
								1
							]
						},
						{
							"origin": [
								-18,
								8.03109,
								-27.38397
							],
							"size": [
								2,
								1,
								2
							],
							"pivot": [
								-17,
								8.53109,
								-26.38397
							],
							"rotation": [
								-30,
								0,
								0
							],
							"uv": [
								158,
								1
							]
						},
						{
							"origin": [
								16,
								8.03109,
								-27.38397
							],
							"size": [
								2,
								1,
								2
							],
							"pivot": [
								17,
								8.53109,
								-26.38397
							],
							"rotation": [
								-30,
								0,
								0
							],
							"uv": [
								158,
								1
							]
						},
						{
							"origin": [
								-18,
								1.61603,
								-33.79904
							],
							"size": [
								2,
								1,
								2
							],
							"pivot": [
								-17,
								2.11603,
								-32.79904
							],
							"rotation": [
								-60,
								0,
								0
							],
							"uv": [
								158,
								2
							]
						},
						{
							"origin": [
								16,
								1.61603,
								-33.79904
							],
							"size": [
								2,
								1,
								2
							],
							"pivot": [
								17,
								2.11603,
								-32.79904
							],
							"rotation": [
								-60,
								0,
								0
							],
							"uv": [
								158,
								2
							]
						},
						{
							"origin": [
								-18,
								6.84808,
								-26.20096
							],
							"size": [
								2,
								1,
								2
							],
							"pivot": [
								-17,
								7.34808,
								-25.20096
							],
							"rotation": [
								-60,
								0,
								0
							],
							"uv": [
								158,
								2
							]
						},
						{
							"origin": [
								16,
								6.84808,
								-26.20096
							],
							"size": [
								2,
								1,
								2
							],
							"pivot": [
								17,
								7.34808,
								-25.20096
							],
							"rotation": [
								-60,
								0,
								0
							],
							"uv": [
								158,
								2
							]
						}
					]
				},
				{
					"name": "leg1",
					"parent": "main",
					"pivot": [
						17,
						4.825,
						30
					],
					"cubes": [
						{
							"origin": [
								-18,
								0,
								28
							],
							"size": [
								2,
								1,
								4
							],
							"uv": [
								158,
								1
							]
						},
						{
							"origin": [
								16,
								0,
								28
							],
							"size": [
								2,
								1,
								4
							],
							"uv": [
								158,
								1
							]
						},
						{
							"origin": [
								-18,
								1,
								28
							],
							"size": [
								2,
								1,
								4
							],
							"uv": [
								158,
								1
							]
						},
						{
							"origin": [
								16,
								1,
								28
							],
							"size": [
								2,
								1,
								4
							],
							"uv": [
								158,
								1
							]
						},
						{
							"origin": [
								-18,
								8.4641,
								28
							],
							"size": [
								2,
								1,
								4
							],
							"uv": [
								158,
								1
							]
						},
						{
							"origin": [
								16,
								8.4641,
								28
							],
							"size": [
								2,
								1,
								4
							],
							"uv": [
								158,
								1
							]
						},
						{
							"origin": [
								-18,
								7.4641,
								28
							],
							"size": [
								2,
								1,
								4
							],
							"uv": [
								158,
								1
							]
						},
						{
							"origin": [
								16,
								7.4641,
								28
							],
							"size": [
								2,
								1,
								4
							],
							"uv": [
								158,
								1
							]
						},
						{
							"origin": [
								-18,
								2.73205,
								25.26795
							],
							"size": [
								2,
								4,
								1
							],
							"uv": [
								153,
								2
							]
						},
						{
							"origin": [
								16,
								2.73205,
								25.26795
							],
							"size": [
								2,
								4,
								1
							],
							"uv": [
								153,
								2
							]
						},
						{
							"origin": [
								-18,
								2.73205,
								26.26795
							],
							"size": [
								2,
								4,
								1
							],
							"uv": [
								153,
								2
							]
						},
						{
							"origin": [
								16,
								2.73205,
								26.26795
							],
							"size": [
								2,
								4,
								1
							],
							"uv": [
								153,
								2
							]
						},
						{
							"origin": [
								-18,
								2.73205,
								33.73205
							],
							"size": [
								2,
								4,
								1
							],
							"uv": [
								153,
								2
							]
						},
						{
							"origin": [
								16,
								2.73205,
								33.73205
							],
							"size": [
								2,
								4,
								1
							],
							"uv": [
								153,
								2
							]
						},
						{
							"origin": [
								-18,
								2.73205,
								32.73205
							],
							"size": [
								2,
								4,
								1
							],
							"uv": [
								153,
								2
							]
						},
						{
							"origin": [
								16,
								2.73205,
								32.73205
							],
							"size": [
								2,
								4,
								1
							],
							"uv": [
								153,
								2
							]
						},
						{
							"origin": [
								-18,
								1.325,
								26.5
							],
							"size": [
								2,
								7,
								7
							],
							"inflate": 0.1,
							"uv": [
								160,
								0
							]
						},
						{
							"origin": [
								16,
								1.325,
								26.5
							],
							"size": [
								2,
								7,
								7
							],
							"inflate": 0.1,
							"uv": [
								160,
								0
							]
						},
						{
							"origin": [
								-18,
								6.34808,
								25.70096
							],
							"size": [
								2,
								2,
								1
							],
							"pivot": [
								-17,
								7.34808,
								26.20096
							],
							"rotation": [
								-30,
								0,
								0
							],
							"uv": [
								153,
								2
							]
						},
						{
							"origin": [
								16,
								6.34808,
								25.70096
							],
							"size": [
								2,
								2,
								1
							],
							"pivot": [
								17,
								7.34808,
								26.20096
							],
							"rotation": [
								-30,
								0,
								0
							],
							"uv": [
								153,
								2
							]
						},
						{
							"origin": [
								-18,
								1.11603,
								33.29904
							],
							"size": [
								2,
								2,
								1
							],
							"pivot": [
								-17,
								2.11603,
								33.79904
							],
							"rotation": [
								-30,
								0,
								0
							],
							"uv": [
								153,
								2
							]
						},
						{
							"origin": [
								16,
								1.11603,
								33.29904
							],
							"size": [
								2,
								2,
								1
							],
							"pivot": [
								17,
								2.11603,
								33.79904
							],
							"rotation": [
								-30,
								0,
								0
							],
							"uv": [
								153,
								2
							]
						},
						{
							"origin": [
								-18,
								-0.06699,
								32.11603
							],
							"size": [
								2,
								2,
								1
							],
							"pivot": [
								-17,
								0.93301,
								32.61603
							],
							"rotation": [
								-60,
								0,
								0
							],
							"uv": [
								153,
								2
							]
						},
						{
							"origin": [
								16,
								-0.06699,
								32.11603
							],
							"size": [
								2,
								2,
								1
							],
							"pivot": [
								17,
								0.93301,
								32.61603
							],
							"rotation": [
								-60,
								0,
								0
							],
							"uv": [
								153,
								2
							]
						},
						{
							"origin": [
								-18,
								7.53109,
								26.88397
							],
							"size": [
								2,
								2,
								1
							],
							"pivot": [
								-17,
								8.53109,
								27.38397
							],
							"rotation": [
								-60,
								0,
								0
							],
							"uv": [
								153,
								2
							]
						},
						{
							"origin": [
								16,
								7.53109,
								26.88397
							],
							"size": [
								2,
								2,
								1
							],
							"pivot": [
								17,
								8.53109,
								27.38397
							],
							"rotation": [
								-60,
								0,
								0
							],
							"uv": [
								153,
								2
							]
						},
						{
							"origin": [
								-18,
								0.43301,
								26.38397
							],
							"size": [
								2,
								1,
								2
							],
							"pivot": [
								-17,
								0.93301,
								27.38397
							],
							"rotation": [
								-30,
								0,
								0
							],
							"uv": [
								158,
								1
							]
						},
						{
							"origin": [
								16,
								0.43301,
								26.38397
							],
							"size": [
								2,
								1,
								2
							],
							"pivot": [
								17,
								0.93301,
								27.38397
							],
							"rotation": [
								-30,
								0,
								0
							],
							"uv": [
								158,
								1
							]
						},
						{
							"origin": [
								-18,
								8.03109,
								31.61603
							],
							"size": [
								2,
								1,
								2
							],
							"pivot": [
								-17,
								8.53109,
								32.61603
							],
							"rotation": [
								-30,
								0,
								0
							],
							"uv": [
								158,
								1
							]
						},
						{
							"origin": [
								16,
								8.03109,
								31.61603
							],
							"size": [
								2,
								1,
								2
							],
							"pivot": [
								17,
								8.53109,
								32.61603
							],
							"rotation": [
								-30,
								0,
								0
							],
							"uv": [
								158,
								1
							]
						},
						{
							"origin": [
								-18,
								1.61603,
								25.20096
							],
							"size": [
								2,
								1,
								2
							],
							"pivot": [
								-17,
								2.11603,
								26.20096
							],
							"rotation": [
								-60,
								0,
								0
							],
							"uv": [
								158,
								2
							]
						},
						{
							"origin": [
								16,
								1.61603,
								25.20096
							],
							"size": [
								2,
								1,
								2
							],
							"pivot": [
								17,
								2.11603,
								26.20096
							],
							"rotation": [
								-60,
								0,
								0
							],
							"uv": [
								158,
								2
							]
						},
						{
							"origin": [
								-18,
								6.84808,
								32.79904
							],
							"size": [
								2,
								1,
								2
							],
							"pivot": [
								-17,
								7.34808,
								33.79904
							],
							"rotation": [
								-60,
								0,
								0
							],
							"uv": [
								158,
								2
							]
						},
						{
							"origin": [
								16,
								6.84808,
								32.79904
							],
							"size": [
								2,
								1,
								2
							],
							"pivot": [
								17,
								7.34808,
								33.79904
							],
							"rotation": [
								-60,
								0,
								0
							],
							"uv": [
								158,
								2
							]
						}
					]
				}
			]
		}
	]
}