{
	"format_version": "1.12.0",
	"minecraft:geometry": [
		{
			"description": {
				"identifier": "geometry.ob_van",
				"texture_width": 1024,
				"texture_height": 1024,
				"visible_bounds_width": 13,
				"visible_bounds_height": 7,
				"visible_bounds_offset": [
					0,
					0,
					0
				]
			},
			"bones": [
				{
					"name": "body",
					"pivot": [
						0,
						1,
						0
					],
					"cubes": [
						{
							"origin": [
								-24,
								5,
								-8
							],
							"size": [
								48,
								10,
								24
							],
							"uv": [
								108,
								400
							]
						},
						{
							"origin": [
								-22,
								40,
								48
							],
							"size": [
								44,
								10,
								3
							],
							"uv": [
								92,
								524
							]
						},
						{
							"origin": [
								-22,
								48,
								-26
							],
							"size": [
								44,
								2,
								74
							],
							"uv": [
								0,
								0
							]
						},
						{
							"origin": [
								-6,
								5,
								-26
							],
							"size": [
								30,
								10,
								18
							],
							"uv": [
								336,
								496
							]
						},
						{
							"origin": [
								-24,
								41,
								-44
							],
							"size": [
								48,
								1,
								18
							],
							"uv": [
								0,
								470
							]
						},
						{
							"origin": [
								-24,
								41,
								-26
							],
							"size": [
								2,
								1,
								77
							],
							"uv": [
								158,
								322
							]
						},
						{
							"origin": [
								22,
								41,
								-26
							],
							"size": [
								2,
								1,
								77
							],
							"uv": [
								0,
								322
							]
						},
						{
							"origin": [
								-24,
								25,
								-29
							],
							"size": [
								2,
								16,
								3
							],
							"uv": [
								130,
								638
							]
						},
						{
							"origin": [
								-24,
								25,
								-8
							],
							"size": [
								2,
								16,
								3
							],
							"uv": [
								60,
								662
							]
						},
						{
							"origin": [
								22,
								25,
								-8
							],
							"size": [
								2,
								16,
								3
							],
							"uv": [
								158,
								627
							]
						},
						{
							"origin": [
								22,
								25,
								-26
							],
							"size": [
								2,
								16,
								18
							],
							"uv": [
								77,
								894
							]
						},
						{
							"origin": [
								-24,
								25,
								48
							],
							"size": [
								2,
								16,
								3
							],
							"uv": [
								40,
								662
							]
						},
						{
							"origin": [
								22,
								25,
								48
							],
							"size": [
								2,
								16,
								3
							],
							"uv": [
								20,
								662
							]
						},
						{
							"origin": [
								-24,
								25,
								-5
							],
							"size": [
								2,
								16,
								53
							],
							"uv": [
								914,
								74
							]
						},
						{
							"origin": [
								22,
								25,
								-5
							],
							"size": [
								2,
								16,
								53
							],
							"uv": [
								914,
								144
							]
						},
						{
							"origin": [
								22,
								25,
								-29
							],
							"size": [
								2,
								16,
								3
							],
							"uv": [
								70,
								662
							]
						},
						{
							"origin": [
								-24,
								5,
								-34
							],
							"size": [
								48,
								10,
								8
							],
							"uv": [
								112,
								496
							]
						},
						{
							"origin": [
								-24,
								5,
								32
							],
							"size": [
								48,
								10,
								19
							],
							"uv": [
								108,
								434
							]
						},
						{
							"origin": [
								-24,
								5,
								-62
							],
							"size": [
								48,
								10,
								12
							],
							"uv": [
								256,
								470
							]
						},
						{
							"origin": [
								-24,
								5,
								-64
							],
							"size": [
								48,
								4,
								2
							],
							"uv": [
								186,
								530
							]
						},
						{
							"origin": [
								-24,
								5,
								51
							],
							"size": [
								48,
								4,
								2
							],
							"uv": [
								186,
								524
							]
						},
						{
							"origin": [
								-24,
								5,
								-50
							],
							"size": [
								5,
								10,
								16
							],
							"inflate": 0.1,
							"uv": [
								190,
								540
							]
						},
						{
							"origin": [
								-24,
								5,
								16
							],
							"size": [
								5,
								10,
								16
							],
							"inflate": 0.1,
							"uv": [
								190,
								540
							]
						},
						{
							"origin": [
								20,
								5,
								-50
							],
							"size": [
								4,
								10,
								16
							],
							"inflate": 0.1,
							"uv": [
								312,
								540
							]
						},
						{
							"origin": [
								20,
								5,
								16
							],
							"size": [
								4,
								10,
								16
							],
							"inflate": 0.1,
							"uv": [
								312,
								540
							]
						},
						{
							"origin": [
								-19,
								5,
								-50
							],
							"size": [
								39,
								10,
								16
							],
							"uv": [
								1,
								496
							]
						},
						{
							"origin": [
								-20,
								5,
								16
							],
							"size": [
								40,
								10,
								16
							],
							"uv": [
								376,
								470
							]
						},
						{
							"origin": [
								-16,
								5,
								-26
							],
							"size": [
								10,
								6,
								18
							],
							"uv": [
								0,
								540
							]
						},
						{
							"origin": [
								-24,
								5,
								-26
							],
							"size": [
								8,
								3,
								18
							],
							"uv": [
								138,
								540
							]
						},
						{
							"origin": [
								-24,
								15,
								-62
							],
							"size": [
								48,
								10,
								16
							],
							"uv": [
								252,
								400
							]
						},
						{
							"origin": [
								-22,
								20,
								-46
							],
							"size": [
								44,
								5,
								2
							],
							"uv": [
								374,
								524
							]
						},
						{
							"origin": [
								-27,
								22,
								-60
							],
							"size": [
								5,
								2,
								2
							],
							"uv": [
								174,
								662
							]
						},
						{
							"origin": [
								-27.70711,
								23.70711,
								-60
							],
							"size": [
								1,
								1,
								2
							],
							"uv": [
								36,
								686
							]
						},
						{
							"origin": [
								25.70711,
								23.70711,
								-60
							],
							"size": [
								1,
								1,
								2
							],
							"uv": [
								28,
								690
							]
						},
						{
							"origin": [
								25.5,
								23.20711,
								-60
							],
							"size": [
								1,
								1,
								2
							],
							"pivot": [
								26,
								23.70711,
								-59
							],
							"rotation": [
								0,
								0,
								45
							],
							"uv": [
								28,
								690
							]
						},
						{
							"origin": [
								-27.91421,
								24.20711,
								-60
							],
							"size": [
								1,
								1,
								2
							],
							"pivot": [
								-27.41421,
								24.70711,
								-59
							],
							"rotation": [
								0,
								0,
								45
							],
							"uv": [
								28,
								690
							]
						},
						{
							"origin": [
								-27.5,
								23.20711,
								-60
							],
							"size": [
								1,
								1,
								2
							],
							"pivot": [
								-27,
								23.70711,
								-59
							],
							"rotation": [
								0,
								0,
								45
							],
							"uv": [
								28,
								690
							]
						},
						{
							"origin": [
								25.20711,
								24.5,
								-60
							],
							"size": [
								1,
								1,
								2
							],
							"pivot": [
								25.70711,
								24,
								-59
							],
							"rotation": [
								0,
								0,
								45
							],
							"uv": [
								28,
								690
							]
						},
						{
							"origin": [
								-28.12132,
								24.70711,
								-60
							],
							"size": [
								1,
								1,
								2
							],
							"uv": [
								36,
								683
							]
						},
						{
							"origin": [
								26.12132,
								24.70711,
								-60
							],
							"size": [
								1,
								1,
								2
							],
							"uv": [
								28,
								687
							]
						},
						{
							"origin": [
								21,
								22,
								-60
							],
							"size": [
								5,
								2,
								2
							],
							"uv": [
								160,
								678
							]
						},
						{
							"origin": [
								-31.12132,
								25.70711,
								-60
							],
							"size": [
								4,
								6,
								2
							],
							"uv": [
								160,
								670
							]
						},
						{
							"origin": [
								26.12132,
								25.70711,
								-60
							],
							"size": [
								4,
								6,
								2
							],
							"uv": [
								160,
								662
							]
						},
						{
							"origin": [
								-24,
								9,
								-63
							],
							"size": [
								10,
								7,
								1
							],
							"uv": [
								80,
								644
							]
						},
						{
							"origin": [
								-24,
								22,
								-63
							],
							"size": [
								10,
								3,
								1
							],
							"uv": [
								80,
								656
							]
						},
						{
							"origin": [
								14,
								22,
								-63
							],
							"size": [
								10,
								3,
								1
							],
							"uv": [
								80,
								656
							]
						},
						{
							"origin": [
								-24,
								16,
								-63
							],
							"size": [
								10,
								6,
								1
							],
							"uv": [
								0,
								701
							]
						},
						{
							"origin": [
								14,
								9,
								-63
							],
							"size": [
								10,
								7,
								1
							],
							"uv": [
								80,
								627
							]
						},
						{
							"origin": [
								14,
								16,
								-63
							],
							"size": [
								10,
								6,
								1
							],
							"uv": [
								22,
								701
							]
						},
						{
							"origin": [
								-14,
								22,
								-63
							],
							"size": [
								28,
								3,
								1
							],
							"uv": [
								288,
								579
							]
						},
						{
							"origin": [
								-14,
								9,
								-63
							],
							"size": [
								28,
								3,
								1
							],
							"uv": [
								288,
								575
							]
						},
						{
							"origin": [
								-11,
								12,
								-63
							],
							"size": [
								1,
								10,
								1
							],
							"uv": [
								4,
								683
							]
						},
						{
							"origin": [
								-10,
								18,
								-63
							],
							"size": [
								20,
								2,
								1
							],
							"uv": [
								112,
								615
							]
						},
						{
							"origin": [
								-10,
								14,
								-63
							],
							"size": [
								20,
								2,
								1
							],
							"uv": [
								112,
								612
							]
						},
						{
							"origin": [
								10,
								12,
								-63
							],
							"size": [
								1,
								10,
								1
							],
							"uv": [
								0,
								683
							]
						},
						{
							"origin": [
								-24,
								22.33975,
								-43.26795
							],
							"size": [
								2,
								20,
								1
							],
							"pivot": [
								0,
								32.33975,
								-41.26795
							],
							"rotation": [
								-30,
								0,
								0
							],
							"uv": [
								86,
								662
							]
						},
						{
							"origin": [
								22,
								22.33975,
								-43.26795
							],
							"size": [
								2,
								20,
								1
							],
							"pivot": [
								46,
								32.33975,
								-41.26795
							],
							"rotation": [
								-30,
								0,
								0
							],
							"uv": [
								80,
								662
							]
						},
						{
							"origin": [
								-22,
								39.33975,
								-43.26795
							],
							"size": [
								44,
								3,
								1
							],
							"pivot": [
								44,
								32.33975,
								-41.26795
							],
							"rotation": [
								-30,
								0,
								0
							],
							"uv": [
								0,
								708
							]
						},
						{
							"origin": [
								-22,
								22.33975,
								-43.26795
							],
							"size": [
								44,
								17,
								0
							],
							"pivot": [
								44,
								32.33975,
								-41.26795
							],
							"rotation": [
								-30,
								0,
								0
							],
							"uv": [
								0,
								712
							]
						},
						{
							"origin": [
								-22,
								23,
								50
							],
							"size": [
								44,
								17,
								0
							],
							"uv": [
								0,
								712
							]
						},
						{
							"origin": [
								22,
								15,
								-46
							],
							"size": [
								2,
								10,
								97
							],
							"uv": [
								236,
								0
							]
						},
						{
							"origin": [
								-24,
								15,
								-8
							],
							"size": [
								2,
								10,
								59
							],
							"uv": [
								316,
								322
							]
						},
						{
							"origin": [
								-24,
								42,
								-44
							],
							"size": [
								2,
								8,
								95
							],
							"uv": [
								0,
								219
							]
						},
						{
							"origin": [
								22,
								42,
								-44
							],
							"size": [
								2,
								8,
								95
							],
							"uv": [
								192,
								107
							]
						},
						{
							"origin": [
								-22,
								42,
								-44
							],
							"size": [
								44,
								8,
								18
							],
							"uv": [
								132,
								470
							]
						},
						{
							"origin": [
								-24,
								15,
								-46
							],
							"size": [
								2,
								10,
								20
							],
							"uv": [
								56,
								540
							]
						},
						{
							"origin": [
								-22,
								15,
								-8
							],
							"size": [
								16,
								8,
								2
							],
							"uv": [
								112,
								602
							]
						},
						{
							"origin": [
								-22,
								15,
								-28
							],
							"size": [
								16,
								8,
								2
							],
							"uv": [
								112,
								592
							]
						},
						{
							"origin": [
								6,
								15,
								-38
							],
							"size": [
								12,
								5,
								12
							],
							"uv": [
								144,
								575
							]
						},
						{
							"origin": [
								0,
								15,
								-38
							],
							"size": [
								6,
								7,
								12
							],
							"uv": [
								0,
								729
							]
						},
						{
							"origin": [
								0,
								22.2632,
								-30.83523
							],
							"size": [
								6,
								2,
								4
							],
							"inflate": -0.01,
							"pivot": [
								3,
								20.7632,
								-32.83523
							],
							"rotation": [
								-20,
								0,
								0
							],
							"uv": [
								36,
								742
							]
						},
						{
							"origin": [
								1,
								21,
								-35
							],
							"size": [
								2,
								6,
								2
							],
							"pivot": [
								2,
								21,
								-34
							],
							"rotation": [
								25,
								0,
								0
							],
							"uv": [
								0,
								748
							]
						},
						{
							"origin": [
								10,
								22,
								-10
							],
							"size": [
								12,
								3,
								57
							],
							"uv": [
								0,
								778
							]
						},
						{
							"origin": [
								19,
								25,
								-10
							],
							"size": [
								3,
								16,
								57
							],
							"uv": [
								906.875,
								0
							]
						},
						{
							"origin": [
								-22,
								15,
								47
							],
							"size": [
								44,
								10,
								4
							],
							"uv": [
								432,
								496
							]
						},
						{
							"origin": [
								6,
								20,
								-28
							],
							"size": [
								12,
								14,
								2
							],
							"uv": [
								0,
								643
							]
						},
						{
							"origin": [
								6,
								20,
								-28
							],
							"size": [
								12,
								14,
								2
							],
							"inflate": 0.1,
							"uv": [
								0,
								757
							]
						}
					]
				},
				{
					"name": "seats",
					"parent": "body",
					"pivot": [
						0,
						22.25,
						25.5
					],
					"rotation": [
						0,
						-90,
						0
					],
					"cubes": [
						{
							"origin": [
								-6,
								20,
								27
							],
							"size": [
								12,
								14,
								2
							],
							"uv": [
								0,
								627
							]
						},
						{
							"origin": [
								-22,
								20,
								37
							],
							"size": [
								12,
								14,
								2
							],
							"pivot": [
								0,
								22.25,
								25.5
							],
							"rotation": [
								0,
								90,
								0
							],
							"uv": [
								0,
								627
							]
						},
						{
							"origin": [
								-22,
								20,
								14
							],
							"size": [
								12,
								14,
								2
							],
							"pivot": [
								0,
								22.25,
								25.5
							],
							"rotation": [
								0,
								90,
								0
							],
							"uv": [
								0,
								627
							]
						},
						{
							"origin": [
								-6,
								15,
								17
							],
							"size": [
								12,
								5,
								12
							],
							"uv": [
								192,
								575
							]
						},
						{
							"origin": [
								-22,
								15,
								27
							],
							"size": [
								12,
								5,
								12
							],
							"pivot": [
								0,
								22.25,
								25.5
							],
							"rotation": [
								0,
								90,
								0
							],
							"uv": [
								192,
								575
							]
						},
						{
							"origin": [
								-22,
								15,
								4
							],
							"size": [
								12,
								5,
								12
							],
							"pivot": [
								0,
								22.25,
								25.5
							],
							"rotation": [
								0,
								90,
								0
							],
							"uv": [
								192,
								575
							]
						}
					]
				},
				{
					"name": "glass",
					"parent": "body",
					"pivot": [
						0,
						32,
						-30.5
					],
					"cubes": [
						{
							"origin": [
								23,
								25,
								-48
							],
							"size": [
								0,
								16,
								96
							],
							"uv": [
								0,
								107
							]
						},
						{
							"origin": [
								-23,
								25,
								-48
							],
							"size": [
								0,
								16,
								19
							],
							"uv": [
								100,
								540
							]
						}
					]
				},
				{
					"name": "steering_wheel",
					"parent": "body",
					"pivot": [
						12,
						23.13313,
						-44
					],
					"cubes": [
						{
							"origin": [
								9.87868,
								26.12132,
								-43
							],
							"size": [
								4,
								1,
								2
							],
							"uv": [
								0,
								694
							]
						},
						{
							"origin": [
								9,
								23,
								-43
							],
							"size": [
								2,
								1,
								2
							],
							"uv": [
								28,
								683
							]
						},
						{
							"origin": [
								11,
								22,
								-43
							],
							"size": [
								2,
								2,
								2
							],
							"uv": [
								28,
								683
							]
						},
						{
							"origin": [
								11,
								22,
								-45
							],
							"size": [
								2,
								2,
								2
							],
							"uv": [
								28,
								683
							]
						},
						{
							"origin": [
								13,
								23,
								-43
							],
							"size": [
								2,
								1,
								2
							],
							"uv": [
								28,
								683
							]
						},
						{
							"origin": [
								9.75736,
								26,
								-43
							],
							"size": [
								4,
								1,
								2
							],
							"pivot": [
								11.75736,
								23,
								-42
							],
							"rotation": [
								0,
								0,
								-90
							],
							"uv": [
								0,
								694
							]
						},
						{
							"origin": [
								10,
								26.58579,
								-43
							],
							"size": [
								3,
								1,
								2
							],
							"pivot": [
								12,
								23.58579,
								-42
							],
							"rotation": [
								0,
								0,
								-45
							],
							"uv": [
								0,
								694
							]
						},
						{
							"origin": [
								10.46447,
								19.12132,
								-43
							],
							"size": [
								3,
								1,
								2
							],
							"pivot": [
								12.46447,
								23.12132,
								-42
							],
							"rotation": [
								0,
								0,
								-45
							],
							"uv": [
								0,
								694
							]
						},
						{
							"origin": [
								9.87868,
								18.87868,
								-43
							],
							"size": [
								4,
								1,
								2
							],
							"uv": [
								0,
								694
							]
						},
						{
							"origin": [
								10,
								19,
								-43
							],
							"size": [
								4,
								1,
								2
							],
							"pivot": [
								12,
								23,
								-42
							],
							"rotation": [
								0,
								0,
								-90
							],
							"uv": [
								0,
								694
							]
						},
						{
							"origin": [
								9.75736,
								19.58579,
								-43
							],
							"size": [
								3,
								1,
								2
							],
							"pivot": [
								11.75736,
								23.58579,
								-42
							],
							"rotation": [
								0,
								0,
								-135
							],
							"uv": [
								0,
								697
							]
						},
						{
							"origin": [
								4.34315,
								14.17157,
								-43
							],
							"size": [
								3,
								1,
								2
							],
							"pivot": [
								6.34315,
								18.17157,
								-42
							],
							"rotation": [
								0,
								0,
								-135
							],
							"uv": [
								0,
								697
							]
						}
					]
				},
				{
					"name": "door",
					"parent": "body",
					"pivot": [
						-23,
						24.5,
						-9
					],
					"cubes": [
						{
							"origin": [
								-24,
								8,
								-24
							],
							"size": [
								2,
								2,
								14
							],
							"uv": [
								346,
								575
							]
						},
						{
							"origin": [
								-24,
								8,
								-10
							],
							"size": [
								2,
								33,
								2
							],
							"uv": [
								64,
								627
							]
						},
						{
							"origin": [
								-24,
								10,
								-18
							],
							"size": [
								2,
								29,
								2
							],
							"uv": [
								72,
								627
							]
						},
						{
							"origin": [
								-23,
								10,
								-16
							],
							"size": [
								0,
								29,
								6
							],
							"uv": [
								100,
								592
							]
						},
						{
							"origin": [
								-23,
								10,
								-24
							],
							"size": [
								0,
								29,
								6
							],
							"uv": [
								88,
								592
							]
						},
						{
							"origin": [
								-24,
								39,
								-24
							],
							"size": [
								2,
								2,
								14
							],
							"uv": [
								0,
								592
							]
						},
						{
							"origin": [
								-24,
								8,
								-26
							],
							"size": [
								2,
								33,
								2
							],
							"uv": [
								56,
								627
							]
						}
					]
				},
				{
					"name": "leg0",
					"pivot": [
						22,
						7.75,
						-42
					],
					"cubes": [
						{
							"origin": [
								-24,
								0,
								-44
							],
							"size": [
								4,
								1,
								4
							],
							"uv": [
								144,
								678
							]
						},
						{
							"origin": [
								20,
								0,
								-44
							],
							"size": [
								4,
								1,
								4
							],
							"uv": [
								144,
								678
							]
						},
						{
							"origin": [
								-24,
								1,
								-44
							],
							"size": [
								4,
								1,
								4
							],
							"uv": [
								144,
								678
							]
						},
						{
							"origin": [
								20,
								1,
								-44
							],
							"size": [
								4,
								1,
								4
							],
							"uv": [
								144,
								678
							]
						},
						{
							"origin": [
								-24,
								2,
								-44
							],
							"size": [
								4,
								1,
								4
							],
							"uv": [
								144,
								678
							]
						},
						{
							"origin": [
								20,
								2,
								-44
							],
							"size": [
								4,
								1,
								4
							],
							"uv": [
								144,
								678
							]
						},
						{
							"origin": [
								-24,
								12.99519,
								-40.51795
							],
							"size": [
								4,
								1,
								4
							],
							"pivot": [
								-22,
								13.49519,
								-38.51795
							],
							"rotation": [
								-30,
								0,
								0
							],
							"uv": [
								144,
								678
							]
						},
						{
							"origin": [
								20,
								12.99519,
								-40.51795
							],
							"size": [
								4,
								1,
								4
							],
							"pivot": [
								22,
								13.49519,
								-38.51795
							],
							"rotation": [
								-30,
								0,
								0
							],
							"uv": [
								144,
								678
							]
						},
						{
							"origin": [
								-24,
								11.99519,
								-40.51795
							],
							"size": [
								4,
								1,
								4
							],
							"pivot": [
								-22,
								13.49519,
								-38.51795
							],
							"rotation": [
								-30,
								0,
								0
							],
							"uv": [
								144,
								678
							]
						},
						{
							"origin": [
								20,
								11.99519,
								-40.51795
							],
							"size": [
								4,
								1,
								4
							],
							"pivot": [
								22,
								13.49519,
								-38.51795
							],
							"rotation": [
								-30,
								0,
								0
							],
							"uv": [
								144,
								678
							]
						},
						{
							"origin": [
								-24,
								0.93301,
								-40.51795
							],
							"size": [
								4,
								1,
								4
							],
							"pivot": [
								-22,
								1.43301,
								-38.51795
							],
							"rotation": [
								30,
								0,
								0
							],
							"uv": [
								144,
								678
							]
						},
						{
							"origin": [
								20,
								0.93301,
								-40.51795
							],
							"size": [
								4,
								1,
								4
							],
							"pivot": [
								22,
								1.43301,
								-38.51795
							],
							"rotation": [
								30,
								0,
								0
							],
							"uv": [
								144,
								678
							]
						},
						{
							"origin": [
								-24,
								1.93301,
								-40.51795
							],
							"size": [
								4,
								1,
								4
							],
							"pivot": [
								-22,
								1.43301,
								-38.51795
							],
							"rotation": [
								30,
								0,
								0
							],
							"uv": [
								144,
								678
							]
						},
						{
							"origin": [
								20,
								1.93301,
								-40.51795
							],
							"size": [
								4,
								1,
								4
							],
							"pivot": [
								22,
								1.43301,
								-38.51795
							],
							"rotation": [
								30,
								0,
								0
							],
							"uv": [
								144,
								678
							]
						},
						{
							"origin": [
								-24,
								12.99519,
								-47.48205
							],
							"size": [
								4,
								1,
								4
							],
							"pivot": [
								-22,
								13.49519,
								-45.48205
							],
							"rotation": [
								30,
								0,
								0
							],
							"uv": [
								144,
								678
							]
						},
						{
							"origin": [
								20,
								12.99519,
								-47.48205
							],
							"size": [
								4,
								1,
								4
							],
							"pivot": [
								22,
								13.49519,
								-45.48205
							],
							"rotation": [
								30,
								0,
								0
							],
							"uv": [
								144,
								678
							]
						},
						{
							"origin": [
								-24,
								11.99519,
								-47.48205
							],
							"size": [
								4,
								1,
								4
							],
							"pivot": [
								-22,
								13.49519,
								-45.48205
							],
							"rotation": [
								30,
								0,
								0
							],
							"uv": [
								144,
								678
							]
						},
						{
							"origin": [
								20,
								11.99519,
								-47.48205
							],
							"size": [
								4,
								1,
								4
							],
							"pivot": [
								22,
								13.49519,
								-45.48205
							],
							"rotation": [
								30,
								0,
								0
							],
							"uv": [
								144,
								678
							]
						},
						{
							"origin": [
								-24,
								3.48205,
								-37.96891
							],
							"size": [
								4,
								1,
								4
							],
							"pivot": [
								-22,
								3.98205,
								-35.96891
							],
							"rotation": [
								60,
								0,
								0
							],
							"uv": [
								144,
								678
							]
						},
						{
							"origin": [
								20,
								3.48205,
								-37.96891
							],
							"size": [
								4,
								1,
								4
							],
							"pivot": [
								22,
								3.98205,
								-35.96891
							],
							"rotation": [
								60,
								0,
								0
							],
							"uv": [
								144,
								678
							]
						},
						{
							"origin": [
								-24,
								4.48205,
								-37.96891
							],
							"size": [
								4,
								1,
								4
							],
							"pivot": [
								-22,
								3.98205,
								-35.96891
							],
							"rotation": [
								60,
								0,
								0
							],
							"uv": [
								144,
								678
							]
						},
						{
							"origin": [
								20,
								4.48205,
								-37.96891
							],
							"size": [
								4,
								1,
								4
							],
							"pivot": [
								22,
								3.98205,
								-35.96891
							],
							"rotation": [
								60,
								0,
								0
							],
							"uv": [
								144,
								678
							]
						},
						{
							"origin": [
								-24,
								10.44615,
								-50.03109
							],
							"size": [
								4,
								1,
								4
							],
							"pivot": [
								-22,
								10.94615,
								-48.03109
							],
							"rotation": [
								60,
								0,
								0
							],
							"uv": [
								144,
								678
							]
						},
						{
							"origin": [
								20,
								10.44615,
								-50.03109
							],
							"size": [
								4,
								1,
								4
							],
							"pivot": [
								22,
								10.94615,
								-48.03109
							],
							"rotation": [
								60,
								0,
								0
							],
							"uv": [
								144,
								678
							]
						},
						{
							"origin": [
								-24,
								9.44615,
								-50.03109
							],
							"size": [
								4,
								1,
								4
							],
							"pivot": [
								-22,
								10.94615,
								-48.03109
							],
							"rotation": [
								60,
								0,
								0
							],
							"uv": [
								144,
								678
							]
						},
						{
							"origin": [
								20,
								9.44615,
								-50.03109
							],
							"size": [
								4,
								1,
								4
							],
							"pivot": [
								22,
								10.94615,
								-48.03109
							],
							"rotation": [
								60,
								0,
								0
							],
							"uv": [
								144,
								678
							]
						},
						{
							"origin": [
								-24,
								0.93301,
								-47.48205
							],
							"size": [
								4,
								1,
								4
							],
							"pivot": [
								-22,
								1.43301,
								-45.48205
							],
							"rotation": [
								-30,
								0,
								0
							],
							"uv": [
								144,
								678
							]
						},
						{
							"origin": [
								20,
								0.93301,
								-47.48205
							],
							"size": [
								4,
								1,
								4
							],
							"pivot": [
								22,
								1.43301,
								-45.48205
							],
							"rotation": [
								-30,
								0,
								0
							],
							"uv": [
								144,
								678
							]
						},
						{
							"origin": [
								-24,
								1.93301,
								-47.48205
							],
							"size": [
								4,
								1,
								4
							],
							"pivot": [
								-22,
								1.43301,
								-45.48205
							],
							"rotation": [
								-30,
								0,
								0
							],
							"uv": [
								144,
								678
							]
						},
						{
							"origin": [
								20,
								1.93301,
								-47.48205
							],
							"size": [
								4,
								1,
								4
							],
							"pivot": [
								22,
								1.43301,
								-45.48205
							],
							"rotation": [
								-30,
								0,
								0
							],
							"uv": [
								144,
								678
							]
						},
						{
							"origin": [
								-24,
								3.48205,
								-50.03109
							],
							"size": [
								4,
								1,
								4
							],
							"pivot": [
								-22,
								3.98205,
								-48.03109
							],
							"rotation": [
								-60,
								0,
								0
							],
							"uv": [
								144,
								678
							]
						},
						{
							"origin": [
								20,
								3.48205,
								-50.03109
							],
							"size": [
								4,
								1,
								4
							],
							"pivot": [
								22,
								3.98205,
								-48.03109
							],
							"rotation": [
								-60,
								0,
								0
							],
							"uv": [
								144,
								678
							]
						},
						{
							"origin": [
								-24,
								10.44615,
								-37.96891
							],
							"size": [
								4,
								1,
								4
							],
							"pivot": [
								-22,
								10.94615,
								-35.96891
							],
							"rotation": [
								-60,
								0,
								0
							],
							"uv": [
								144,
								678
							]
						},
						{
							"origin": [
								20,
								10.44615,
								-37.96891
							],
							"size": [
								4,
								1,
								4
							],
							"pivot": [
								22,
								10.94615,
								-35.96891
							],
							"rotation": [
								-60,
								0,
								0
							],
							"uv": [
								144,
								678
							]
						},
						{
							"origin": [
								-24,
								9.44615,
								-37.96891
							],
							"size": [
								4,
								1,
								4
							],
							"pivot": [
								-22,
								10.94615,
								-35.96891
							],
							"rotation": [
								-60,
								0,
								0
							],
							"uv": [
								144,
								678
							]
						},
						{
							"origin": [
								20,
								9.44615,
								-37.96891
							],
							"size": [
								4,
								1,
								4
							],
							"pivot": [
								22,
								10.94615,
								-35.96891
							],
							"rotation": [
								-60,
								0,
								0
							],
							"uv": [
								144,
								678
							]
						},
						{
							"origin": [
								-24,
								2.75,
								-47
							],
							"size": [
								4,
								10,
								10
							],
							"inflate": 0.1,
							"uv": [
								60,
								592
							]
						},
						{
							"origin": [
								20,
								2.75,
								-47
							],
							"size": [
								4,
								10,
								10
							],
							"inflate": 0.1,
							"uv": [
								60,
								592
							],
							"mirror": true
						},
						{
							"origin": [
								-24,
								5.4641,
								-35.5359
							],
							"size": [
								4,
								4,
								1
							],
							"uv": [
								18,
								688
							]
						},
						{
							"origin": [
								20,
								5.4641,
								-35.5359
							],
							"size": [
								4,
								4,
								1
							],
							"uv": [
								18,
								688
							]
						},
						{
							"origin": [
								-24,
								5.4641,
								-36.5359
							],
							"size": [
								4,
								4,
								1
							],
							"uv": [
								18,
								688
							]
						},
						{
							"origin": [
								20,
								5.4641,
								-36.5359
							],
							"size": [
								4,
								4,
								1
							],
							"uv": [
								18,
								688
							]
						},
						{
							"origin": [
								-24,
								5.4641,
								-37.5359
							],
							"size": [
								4,
								4,
								1
							],
							"uv": [
								18,
								688
							]
						},
						{
							"origin": [
								20,
								5.4641,
								-37.5359
							],
							"size": [
								4,
								4,
								1
							],
							"uv": [
								18,
								688
							]
						},
						{
							"origin": [
								-24,
								5.4641,
								-49.4641
							],
							"size": [
								4,
								4,
								1
							],
							"uv": [
								18,
								683
							]
						},
						{
							"origin": [
								20,
								5.4641,
								-49.4641
							],
							"size": [
								4,
								4,
								1
							],
							"uv": [
								18,
								683
							]
						},
						{
							"origin": [
								-24,
								5.4641,
								-48.4641
							],
							"size": [
								4,
								4,
								1
							],
							"uv": [
								18,
								683
							]
						},
						{
							"origin": [
								-24,
								4.4641,
								-48.4641
							],
							"size": [
								4,
								4,
								1
							],
							"uv": [
								18,
								683
							]
						},
						{
							"origin": [
								20,
								5.4641,
								-48.4641
							],
							"size": [
								4,
								4,
								1
							],
							"uv": [
								18,
								683
							]
						},
						{
							"origin": [
								20,
								4.4641,
								-48.4641
							],
							"size": [
								4,
								4,
								1
							],
							"uv": [
								18,
								683
							]
						},
						{
							"origin": [
								-24,
								5.4641,
								-47.4641
							],
							"size": [
								4,
								4,
								1
							],
							"uv": [
								18,
								683
							]
						},
						{
							"origin": [
								-24,
								2.4641,
								-47.4641
							],
							"size": [
								4,
								4,
								1
							],
							"uv": [
								18,
								683
							]
						},
						{
							"origin": [
								20,
								5.4641,
								-47.4641
							],
							"size": [
								4,
								4,
								1
							],
							"uv": [
								18,
								683
							]
						},
						{
							"origin": [
								20,
								3.4641,
								-47.4641
							],
							"size": [
								4,
								4,
								1
							],
							"uv": [
								18,
								683
							]
						},
						{
							"origin": [
								-24,
								13.9282,
								-44
							],
							"size": [
								4,
								1,
								4
							],
							"uv": [
								144,
								673
							]
						},
						{
							"origin": [
								20,
								13.9282,
								-44
							],
							"size": [
								4,
								1,
								4
							],
							"uv": [
								144,
								673
							]
						},
						{
							"origin": [
								-24,
								12.9282,
								-44
							],
							"size": [
								4,
								1,
								4
							],
							"uv": [
								144,
								673
							]
						},
						{
							"origin": [
								20,
								12.9282,
								-44
							],
							"size": [
								4,
								1,
								4
							],
							"uv": [
								144,
								673
							]
						}
					]
				},
				{
					"name": "leg1",
					"pivot": [
						22,
						7.75,
						24
					],
					"cubes": [
						{
							"origin": [
								-24,
								0,
								22
							],
							"size": [
								4,
								1,
								4
							],
							"uv": [
								144,
								678
							]
						},
						{
							"origin": [
								20,
								0,
								22
							],
							"size": [
								4,
								1,
								4
							],
							"uv": [
								144,
								678
							]
						},
						{
							"origin": [
								-24,
								1,
								22
							],
							"size": [
								4,
								1,
								4
							],
							"uv": [
								144,
								678
							]
						},
						{
							"origin": [
								20,
								1,
								22
							],
							"size": [
								4,
								1,
								4
							],
							"uv": [
								144,
								678
							]
						},
						{
							"origin": [
								-24,
								2,
								22
							],
							"size": [
								4,
								1,
								4
							],
							"uv": [
								144,
								678
							]
						},
						{
							"origin": [
								20,
								2,
								22
							],
							"size": [
								4,
								1,
								4
							],
							"uv": [
								144,
								678
							]
						},
						{
							"origin": [
								-24,
								12.99519,
								25.48205
							],
							"size": [
								4,
								1,
								4
							],
							"pivot": [
								-22,
								13.49519,
								27.48205
							],
							"rotation": [
								-30,
								0,
								0
							],
							"uv": [
								144,
								678
							]
						},
						{
							"origin": [
								20,
								12.99519,
								25.48205
							],
							"size": [
								4,
								1,
								4
							],
							"pivot": [
								22,
								13.49519,
								27.48205
							],
							"rotation": [
								-30,
								0,
								0
							],
							"uv": [
								144,
								678
							]
						},
						{
							"origin": [
								-24,
								11.99519,
								25.48205
							],
							"size": [
								4,
								1,
								4
							],
							"pivot": [
								-22,
								13.49519,
								27.48205
							],
							"rotation": [
								-30,
								0,
								0
							],
							"uv": [
								144,
								678
							]
						},
						{
							"origin": [
								20,
								11.99519,
								25.48205
							],
							"size": [
								4,
								1,
								4
							],
							"pivot": [
								22,
								13.49519,
								27.48205
							],
							"rotation": [
								-30,
								0,
								0
							],
							"uv": [
								144,
								678
							]
						},
						{
							"origin": [
								-24,
								0.93301,
								25.48205
							],
							"size": [
								4,
								1,
								4
							],
							"pivot": [
								-22,
								1.43301,
								27.48205
							],
							"rotation": [
								30,
								0,
								0
							],
							"uv": [
								144,
								678
							]
						},
						{
							"origin": [
								20,
								0.93301,
								25.48205
							],
							"size": [
								4,
								1,
								4
							],
							"pivot": [
								22,
								1.43301,
								27.48205
							],
							"rotation": [
								30,
								0,
								0
							],
							"uv": [
								144,
								678
							]
						},
						{
							"origin": [
								-24,
								1.93301,
								25.48205
							],
							"size": [
								4,
								1,
								4
							],
							"pivot": [
								-22,
								1.43301,
								27.48205
							],
							"rotation": [
								30,
								0,
								0
							],
							"uv": [
								144,
								678
							]
						},
						{
							"origin": [
								20,
								1.93301,
								25.48205
							],
							"size": [
								4,
								1,
								4
							],
							"pivot": [
								22,
								1.43301,
								27.48205
							],
							"rotation": [
								30,
								0,
								0
							],
							"uv": [
								144,
								678
							]
						},
						{
							"origin": [
								-24,
								12.99519,
								18.51795
							],
							"size": [
								4,
								1,
								4
							],
							"pivot": [
								-22,
								13.49519,
								20.51795
							],
							"rotation": [
								30,
								0,
								0
							],
							"uv": [
								144,
								678
							]
						},
						{
							"origin": [
								20,
								12.99519,
								18.51795
							],
							"size": [
								4,
								1,
								4
							],
							"pivot": [
								22,
								13.49519,
								20.51795
							],
							"rotation": [
								30,
								0,
								0
							],
							"uv": [
								144,
								678
							]
						},
						{
							"origin": [
								-24,
								11.99519,
								18.51795
							],
							"size": [
								4,
								1,
								4
							],
							"pivot": [
								-22,
								13.49519,
								20.51795
							],
							"rotation": [
								30,
								0,
								0
							],
							"uv": [
								144,
								678
							]
						},
						{
							"origin": [
								20,
								11.99519,
								18.51795
							],
							"size": [
								4,
								1,
								4
							],
							"pivot": [
								22,
								13.49519,
								20.51795
							],
							"rotation": [
								30,
								0,
								0
							],
							"uv": [
								144,
								678
							]
						},
						{
							"origin": [
								-24,
								3.48205,
								28.03109
							],
							"size": [
								4,
								1,
								4
							],
							"pivot": [
								-22,
								3.98205,
								30.03109
							],
							"rotation": [
								60,
								0,
								0
							],
							"uv": [
								144,
								678
							]
						},
						{
							"origin": [
								20,
								3.48205,
								28.03109
							],
							"size": [
								4,
								1,
								4
							],
							"pivot": [
								22,
								3.98205,
								30.03109
							],
							"rotation": [
								60,
								0,
								0
							],
							"uv": [
								144,
								678
							]
						},
						{
							"origin": [
								-24,
								4.48205,
								28.03109
							],
							"size": [
								4,
								1,
								4
							],
							"pivot": [
								-22,
								3.98205,
								30.03109
							],
							"rotation": [
								60,
								0,
								0
							],
							"uv": [
								144,
								678
							]
						},
						{
							"origin": [
								20,
								4.48205,
								28.03109
							],
							"size": [
								4,
								1,
								4
							],
							"pivot": [
								22,
								3.98205,
								30.03109
							],
							"rotation": [
								60,
								0,
								0
							],
							"uv": [
								144,
								678
							]
						},
						{
							"origin": [
								-24,
								10.44615,
								15.96891
							],
							"size": [
								4,
								1,
								4
							],
							"pivot": [
								-22,
								10.94615,
								17.96891
							],
							"rotation": [
								60,
								0,
								0
							],
							"uv": [
								144,
								678
							]
						},
						{
							"origin": [
								20,
								10.44615,
								15.96891
							],
							"size": [
								4,
								1,
								4
							],
							"pivot": [
								22,
								10.94615,
								17.96891
							],
							"rotation": [
								60,
								0,
								0
							],
							"uv": [
								144,
								678
							]
						},
						{
							"origin": [
								-24,
								9.44615,
								15.96891
							],
							"size": [
								4,
								1,
								4
							],
							"pivot": [
								-22,
								10.94615,
								17.96891
							],
							"rotation": [
								60,
								0,
								0
							],
							"uv": [
								144,
								678
							]
						},
						{
							"origin": [
								20,
								9.44615,
								15.96891
							],
							"size": [
								4,
								1,
								4
							],
							"pivot": [
								22,
								10.94615,
								17.96891
							],
							"rotation": [
								60,
								0,
								0
							],
							"uv": [
								144,
								678
							]
						},
						{
							"origin": [
								-24,
								0.93301,
								18.51795
							],
							"size": [
								4,
								1,
								4
							],
							"pivot": [
								-22,
								1.43301,
								20.51795
							],
							"rotation": [
								-30,
								0,
								0
							],
							"uv": [
								144,
								678
							]
						},
						{
							"origin": [
								20,
								0.93301,
								18.51795
							],
							"size": [
								4,
								1,
								4
							],
							"pivot": [
								22,
								1.43301,
								20.51795
							],
							"rotation": [
								-30,
								0,
								0
							],
							"uv": [
								144,
								678
							]
						},
						{
							"origin": [
								-24,
								1.93301,
								18.51795
							],
							"size": [
								4,
								1,
								4
							],
							"pivot": [
								-22,
								1.43301,
								20.51795
							],
							"rotation": [
								-30,
								0,
								0
							],
							"uv": [
								144,
								678
							]
						},
						{
							"origin": [
								20,
								1.93301,
								18.51795
							],
							"size": [
								4,
								1,
								4
							],
							"pivot": [
								22,
								1.43301,
								20.51795
							],
							"rotation": [
								-30,
								0,
								0
							],
							"uv": [
								144,
								678
							]
						},
						{
							"origin": [
								-24,
								3.48205,
								15.96891
							],
							"size": [
								4,
								1,
								4
							],
							"pivot": [
								-22,
								3.98205,
								17.96891
							],
							"rotation": [
								-60,
								0,
								0
							],
							"uv": [
								144,
								678
							]
						},
						{
							"origin": [
								20,
								3.48205,
								15.96891
							],
							"size": [
								4,
								1,
								4
							],
							"pivot": [
								22,
								3.98205,
								17.96891
							],
							"rotation": [
								-60,
								0,
								0
							],
							"uv": [
								144,
								678
							]
						},
						{
							"origin": [
								-24,
								10.44615,
								28.03109
							],
							"size": [
								4,
								1,
								4
							],
							"pivot": [
								-22,
								10.94615,
								30.03109
							],
							"rotation": [
								-60,
								0,
								0
							],
							"uv": [
								144,
								678
							]
						},
						{
							"origin": [
								20,
								10.44615,
								28.03109
							],
							"size": [
								4,
								1,
								4
							],
							"pivot": [
								22,
								10.94615,
								30.03109
							],
							"rotation": [
								-60,
								0,
								0
							],
							"uv": [
								144,
								678
							]
						},
						{
							"origin": [
								-24,
								9.44615,
								28.03109
							],
							"size": [
								4,
								1,
								4
							],
							"pivot": [
								-22,
								10.94615,
								30.03109
							],
							"rotation": [
								-60,
								0,
								0
							],
							"uv": [
								144,
								678
							]
						},
						{
							"origin": [
								20,
								9.44615,
								28.03109
							],
							"size": [
								4,
								1,
								4
							],
							"pivot": [
								22,
								10.94615,
								30.03109
							],
							"rotation": [
								-60,
								0,
								0
							],
							"uv": [
								144,
								678
							]
						},
						{
							"origin": [
								-24,
								2.75,
								19
							],
							"size": [
								4,
								10,
								10
							],
							"inflate": 0.1,
							"uv": [
								60,
								592
							]
						},
						{
							"origin": [
								20,
								2.75,
								19
							],
							"size": [
								4,
								10,
								10
							],
							"inflate": 0.1,
							"uv": [
								60,
								592
							],
							"mirror": true
						},
						{
							"origin": [
								-24,
								5.4641,
								30.4641
							],
							"size": [
								4,
								4,
								1
							],
							"uv": [
								18,
								688
							]
						},
						{
							"origin": [
								20,
								5.4641,
								30.4641
							],
							"size": [
								4,
								4,
								1
							],
							"uv": [
								18,
								688
							]
						},
						{
							"origin": [
								-24,
								5.4641,
								29.4641
							],
							"size": [
								4,
								4,
								1
							],
							"uv": [
								18,
								688
							]
						},
						{
							"origin": [
								20,
								5.4641,
								29.4641
							],
							"size": [
								4,
								4,
								1
							],
							"uv": [
								18,
								688
							]
						},
						{
							"origin": [
								-24,
								5.4641,
								28.4641
							],
							"size": [
								4,
								4,
								1
							],
							"uv": [
								18,
								688
							]
						},
						{
							"origin": [
								20,
								5.4641,
								28.4641
							],
							"size": [
								4,
								4,
								1
							],
							"uv": [
								18,
								688
							]
						},
						{
							"origin": [
								-24,
								5.4641,
								16.5359
							],
							"size": [
								4,
								4,
								1
							],
							"uv": [
								18,
								683
							]
						},
						{
							"origin": [
								20,
								5.4641,
								16.5359
							],
							"size": [
								4,
								4,
								1
							],
							"uv": [
								18,
								683
							]
						},
						{
							"origin": [
								-24,
								5.4641,
								17.5359
							],
							"size": [
								4,
								4,
								1
							],
							"uv": [
								18,
								683
							]
						},
						{
							"origin": [
								-24,
								4.4641,
								17.5359
							],
							"size": [
								4,
								4,
								1
							],
							"uv": [
								18,
								683
							]
						},
						{
							"origin": [
								20,
								5.4641,
								17.5359
							],
							"size": [
								4,
								4,
								1
							],
							"uv": [
								18,
								683
							]
						},
						{
							"origin": [
								20,
								4.4641,
								17.5359
							],
							"size": [
								4,
								4,
								1
							],
							"uv": [
								18,
								683
							]
						},
						{
							"origin": [
								-24,
								5.4641,
								18.5359
							],
							"size": [
								4,
								4,
								1
							],
							"uv": [
								18,
								683
							]
						},
						{
							"origin": [
								-24,
								3.4641,
								18.5359
							],
							"size": [
								4,
								4,
								1
							],
							"uv": [
								18,
								683
							]
						},
						{
							"origin": [
								20,
								5.4641,
								18.5359
							],
							"size": [
								4,
								4,
								1
							],
							"uv": [
								18,
								683
							]
						},
						{
							"origin": [
								20,
								3.4641,
								18.5359
							],
							"size": [
								4,
								4,
								1
							],
							"uv": [
								18,
								683
							]
						},
						{
							"origin": [
								-24,
								13.9282,
								22
							],
							"size": [
								4,
								1,
								4
							],
							"uv": [
								144,
								673
							]
						},
						{
							"origin": [
								20,
								13.9282,
								22
							],
							"size": [
								4,
								1,
								4
							],
							"uv": [
								144,
								673
							]
						},
						{
							"origin": [
								-24,
								12.9282,
								22
							],
							"size": [
								4,
								1,
								4
							],
							"uv": [
								144,
								673
							]
						},
						{
							"origin": [
								20,
								12.9282,
								22
							],
							"size": [
								4,
								1,
								4
							],
							"uv": [
								144,
								673
							]
						}
					]
				}
			]
		}
	]
}