{
	"format_version": "1.12.0",
	"minecraft:geometry": [
		{
			"description": {
				"identifier": "geometry.pajero",
				"texture_width": 512,
				"texture_height": 512,
				"visible_bounds_width": 6,
				"visible_bounds_height": 5,
				"visible_bounds_offset": [
					0,
					0.5,
					0
				]
			},
			"bones": [
				{
					"name": "body",
					"pivot": [
						0,
						0,
						0
					],
					"cubes": [
						{
							"origin": [
								-17,
								34.85416,
								-12.50162
							],
							"size": [
								34,
								1,
								45.5
							],
							"uv": [
								110,
								90
							]
						},
						{
							"origin": [
								16,
								32.85416,
								-12.50162
							],
							"size": [
								1,
								2,
								12.5
							],
							"uv": [
								32,
								237
							]
						},
						{
							"origin": [
								16,
								32.85416,
								-13.50162
							],
							"size": [
								1,
								1,
								1.5
							],
							"uv": [
								0,
								0
							]
						},
						{
							"origin": [
								-17,
								32.85416,
								-13.50162
							],
							"size": [
								1,
								1,
								1.5
							],
							"uv": [
								157,
								32
							]
						},
						{
							"origin": [
								-17,
								32.85416,
								-12.50162
							],
							"size": [
								1,
								2,
								12.5
							],
							"uv": [
								32,
								251
							]
						},
						{
							"origin": [
								16,
								32.85416,
								2
							],
							"size": [
								1,
								2,
								18
							],
							"uv": [
								10,
								249
							]
						},
						{
							"origin": [
								-17,
								32.85416,
								2
							],
							"size": [
								1,
								2,
								18
							],
							"uv": [
								0,
								272
							]
						},
						{
							"origin": [
								16,
								32.85416,
								22
							],
							"size": [
								1,
								2,
								10
							],
							"uv": [
								10,
								237
							]
						},
						{
							"origin": [
								-17,
								32.85416,
								22
							],
							"size": [
								1,
								2,
								10
							],
							"uv": [
								38,
								269
							]
						},
						{
							"origin": [
								-17,
								36.85416,
								-9.50162
							],
							"size": [
								2,
								1,
								37.5
							],
							"uv": [
								0,
								199
							]
						},
						{
							"origin": [
								15,
								36.85416,
								-9.50162
							],
							"size": [
								2,
								1,
								37.5
							],
							"uv": [
								0,
								161
							]
						},
						{
							"origin": [
								15,
								35.8542,
								0
							],
							"size": [
								2,
								1,
								2
							],
							"uv": [
								0,
								0
							]
						},
						{
							"origin": [
								-17,
								35.8542,
								0
							],
							"size": [
								2,
								1,
								2
							],
							"uv": [
								0,
								0
							]
						},
						{
							"origin": [
								15,
								35.8542,
								20
							],
							"size": [
								2,
								1,
								2
							],
							"uv": [
								0,
								0
							]
						},
						{
							"origin": [
								-17,
								35.8542,
								20
							],
							"size": [
								2,
								1,
								2
							],
							"uv": [
								0,
								0
							]
						},
						{
							"origin": [
								-17,
								35.94082,
								-12.39835
							],
							"size": [
								2,
								1,
								3.5
							],
							"pivot": [
								-16,
								36.44082,
								-10.64835
							],
							"rotation": [
								35,
								0,
								0
							],
							"uv": [
								0,
								241
							]
						},
						{
							"origin": [
								15,
								35.94082,
								-12.39835
							],
							"size": [
								2,
								1,
								3.5
							],
							"pivot": [
								16,
								36.44082,
								-10.64835
							],
							"rotation": [
								35,
								0,
								0
							],
							"uv": [
								0,
								237
							]
						},
						{
							"origin": [
								-17,
								35.94082,
								27.39511
							],
							"size": [
								2,
								1,
								3.5
							],
							"pivot": [
								-16,
								36.44082,
								29.14511
							],
							"rotation": [
								-35,
								0,
								0
							],
							"uv": [
								0,
								249
							]
						},
						{
							"origin": [
								15,
								35.94082,
								27.39511
							],
							"size": [
								2,
								1,
								3.5
							],
							"pivot": [
								16,
								36.44082,
								29.14511
							],
							"rotation": [
								-35,
								0,
								0
							],
							"uv": [
								0,
								245
							]
						},
						{
							"origin": [
								-16,
								4,
								-18
							],
							"size": [
								32,
								2,
								29
							],
							"uv": [
								110,
								0
							]
						},
						{
							"origin": [
								-17,
								16,
								-21
							],
							"size": [
								34,
								2,
								3
							],
							"uv": [
								110,
								76
							]
						},
						{
							"origin": [
								-17,
								17,
								-29
							],
							"size": [
								34,
								1,
								8
							],
							"uv": [
								110,
								81
							]
						},
						{
							"origin": [
								-17,
								16,
								-41
							],
							"size": [
								34,
								1,
								20
							],
							"uv": [
								110,
								55
							]
						},
						{
							"origin": [
								-17,
								4,
								-41
							],
							"size": [
								34,
								12,
								23
							],
							"uv": [
								232,
								41
							]
						},
						{
							"origin": [
								13,
								4,
								-36
							],
							"size": [
								4,
								9,
								14
							],
							"inflate": -0.01,
							"uv": [
								36,
								318
							]
						},
						{
							"origin": [
								-17,
								4,
								-36
							],
							"size": [
								4,
								9,
								14
							],
							"inflate": -0.01,
							"uv": [
								0,
								318
							]
						},
						{
							"origin": [
								-17,
								4,
								11
							],
							"size": [
								5,
								9,
								14
							],
							"inflate": -0.01,
							"uv": [
								38,
								138
							]
						},
						{
							"origin": [
								12,
								4,
								11
							],
							"size": [
								5,
								9,
								14
							],
							"inflate": -0.01,
							"uv": [
								0,
								138
							]
						},
						{
							"origin": [
								-12,
								4,
								11
							],
							"size": [
								24,
								8,
								14
							],
							"uv": [
								232,
								19
							]
						},
						{
							"origin": [
								-17,
								4,
								-42
							],
							"size": [
								34,
								6,
								1
							],
							"uv": [
								346,
								72
							]
						},
						{
							"origin": [
								-17,
								4,
								36
							],
							"size": [
								34,
								6,
								1
							],
							"uv": [
								346,
								65
							]
						},
						{
							"origin": [
								-16,
								23.00962,
								-17.17949
							],
							"size": [
								32,
								8,
								4
							],
							"pivot": [
								0,
								16.00962,
								6.82051
							],
							"rotation": [
								30,
								0,
								0
							],
							"uv": [
								346,
								53
							]
						},
						{
							"origin": [
								-17,
								16.95603,
								-40.91076
							],
							"size": [
								34,
								1,
								23
							],
							"pivot": [
								1,
								17.45603,
								-29.91076
							],
							"rotation": [
								5,
								0,
								0
							],
							"uv": [
								110,
								31
							]
						},
						{
							"origin": [
								15,
								26.4439,
								-27.06861
							],
							"size": [
								2,
								1,
								20
							],
							"pivot": [
								0,
								26.9439,
								-17.06861
							],
							"rotation": [
								60,
								0,
								0
							],
							"uv": [
								0,
								0
							]
						},
						{
							"origin": [
								17,
								18,
								-22
							],
							"size": [
								2,
								1,
								2
							],
							"uv": [
								392,
								465
							]
						},
						{
							"origin": [
								-19,
								18,
								-22
							],
							"size": [
								2,
								1,
								2
							],
							"uv": [
								324,
								425
							]
						},
						{
							"origin": [
								18.59767,
								18,
								-21.71829
							],
							"size": [
								5,
								4,
								2
							],
							"pivot": [
								19.59767,
								18.5,
								-20.71829
							],
							"rotation": [
								0,
								-20,
								0
							],
							"uv": [
								392,
								465
							]
						},
						{
							"origin": [
								-23.65798,
								18,
								-22.06031
							],
							"size": [
								5,
								4,
								2
							],
							"pivot": [
								-18.65798,
								18.5,
								-21.06031
							],
							"rotation": [
								0,
								20,
								0
							],
							"uv": [
								283,
								443
							]
						},
						{
							"origin": [
								-17,
								26.4439,
								-27.06861
							],
							"size": [
								2,
								1,
								20
							],
							"pivot": [
								0,
								26.9439,
								-17.06861
							],
							"rotation": [
								60,
								0,
								0
							],
							"uv": [
								0,
								0
							]
						},
						{
							"origin": [
								-17,
								26.4439,
								-26.06861
							],
							"size": [
								2,
								1,
								18
							],
							"pivot": [
								0,
								26.9439,
								-16.06861
							],
							"rotation": [
								60,
								0,
								0
							],
							"uv": [
								0,
								21
							]
						},
						{
							"origin": [
								15,
								26.4439,
								-26.06861
							],
							"size": [
								2,
								1,
								18
							],
							"pivot": [
								32,
								26.9439,
								-16.06861
							],
							"rotation": [
								60,
								0,
								0
							],
							"uv": [
								56,
								0
							]
						},
						{
							"origin": [
								-15,
								26.4439,
								-11.06861
							],
							"size": [
								30,
								1,
								4
							],
							"pivot": [
								2,
								26.9439,
								-17.06861
							],
							"rotation": [
								60,
								0,
								0
							],
							"uv": [
								110,
								166
							]
						},
						{
							"origin": [
								1,
								23.4439,
								-10.06861
							],
							"size": [
								2,
								3,
								1
							],
							"pivot": [
								2,
								26.9439,
								-17.06861
							],
							"rotation": [
								60,
								0,
								0
							],
							"uv": [
								110,
								175
							]
						},
						{
							"origin": [
								-3,
								22.4439,
								-11.06861
							],
							"size": [
								10,
								1,
								3
							],
							"pivot": [
								2,
								26.9439,
								-17.06861
							],
							"rotation": [
								60,
								0,
								0
							],
							"uv": [
								110,
								171
							]
						},
						{
							"origin": [
								16,
								4,
								-18
							],
							"size": [
								1,
								15,
								54
							],
							"uv": [
								0,
								69
							]
						},
						{
							"origin": [
								16,
								18.68203,
								32.36553
							],
							"size": [
								1,
								17,
								2
							],
							"pivot": [
								16.5,
								28.18203,
								33.36553
							],
							"rotation": [
								10,
								0,
								0
							],
							"uv": [
								0,
								253
							]
						},
						{
							"origin": [
								-16,
								32.68203,
								32.36553
							],
							"size": [
								32,
								3,
								2
							],
							"pivot": [
								15.5,
								28.18203,
								33.36553
							],
							"rotation": [
								10,
								0,
								0
							],
							"uv": [
								232,
								102
							]
						},
						{
							"origin": [
								16,
								19,
								20
							],
							"size": [
								1,
								16,
								2
							],
							"uv": [
								24,
								0
							]
						},
						{
							"origin": [
								16,
								19,
								0
							],
							"size": [
								1,
								16,
								2
							],
							"uv": [
								6,
								0
							]
						},
						{
							"origin": [
								-17,
								18.68203,
								32.36553
							],
							"size": [
								1,
								17,
								2
							],
							"pivot": [
								-16.5,
								28.18203,
								33.36553
							],
							"rotation": [
								10,
								0,
								0
							],
							"uv": [
								0,
								253
							]
						},
						{
							"origin": [
								-4,
								18.68203,
								32.36553
							],
							"size": [
								1,
								14,
								2
							],
							"pivot": [
								-3.5,
								28.18203,
								33.36553
							],
							"rotation": [
								10,
								0,
								0
							],
							"uv": [
								0,
								253
							]
						},
						{
							"origin": [
								-17,
								19,
								20
							],
							"size": [
								1,
								16,
								2
							],
							"uv": [
								0,
								0
							]
						},
						{
							"origin": [
								-17,
								19,
								0
							],
							"size": [
								1,
								16,
								2
							],
							"uv": [
								12,
								0
							]
						},
						{
							"origin": [
								-17,
								4,
								-18
							],
							"size": [
								1,
								15,
								54
							],
							"uv": [
								0,
								0
							]
						},
						{
							"origin": [
								-16,
								4,
								25
							],
							"size": [
								32,
								8,
								11
							],
							"uv": [
								232,
								0
							]
						},
						{
							"origin": [
								-16,
								13,
								34
							],
							"size": [
								32,
								6,
								2
							],
							"uv": [
								346,
								0
							]
						},
						{
							"origin": [
								-2,
								5,
								-19
							],
							"size": [
								4,
								7,
								19
							],
							"uv": [
								0,
								292
							]
						},
						{
							"origin": [
								2,
								6,
								-8
							],
							"size": [
								14,
								6,
								8
							],
							"uv": [
								232,
								76
							]
						},
						{
							"origin": [
								-16,
								6,
								-8
							],
							"size": [
								14,
								6,
								8
							],
							"uv": [
								232,
								107
							]
						},
						{
							"origin": [
								-16,
								13,
								8
							],
							"size": [
								32,
								1,
								12
							],
							"uv": [
								110,
								136
							]
						},
						{
							"origin": [
								-16,
								12,
								25
							],
							"size": [
								32,
								1,
								11
							],
							"uv": [
								115,
								154
							]
						},
						{
							"origin": [
								-12,
								12,
								14
							],
							"size": [
								24,
								1,
								11
							],
							"uv": [
								115,
								154
							]
						},
						{
							"origin": [
								-16,
								6,
								8
							],
							"size": [
								32,
								7,
								3
							],
							"uv": [
								0,
								0
							]
						},
						{
							"origin": [
								2,
								11.17363,
								-1.31888
							],
							"size": [
								14,
								14,
								2
							],
							"pivot": [
								9,
								14.67363,
								-0.31888
							],
							"rotation": [
								-15,
								0,
								0
							],
							"uv": [
								346,
								21
							]
						},
						{
							"origin": [
								-16,
								13.24178,
								18.16348
							],
							"size": [
								32,
								11,
								2
							],
							"pivot": [
								9,
								13.74178,
								19.16348
							],
							"rotation": [
								-15,
								0,
								0
							],
							"uv": [
								346,
								8
							]
						},
						{
							"origin": [
								-16,
								11.17363,
								-1.31888
							],
							"size": [
								14,
								14,
								2
							],
							"pivot": [
								-9,
								14.67363,
								-0.31888
							],
							"rotation": [
								-15,
								0,
								0
							],
							"uv": [
								346,
								37
							]
						},
						{
							"origin": [
								5.3,
								23.85704,
								1.06465
							],
							"size": [
								8,
								4,
								2
							],
							"inflate": 0.3,
							"uv": [
								232,
								96
							]
						},
						{
							"origin": [
								5,
								23.62518,
								20.84701
							],
							"size": [
								8,
								4,
								2
							],
							"inflate": 0.3,
							"uv": [
								252,
								96
							]
						},
						{
							"origin": [
								-12.7,
								23.85704,
								1.06465
							],
							"size": [
								8,
								4,
								2
							],
							"inflate": 0.3,
							"uv": [
								232,
								90
							]
						},
						{
							"origin": [
								-13,
								23.62518,
								20.84701
							],
							"size": [
								8,
								4,
								2
							],
							"inflate": 0.3,
							"uv": [
								252,
								90
							]
						}
					]
				},
				{
					"name": "steer",
					"parent": "body",
					"pivot": [
						8,
						15.60962,
						-16.02949
					],
					"cubes": [
						{
							"origin": [
								7,
								26.00962,
								-13.17949
							],
							"size": [
								2,
								2,
								4
							],
							"inflate": 0.05,
							"pivot": [
								0,
								16.00962,
								6.82051
							],
							"rotation": [
								30,
								0,
								0
							],
							"uv": [
								293,
								488
							]
						},
						{
							"origin": [
								5,
								26.00962,
								-10.17949
							],
							"size": [
								6,
								2,
								1
							],
							"pivot": [
								0,
								16.00962,
								6.82051
							],
							"rotation": [
								30,
								0,
								0
							],
							"uv": [
								338,
								451
							]
						},
						{
							"origin": [
								4,
								25.00962,
								-10.17949
							],
							"size": [
								1,
								4,
								1
							],
							"pivot": [
								0,
								16.00962,
								6.82051
							],
							"rotation": [
								30,
								0,
								0
							],
							"uv": [
								382,
								481
							]
						},
						{
							"origin": [
								6,
								23.00962,
								-10.17949
							],
							"size": [
								4,
								1,
								1
							],
							"pivot": [
								0,
								16.00962,
								6.82051
							],
							"rotation": [
								30,
								0,
								0
							],
							"uv": [
								382,
								481
							]
						},
						{
							"origin": [
								5,
								24.00962,
								-10.17949
							],
							"size": [
								1,
								1,
								1
							],
							"pivot": [
								0,
								16.00962,
								6.82051
							],
							"rotation": [
								30,
								0,
								0
							],
							"uv": [
								382,
								481
							]
						},
						{
							"origin": [
								10,
								24.00962,
								-10.17949
							],
							"size": [
								1,
								1,
								1
							],
							"pivot": [
								0,
								16.00962,
								6.82051
							],
							"rotation": [
								30,
								0,
								0
							],
							"uv": [
								382,
								481
							]
						},
						{
							"origin": [
								11,
								25.00962,
								-10.17949
							],
							"size": [
								1,
								4,
								1
							],
							"pivot": [
								0,
								16.00962,
								6.82051
							],
							"rotation": [
								30,
								0,
								0
							],
							"uv": [
								382,
								481
							]
						},
						{
							"origin": [
								10,
								29.00962,
								-10.17949
							],
							"size": [
								1,
								1,
								1
							],
							"pivot": [
								0,
								16.00962,
								6.82051
							],
							"rotation": [
								30,
								0,
								0
							],
							"uv": [
								382,
								481
							]
						},
						{
							"origin": [
								6,
								30.00962,
								-10.17949
							],
							"size": [
								4,
								1,
								1
							],
							"pivot": [
								0,
								16.00962,
								6.82051
							],
							"rotation": [
								30,
								0,
								0
							],
							"uv": [
								382,
								481
							]
						},
						{
							"origin": [
								5,
								29.00962,
								-10.17949
							],
							"size": [
								1,
								1,
								1
							],
							"pivot": [
								0,
								16.00962,
								6.82051
							],
							"rotation": [
								30,
								0,
								0
							],
							"uv": [
								382,
								481
							]
						}
					]
				},
				{
					"name": "glass",
					"parent": "body",
					"pivot": [
						16.5,
						28.18203,
						33.36553
					],
					"cubes": [
						{
							"origin": [
								-15,
								26.9,
								-27.06861
							],
							"size": [
								30,
								0,
								16
							],
							"pivot": [
								2,
								26.9439,
								-17.06861
							],
							"rotation": [
								60,
								0,
								0
							],
							"uv": [
								110,
								179
							]
						},
						{
							"origin": [
								-16.5,
								25.4439,
								-26.06861
							],
							"size": [
								0,
								1,
								20
							],
							"pivot": [
								0,
								26.9439,
								-16.06861
							],
							"rotation": [
								60,
								0,
								0
							],
							"uv": [
								64,
								260
							]
						},
						{
							"origin": [
								16.5,
								25.4439,
								-26.06861
							],
							"size": [
								0,
								1,
								20
							],
							"pivot": [
								33,
								26.9439,
								-16.06861
							],
							"rotation": [
								60,
								0,
								0
							],
							"uv": [
								64,
								260
							]
						},
						{
							"origin": [
								-16.5,
								19,
								-21
							],
							"size": [
								0,
								14,
								56
							],
							"uv": [
								0,
								341
							]
						},
						{
							"origin": [
								-16.5,
								18.68203,
								31.36553
							],
							"size": [
								0,
								17,
								2
							],
							"pivot": [
								-16.5,
								28.18203,
								32.36553
							],
							"rotation": [
								10,
								0,
								0
							],
							"uv": [
								60,
								262
							]
						},
						{
							"origin": [
								16.5,
								18.68203,
								31.36553
							],
							"size": [
								0,
								17,
								2
							],
							"pivot": [
								16.5,
								28.18203,
								32.36553
							],
							"rotation": [
								10,
								0,
								0
							],
							"uv": [
								60,
								262
							]
						},
						{
							"origin": [
								16.5,
								19,
								-21
							],
							"size": [
								0,
								14,
								56
							],
							"uv": [
								0,
								411
							]
						},
						{
							"origin": [
								-16,
								18.68203,
								33.36553
							],
							"size": [
								32,
								14,
								0
							],
							"pivot": [
								16.5,
								28.18203,
								33.36553
							],
							"rotation": [
								10,
								0,
								0
							],
							"uv": [
								232,
								121
							]
						}
					]
				},
				{
					"name": "leg0",
					"parent": "body",
					"pivot": [
						-15,
						6,
						-29
					],
					"cubes": [
						{
							"origin": [
								-17,
								0,
								-31
							],
							"size": [
								4,
								1,
								4
							],
							"uv": [
								395,
								376
							]
						},
						{
							"origin": [
								13,
								0,
								-31
							],
							"size": [
								4,
								1,
								4
							],
							"uv": [
								395,
								376
							]
						},
						{
							"origin": [
								-17,
								1,
								-33
							],
							"size": [
								4,
								1,
								8
							],
							"uv": [
								395,
								376
							]
						},
						{
							"origin": [
								13,
								1,
								-33
							],
							"size": [
								4,
								1,
								8
							],
							"uv": [
								395,
								376
							]
						},
						{
							"origin": [
								-17,
								2,
								-33
							],
							"size": [
								4,
								8,
								8
							],
							"uv": [
								395,
								376
							]
						},
						{
							"origin": [
								13,
								2,
								-33
							],
							"size": [
								4,
								8,
								8
							],
							"uv": [
								395,
								376
							]
						},
						{
							"origin": [
								-17,
								10,
								-33
							],
							"size": [
								4,
								1,
								8
							],
							"uv": [
								395,
								376
							]
						},
						{
							"origin": [
								13,
								10,
								-33
							],
							"size": [
								4,
								1,
								8
							],
							"uv": [
								395,
								376
							]
						},
						{
							"origin": [
								-17,
								11,
								-31
							],
							"size": [
								4,
								1,
								4
							],
							"uv": [
								395,
								376
							]
						},
						{
							"origin": [
								13,
								11,
								-31
							],
							"size": [
								4,
								1,
								4
							],
							"uv": [
								395,
								376
							]
						},
						{
							"origin": [
								-17,
								2,
								-25
							],
							"size": [
								4,
								8,
								1
							],
							"uv": [
								395,
								376
							]
						},
						{
							"origin": [
								13,
								2,
								-25
							],
							"size": [
								4,
								8,
								1
							],
							"uv": [
								395,
								376
							]
						},
						{
							"origin": [
								-17,
								2,
								-34
							],
							"size": [
								4,
								8,
								1
							],
							"uv": [
								395,
								376
							]
						},
						{
							"origin": [
								13,
								2,
								-34
							],
							"size": [
								4,
								8,
								1
							],
							"uv": [
								395,
								376
							]
						},
						{
							"origin": [
								-17,
								4,
								-35
							],
							"size": [
								4,
								4,
								1
							],
							"uv": [
								395,
								376
							]
						},
						{
							"origin": [
								13,
								4,
								-35
							],
							"size": [
								4,
								4,
								1
							],
							"uv": [
								395,
								376
							]
						},
						{
							"origin": [
								-17,
								4,
								-24
							],
							"size": [
								4,
								4,
								1
							],
							"uv": [
								395,
								376
							]
						},
						{
							"origin": [
								13,
								4,
								-24
							],
							"size": [
								4,
								4,
								1
							],
							"uv": [
								395,
								376
							]
						}
					]
				},
				{
					"name": "leg1",
					"parent": "body",
					"pivot": [
						-15,
						6,
						18
					],
					"cubes": [
						{
							"origin": [
								-17,
								0,
								16
							],
							"size": [
								4,
								1,
								4
							],
							"uv": [
								372,
								369
							]
						},
						{
							"origin": [
								13,
								0,
								16
							],
							"size": [
								4,
								1,
								4
							],
							"uv": [
								372,
								369
							]
						},
						{
							"origin": [
								-17,
								1,
								14
							],
							"size": [
								4,
								1,
								8
							],
							"uv": [
								372,
								369
							]
						},
						{
							"origin": [
								13,
								1,
								14
							],
							"size": [
								4,
								1,
								8
							],
							"uv": [
								372,
								369
							]
						},
						{
							"origin": [
								-17,
								2,
								14
							],
							"size": [
								4,
								8,
								8
							],
							"uv": [
								372,
								369
							]
						},
						{
							"origin": [
								13,
								2,
								14
							],
							"size": [
								4,
								8,
								8
							],
							"uv": [
								372,
								369
							]
						},
						{
							"origin": [
								-17,
								10,
								14
							],
							"size": [
								4,
								1,
								8
							],
							"uv": [
								372,
								369
							]
						},
						{
							"origin": [
								13,
								10,
								14
							],
							"size": [
								4,
								1,
								8
							],
							"uv": [
								372,
								369
							]
						},
						{
							"origin": [
								-17,
								11,
								16
							],
							"size": [
								4,
								1,
								4
							],
							"uv": [
								372,
								369
							]
						},
						{
							"origin": [
								13,
								11,
								16
							],
							"size": [
								4,
								1,
								4
							],
							"uv": [
								372,
								369
							]
						},
						{
							"origin": [
								-17,
								2,
								22
							],
							"size": [
								4,
								8,
								1
							],
							"uv": [
								372,
								369
							]
						},
						{
							"origin": [
								13,
								2,
								22
							],
							"size": [
								4,
								8,
								1
							],
							"uv": [
								372,
								369
							]
						},
						{
							"origin": [
								-17,
								2,
								13
							],
							"size": [
								4,
								8,
								1
							],
							"uv": [
								372,
								369
							]
						},
						{
							"origin": [
								13,
								2,
								13
							],
							"size": [
								4,
								8,
								1
							],
							"uv": [
								372,
								369
							]
						},
						{
							"origin": [
								-17,
								4,
								12
							],
							"size": [
								4,
								4,
								1
							],
							"uv": [
								372,
								369
							]
						},
						{
							"origin": [
								13,
								4,
								12
							],
							"size": [
								4,
								4,
								1
							],
							"uv": [
								372,
								369
							]
						},
						{
							"origin": [
								-17,
								4,
								23
							],
							"size": [
								4,
								4,
								1
							],
							"uv": [
								372,
								369
							]
						},
						{
							"origin": [
								13,
								4,
								23
							],
							"size": [
								4,
								4,
								1
							],
							"uv": [
								372,
								369
							]
						}
					]
				},
				{
					"name": "leg2",
					"parent": "body",
					"pivot": [
						5,
						19,
						38
					],
					"rotation": [
						0,
						-90,
						0
					],
					"cubes": [
						{
							"origin": [
								3,
								13,
								36
							],
							"size": [
								4,
								1,
								4
							],
							"uv": [
								440,
								337
							]
						},
						{
							"origin": [
								3,
								14,
								34
							],
							"size": [
								4,
								1,
								8
							],
							"uv": [
								440,
								337
							]
						},
						{
							"origin": [
								3,
								15,
								34
							],
							"size": [
								4,
								8,
								8
							],
							"uv": [
								440,
								337
							]
						},
						{
							"origin": [
								3,
								23,
								34
							],
							"size": [
								4,
								1,
								8
							],
							"uv": [
								440,
								337
							]
						},
						{
							"origin": [
								3,
								24,
								36
							],
							"size": [
								4,
								1,
								4
							],
							"uv": [
								440,
								337
							]
						},
						{
							"origin": [
								3,
								15,
								42
							],
							"size": [
								4,
								8,
								1
							],
							"uv": [
								440,
								337
							]
						},
						{
							"origin": [
								3,
								15,
								33
							],
							"size": [
								4,
								8,
								1
							],
							"uv": [
								440,
								337
							]
						},
						{
							"origin": [
								3,
								17,
								32
							],
							"size": [
								4,
								4,
								1
							],
							"uv": [
								440,
								337
							]
						},
						{
							"origin": [
								3,
								17,
								43
							],
							"size": [
								4,
								4,
								1
							],
							"uv": [
								440,
								337
							]
						}
					]
				}
			]
		}
	]
}