{
	"format_version": "1.12.0",
	"minecraft:geometry": [
		{
			"description": {
				"identifier": "geometry.speedboat_1.14",
				"texture_width": 512,
				"texture_height": 512,
				"visible_bounds_width": 8,
				"visible_bounds_height": 6,
				"visible_bounds_offset": [
					0,
					1,
					0
				]
			},
			"bones": [
				{
					"name": "body",
					"pivot": [
						0,
						8.63636,
						4
					],
					"cubes": [
						{
							"origin": [
								-14,
								12,
								18
							],
							"size": [
								28,
								5,
								2
							],
							"uv": [
								0,
								201
							]
						},
						{
							"origin": [
								-14,
								12,
								-27
							],
							"size": [
								28,
								5,
								15
							],
							"uv": [
								220,
								105
							]
						},
						{
							"origin": [
								-12.2632,
								3,
								-27.37873
							],
							"size": [
								24.5,
								9,
								15
							],
							"inflate": -0.001,
							"uv": [
								241,
								9
							]
						},
						{
							"origin": [
								-12.2632,
								-2,
								-27.37873
							],
							"size": [
								24.5,
								9,
								15
							],
							"uv": [
								54,
								378
							]
						},
						{
							"origin": [
								10.7368,
								3,
								-12.37873
							],
							"size": [
								1.5,
								9,
								31
							],
							"inflate": -0.001,
							"uv": [
								241,
								33
							]
						},
						{
							"origin": [
								10.7368,
								-2,
								-12.37873
							],
							"size": [
								1.5,
								9,
								31
							],
							"uv": [
								130,
								362
							]
						},
						{
							"origin": [
								-11.2632,
								3,
								17.62127
							],
							"size": [
								22.5,
								9,
								1
							],
							"inflate": -0.001,
							"uv": [
								274,
								33
							]
						},
						{
							"origin": [
								-11.2632,
								-2,
								17.62127
							],
							"size": [
								22.5,
								9,
								1
							],
							"uv": [
								69,
								368
							]
						},
						{
							"origin": [
								-12.2632,
								3,
								-12.37873
							],
							"size": [
								1.5,
								9,
								31
							],
							"inflate": -0.001,
							"uv": [
								241,
								33
							]
						},
						{
							"origin": [
								-12.2632,
								-2,
								-12.37873
							],
							"size": [
								1.5,
								9,
								31
							],
							"uv": [
								131,
								362
							]
						},
						{
							"origin": [
								-11,
								4,
								-13
							],
							"size": [
								22,
								5,
								31
							],
							"uv": [
								0,
								120
							]
						},
						{
							"origin": [
								-11,
								3,
								-13
							],
							"size": [
								22,
								1,
								31
							],
							"uv": [
								219,
								73
							]
						},
						{
							"origin": [
								-11,
								-2,
								-13
							],
							"size": [
								22,
								1,
								31
							],
							"uv": [
								219,
								73
							]
						},
						{
							"origin": [
								-5,
								7,
								-4
							],
							"size": [
								10,
								5,
								8
							],
							"uv": [
								58,
								106
							]
						},
						{
							"origin": [
								-5,
								7,
								8
							],
							"size": [
								10,
								5,
								8
							],
							"uv": [
								58,
								106
							]
						},
						{
							"origin": [
								-5,
								12,
								14
							],
							"size": [
								10,
								5,
								2
							],
							"uv": [
								89,
								125
							]
						},
						{
							"origin": [
								-5,
								12,
								2
							],
							"size": [
								10,
								5,
								2
							],
							"uv": [
								89,
								125
							]
						},
						{
							"origin": [
								-3,
								3,
								-51
							],
							"size": [
								6,
								14,
								17
							],
							"uv": [
								64,
								212
							]
						},
						{
							"origin": [
								-3,
								-2,
								-51
							],
							"size": [
								6,
								14,
								17
							],
							"uv": [
								64,
								212
							]
						},
						{
							"origin": [
								-4,
								4,
								-54
							],
							"size": [
								6,
								12,
								17
							],
							"uv": [
								64,
								212
							]
						},
						{
							"origin": [
								-2,
								4,
								-54
							],
							"size": [
								6,
								12,
								17
							],
							"uv": [
								64,
								212
							]
						},
						{
							"origin": [
								-4,
								12,
								-59
							],
							"size": [
								8,
								5,
								20
							],
							"uv": [
								0,
								92
							]
						},
						{
							"origin": [
								-4,
								12,
								-64
							],
							"size": [
								8,
								5,
								20
							],
							"inflate": 0.15,
							"uv": [
								0,
								92
							]
						},
						{
							"origin": [
								-6,
								3,
								-34
							],
							"size": [
								13,
								14,
								7
							],
							"uv": [
								0,
								243
							]
						},
						{
							"origin": [
								-6,
								-2,
								-34
							],
							"size": [
								13,
								14,
								7
							],
							"uv": [
								0,
								243
							]
						},
						{
							"origin": [
								-7,
								17,
								-42
							],
							"size": [
								13,
								1,
								15
							],
							"uv": [
								0,
								282
							]
						},
						{
							"origin": [
								-13,
								17,
								-27
							],
							"size": [
								26,
								1,
								5
							],
							"uv": [
								0,
								298
							]
						},
						{
							"origin": [
								-14,
								12,
								-12
							],
							"size": [
								2,
								5,
								30
							],
							"uv": [
								0,
								155
							]
						},
						{
							"origin": [
								12,
								12,
								-12
							],
							"size": [
								2,
								5,
								30
							],
							"uv": [
								54,
								0
							]
						}
					]
				},
				{
					"name": "daashboard",
					"parent": "body",
					"pivot": [
						0,
						10,
						-19.5
					],
					"rotation": [
						-35,
						0,
						0
					],
					"cubes": [
						{
							"origin": [
								-12,
								18,
								-18
							],
							"size": [
								24,
								2,
								6
							],
							"uv": [
								96,
								110
							]
						},
						{
							"origin": [
								-3,
								22,
								-18
							],
							"size": [
								6,
								0,
								6
							],
							"uv": [
								81,
								119
							]
						},
						{
							"origin": [
								-1,
								16,
								-16
							],
							"size": [
								2,
								7,
								2
							],
							"uv": [
								81,
								125
							]
						}
					]
				},
				{
					"name": "glass",
					"parent": "body",
					"pivot": [
						0,
						16.5,
						-14.5
					],
					"rotation": [
						-35,
						0,
						0
					],
					"cubes": [
						{
							"origin": [
								-14,
								11,
								-18
							],
							"size": [
								28,
								14,
								15
							],
							"inflate": -0.01,
							"uv": [
								86,
								54
							]
						},
						{
							"origin": [
								-14,
								11,
								-18
							],
							"size": [
								1,
								14,
								1
							],
							"inflate": -0.01,
							"uv": [
								86,
								83
							]
						},
						{
							"origin": [
								-14,
								2.5,
								-12.5
							],
							"size": [
								1,
								14,
								1
							],
							"inflate": -0.01,
							"pivot": [
								0,
								17.5,
								-19
							],
							"rotation": [
								90,
								0,
								0
							],
							"uv": [
								86,
								83
							]
						},
						{
							"origin": [
								-14,
								0.5,
								-12.5
							],
							"size": [
								1,
								14,
								1
							],
							"inflate": -0.09,
							"pivot": [
								0,
								17.5,
								-19
							],
							"rotation": [
								90,
								0,
								0
							],
							"uv": [
								86,
								83
							]
						},
						{
							"origin": [
								13,
								11,
								-18
							],
							"size": [
								1,
								14,
								1
							],
							"inflate": -0.01,
							"uv": [
								86,
								83
							]
						},
						{
							"origin": [
								13,
								2.5,
								-12.5
							],
							"size": [
								1,
								14,
								1
							],
							"inflate": -0.01,
							"pivot": [
								0,
								17.5,
								-19
							],
							"rotation": [
								90,
								0,
								0
							],
							"uv": [
								86,
								83
							]
						},
						{
							"origin": [
								13,
								0.5,
								-12.5
							],
							"size": [
								1,
								14,
								1
							],
							"inflate": -0.09,
							"pivot": [
								0,
								17.5,
								-19
							],
							"rotation": [
								90,
								0,
								0
							],
							"uv": [
								86,
								83
							]
						}
					]
				},
				{
					"name": "body4",
					"parent": "body",
					"pivot": [
						0,
						10,
						-49.5
					],
					"rotation": [
						40,
						0,
						0
					],
					"cubes": [
						{
							"origin": [
								-4,
								2,
								-58.7
							],
							"size": [
								8,
								18.7,
								7
							],
							"uv": [
								0,
								342
							]
						}
					]
				},
				{
					"name": "body2",
					"parent": "body",
					"pivot": [
						14,
						10,
						-26.5
					],
					"rotation": [
						0,
						17,
						0
					],
					"cubes": [
						{
							"origin": [
								6,
								12,
								-60
							],
							"size": [
								8,
								5,
								33
							],
							"uv": [
								0,
								304
							]
						},
						{
							"origin": [
								5,
								17,
								-58
							],
							"size": [
								8,
								1,
								31
							],
							"uv": [
								0,
								250
							]
						}
					]
				},
				{
					"name": "body3",
					"parent": "body",
					"pivot": [
						-14,
						10,
						-26.5
					],
					"rotation": [
						0,
						-17,
						0
					],
					"cubes": [
						{
							"origin": [
								-14,
								12,
								-60
							],
							"size": [
								8,
								5,
								33
							],
							"uv": [
								0,
								304
							]
						},
						{
							"origin": [
								-13,
								17,
								-58
							],
							"size": [
								8,
								1,
								31
							],
							"uv": [
								0,
								250
							]
						}
					]
				},
				{
					"name": "body3a2",
					"parent": "body",
					"pivot": [
						13,
						6,
						-22
					],
					"rotation": [
						0,
						19,
						0
					],
					"cubes": [
						{
							"origin": [
								13,
								3,
								-53
							],
							"size": [
								1,
								9,
								26
							],
							"inflate": -0.001,
							"uv": [
								0,
								0
							]
						},
						{
							"origin": [
								13,
								-2,
								-53
							],
							"size": [
								1,
								9,
								26
							],
							"uv": [
								0,
								367
							]
						},
						{
							"origin": [
								7,
								3,
								-53
							],
							"size": [
								6,
								1,
								26
							],
							"uv": [
								0,
								216
							]
						},
						{
							"origin": [
								7,
								-2,
								-53
							],
							"size": [
								6,
								1,
								26
							],
							"uv": [
								0,
								216
							]
						}
					]
				},
				{
					"name": "body3a",
					"parent": "body",
					"pivot": [
						-12,
						6,
						-22
					],
					"rotation": [
						0,
						-19,
						0
					],
					"cubes": [
						{
							"origin": [
								-14,
								3,
								-53
							],
							"size": [
								1,
								9,
								26
							],
							"inflate": -0.001,
							"uv": [
								0,
								0
							]
						},
						{
							"origin": [
								-14,
								-2,
								-53
							],
							"size": [
								1,
								9,
								26
							],
							"uv": [
								0,
								367
							]
						},
						{
							"origin": [
								-13,
								3,
								-53
							],
							"size": [
								6,
								1,
								26
							],
							"uv": [
								0,
								216
							]
						},
						{
							"origin": [
								-13,
								-2,
								-53
							],
							"size": [
								6,
								1,
								26
							],
							"uv": [
								0,
								216
							]
						}
					]
				}
			]
		}
	]
}