{
	"format_version": "1.12.0",
	"minecraft:geometry": [
		{
			"description": {
				"identifier": "geometry.tesla_truck",
				"texture_width": 512,
				"texture_height": 512,
				"visible_bounds_width": 10,
				"visible_bounds_height": 7,
				"visible_bounds_offset": [
					0,
					0.5,
					0
				]
			},
			"bones": [
				{
					"name": "body",
					"pivot": [
						0,
						0,
						0
					],
					"cubes": [
						{
							"origin": [
								-20,
								8,
								-31
							],
							"size": [
								40,
								1,
								52
							],
							"uv": [
								0,
								123
							]
						},
						{
							"origin": [
								-20,
								9,
								-31
							],
							"size": [
								2,
								14,
								52
							],
							"uv": [
								108,
								57
							]
						},
						{
							"origin": [
								-20,
								16,
								42
							],
							"size": [
								2,
								7,
								14
							],
							"inflate": -0.01,
							"uv": [
								481,
								183
							]
						},
						{
							"origin": [
								18,
								16,
								42
							],
							"size": [
								2,
								7,
								14
							],
							"inflate": -0.01,
							"uv": [
								481,
								183
							]
						},
						{
							"origin": [
								-20,
								15,
								20
							],
							"size": [
								2,
								8,
								4
							],
							"inflate": -0.01,
							"uv": [
								481,
								183
							]
						},
						{
							"origin": [
								18,
								15,
								20
							],
							"size": [
								2,
								8,
								4
							],
							"inflate": -0.01,
							"uv": [
								481,
								183
							]
						},
						{
							"origin": [
								-20,
								18,
								24
							],
							"size": [
								2,
								5,
								18
							],
							"inflate": -0.01,
							"uv": [
								481,
								183
							]
						},
						{
							"origin": [
								18,
								18,
								24
							],
							"size": [
								2,
								5,
								18
							],
							"inflate": -0.01,
							"uv": [
								481,
								183
							]
						},
						{
							"origin": [
								18,
								9,
								-31
							],
							"size": [
								2,
								14,
								52
							],
							"uv": [
								0,
								57
							]
						},
						{
							"origin": [
								18,
								22.8,
								-13
							],
							"size": [
								2,
								15,
								3
							],
							"inflate": -0.01,
							"uv": [
								142,
								432
							]
						},
						{
							"origin": [
								18,
								23.7,
								-35
							],
							"size": [
								2,
								6,
								3
							],
							"inflate": -0.01,
							"uv": [
								108,
								439
							]
						},
						{
							"origin": [
								-20,
								22.8,
								-13
							],
							"size": [
								2,
								15,
								3
							],
							"inflate": -0.01,
							"uv": [
								58,
								396
							]
						},
						{
							"origin": [
								-20,
								22.8,
								4
							],
							"size": [
								2,
								13,
								1
							],
							"uv": [
								58,
								396
							]
						},
						{
							"origin": [
								-19,
								22.8,
								-48
							],
							"size": [
								0,
								17,
								52
							],
							"uv": [
								404,
								439
							]
						},
						{
							"origin": [
								19,
								22.8,
								-48
							],
							"size": [
								0,
								17,
								52
							],
							"uv": [
								404,
								439
							]
						},
						{
							"origin": [
								18,
								22.8,
								4
							],
							"size": [
								2,
								13,
								1
							],
							"uv": [
								58,
								396
							]
						},
						{
							"origin": [
								-20,
								23.7,
								-35
							],
							"size": [
								2,
								6,
								3
							],
							"inflate": -0.01,
							"uv": [
								138,
								449
							]
						},
						{
							"origin": [
								18,
								18,
								-51
							],
							"size": [
								2,
								6,
								20
							],
							"uv": [
								302,
								353
							]
						},
						{
							"origin": [
								-20,
								18,
								-51
							],
							"size": [
								2,
								6,
								20
							],
							"inflate": 0.009,
							"uv": [
								302,
								353
							]
						},
						{
							"origin": [
								-18,
								18,
								-51
							],
							"size": [
								36,
								6,
								18
							],
							"uv": [
								302,
								353
							]
						},
						{
							"origin": [
								-19.989,
								7.09542,
								-59.12128
							],
							"size": [
								40,
								14,
								10
							],
							"inflate": 0.05,
							"uv": [
								309,
								266
							]
						},
						{
							"origin": [
								-20,
								4,
								24
							],
							"size": [
								40,
								14,
								18
							],
							"uv": [
								0,
								192
							]
						},
						{
							"origin": [
								-18,
								4,
								24
							],
							"size": [
								36,
								14,
								18
							],
							"inflate": -0.03,
							"uv": [
								56,
								462
							]
						},
						{
							"origin": [
								-18,
								4,
								-49
							],
							"size": [
								36,
								14,
								18
							],
							"inflate": -0.03,
							"uv": [
								56,
								462
							]
						},
						{
							"origin": [
								-20,
								4,
								-49
							],
							"size": [
								40,
								14,
								18
							],
							"uv": [
								0,
								192
							]
						},
						{
							"origin": [
								-22,
								17,
								-44
							],
							"size": [
								44,
								1,
								9
							],
							"inflate": -0.01,
							"uv": [
								94,
								330
							]
						},
						{
							"origin": [
								-22,
								17,
								28
							],
							"size": [
								44,
								1,
								10
							],
							"inflate": -0.01,
							"uv": [
								106,
								316
							]
						},
						{
							"origin": [
								-21,
								4,
								-31
							],
							"size": [
								42,
								4,
								52
							],
							"inflate": -0.01,
							"uv": [
								0,
								0
							]
						},
						{
							"origin": [
								-20,
								7,
								-59
							],
							"size": [
								40,
								4,
								2
							],
							"inflate": 0.2,
							"uv": [
								81,
								323
							]
						},
						{
							"origin": [
								-20,
								4.12703,
								-51.10658
							],
							"size": [
								40,
								4,
								2
							],
							"inflate": 0.2,
							"uv": [
								81,
								323
							]
						},
						{
							"origin": [
								-21.9,
								4.60379,
								20.72971
							],
							"size": [
								44,
								10,
								1
							],
							"inflate": -0.01,
							"uv": [
								78,
								305
							]
						},
						{
							"origin": [
								-21.9,
								4.02641,
								-50.36398
							],
							"size": [
								44,
								11,
								1
							],
							"inflate": -0.01,
							"uv": [
								81,
								314
							]
						},
						{
							"origin": [
								-22,
								4.62751,
								44.23234
							],
							"size": [
								44,
								10,
								1
							],
							"inflate": -0.01,
							"uv": [
								44,
								305
							]
						},
						{
							"origin": [
								-22,
								5.92097,
								-31.50682
							],
							"size": [
								44,
								10,
								1
							],
							"inflate": -0.01,
							"uv": [
								48,
								325
							]
						},
						{
							"origin": [
								-20,
								9,
								42
							],
							"size": [
								40,
								7,
								14
							],
							"uv": [
								0,
								364
							]
						},
						{
							"origin": [
								-20,
								4,
								42
							],
							"size": [
								40,
								6,
								2
							],
							"uv": [
								0,
								346
							]
						},
						{
							"origin": [
								-20,
								4,
								21
							],
							"size": [
								40,
								11,
								3
							],
							"uv": [
								0,
								291
							]
						},
						{
							"origin": [
								-18,
								16,
								54
							],
							"size": [
								36,
								7,
								2
							],
							"uv": [
								437,
								232
							]
						},
						{
							"origin": [
								-19,
								9,
								5
							],
							"size": [
								38,
								14,
								3
							],
							"uv": [
								330,
								199
							]
						},
						{
							"origin": [
								-18,
								15,
								-15
							],
							"size": [
								14,
								13,
								2
							],
							"uv": [
								0,
								0
							]
						},
						{
							"origin": [
								-18,
								15,
								3
							],
							"size": [
								14,
								13,
								2
							],
							"uv": [
								0,
								0
							]
						},
						{
							"origin": [
								4,
								15,
								-15
							],
							"size": [
								14,
								13,
								2
							],
							"uv": [
								0,
								0
							]
						},
						{
							"origin": [
								4,
								15,
								3
							],
							"size": [
								14,
								13,
								2
							],
							"uv": [
								0,
								0
							]
						},
						{
							"origin": [
								-15,
								28,
								-15
							],
							"size": [
								8,
								4,
								2
							],
							"uv": [
								0,
								15
							]
						},
						{
							"origin": [
								7,
								28,
								-15
							],
							"size": [
								8,
								4,
								2
							],
							"uv": [
								0,
								15
							]
						},
						{
							"origin": [
								-15,
								28,
								3
							],
							"size": [
								8,
								4,
								2
							],
							"uv": [
								0,
								15
							]
						},
						{
							"origin": [
								7,
								28,
								3
							],
							"size": [
								8,
								4,
								2
							],
							"uv": [
								0,
								15
							]
						},
						{
							"origin": [
								-19,
								9,
								-5
							],
							"size": [
								38,
								6,
								10
							],
							"uv": [
								0,
								224
							]
						},
						{
							"origin": [
								-19,
								9,
								8
							],
							"size": [
								38,
								6,
								13
							],
							"uv": [
								411,
								229
							]
						},
						{
							"origin": [
								-19,
								9,
								-23
							],
							"size": [
								38,
								6,
								10
							],
							"uv": [
								0,
								224
							]
						},
						{
							"origin": [
								-4,
								10,
								-32
							],
							"size": [
								8,
								8,
								21
							],
							"uv": [
								77,
								224
							]
						},
						{
							"origin": [
								10,
								23,
								5
							],
							"size": [
								10,
								13,
								3
							],
							"uv": [
								286,
								186
							]
						},
						{
							"origin": [
								-20,
								23,
								5
							],
							"size": [
								10,
								13,
								3
							],
							"uv": [
								334,
								247
							]
						}
					]
				},
				{
					"name": "bodyside0",
					"parent": "body",
					"pivot": [
						0,
						0,
						0
					],
					"rotation": [
						25,
						0,
						0
					],
					"cubes": [
						{
							"origin": [
								-21.9,
								33.9,
								-39.3
							],
							"size": [
								44,
								1,
								7
							],
							"inflate": -0.01,
							"uv": [
								62,
								325
							]
						},
						{
							"origin": [
								-21.9,
								3.47149,
								24.95416
							],
							"size": [
								44,
								1,
								8
							],
							"inflate": -0.01,
							"uv": [
								16,
								344
							]
						}
					]
				},
				{
					"name": "bodyside2",
					"parent": "body",
					"pivot": [
						0,
						1.4,
						-36.5
					],
					"rotation": [
						-25,
						0,
						0
					],
					"cubes": [
						{
							"origin": [
								-22,
								16.09,
								-42.2
							],
							"size": [
								44,
								1,
								5
							],
							"inflate": -0.01,
							"uv": [
								147,
								357
							]
						},
						{
							"origin": [
								-22,
								46.92648,
								23.98963
							],
							"size": [
								44,
								1,
								8
							],
							"inflate": -0.01,
							"uv": [
								12,
								309
							]
						}
					]
				},
				{
					"name": "body_ramp",
					"parent": "body",
					"pivot": [
						0,
						10,
						48
					],
					"rotation": [
						25,
						0,
						0
					],
					"cubes": [
						{
							"origin": [
								-20,
								6,
								42
							],
							"size": [
								40,
								6,
								13
							],
							"uv": [
								51,
								467
							]
						}
					]
				},
				{
					"name": "body_ramp2",
					"parent": "body",
					"pivot": [
						0,
						10,
						-53
					],
					"rotation": [
						-20,
						0,
						0
					],
					"cubes": [
						{
							"origin": [
								-20,
								5.07246,
								-57.53163
							],
							"size": [
								40,
								4,
								8
							],
							"inflate": 0.2,
							"uv": [
								33,
								318
							]
						}
					]
				},
				{
					"name": "body2",
					"parent": "body",
					"pivot": [
						16.5,
						20,
						8
					],
					"rotation": [
						20,
						0,
						0
					],
					"cubes": [
						{
							"origin": [
								-20,
								43,
								-54.70569
							],
							"size": [
								2,
								1,
								56
							],
							"uv": [
								286,
								45
							]
						},
						{
							"origin": [
								-18,
								43,
								-10.70569
							],
							"size": [
								36,
								1,
								12
							],
							"uv": [
								0,
								500
							]
						},
						{
							"origin": [
								-16,
								44,
								-41.70569
							],
							"size": [
								32,
								0,
								31
							],
							"uv": [
								388,
								460
							]
						},
						{
							"origin": [
								-18,
								43,
								-41.70569
							],
							"size": [
								2,
								1,
								31
							],
							"uv": [
								0,
								456
							]
						},
						{
							"origin": [
								16,
								43,
								-41.70569
							],
							"size": [
								2,
								1,
								31
							],
							"uv": [
								0,
								500
							]
						},
						{
							"origin": [
								-20,
								42,
								-54.70569
							],
							"size": [
								2,
								1,
								56
							],
							"inflate": -0.01,
							"uv": [
								92,
								316
							]
						},
						{
							"origin": [
								18,
								42,
								-54.70569
							],
							"size": [
								2,
								1,
								56
							],
							"inflate": -0.001,
							"uv": [
								92,
								316
							]
						},
						{
							"origin": [
								18,
								43,
								-54.70569
							],
							"size": [
								2,
								1,
								56
							],
							"inflate": -0.001,
							"uv": [
								286,
								45
							]
						},
						{
							"origin": [
								-18,
								41,
								-54.70569
							],
							"size": [
								36,
								3,
								13
							],
							"uv": [
								0,
								176
							]
						},
						{
							"origin": [
								-4,
								30.68404,
								-32.58508
							],
							"size": [
								8,
								7,
								4
							],
							"uv": [
								0,
								251
							]
						},
						{
							"origin": [
								4,
								30.68404,
								-32.58508
							],
							"size": [
								14,
								7,
								4
							],
							"uv": [
								0,
								240
							]
						},
						{
							"origin": [
								-18,
								30.68404,
								-32.58508
							],
							"size": [
								14,
								7,
								4
							],
							"uv": [
								24,
								251
							]
						},
						{
							"origin": [
								-20,
								41,
								-54.70569
							],
							"size": [
								40,
								2,
								10
							],
							"inflate": -0.001,
							"uv": [
								355,
								320
							]
						}
					]
				},
				{
					"name": "body3",
					"parent": "body",
					"pivot": [
						16.5,
						20,
						8
					],
					"rotation": [
						-25,
						0,
						0
					],
					"cubes": [
						{
							"origin": [
								-20.001,
								33.08213,
								7.07477
							],
							"size": [
								40,
								1,
								49
							],
							"pivot": [
								-0.001,
								0.08213,
								-0.21954
							],
							"rotation": [
								10,
								0,
								0
							],
							"uv": [
								164,
								51
							]
						}
					]
				},
				{
					"name": "steer",
					"pivot": [
						11,
						21.68404,
						-32.15651
					],
					"rotation": [
						15,
						0,
						0
					],
					"cubes": [
						{
							"origin": [
								10,
								20.61469,
								-30.46256
							],
							"size": [
								2,
								2,
								4
							],
							"uv": [
								0,
								389
							]
						},
						{
							"origin": [
								10,
								20.61469,
								-34.46256
							],
							"size": [
								2,
								2,
								4
							],
							"uv": [
								0,
								389
							]
						},
						{
							"origin": [
								9,
								22.61469,
								-28.46256
							],
							"size": [
								4,
								2,
								1
							],
							"uv": [
								0,
								389
							]
						},
						{
							"origin": [
								13,
								19.61469,
								-28.46256
							],
							"size": [
								1,
								4,
								1
							],
							"uv": [
								0,
								389
							]
						},
						{
							"origin": [
								8,
								19.61469,
								-28.46256
							],
							"size": [
								1,
								4,
								1
							],
							"uv": [
								0,
								389
							]
						},
						{
							"origin": [
								9,
								20.61469,
								-28.46256
							],
							"size": [
								1,
								2,
								1
							],
							"uv": [
								0,
								389
							]
						},
						{
							"origin": [
								9,
								18.61469,
								-28.46256
							],
							"size": [
								4,
								2,
								1
							],
							"uv": [
								0,
								389
							]
						},
						{
							"origin": [
								12,
								20.61469,
								-28.46256
							],
							"size": [
								1,
								2,
								1
							],
							"uv": [
								0,
								389
							]
						}
					]
				},
				{
					"name": "body3A",
					"pivot": [
						0,
						0,
						0
					],
					"rotation": [
						-25,
						0,
						0
					],
					"cubes": [
						{
							"origin": [
								-20.001,
								36.19764,
								-16.74292
							],
							"size": [
								40,
								1,
								15
							],
							"pivot": [
								-0.001,
								0.19764,
								-0.03723
							],
							"rotation": [
								10,
								0,
								0
							],
							"uv": [
								136,
								32
							]
						},
						{
							"origin": [
								-20,
								23,
								-1.70569
							],
							"size": [
								2,
								14,
								48
							],
							"inflate": -0.01,
							"pivot": [
								0,
								0,
								0
							],
							"rotation": [
								10,
								0,
								0
							],
							"uv": [
								413,
								257
							]
						},
						{
							"origin": [
								19,
								35,
								-16.70569
							],
							"size": [
								1,
								1,
								15
							],
							"inflate": -0.01,
							"pivot": [
								0,
								0,
								0
							],
							"rotation": [
								10,
								0,
								0
							],
							"uv": [
								0,
								497
							]
						},
						{
							"origin": [
								-20,
								35,
								-16.70569
							],
							"size": [
								1,
								1,
								15
							],
							"inflate": -0.01,
							"pivot": [
								0,
								0,
								0
							],
							"rotation": [
								10,
								0,
								0
							],
							"uv": [
								0,
								497
							]
						},
						{
							"origin": [
								18,
								23,
								-1.70569
							],
							"size": [
								2,
								14,
								48
							],
							"inflate": -0.01,
							"pivot": [
								0,
								0,
								0
							],
							"rotation": [
								10,
								0,
								0
							],
							"uv": [
								334,
								304
							]
						}
					]
				},
				{
					"name": "leg0",
					"pivot": [
						19,
						7.44974,
						-40
					],
					"cubes": [
						{
							"origin": [
								17,
								0,
								-42
							],
							"size": [
								4,
								2,
								4
							],
							"uv": [
								489,
								0
							]
						},
						{
							"origin": [
								17,
								0.93301,
								-45.48205
							],
							"size": [
								4,
								2,
								4
							],
							"pivot": [
								19,
								1.43301,
								-43.48205
							],
							"rotation": [
								-30,
								0,
								0
							],
							"uv": [
								489,
								0
							]
						},
						{
							"origin": [
								17,
								3.48205,
								-48.03109
							],
							"size": [
								4,
								2,
								4
							],
							"pivot": [
								19,
								3.98205,
								-46.03109
							],
							"rotation": [
								-60,
								0,
								0
							],
							"uv": [
								489,
								0
							]
						},
						{
							"origin": [
								17,
								12.9282,
								-42
							],
							"size": [
								4,
								2,
								4
							],
							"uv": [
								489,
								0
							]
						},
						{
							"origin": [
								17,
								1.9282,
								-41
							],
							"size": [
								3,
								11,
								2
							],
							"uv": [
								489,
								0
							]
						},
						{
							"origin": [
								18,
								1.9282,
								-40.5
							],
							"size": [
								3,
								11,
								1
							],
							"uv": [
								449,
								247
							]
						},
						{
							"origin": [
								17,
								1.9282,
								-41
							],
							"size": [
								3,
								11,
								2
							],
							"pivot": [
								19,
								7.4282,
								-40
							],
							"rotation": [
								90,
								0,
								0
							],
							"uv": [
								489,
								0
							]
						},
						{
							"origin": [
								18,
								1.9282,
								-40.5
							],
							"size": [
								3,
								11,
								1
							],
							"pivot": [
								20,
								7.4282,
								-40
							],
							"rotation": [
								90,
								0,
								0
							],
							"uv": [
								457,
								239
							]
						},
						{
							"origin": [
								17,
								1.9282,
								-41
							],
							"size": [
								3,
								11,
								2
							],
							"pivot": [
								19,
								7.4282,
								-40
							],
							"rotation": [
								37.5,
								0,
								0
							],
							"uv": [
								489,
								0
							]
						},
						{
							"origin": [
								18,
								1.9282,
								-40.5
							],
							"size": [
								3,
								11,
								1
							],
							"pivot": [
								20,
								7.4282,
								-40
							],
							"rotation": [
								37.5,
								0,
								0
							],
							"uv": [
								379,
								263
							]
						},
						{
							"origin": [
								17,
								1.9282,
								-41
							],
							"size": [
								3,
								11,
								2
							],
							"pivot": [
								19,
								7.4282,
								-40
							],
							"rotation": [
								142.5,
								0,
								0
							],
							"uv": [
								489,
								0
							]
						},
						{
							"origin": [
								18,
								1.9282,
								-40.5
							],
							"size": [
								3,
								11,
								1
							],
							"pivot": [
								20,
								7.4282,
								-40
							],
							"rotation": [
								142.5,
								0,
								0
							],
							"uv": [
								423,
								317
							]
						},
						{
							"origin": [
								17,
								11.99519,
								-38.51795
							],
							"size": [
								4,
								2,
								4
							],
							"pivot": [
								19,
								13.49519,
								-36.51795
							],
							"rotation": [
								-30,
								0,
								0
							],
							"uv": [
								489,
								0
							]
						},
						{
							"origin": [
								17,
								9.44615,
								-35.96891
							],
							"size": [
								4,
								2,
								4
							],
							"pivot": [
								19,
								10.94615,
								-33.96891
							],
							"rotation": [
								-60,
								0,
								0
							],
							"uv": [
								489,
								0
							]
						},
						{
							"origin": [
								17,
								5.4641,
								-47.4641
							],
							"size": [
								4,
								4,
								2
							],
							"uv": [
								489,
								0
							]
						},
						{
							"origin": [
								17,
								8.94615,
								-46.53109
							],
							"size": [
								4,
								4,
								2
							],
							"pivot": [
								19,
								10.94615,
								-46.03109
							],
							"rotation": [
								-30,
								0,
								0
							],
							"uv": [
								489,
								0
							]
						},
						{
							"origin": [
								17,
								11.49519,
								-43.98205
							],
							"size": [
								4,
								4,
								2
							],
							"pivot": [
								19,
								13.49519,
								-43.48205
							],
							"rotation": [
								-60,
								0,
								0
							],
							"uv": [
								489,
								0
							]
						},
						{
							"origin": [
								17,
								5.4641,
								-34.5359
							],
							"size": [
								4,
								4,
								2
							],
							"uv": [
								489,
								0
							]
						},
						{
							"origin": [
								17,
								1.98205,
								-35.46891
							],
							"size": [
								4,
								4,
								2
							],
							"pivot": [
								19,
								3.98205,
								-33.96891
							],
							"rotation": [
								-30,
								0,
								0
							],
							"uv": [
								489,
								0
							]
						},
						{
							"origin": [
								17,
								-0.56699,
								-38.01795
							],
							"size": [
								4,
								4,
								2
							],
							"pivot": [
								19,
								1.43301,
								-36.51795
							],
							"rotation": [
								-60,
								0,
								0
							],
							"uv": [
								489,
								0
							]
						}
					]
				},
				{
					"name": "leg1",
					"pivot": [
						-19,
						7.44974,
						-40
					],
					"cubes": [
						{
							"origin": [
								-21,
								0,
								-42
							],
							"size": [
								4,
								2,
								4
							],
							"uv": [
								489,
								0
							]
						},
						{
							"origin": [
								-21,
								0.93301,
								-45.48205
							],
							"size": [
								4,
								2,
								4
							],
							"pivot": [
								-19,
								1.43301,
								-43.48205
							],
							"rotation": [
								-30,
								0,
								0
							],
							"uv": [
								489,
								0
							]
						},
						{
							"origin": [
								-21,
								3.48205,
								-48.03109
							],
							"size": [
								4,
								2,
								4
							],
							"pivot": [
								-19,
								3.98205,
								-46.03109
							],
							"rotation": [
								-60,
								0,
								0
							],
							"uv": [
								489,
								0
							]
						},
						{
							"origin": [
								-21,
								12.9282,
								-42
							],
							"size": [
								4,
								2,
								4
							],
							"uv": [
								489,
								0
							]
						},
						{
							"origin": [
								-20,
								1.9282,
								-41
							],
							"size": [
								3,
								11,
								2
							],
							"uv": [
								489,
								0
							]
						},
						{
							"origin": [
								-21,
								1.9282,
								-40.5
							],
							"size": [
								3,
								11,
								1
							],
							"uv": [
								449,
								247
							]
						},
						{
							"origin": [
								-20,
								1.9282,
								-41
							],
							"size": [
								3,
								11,
								2
							],
							"pivot": [
								-18,
								7.4282,
								-40
							],
							"rotation": [
								90,
								0,
								0
							],
							"uv": [
								489,
								0
							]
						},
						{
							"origin": [
								-21,
								1.9282,
								-40.5
							],
							"size": [
								3,
								11,
								1
							],
							"pivot": [
								-19,
								7.4282,
								-40
							],
							"rotation": [
								90,
								0,
								0
							],
							"uv": [
								457,
								239
							]
						},
						{
							"origin": [
								-20,
								1.9282,
								-41
							],
							"size": [
								3,
								11,
								2
							],
							"pivot": [
								-18,
								7.4282,
								-40
							],
							"rotation": [
								37.5,
								0,
								0
							],
							"uv": [
								489,
								0
							]
						},
						{
							"origin": [
								-21,
								1.9282,
								-40.5
							],
							"size": [
								3,
								11,
								1
							],
							"pivot": [
								-19,
								7.4282,
								-40
							],
							"rotation": [
								37.5,
								0,
								0
							],
							"uv": [
								379,
								263
							]
						},
						{
							"origin": [
								-20,
								1.9282,
								-41
							],
							"size": [
								3,
								11,
								2
							],
							"pivot": [
								-18,
								7.4282,
								-40
							],
							"rotation": [
								142.5,
								0,
								0
							],
							"uv": [
								489,
								0
							]
						},
						{
							"origin": [
								-21,
								1.9282,
								-40.5
							],
							"size": [
								3,
								11,
								1
							],
							"pivot": [
								-19,
								7.4282,
								-40
							],
							"rotation": [
								142.5,
								0,
								0
							],
							"uv": [
								423,
								317
							]
						},
						{
							"origin": [
								-21,
								11.99519,
								-38.51795
							],
							"size": [
								4,
								2,
								4
							],
							"pivot": [
								-19,
								13.49519,
								-36.51795
							],
							"rotation": [
								-30,
								0,
								0
							],
							"uv": [
								489,
								0
							]
						},
						{
							"origin": [
								-21,
								9.44615,
								-35.96891
							],
							"size": [
								4,
								2,
								4
							],
							"pivot": [
								-19,
								10.94615,
								-33.96891
							],
							"rotation": [
								-60,
								0,
								0
							],
							"uv": [
								489,
								0
							]
						},
						{
							"origin": [
								-21,
								5.4641,
								-47.4641
							],
							"size": [
								4,
								4,
								2
							],
							"uv": [
								489,
								0
							]
						},
						{
							"origin": [
								-21,
								8.94615,
								-46.53109
							],
							"size": [
								4,
								4,
								2
							],
							"pivot": [
								-19,
								10.94615,
								-46.03109
							],
							"rotation": [
								-30,
								0,
								0
							],
							"uv": [
								489,
								0
							]
						},
						{
							"origin": [
								-21,
								11.49519,
								-43.98205
							],
							"size": [
								4,
								4,
								2
							],
							"pivot": [
								-19,
								13.49519,
								-43.48205
							],
							"rotation": [
								-60,
								0,
								0
							],
							"uv": [
								489,
								0
							]
						},
						{
							"origin": [
								-21,
								5.4641,
								-34.5359
							],
							"size": [
								4,
								4,
								2
							],
							"uv": [
								489,
								0
							]
						},
						{
							"origin": [
								-21,
								1.98205,
								-35.46891
							],
							"size": [
								4,
								4,
								2
							],
							"pivot": [
								-19,
								3.98205,
								-33.96891
							],
							"rotation": [
								-30,
								0,
								0
							],
							"uv": [
								489,
								0
							]
						},
						{
							"origin": [
								-21,
								-0.56699,
								-38.01795
							],
							"size": [
								4,
								4,
								2
							],
							"pivot": [
								-19,
								1.43301,
								-36.51795
							],
							"rotation": [
								-60,
								0,
								0
							],
							"uv": [
								489,
								0
							]
						}
					]
				},
				{
					"name": "leg2",
					"pivot": [
						19,
						7.44974,
						32
					],
					"cubes": [
						{
							"origin": [
								17,
								0,
								30
							],
							"size": [
								4,
								2,
								4
							],
							"uv": [
								489,
								0
							]
						},
						{
							"origin": [
								17,
								0.93301,
								26.51795
							],
							"size": [
								4,
								2,
								4
							],
							"pivot": [
								19,
								1.43301,
								28.51795
							],
							"rotation": [
								-30,
								0,
								0
							],
							"uv": [
								489,
								0
							]
						},
						{
							"origin": [
								17,
								3.48205,
								23.96891
							],
							"size": [
								4,
								2,
								4
							],
							"pivot": [
								19,
								3.98205,
								25.96891
							],
							"rotation": [
								-60,
								0,
								0
							],
							"uv": [
								489,
								0
							]
						},
						{
							"origin": [
								17,
								12.9282,
								30
							],
							"size": [
								4,
								2,
								4
							],
							"uv": [
								489,
								0
							]
						},
						{
							"origin": [
								17,
								1.9282,
								31
							],
							"size": [
								3,
								11,
								2
							],
							"uv": [
								489,
								0
							]
						},
						{
							"origin": [
								18,
								1.9282,
								31.5
							],
							"size": [
								3,
								11,
								1
							],
							"uv": [
								449,
								247
							]
						},
						{
							"origin": [
								17,
								1.9282,
								31
							],
							"size": [
								3,
								11,
								2
							],
							"pivot": [
								19,
								7.4282,
								32
							],
							"rotation": [
								90,
								0,
								0
							],
							"uv": [
								489,
								0
							]
						},
						{
							"origin": [
								18,
								1.9282,
								31.5
							],
							"size": [
								3,
								11,
								1
							],
							"pivot": [
								20,
								7.4282,
								32
							],
							"rotation": [
								90,
								0,
								0
							],
							"uv": [
								457,
								239
							]
						},
						{
							"origin": [
								17,
								1.9282,
								31
							],
							"size": [
								3,
								11,
								2
							],
							"pivot": [
								19,
								7.4282,
								32
							],
							"rotation": [
								37.5,
								0,
								0
							],
							"uv": [
								489,
								0
							]
						},
						{
							"origin": [
								18,
								1.9282,
								31.5
							],
							"size": [
								3,
								11,
								1
							],
							"pivot": [
								20,
								7.4282,
								32
							],
							"rotation": [
								37.5,
								0,
								0
							],
							"uv": [
								379,
								263
							]
						},
						{
							"origin": [
								17,
								1.9282,
								31
							],
							"size": [
								3,
								11,
								2
							],
							"pivot": [
								19,
								7.4282,
								32
							],
							"rotation": [
								142.5,
								0,
								0
							],
							"uv": [
								489,
								0
							]
						},
						{
							"origin": [
								18,
								1.9282,
								31.5
							],
							"size": [
								3,
								11,
								1
							],
							"pivot": [
								20,
								7.4282,
								32
							],
							"rotation": [
								142.5,
								0,
								0
							],
							"uv": [
								423,
								317
							]
						},
						{
							"origin": [
								17,
								11.99519,
								33.48205
							],
							"size": [
								4,
								2,
								4
							],
							"pivot": [
								19,
								13.49519,
								35.48205
							],
							"rotation": [
								-30,
								0,
								0
							],
							"uv": [
								489,
								0
							]
						},
						{
							"origin": [
								17,
								9.44615,
								36.03109
							],
							"size": [
								4,
								2,
								4
							],
							"pivot": [
								19,
								10.94615,
								38.03109
							],
							"rotation": [
								-60,
								0,
								0
							],
							"uv": [
								489,
								0
							]
						},
						{
							"origin": [
								17,
								5.4641,
								24.5359
							],
							"size": [
								4,
								4,
								2
							],
							"uv": [
								489,
								0
							]
						},
						{
							"origin": [
								17,
								8.94615,
								25.46891
							],
							"size": [
								4,
								4,
								2
							],
							"pivot": [
								19,
								10.94615,
								25.96891
							],
							"rotation": [
								-30,
								0,
								0
							],
							"uv": [
								489,
								0
							]
						},
						{
							"origin": [
								17,
								11.49519,
								28.01795
							],
							"size": [
								4,
								4,
								2
							],
							"pivot": [
								19,
								13.49519,
								28.51795
							],
							"rotation": [
								-60,
								0,
								0
							],
							"uv": [
								489,
								0
							]
						},
						{
							"origin": [
								17,
								5.4641,
								37.4641
							],
							"size": [
								4,
								4,
								2
							],
							"uv": [
								489,
								0
							]
						},
						{
							"origin": [
								17,
								1.98205,
								36.53109
							],
							"size": [
								4,
								4,
								2
							],
							"pivot": [
								19,
								3.98205,
								38.03109
							],
							"rotation": [
								-30,
								0,
								0
							],
							"uv": [
								489,
								0
							]
						},
						{
							"origin": [
								17,
								-0.56699,
								33.98205
							],
							"size": [
								4,
								4,
								2
							],
							"pivot": [
								19,
								1.43301,
								35.48205
							],
							"rotation": [
								-60,
								0,
								0
							],
							"uv": [
								489,
								0
							]
						}
					]
				},
				{
					"name": "leg3",
					"pivot": [
						-19,
						7.44974,
						32
					],
					"cubes": [
						{
							"origin": [
								-21,
								0,
								30
							],
							"size": [
								4,
								2,
								4
							],
							"uv": [
								489,
								0
							]
						},
						{
							"origin": [
								-21,
								0.93301,
								26.51795
							],
							"size": [
								4,
								2,
								4
							],
							"pivot": [
								-19,
								1.43301,
								28.51795
							],
							"rotation": [
								-30,
								0,
								0
							],
							"uv": [
								489,
								0
							]
						},
						{
							"origin": [
								-21,
								3.48205,
								23.96891
							],
							"size": [
								4,
								2,
								4
							],
							"pivot": [
								-19,
								3.98205,
								25.96891
							],
							"rotation": [
								-60,
								0,
								0
							],
							"uv": [
								489,
								0
							]
						},
						{
							"origin": [
								-21,
								12.9282,
								30
							],
							"size": [
								4,
								2,
								4
							],
							"uv": [
								489,
								0
							]
						},
						{
							"origin": [
								-20,
								1.9282,
								31
							],
							"size": [
								3,
								11,
								2
							],
							"uv": [
								489,
								0
							]
						},
						{
							"origin": [
								-21,
								1.9282,
								31.5
							],
							"size": [
								3,
								11,
								1
							],
							"uv": [
								449,
								247
							]
						},
						{
							"origin": [
								-20,
								1.9282,
								31
							],
							"size": [
								3,
								11,
								2
							],
							"pivot": [
								-18,
								7.4282,
								32
							],
							"rotation": [
								90,
								0,
								0
							],
							"uv": [
								489,
								0
							]
						},
						{
							"origin": [
								-21,
								1.9282,
								31.5
							],
							"size": [
								3,
								11,
								1
							],
							"pivot": [
								-19,
								7.4282,
								32
							],
							"rotation": [
								90,
								0,
								0
							],
							"uv": [
								457,
								239
							]
						},
						{
							"origin": [
								-20,
								1.9282,
								31
							],
							"size": [
								3,
								11,
								2
							],
							"pivot": [
								-18,
								7.4282,
								32
							],
							"rotation": [
								37.5,
								0,
								0
							],
							"uv": [
								489,
								0
							]
						},
						{
							"origin": [
								-21,
								1.9282,
								31.5
							],
							"size": [
								3,
								11,
								1
							],
							"pivot": [
								-19,
								7.4282,
								32
							],
							"rotation": [
								37.5,
								0,
								0
							],
							"uv": [
								379,
								263
							]
						},
						{
							"origin": [
								-20,
								1.9282,
								31
							],
							"size": [
								3,
								11,
								2
							],
							"pivot": [
								-18,
								7.4282,
								32
							],
							"rotation": [
								142.5,
								0,
								0
							],
							"uv": [
								489,
								0
							]
						},
						{
							"origin": [
								-21,
								1.9282,
								31.5
							],
							"size": [
								3,
								11,
								1
							],
							"pivot": [
								-19,
								7.4282,
								32
							],
							"rotation": [
								142.5,
								0,
								0
							],
							"uv": [
								423,
								317
							]
						},
						{
							"origin": [
								-21,
								11.99519,
								33.48205
							],
							"size": [
								4,
								2,
								4
							],
							"pivot": [
								-19,
								13.49519,
								35.48205
							],
							"rotation": [
								-30,
								0,
								0
							],
							"uv": [
								489,
								0
							]
						},
						{
							"origin": [
								-21,
								9.44615,
								36.03109
							],
							"size": [
								4,
								2,
								4
							],
							"pivot": [
								-19,
								10.94615,
								38.03109
							],
							"rotation": [
								-60,
								0,
								0
							],
							"uv": [
								489,
								0
							]
						},
						{
							"origin": [
								-21,
								5.4641,
								24.5359
							],
							"size": [
								4,
								4,
								2
							],
							"uv": [
								489,
								0
							]
						},
						{
							"origin": [
								-21,
								8.94615,
								25.46891
							],
							"size": [
								4,
								4,
								2
							],
							"pivot": [
								-19,
								10.94615,
								25.96891
							],
							"rotation": [
								-30,
								0,
								0
							],
							"uv": [
								489,
								0
							]
						},
						{
							"origin": [
								-21,
								11.49519,
								28.01795
							],
							"size": [
								4,
								4,
								2
							],
							"pivot": [
								-19,
								13.49519,
								28.51795
							],
							"rotation": [
								-60,
								0,
								0
							],
							"uv": [
								489,
								0
							]
						},
						{
							"origin": [
								-21,
								5.4641,
								37.4641
							],
							"size": [
								4,
								4,
								2
							],
							"uv": [
								489,
								0
							]
						},
						{
							"origin": [
								-21,
								1.98205,
								36.53109
							],
							"size": [
								4,
								4,
								2
							],
							"pivot": [
								-19,
								3.98205,
								38.03109
							],
							"rotation": [
								-30,
								0,
								0
							],
							"uv": [
								489,
								0
							]
						},
						{
							"origin": [
								-21,
								-0.56699,
								33.98205
							],
							"size": [
								4,
								4,
								2
							],
							"pivot": [
								-19,
								1.43301,
								35.48205
							],
							"rotation": [
								-60,
								0,
								0
							],
							"uv": [
								489,
								0
							]
						}
					]
				}
			]
		}
	]
}