{
	"format_version": "1.12.0",
	"minecraft:geometry": [
		{
			"description": {
				"identifier": "geometry.travis",
				"texture_width": 512,
				"texture_height": 512,
				"visible_bounds_width": 8,
				"visible_bounds_height": 6,
				"visible_bounds_offset": [
					0,
					1,
					0
				]
			},
			"bones": [
				{
					"name": "body",
					"pivot": [
						0,
						1,
						0
					],
					"cubes": [
						{
							"origin": [
								-19,
								5,
								-12
							],
							"size": [
								38,
								3,
								2
							],
							"uv": [
								0,
								390
							]
						},
						{
							"origin": [
								-19,
								5,
								-10
							],
							"size": [
								38,
								12,
								30
							],
							"uv": [
								0,
								239
							]
						},
						{
							"origin": [
								-19,
								45,
								-10
							],
							"size": [
								38,
								1,
								60
							],
							"uv": [
								196,
								0
							]
						},
						{
							"origin": [
								17,
								17,
								-10
							],
							"size": [
								2,
								12,
								60
							],
							"uv": [
								124,
								167
							]
						},
						{
							"origin": [
								-19,
								17,
								-10
							],
							"size": [
								2,
								12,
								60
							],
							"uv": [
								0,
								167
							]
						},
						{
							"origin": [
								-17,
								17,
								48
							],
							"size": [
								13,
								12,
								2
							],
							"uv": [
								32,
								431
							]
						},
						{
							"origin": [
								-17,
								17,
								-10
							],
							"size": [
								10,
								7,
								58
							],
							"uv": [
								0,
								102
							]
						},
						{
							"origin": [
								6,
								17,
								-9
							],
							"size": [
								10,
								7,
								58
							],
							"uv": [
								0,
								102
							]
						},
						{
							"origin": [
								-6,
								29,
								48
							],
							"size": [
								2,
								16,
								2
							],
							"uv": [
								80,
								471
							]
						},
						{
							"origin": [
								17,
								29,
								39
							],
							"size": [
								2,
								16,
								11
							],
							"uv": [
								76,
								398
							]
						},
						{
							"origin": [
								17,
								29,
								15
							],
							"size": [
								2,
								16,
								6
							],
							"uv": [
								104,
								449
							]
						},
						{
							"origin": [
								-19,
								29,
								15
							],
							"size": [
								2,
								16,
								6
							],
							"uv": [
								88,
								449
							]
						},
						{
							"origin": [
								17,
								29,
								-10
							],
							"size": [
								2,
								16,
								6
							],
							"uv": [
								72,
								449
							]
						},
						{
							"origin": [
								-19,
								29,
								39
							],
							"size": [
								2,
								16,
								11
							],
							"uv": [
								50,
								398
							]
						},
						{
							"origin": [
								-19,
								29,
								-10
							],
							"size": [
								2,
								16,
								6
							],
							"uv": [
								56,
								449
							]
						},
						{
							"origin": [
								-19,
								5,
								-10
							],
							"size": [
								38,
								42,
								60
							],
							"inflate": 0.1,
							"uv": [
								0,
								0
							]
						},
						{
							"origin": [
								-15,
								5,
								-28
							],
							"size": [
								30,
								3,
								16
							],
							"uv": [
								270,
								305
							]
						},
						{
							"origin": [
								-15,
								5,
								22
							],
							"size": [
								30,
								3,
								16
							],
							"uv": [
								178,
								305
							]
						},
						{
							"origin": [
								-15,
								8,
								-28
							],
							"size": [
								30,
								8,
								16
							],
							"uv": [
								300,
								281
							]
						},
						{
							"origin": [
								-15,
								8,
								22
							],
							"size": [
								30,
								8,
								16
							],
							"uv": [
								208,
								281
							]
						},
						{
							"origin": [
								-19,
								16,
								22
							],
							"size": [
								38,
								1,
								16
							],
							"uv": [
								0,
								281
							]
						},
						{
							"origin": [
								-19,
								16,
								-28
							],
							"size": [
								38,
								1,
								16
							],
							"uv": [
								136,
								257
							]
						},
						{
							"origin": [
								-19,
								17,
								-12
							],
							"size": [
								38,
								29,
								2
							],
							"uv": [
								98,
								305
							]
						},
						{
							"origin": [
								-19,
								17,
								-16
							],
							"size": [
								38,
								27,
								2
							],
							"uv": [
								0,
								336
							]
						},
						{
							"origin": [
								2,
								17,
								-18
							],
							"size": [
								14,
								10,
								2
							],
							"uv": [
								0,
								431
							]
						},
						{
							"origin": [
								-16,
								17,
								-18
							],
							"size": [
								14,
								10,
								2
							],
							"uv": [
								186,
								418
							]
						},
						{
							"origin": [
								4,
								27,
								-18
							],
							"size": [
								10,
								4,
								2
							],
							"uv": [
								148,
								449
							]
						},
						{
							"origin": [
								-14,
								27,
								-18
							],
							"size": [
								10,
								4,
								2
							],
							"uv": [
								120,
								461
							]
						},
						{
							"origin": [
								17,
								17,
								-39
							],
							"size": [
								2,
								10,
								23
							],
							"uv": [
								0,
								398
							]
						},
						{
							"origin": [
								18,
								26,
								-39
							],
							"size": [
								2,
								2,
								3
							],
							"uv": [
								0,
								500
							]
						},
						{
							"origin": [
								-20,
								26,
								-39
							],
							"size": [
								2,
								2,
								3
							],
							"uv": [
								190,
								489
							]
						},
						{
							"origin": [
								19,
								26,
								-38
							],
							"size": [
								6,
								6,
								1
							],
							"pivot": [
								20,
								28,
								-37.5
							],
							"rotation": [
								0,
								-20,
								0
							],
							"uv": [
								106,
								478
							]
						},
						{
							"origin": [
								-22,
								26,
								-52
							],
							"size": [
								6,
								6,
								1
							],
							"pivot": [
								20,
								28,
								-37.5
							],
							"rotation": [
								0,
								20,
								0
							],
							"uv": [
								106,
								471
							]
						},
						{
							"origin": [
								-19,
								8,
								-39
							],
							"size": [
								2,
								9,
								9
							],
							"uv": [
								120,
								431
							]
						},
						{
							"origin": [
								17,
								8,
								-39
							],
							"size": [
								2,
								9,
								9
							],
							"uv": [
								98,
								431
							]
						},
						{
							"origin": [
								-19,
								17,
								-39
							],
							"size": [
								2,
								10,
								23
							],
							"uv": [
								154,
								365
							]
						},
						{
							"origin": [
								-19,
								5,
								38
							],
							"size": [
								38,
								12,
								12
							],
							"uv": [
								108,
								281
							]
						},
						{
							"origin": [
								-19,
								8,
								-12
							],
							"size": [
								38,
								9,
								2
							],
							"uv": [
								0,
								365
							]
						},
						{
							"origin": [
								-19,
								5,
								20
							],
							"size": [
								38,
								12,
								2
							],
							"uv": [
								160,
								336
							]
						},
						{
							"origin": [
								-19,
								8,
								-30
							],
							"size": [
								38,
								9,
								2
							],
							"uv": [
								160,
								350
							]
						},
						{
							"origin": [
								-19,
								5,
								-39
							],
							"size": [
								38,
								3,
								11
							],
							"uv": [
								0,
								305
							]
						},
						{
							"origin": [
								-19,
								42,
								-32
							],
							"size": [
								38,
								2,
								16
							],
							"uv": [
								136,
								239
							]
						},
						{
							"origin": [
								-19,
								5,
								-41
							],
							"size": [
								38,
								22,
								2
							],
							"uv": [
								80,
								336
							]
						},
						{
							"origin": [
								-17,
								16,
								-39
							],
							"size": [
								34,
								11,
								3
							],
							"uv": [
								0,
								376
							]
						},
						{
							"origin": [
								-17,
								20,
								-36
							],
							"size": [
								34,
								7,
								3
							],
							"pivot": [
								0,
								21.5,
								-34.5
							],
							"rotation": [
								30,
								0,
								0
							],
							"uv": [
								80,
								365
							]
						},
						{
							"origin": [
								-20,
								5,
								-42
							],
							"size": [
								12,
								4,
								2
							],
							"uv": [
								120,
								455
							]
						},
						{
							"origin": [
								8,
								5,
								-42
							],
							"size": [
								12,
								4,
								2
							],
							"uv": [
								120,
								449
							]
						},
						{
							"origin": [
								-8,
								5,
								-42
							],
							"size": [
								16,
								4,
								2
							],
							"uv": [
								62,
								431
							]
						},
						{
							"origin": [
								-2,
								5,
								50
							],
							"size": [
								16,
								4,
								2
							],
							"uv": [
								62,
								431
							]
						},
						{
							"origin": [
								-10.43934,
								6.88909,
								-42
							],
							"size": [
								7,
								4,
								2
							],
							"pivot": [
								-6.93934,
								8.88909,
								-41.5
							],
							"rotation": [
								0,
								0,
								-45
							],
							"uv": [
								88,
								477
							]
						},
						{
							"origin": [
								3.43934,
								6.88909,
								-42
							],
							"size": [
								7,
								4,
								2
							],
							"pivot": [
								6.93934,
								8.88909,
								-41.5
							],
							"rotation": [
								0,
								0,
								45
							],
							"uv": [
								88,
								471
							]
						},
						{
							"origin": [
								-19,
								26.18728,
								-40.70253
							],
							"size": [
								2,
								8,
								2
							],
							"pivot": [
								0,
								27.18728,
								-39.70253
							],
							"rotation": [
								-15,
								0,
								0
							],
							"uv": [
								58,
								489
							]
						},
						{
							"origin": [
								17,
								26.18728,
								-40.70253
							],
							"size": [
								2,
								8,
								2
							],
							"pivot": [
								0,
								27.18728,
								-39.70253
							],
							"rotation": [
								-15,
								0,
								0
							],
							"uv": [
								50,
								489
							]
						},
						{
							"origin": [
								17.5,
								26.4461,
								-39.73661
							],
							"size": [
								1,
								8,
								2
							],
							"pivot": [
								0,
								27.18728,
								-39.70253
							],
							"rotation": [
								-15,
								0,
								0
							],
							"uv": [
								152,
								489
							]
						},
						{
							"origin": [
								-18.5,
								26.4461,
								-39.73661
							],
							"size": [
								1,
								8,
								2
							],
							"pivot": [
								0,
								27.18728,
								-39.70253
							],
							"rotation": [
								-15,
								0,
								0
							],
							"uv": [
								146,
								489
							]
						},
						{
							"origin": [
								-19,
								33.84156,
								-39.4907
							],
							"size": [
								2,
								6,
								2
							],
							"pivot": [
								0,
								32.84156,
								-38.4907
							],
							"rotation": [
								-30,
								0,
								0
							],
							"uv": [
								182,
								489
							]
						},
						{
							"origin": [
								17,
								33.84156,
								-39.4907
							],
							"size": [
								2,
								6,
								2
							],
							"pivot": [
								0,
								32.84156,
								-38.4907
							],
							"rotation": [
								-30,
								0,
								0
							],
							"uv": [
								166,
								489
							]
						},
						{
							"origin": [
								17.5,
								34.34156,
								-38.62467
							],
							"size": [
								1,
								6,
								2
							],
							"pivot": [
								0,
								32.84156,
								-38.4907
							],
							"rotation": [
								-30,
								0,
								0
							],
							"uv": [
								28,
								500
							]
						},
						{
							"origin": [
								-18.5,
								34.34156,
								-38.62467
							],
							"size": [
								1,
								6,
								2
							],
							"pivot": [
								0,
								32.84156,
								-38.4907
							],
							"rotation": [
								-30,
								0,
								0
							],
							"uv": [
								16,
								500
							]
						},
						{
							"origin": [
								-19,
								38.9949,
								-36.73347
							],
							"size": [
								2,
								6,
								2
							],
							"pivot": [
								0,
								37.9949,
								-35.73347
							],
							"rotation": [
								-40,
								0,
								0
							],
							"uv": [
								174,
								489
							]
						},
						{
							"origin": [
								17,
								38.9949,
								-36.73347
							],
							"size": [
								2,
								6,
								2
							],
							"pivot": [
								0,
								37.9949,
								-35.73347
							],
							"rotation": [
								-40,
								0,
								0
							],
							"uv": [
								158,
								489
							]
						},
						{
							"origin": [
								17.5,
								39.63769,
								-35.96742
							],
							"size": [
								1,
								6,
								2
							],
							"pivot": [
								0,
								37.9949,
								-35.73347
							],
							"rotation": [
								-40,
								0,
								0
							],
							"uv": [
								22,
								500
							]
						},
						{
							"origin": [
								-18.5,
								39.63769,
								-35.96742
							],
							"size": [
								1,
								6,
								2
							],
							"pivot": [
								0,
								37.9949,
								-35.73347
							],
							"rotation": [
								-40,
								0,
								0
							],
							"uv": [
								10,
								500
							]
						}
					]
				},
				{
					"name": "steer",
					"parent": "body",
					"pivot": [
						8,
						23.25455,
						-34.54545
					],
					"cubes": [
						{
							"origin": [
								4,
								22,
								-32
							],
							"size": [
								1,
								3,
								1
							],
							"pivot": [
								0,
								21.5,
								-34.5
							],
							"rotation": [
								30,
								0,
								0
							],
							"uv": [
								44,
								504
							]
						},
						{
							"origin": [
								5,
								23,
								-32
							],
							"size": [
								2,
								1,
								1
							],
							"pivot": [
								0,
								21.5,
								-34.5
							],
							"rotation": [
								30,
								0,
								0
							],
							"uv": [
								44,
								500
							]
						},
						{
							"origin": [
								7,
								22,
								-33
							],
							"size": [
								2,
								2,
								2
							],
							"pivot": [
								0,
								21.5,
								-34.5
							],
							"rotation": [
								30,
								0,
								0
							],
							"uv": [
								34,
								500
							]
						},
						{
							"origin": [
								7,
								22,
								-35
							],
							"size": [
								2,
								2,
								2
							],
							"pivot": [
								0,
								21.5,
								-34.5
							],
							"rotation": [
								30,
								0,
								0
							],
							"uv": [
								34,
								500
							]
						},
						{
							"origin": [
								9,
								23,
								-32
							],
							"size": [
								2,
								1,
								1
							],
							"pivot": [
								0,
								21.5,
								-34.5
							],
							"rotation": [
								30,
								0,
								0
							],
							"uv": [
								44,
								502
							]
						},
						{
							"origin": [
								11,
								22,
								-32
							],
							"size": [
								1,
								3,
								1
							],
							"pivot": [
								0,
								21.5,
								-34.5
							],
							"rotation": [
								30,
								0,
								0
							],
							"uv": [
								50,
								500
							]
						},
						{
							"origin": [
								10,
								25,
								-32
							],
							"size": [
								1,
								1,
								1
							],
							"pivot": [
								0,
								21.5,
								-34.5
							],
							"rotation": [
								30,
								0,
								0
							],
							"uv": [
								54,
								500
							]
						},
						{
							"origin": [
								6,
								26,
								-32
							],
							"size": [
								4,
								1,
								1
							],
							"pivot": [
								0,
								21.5,
								-34.5
							],
							"rotation": [
								30,
								0,
								0
							],
							"uv": [
								34,
								504
							]
						},
						{
							"origin": [
								5,
								25,
								-32
							],
							"size": [
								1,
								1,
								1
							],
							"pivot": [
								0,
								21.5,
								-34.5
							],
							"rotation": [
								30,
								0,
								0
							],
							"uv": [
								54,
								502
							]
						},
						{
							"origin": [
								10,
								21,
								-32
							],
							"size": [
								1,
								1,
								1
							],
							"pivot": [
								0,
								21.5,
								-34.5
							],
							"rotation": [
								30,
								0,
								0
							],
							"uv": [
								50,
								506
							]
						},
						{
							"origin": [
								6,
								20,
								-32
							],
							"size": [
								4,
								1,
								1
							],
							"pivot": [
								0,
								21.5,
								-34.5
							],
							"rotation": [
								30,
								0,
								0
							],
							"uv": [
								34,
								506
							]
						},
						{
							"origin": [
								5,
								21,
								-32
							],
							"size": [
								1,
								1,
								1
							],
							"pivot": [
								0,
								21.5,
								-34.5
							],
							"rotation": [
								30,
								0,
								0
							],
							"uv": [
								50,
								504
							]
						}
					]
				},
				{
					"name": "leg0",
					"pivot": [
						0,
						7,
						-20
					],
					"cubes": [
						{
							"origin": [
								15,
								0,
								-22
							],
							"size": [
								4,
								3,
								4
							],
							"uv": [
								61,
								473
							]
						},
						{
							"origin": [
								-19,
								0,
								-22
							],
							"size": [
								4,
								3,
								4
							],
							"uv": [
								61,
								473
							]
						},
						{
							"origin": [
								15,
								0.93301,
								-18.51795
							],
							"size": [
								4,
								3,
								4
							],
							"pivot": [
								17,
								1.43301,
								-16.51795
							],
							"rotation": [
								30,
								0,
								0
							],
							"uv": [
								61,
								473
							]
						},
						{
							"origin": [
								-19,
								0.93301,
								-18.51795
							],
							"size": [
								4,
								3,
								4
							],
							"pivot": [
								-17,
								1.43301,
								-16.51795
							],
							"rotation": [
								30,
								0,
								0
							],
							"uv": [
								61,
								473
							]
						},
						{
							"origin": [
								15,
								3.48205,
								-15.96891
							],
							"size": [
								4,
								3,
								4
							],
							"pivot": [
								17,
								3.98205,
								-13.96891
							],
							"rotation": [
								60,
								0,
								0
							],
							"uv": [
								61,
								473
							]
						},
						{
							"origin": [
								-19,
								3.48205,
								-15.96891
							],
							"size": [
								4,
								3,
								4
							],
							"pivot": [
								-17,
								3.98205,
								-13.96891
							],
							"rotation": [
								60,
								0,
								0
							],
							"uv": [
								61,
								473
							]
						},
						{
							"origin": [
								15,
								0.93301,
								-25.48205
							],
							"size": [
								4,
								3,
								4
							],
							"pivot": [
								17,
								1.43301,
								-23.48205
							],
							"rotation": [
								-30,
								0,
								0
							],
							"uv": [
								61,
								473
							]
						},
						{
							"origin": [
								-19,
								0.93301,
								-25.48205
							],
							"size": [
								4,
								3,
								4
							],
							"pivot": [
								-17,
								1.43301,
								-23.48205
							],
							"rotation": [
								-30,
								0,
								0
							],
							"uv": [
								61,
								473
							]
						},
						{
							"origin": [
								15,
								10.99519,
								-18.51795
							],
							"size": [
								4,
								3,
								4
							],
							"pivot": [
								17,
								13.49519,
								-16.51795
							],
							"rotation": [
								-30,
								0,
								0
							],
							"uv": [
								61,
								473
							]
						},
						{
							"origin": [
								-19,
								10.99519,
								-18.51795
							],
							"size": [
								4,
								3,
								4
							],
							"pivot": [
								-17,
								13.49519,
								-16.51795
							],
							"rotation": [
								-30,
								0,
								0
							],
							"uv": [
								61,
								473
							]
						},
						{
							"origin": [
								15,
								3.48205,
								-28.03109
							],
							"size": [
								4,
								3,
								4
							],
							"pivot": [
								17,
								3.98205,
								-26.03109
							],
							"rotation": [
								-60,
								0,
								0
							],
							"uv": [
								61,
								473
							]
						},
						{
							"origin": [
								-19,
								3.48205,
								-28.03109
							],
							"size": [
								4,
								3,
								4
							],
							"pivot": [
								-17,
								3.98205,
								-26.03109
							],
							"rotation": [
								-60,
								0,
								0
							],
							"uv": [
								61,
								473
							]
						},
						{
							"origin": [
								15,
								8.44615,
								-15.96891
							],
							"size": [
								4,
								3,
								4
							],
							"pivot": [
								17,
								10.94615,
								-13.96891
							],
							"rotation": [
								-60,
								0,
								0
							],
							"uv": [
								61,
								473
							]
						},
						{
							"origin": [
								-19,
								8.44615,
								-15.96891
							],
							"size": [
								4,
								3,
								4
							],
							"pivot": [
								-17,
								10.94615,
								-13.96891
							],
							"rotation": [
								-60,
								0,
								0
							],
							"uv": [
								61,
								473
							]
						},
						{
							"origin": [
								15,
								11.9282,
								-22
							],
							"size": [
								4,
								3,
								4
							],
							"uv": [
								42,
								473
							]
						},
						{
							"origin": [
								-19,
								11.9282,
								-22
							],
							"size": [
								4,
								3,
								4
							],
							"uv": [
								42,
								473
							]
						},
						{
							"origin": [
								-19,
								2.4641,
								-25
							],
							"size": [
								4,
								10,
								10
							],
							"inflate": 0.01,
							"uv": [
								186,
								398
							]
						},
						{
							"origin": [
								15,
								2.4641,
								-25
							],
							"size": [
								4,
								10,
								10
							],
							"inflate": 0.01,
							"uv": [
								158,
								398
							]
						},
						{
							"origin": [
								15,
								5.4641,
								-27.4641
							],
							"size": [
								4,
								4,
								3
							],
							"uv": [
								126,
								490
							]
						},
						{
							"origin": [
								-19,
								5.4641,
								-27.4641
							],
							"size": [
								4,
								4,
								3
							],
							"uv": [
								126,
								490
							]
						},
						{
							"origin": [
								15,
								8.94615,
								-26.53109
							],
							"size": [
								4,
								4,
								3
							],
							"pivot": [
								17,
								10.94615,
								-26.03109
							],
							"rotation": [
								-30,
								0,
								0
							],
							"uv": [
								126,
								490
							]
						},
						{
							"origin": [
								-19,
								8.94615,
								-26.53109
							],
							"size": [
								4,
								4,
								3
							],
							"pivot": [
								-17,
								10.94615,
								-26.03109
							],
							"rotation": [
								-30,
								0,
								0
							],
							"uv": [
								126,
								490
							]
						},
						{
							"origin": [
								15,
								11.49519,
								-23.98205
							],
							"size": [
								4,
								4,
								3
							],
							"pivot": [
								17,
								13.49519,
								-23.48205
							],
							"rotation": [
								-60,
								0,
								0
							],
							"uv": [
								126,
								490
							]
						},
						{
							"origin": [
								-19,
								11.49519,
								-23.98205
							],
							"size": [
								4,
								4,
								3
							],
							"pivot": [
								-17,
								13.49519,
								-23.48205
							],
							"rotation": [
								-60,
								0,
								0
							],
							"uv": [
								126,
								490
							]
						},
						{
							"origin": [
								15,
								5.4641,
								-15.5359
							],
							"size": [
								4,
								4,
								3
							],
							"uv": [
								106,
								490
							]
						},
						{
							"origin": [
								-19,
								5.4641,
								-15.5359
							],
							"size": [
								4,
								4,
								3
							],
							"uv": [
								106,
								490
							]
						}
					]
				},
				{
					"name": "leg1",
					"pivot": [
						0,
						7,
						30
					],
					"cubes": [
						{
							"origin": [
								15,
								0,
								28
							],
							"size": [
								4,
								3,
								4
							],
							"uv": [
								61,
								473
							]
						},
						{
							"origin": [
								-19,
								0,
								28
							],
							"size": [
								4,
								3,
								4
							],
							"uv": [
								61,
								473
							]
						},
						{
							"origin": [
								15,
								0.93301,
								31.48205
							],
							"size": [
								4,
								3,
								4
							],
							"pivot": [
								17,
								1.43301,
								33.48205
							],
							"rotation": [
								30,
								0,
								0
							],
							"uv": [
								61,
								473
							]
						},
						{
							"origin": [
								-19,
								0.93301,
								31.48205
							],
							"size": [
								4,
								3,
								4
							],
							"pivot": [
								-17,
								1.43301,
								33.48205
							],
							"rotation": [
								30,
								0,
								0
							],
							"uv": [
								61,
								473
							]
						},
						{
							"origin": [
								15,
								3.48205,
								34.03109
							],
							"size": [
								4,
								3,
								4
							],
							"pivot": [
								17,
								3.98205,
								36.03109
							],
							"rotation": [
								60,
								0,
								0
							],
							"uv": [
								61,
								473
							]
						},
						{
							"origin": [
								-19,
								3.48205,
								34.03109
							],
							"size": [
								4,
								3,
								4
							],
							"pivot": [
								-17,
								3.98205,
								36.03109
							],
							"rotation": [
								60,
								0,
								0
							],
							"uv": [
								61,
								473
							]
						},
						{
							"origin": [
								15,
								0.93301,
								24.51795
							],
							"size": [
								4,
								3,
								4
							],
							"pivot": [
								17,
								1.43301,
								26.51795
							],
							"rotation": [
								-30,
								0,
								0
							],
							"uv": [
								61,
								473
							]
						},
						{
							"origin": [
								-19,
								0.93301,
								24.51795
							],
							"size": [
								4,
								3,
								4
							],
							"pivot": [
								-17,
								1.43301,
								26.51795
							],
							"rotation": [
								-30,
								0,
								0
							],
							"uv": [
								61,
								473
							]
						},
						{
							"origin": [
								15,
								10.99519,
								31.48205
							],
							"size": [
								4,
								3,
								4
							],
							"pivot": [
								17,
								13.49519,
								33.48205
							],
							"rotation": [
								-30,
								0,
								0
							],
							"uv": [
								61,
								473
							]
						},
						{
							"origin": [
								-19,
								10.99519,
								31.48205
							],
							"size": [
								4,
								3,
								4
							],
							"pivot": [
								-17,
								13.49519,
								33.48205
							],
							"rotation": [
								-30,
								0,
								0
							],
							"uv": [
								61,
								473
							]
						},
						{
							"origin": [
								15,
								3.48205,
								21.96891
							],
							"size": [
								4,
								3,
								4
							],
							"pivot": [
								17,
								3.98205,
								23.96891
							],
							"rotation": [
								-60,
								0,
								0
							],
							"uv": [
								61,
								473
							]
						},
						{
							"origin": [
								-19,
								3.48205,
								21.96891
							],
							"size": [
								4,
								3,
								4
							],
							"pivot": [
								-17,
								3.98205,
								23.96891
							],
							"rotation": [
								-60,
								0,
								0
							],
							"uv": [
								61,
								473
							]
						},
						{
							"origin": [
								15,
								8.44615,
								34.03109
							],
							"size": [
								4,
								3,
								4
							],
							"pivot": [
								17,
								10.94615,
								36.03109
							],
							"rotation": [
								-60,
								0,
								0
							],
							"uv": [
								61,
								473
							]
						},
						{
							"origin": [
								-19,
								8.44615,
								34.03109
							],
							"size": [
								4,
								3,
								4
							],
							"pivot": [
								-17,
								10.94615,
								36.03109
							],
							"rotation": [
								-60,
								0,
								0
							],
							"uv": [
								61,
								473
							]
						},
						{
							"origin": [
								15,
								11.9282,
								28
							],
							"size": [
								4,
								3,
								4
							],
							"uv": [
								42,
								473
							]
						},
						{
							"origin": [
								-19,
								11.9282,
								28
							],
							"size": [
								4,
								3,
								4
							],
							"uv": [
								42,
								473
							]
						},
						{
							"origin": [
								-19,
								2.4641,
								25
							],
							"size": [
								4,
								10,
								10
							],
							"inflate": 0.01,
							"uv": [
								186,
								398
							]
						},
						{
							"origin": [
								15,
								2.4641,
								25
							],
							"size": [
								4,
								10,
								10
							],
							"inflate": 0.01,
							"uv": [
								158,
								398
							]
						},
						{
							"origin": [
								15,
								5.4641,
								22.5359
							],
							"size": [
								4,
								4,
								3
							],
							"uv": [
								126,
								490
							]
						},
						{
							"origin": [
								-19,
								5.4641,
								22.5359
							],
							"size": [
								4,
								4,
								3
							],
							"uv": [
								126,
								490
							]
						},
						{
							"origin": [
								15,
								8.94615,
								23.46891
							],
							"size": [
								4,
								4,
								3
							],
							"pivot": [
								17,
								10.94615,
								23.96891
							],
							"rotation": [
								-30,
								0,
								0
							],
							"uv": [
								126,
								490
							]
						},
						{
							"origin": [
								-19,
								8.94615,
								23.46891
							],
							"size": [
								4,
								4,
								3
							],
							"pivot": [
								-17,
								10.94615,
								23.96891
							],
							"rotation": [
								-30,
								0,
								0
							],
							"uv": [
								126,
								490
							]
						},
						{
							"origin": [
								15,
								11.49519,
								26.01795
							],
							"size": [
								4,
								4,
								3
							],
							"pivot": [
								17,
								13.49519,
								26.51795
							],
							"rotation": [
								-60,
								0,
								0
							],
							"uv": [
								126,
								490
							]
						},
						{
							"origin": [
								-19,
								11.49519,
								26.01795
							],
							"size": [
								4,
								4,
								3
							],
							"pivot": [
								-17,
								13.49519,
								26.51795
							],
							"rotation": [
								-60,
								0,
								0
							],
							"uv": [
								126,
								490
							]
						},
						{
							"origin": [
								15,
								5.4641,
								34.4641
							],
							"size": [
								4,
								4,
								3
							],
							"uv": [
								106,
								490
							]
						},
						{
							"origin": [
								-19,
								5.4641,
								34.4641
							],
							"size": [
								4,
								4,
								3
							],
							"uv": [
								106,
								490
							]
						}
					]
				}
			]
		}
	]
}