{
	"format_version": "1.12.0",
	"minecraft:geometry": [
		{
			"description": {
				"identifier": "geometry.truck",
				"texture_width": 1024,
				"texture_height": 1024,
				"visible_bounds_width": 14,
				"visible_bounds_height": 10,
				"visible_bounds_offset": [
					0,
					2,
					0
				]
			},
			"bones": [
				{
					"name": "body0",
					"pivot": [
						-0.4625,
						20.11595,
						6.4638
					],
					"cubes": [
						{
							"origin": [
								-26,
								5,
								92
							],
							"size": [
								50,
								7,
								3
							],
							"uv": [
								104,
								514
							]
						},
						{
							"origin": [
								-20,
								10,
								-40
							],
							"size": [
								39,
								6,
								115
							],
							"uv": [
								0,
								0
							]
						},
						{
							"origin": [
								-20.5,
								5,
								-26
							],
							"size": [
								39,
								7,
								102
							],
							"uv": [
								0,
								137
							]
						},
						{
							"origin": [
								-20.5,
								5,
								-36
							],
							"size": [
								39,
								7,
								102
							],
							"uv": [
								0,
								137
							]
						},
						{
							"origin": [
								-26,
								5,
								-8
							],
							"size": [
								6,
								12,
								67
							],
							"uv": [
								0,
								333
							]
						},
						{
							"origin": [
								19,
								5,
								-8
							],
							"size": [
								6,
								12,
								67
							],
							"uv": [
								0,
								333
							],
							"mirror": true
						},
						{
							"origin": [
								18,
								16,
								59
							],
							"size": [
								6,
								1,
								36
							],
							"uv": [
								198,
								477
							]
						},
						{
							"origin": [
								-26,
								16,
								59
							],
							"size": [
								6,
								1,
								36
							],
							"uv": [
								114,
								477
							]
						},
						{
							"origin": [
								-20,
								12,
								75
							],
							"size": [
								38,
								5,
								20
							],
							"uv": [
								116,
								412
							]
						}
					]
				},
				{
					"name": "front2",
					"parent": "body0",
					"pivot": [
						0,
						0,
						0
					],
					"cubes": [
						{
							"origin": [
								-22,
								22,
								-15
							],
							"size": [
								16,
								14,
								3
							],
							"uv": [
								70,
								619
							]
						},
						{
							"origin": [
								4,
								22,
								-15
							],
							"size": [
								16,
								14,
								3
							],
							"uv": [
								70,
								619
							]
						},
						{
							"origin": [
								-20,
								36,
								-15
							],
							"size": [
								12,
								5,
								3
							],
							"uv": [
								92,
								680
							]
						},
						{
							"origin": [
								6,
								36,
								-15
							],
							"size": [
								12,
								5,
								3
							],
							"uv": [
								92,
								680
							]
						},
						{
							"origin": [
								-22,
								17,
								-24
							],
							"size": [
								43,
								5,
								12
							],
							"uv": [
								114,
								458
							]
						},
						{
							"origin": [
								-5,
								12,
								-34
							],
							"size": [
								9,
								12,
								23
							],
							"uv": [
								100,
								535
							]
						},
						{
							"origin": [
								-23,
								17,
								-36
							],
							"size": [
								46,
								13,
								2
							],
							"uv": [
								404,
								514
							]
						},
						{
							"origin": [
								-4,
								46,
								-32
							],
							"size": [
								8,
								3,
								1
							],
							"uv": [
								198,
								718
							]
						},
						{
							"origin": [
								-2,
								49,
								-32
							],
							"size": [
								4,
								2,
								1
							],
							"uv": [
								268,
								718
							]
						}
					]
				},
				{
					"name": "front",
					"parent": "body0",
					"pivot": [
						0,
						0,
						0
					],
					"cubes": [
						{
							"origin": [
								-25,
								10,
								-42
							],
							"size": [
								50,
								7,
								6
							],
							"inflate": 0.1,
							"uv": [
								224,
								458
							]
						},
						{
							"origin": [
								-25,
								6,
								-34
							],
							"size": [
								6,
								1,
								7
							],
							"uv": [
								440,
								458
							]
						},
						{
							"origin": [
								19,
								6,
								-34
							],
							"size": [
								6,
								1,
								7
							],
							"uv": [
								440,
								458
							]
						},
						{
							"origin": [
								-25,
								5,
								-36
							],
							"size": [
								6,
								12,
								2
							],
							"uv": [
								0,
								514
							]
						},
						{
							"origin": [
								19,
								5,
								-36
							],
							"size": [
								6,
								12,
								2
							],
							"uv": [
								0,
								514
							]
						},
						{
							"origin": [
								-25,
								9,
								-34
							],
							"size": [
								6,
								1,
								7
							],
							"uv": [
								0,
								477
							]
						},
						{
							"origin": [
								19,
								9,
								-34
							],
							"size": [
								6,
								1,
								7
							],
							"uv": [
								0,
								477
							]
						},
						{
							"origin": [
								-25,
								12,
								-34
							],
							"size": [
								6,
								1,
								7
							],
							"uv": [
								0,
								485
							]
						},
						{
							"origin": [
								19,
								12,
								-34
							],
							"size": [
								6,
								1,
								7
							],
							"uv": [
								0,
								485
							]
						},
						{
							"origin": [
								-25,
								16,
								-34
							],
							"size": [
								50,
								1,
								7
							],
							"uv": [
								0,
								493
							]
						},
						{
							"origin": [
								-25,
								5,
								-27
							],
							"size": [
								6,
								12,
								1
							],
							"uv": [
								210,
								514
							]
						},
						{
							"origin": [
								19,
								5,
								-27
							],
							"size": [
								6,
								12,
								1
							],
							"uv": [
								210,
								514
							]
						},
						{
							"origin": [
								-25,
								12,
								-41
							],
							"size": [
								50,
								18,
								5
							],
							"uv": [
								232,
								412
							]
						},
						{
							"origin": [
								23,
								28.56212,
								-36.84536
							],
							"size": [
								2,
								24,
								4
							],
							"pivot": [
								0,
								41.06212,
								-34.84536
							],
							"rotation": [
								-20,
								0,
								0
							],
							"uv": [
								80,
								672
							]
						},
						{
							"origin": [
								26,
								31,
								-45
							],
							"size": [
								2,
								2,
								9
							],
							"pivot": [
								27,
								32,
								-40.5
							],
							"rotation": [
								0,
								-42.5,
								0
							],
							"uv": [
								122,
								672
							]
						},
						{
							"origin": [
								23,
								17,
								-12
							],
							"size": [
								2,
								34,
								15
							],
							"uv": [
								122,
								570
							]
						},
						{
							"origin": [
								-25,
								51,
								-33
							],
							"size": [
								50,
								2,
								36
							],
							"uv": [
								290,
								333
							]
						},
						{
							"origin": [
								-23,
								49.56212,
								-36.84536
							],
							"size": [
								46,
								3,
								4
							],
							"pivot": [
								2,
								41.06212,
								-34.84536
							],
							"rotation": [
								-20,
								0,
								0
							],
							"uv": [
								0,
								535
							]
						},
						{
							"origin": [
								-25,
								28.56212,
								-36.84536
							],
							"size": [
								2,
								24,
								4
							],
							"pivot": [
								0,
								41.06212,
								-34.84536
							],
							"rotation": [
								-20,
								0,
								0
							],
							"uv": [
								68,
								672
							]
						},
						{
							"origin": [
								-23,
								28.56212,
								-36.84536
							],
							"size": [
								46,
								21,
								0
							],
							"pivot": [
								2,
								41.06212,
								-34.84536
							],
							"rotation": [
								-20,
								0,
								0
							],
							"uv": [
								312,
								514
							],
							"mirror": true
						},
						{
							"origin": [
								-25,
								17,
								-12
							],
							"size": [
								2,
								34,
								15
							],
							"uv": [
								88,
								570
							]
						},
						{
							"origin": [
								20,
								15,
								-26
							],
							"size": [
								5,
								2,
								18
							],
							"uv": [
								228,
								590
							]
						},
						{
							"origin": [
								-26,
								15,
								-26
							],
							"size": [
								5,
								2,
								18
							],
							"uv": [
								228,
								570
							]
						},
						{
							"origin": [
								-23,
								17,
								-12
							],
							"size": [
								45,
								34,
								3
							],
							"uv": [
								342,
								412
							]
						},
						{
							"origin": [
								-23,
								17,
								-9
							],
							"size": [
								46,
								34,
								12
							],
							"uv": [
								0,
								412
							]
						},
						{
							"origin": [
								-29,
								31,
								-45
							],
							"size": [
								2,
								2,
								9
							],
							"pivot": [
								-28,
								32,
								-41.5
							],
							"rotation": [
								0,
								42.5,
								0
							],
							"uv": [
								92,
								688
							]
						}
					]
				},
				{
					"name": "door0",
					"parent": "front",
					"pivot": [
						-24,
						27.27634,
						-35.45188
					],
					"cubes": [
						{
							"origin": [
								-25,
								33,
								-13
							],
							"size": [
								2,
								17,
								1
							],
							"uv": [
								60,
								700
							]
						},
						{
							"origin": [
								-24,
								33,
								-35
							],
							"size": [
								0,
								17,
								22
							],
							"uv": [
								44,
								570
							]
						},
						{
							"origin": [
								-25,
								50,
								-29
							],
							"size": [
								2,
								1,
								17
							],
							"uv": [
								32,
								637
							]
						},
						{
							"origin": [
								-25,
								30.15807,
								-32.2113
							],
							"size": [
								2,
								20,
								1
							],
							"pivot": [
								-24,
								41.65807,
								-27.7113
							],
							"rotation": [
								-20,
								0,
								0
							],
							"uv": [
								170,
								672
							]
						},
						{
							"origin": [
								-25,
								17,
								-36
							],
							"size": [
								2,
								16,
								8
							],
							"uv": [
								48,
								672
							]
						},
						{
							"origin": [
								-25,
								17,
								-28
							],
							"size": [
								2,
								16,
								16
							],
							"uv": [
								192,
								570
							]
						}
					]
				},
				{
					"name": "door1",
					"parent": "front",
					"pivot": [
						24,
						27.27634,
						-35.45188
					],
					"cubes": [
						{
							"origin": [
								23,
								33,
								-13
							],
							"size": [
								2,
								17,
								1
							],
							"uv": [
								54,
								700
							]
						},
						{
							"origin": [
								24,
								33,
								-35
							],
							"size": [
								0,
								17,
								22
							],
							"uv": [
								0,
								570
							]
						},
						{
							"origin": [
								23,
								50,
								-29
							],
							"size": [
								2,
								1,
								17
							],
							"uv": [
								32,
								619
							]
						},
						{
							"origin": [
								23,
								30.15807,
								-32.2113
							],
							"size": [
								2,
								20,
								1
							],
							"pivot": [
								24,
								41.65807,
								-27.7113
							],
							"rotation": [
								-20,
								0,
								0
							],
							"uv": [
								164,
								672
							]
						},
						{
							"origin": [
								23,
								17,
								-36
							],
							"size": [
								2,
								16,
								8
							],
							"uv": [
								28,
								672
							]
						},
						{
							"origin": [
								23,
								17,
								-28
							],
							"size": [
								2,
								16,
								16
							],
							"inflate": 0.001,
							"uv": [
								156,
								570
							]
						}
					]
				},
				{
					"name": "mirror0",
					"parent": "body0",
					"pivot": [
						-27.5,
						40.5,
						-38
					],
					"rotation": [
						0,
						-70,
						0
					],
					"cubes": [
						{
							"origin": [
								-34.32219,
								33,
								-40.17274
							],
							"size": [
								1,
								14,
								4
							],
							"uv": [
								154,
								672
							]
						}
					]
				},
				{
					"name": "mirror1",
					"parent": "body0",
					"pivot": [
						26.5,
						40.5,
						-38
					],
					"rotation": [
						0,
						70,
						0
					],
					"cubes": [
						{
							"origin": [
								32.44281,
								33,
								-39.48869
							],
							"size": [
								1,
								14,
								4
							],
							"uv": [
								144,
								672
							]
						}
					]
				},
				{
					"name": "container",
					"parent": "body0",
					"pivot": [
						-0.5,
						42.33333,
						23.33333
					],
					"cubes": [
						{
							"origin": [
								22,
								17,
								5
							],
							"size": [
								2,
								51,
								2
							],
							"uv": [
								24,
								619
							]
						},
						{
							"origin": [
								22,
								66,
								7
							],
							"size": [
								2,
								2,
								85
							],
							"uv": [
								348,
								246
							]
						},
						{
							"origin": [
								22,
								17,
								7
							],
							"size": [
								2,
								2,
								85
							],
							"uv": [
								174,
								246
							]
						},
						{
							"origin": [
								-26,
								66,
								7
							],
							"size": [
								2,
								2,
								85
							],
							"uv": [
								0,
								246
							]
						},
						{
							"origin": [
								-26,
								17,
								7
							],
							"size": [
								2,
								2,
								85
							],
							"uv": [
								282,
								137
							]
						},
						{
							"origin": [
								-26,
								17,
								5
							],
							"size": [
								2,
								51,
								2
							],
							"uv": [
								16,
								619
							]
						},
						{
							"origin": [
								22,
								17,
								92
							],
							"size": [
								2,
								51,
								2
							],
							"uv": [
								8,
								619
							]
						},
						{
							"origin": [
								-24,
								66,
								92
							],
							"size": [
								46,
								2,
								2
							],
							"uv": [
								0,
								554
							]
						},
						{
							"origin": [
								-24,
								17,
								92
							],
							"size": [
								46,
								2,
								2
							],
							"uv": [
								0,
								550
							]
						},
						{
							"origin": [
								-24,
								66,
								5
							],
							"size": [
								46,
								2,
								2
							],
							"uv": [
								0,
								546
							]
						},
						{
							"origin": [
								-24,
								17,
								5
							],
							"size": [
								46,
								2,
								2
							],
							"uv": [
								0,
								542
							]
						},
						{
							"origin": [
								-26,
								17,
								92
							],
							"size": [
								2,
								51,
								2
							],
							"uv": [
								0,
								619
							]
						},
						{
							"origin": [
								-25,
								17,
								6
							],
							"size": [
								48,
								50,
								87
							],
							"uv": [
								308,
								0
							]
						}
					]
				},
				{
					"name": "body2",
					"parent": "body0",
					"pivot": [
						-0.5,
						29,
						-36.5
					],
					"rotation": [
						55,
						0,
						0
					],
					"cubes": [
						{
							"origin": [
								-23,
								22,
								-45
							],
							"size": [
								46,
								6,
								11
							],
							"uv": [
								0,
								458
							]
						}
					]
				},
				{
					"name": "steer",
					"parent": "body2",
					"pivot": [
						11.5,
						24.5,
						-33.95455
					],
					"rotation": [
						-25,
						0,
						0
					],
					"cubes": [
						{
							"origin": [
								8,
								23,
								-32
							],
							"size": [
								7,
								3,
								1
							],
							"uv": [
								216,
								718
							]
						},
						{
							"origin": [
								11,
								24.5,
								-36
							],
							"size": [
								1,
								1,
								4
							],
							"uv": [
								246,
								718
							]
						},
						{
							"origin": [
								10,
								23.5,
								-36
							],
							"size": [
								3,
								1,
								4
							],
							"uv": [
								232,
								718
							]
						},
						{
							"origin": [
								7,
								22,
								-32
							],
							"size": [
								1,
								5,
								1
							],
							"uv": [
								282,
								718
							]
						},
						{
							"origin": [
								8,
								27,
								-32
							],
							"size": [
								1,
								1,
								1
							],
							"uv": [
								290,
								718
							]
						},
						{
							"origin": [
								9,
								28,
								-32
							],
							"size": [
								5,
								1,
								1
							],
							"uv": [
								256,
								720
							]
						},
						{
							"origin": [
								14,
								27,
								-32
							],
							"size": [
								1,
								1,
								1
							],
							"uv": [
								286,
								720
							]
						},
						{
							"origin": [
								15,
								22,
								-32
							],
							"size": [
								1,
								5,
								1
							],
							"uv": [
								278,
								718
							]
						},
						{
							"origin": [
								14,
								21,
								-32
							],
							"size": [
								1,
								1,
								1
							],
							"uv": [
								286,
								718
							]
						},
						{
							"origin": [
								9,
								20,
								-32
							],
							"size": [
								5,
								1,
								1
							],
							"uv": [
								256,
								718
							]
						},
						{
							"origin": [
								8,
								21,
								-32
							],
							"size": [
								1,
								1,
								1
							],
							"uv": [
								286,
								722
							]
						}
					]
				},
				{
					"name": "lever",
					"parent": "body0",
					"pivot": [
						1.5,
						21.5,
						-24.5
					],
					"rotation": [
						20,
						0,
						0
					],
					"cubes": [
						{
							"origin": [
								1,
								13,
								-25
							],
							"size": [
								2,
								17,
								2
							],
							"uv": [
								176,
								672
							]
						}
					]
				},
				{
					"name": "leg0",
					"pivot": [
						-0.5,
						7.2,
						-17
					],
					"cubes": [
						{
							"origin": [
								19,
								-0.23205,
								-19.06218
							],
							"size": [
								5,
								3,
								4
							],
							"uv": [
								36,
								700
							]
						},
						{
							"origin": [
								-25,
								-0.23205,
								-19.06218
							],
							"size": [
								5,
								3,
								4
							],
							"uv": [
								18,
								707
							]
						},
						{
							"origin": [
								19,
								-7.73205,
								-25.0718
							],
							"size": [
								5,
								3,
								4
							],
							"pivot": [
								0,
								-7.73205,
								-6.0718
							],
							"rotation": [
								-30,
								0,
								0
							],
							"uv": [
								18,
								700
							]
						},
						{
							"origin": [
								-25,
								-7.73205,
								-25.0718
							],
							"size": [
								5,
								3,
								4
							],
							"pivot": [
								-44,
								-7.73205,
								-6.0718
							],
							"rotation": [
								-30,
								0,
								0
							],
							"uv": [
								0,
								707
							]
						},
						{
							"origin": [
								19,
								-11.22243,
								-34.02628
							],
							"size": [
								5,
								3,
								4
							],
							"pivot": [
								0,
								-11.22243,
								-15.02628
							],
							"rotation": [
								-60,
								0,
								0
							],
							"uv": [
								0,
								700
							]
						},
						{
							"origin": [
								-25,
								-11.22243,
								-34.02628
							],
							"size": [
								5,
								3,
								4
							],
							"pivot": [
								-44,
								-11.22243,
								-15.02628
							],
							"rotation": [
								-60,
								0,
								0
							],
							"uv": [
								194,
								679
							]
						},
						{
							"origin": [
								19,
								11.69615,
								-19.06218
							],
							"size": [
								5,
								3,
								4
							],
							"uv": [
								194,
								672
							]
						},
						{
							"origin": [
								-25,
								6.69615,
								-19.06218
							],
							"size": [
								5,
								1,
								4
							],
							"uv": [
								180,
								718
							]
						},
						{
							"origin": [
								19,
								6.69615,
								-19.06218
							],
							"size": [
								5,
								1,
								4
							],
							"uv": [
								162,
								718
							]
						},
						{
							"origin": [
								-25,
								6.69615,
								-19.06218
							],
							"size": [
								5,
								1,
								4
							],
							"pivot": [
								-22.5,
								7.19615,
								-17.06218
							],
							"rotation": [
								30,
								0,
								0
							],
							"uv": [
								144,
								718
							]
						},
						{
							"origin": [
								19,
								6.69615,
								-19.06218
							],
							"size": [
								5,
								1,
								4
							],
							"pivot": [
								21.5,
								7.19615,
								-17.06218
							],
							"rotation": [
								30,
								0,
								0
							],
							"uv": [
								126,
								718
							]
						},
						{
							"origin": [
								-25,
								6.69615,
								-19.06218
							],
							"size": [
								5,
								1,
								4
							],
							"pivot": [
								-22.5,
								7.19615,
								-17.06218
							],
							"rotation": [
								60,
								0,
								0
							],
							"uv": [
								108,
								718
							]
						},
						{
							"origin": [
								19,
								6.69615,
								-19.06218
							],
							"size": [
								5,
								1,
								4
							],
							"pivot": [
								21.5,
								7.19615,
								-17.06218
							],
							"rotation": [
								60,
								0,
								0
							],
							"uv": [
								90,
								718
							]
						},
						{
							"origin": [
								-25,
								6.69615,
								-19.06218
							],
							"size": [
								5,
								1,
								4
							],
							"pivot": [
								-22.5,
								7.19615,
								-17.06218
							],
							"rotation": [
								90,
								0,
								0
							],
							"uv": [
								72,
								718
							]
						},
						{
							"origin": [
								19,
								6.69615,
								-19.06218
							],
							"size": [
								5,
								1,
								4
							],
							"pivot": [
								21.5,
								7.19615,
								-17.06218
							],
							"rotation": [
								90,
								0,
								0
							],
							"uv": [
								54,
								718
							]
						},
						{
							"origin": [
								-25,
								6.69615,
								-19.06218
							],
							"size": [
								5,
								1,
								4
							],
							"pivot": [
								-22.5,
								7.19615,
								-17.06218
							],
							"rotation": [
								120,
								0,
								0
							],
							"uv": [
								36,
								718
							]
						},
						{
							"origin": [
								19,
								6.69615,
								-19.06218
							],
							"size": [
								5,
								1,
								4
							],
							"pivot": [
								21.5,
								7.19615,
								-17.06218
							],
							"rotation": [
								120,
								0,
								0
							],
							"uv": [
								18,
								718
							]
						},
						{
							"origin": [
								-25,
								6.69615,
								-19.06218
							],
							"size": [
								5,
								1,
								4
							],
							"pivot": [
								-22.5,
								7.19615,
								-17.06218
							],
							"rotation": [
								150,
								0,
								0
							],
							"uv": [
								0,
								718
							]
						},
						{
							"origin": [
								19,
								6.69615,
								-19.06218
							],
							"size": [
								5,
								1,
								4
							],
							"pivot": [
								21.5,
								7.19615,
								-17.06218
							],
							"rotation": [
								150,
								0,
								0
							],
							"uv": [
								194,
								700
							]
						},
						{
							"origin": [
								-25,
								11.69615,
								-19.06218
							],
							"size": [
								5,
								3,
								4
							],
							"uv": [
								176,
								691
							]
						},
						{
							"origin": [
								19,
								5.23205,
								-12.59808
							],
							"size": [
								5,
								4,
								3
							],
							"uv": [
								178,
								707
							]
						},
						{
							"origin": [
								-25,
								5.23205,
								-12.59808
							],
							"size": [
								5,
								4,
								3
							],
							"uv": [
								178,
								700
							]
						},
						{
							"origin": [
								19,
								14.90192,
								-11.43782
							],
							"size": [
								5,
								4,
								3
							],
							"pivot": [
								0,
								9.90192,
								1.56218
							],
							"rotation": [
								30,
								0,
								0
							],
							"uv": [
								162,
								707
							]
						},
						{
							"origin": [
								-25,
								14.90192,
								-11.43782
							],
							"size": [
								5,
								4,
								3
							],
							"pivot": [
								-44,
								9.90192,
								1.56218
							],
							"rotation": [
								30,
								0,
								0
							],
							"uv": [
								162,
								700
							]
						},
						{
							"origin": [
								19,
								23.85641,
								-15.26795
							],
							"size": [
								5,
								4,
								3
							],
							"pivot": [
								0,
								18.85641,
								-2.26795
							],
							"rotation": [
								60,
								0,
								0
							],
							"uv": [
								146,
								707
							]
						},
						{
							"origin": [
								-25,
								23.85641,
								-15.26795
							],
							"size": [
								5,
								4,
								3
							],
							"pivot": [
								-44,
								18.85641,
								-2.26795
							],
							"rotation": [
								60,
								0,
								0
							],
							"uv": [
								146,
								700
							]
						},
						{
							"origin": [
								19,
								4.76795,
								-12.59808
							],
							"size": [
								5,
								4,
								3
							],
							"pivot": [
								21.5,
								7,
								-16.66025
							],
							"rotation": [
								-60,
								0,
								0
							],
							"uv": [
								130,
								707
							]
						},
						{
							"origin": [
								-25,
								4.76795,
								-12.59808
							],
							"size": [
								5,
								4,
								3
							],
							"pivot": [
								-22.5,
								7,
								-16.66025
							],
							"rotation": [
								-60,
								0,
								0
							],
							"uv": [
								130,
								700
							]
						},
						{
							"origin": [
								19,
								5,
								-12.5359
							],
							"size": [
								5,
								4,
								3
							],
							"pivot": [
								21.5,
								7.23205,
								-16.59808
							],
							"rotation": [
								-30,
								0,
								0
							],
							"uv": [
								114,
								707
							]
						},
						{
							"origin": [
								-25,
								5,
								-12.5359
							],
							"size": [
								5,
								4,
								3
							],
							"pivot": [
								-22.5,
								7.23205,
								-16.59808
							],
							"rotation": [
								-30,
								0,
								0
							],
							"uv": [
								114,
								700
							]
						},
						{
							"origin": [
								19,
								5.23205,
								-24.52628
							],
							"size": [
								5,
								4,
								3
							],
							"uv": [
								98,
								707
							]
						},
						{
							"origin": [
								-25,
								5.23205,
								-24.52628
							],
							"size": [
								5,
								4,
								3
							],
							"uv": [
								98,
								700
							]
						},
						{
							"origin": [
								19,
								-2.09808,
								-30.24167
							],
							"size": [
								5,
								4,
								3
							],
							"pivot": [
								0,
								-7.09808,
								-6.24167
							],
							"rotation": [
								-30,
								0,
								0
							],
							"uv": [
								82,
								707
							]
						},
						{
							"origin": [
								-25,
								-2.09808,
								-30.24167
							],
							"size": [
								5,
								4,
								3
							],
							"pivot": [
								-44,
								-7.09808,
								-6.24167
							],
							"rotation": [
								-30,
								0,
								0
							],
							"uv": [
								82,
								700
							]
						},
						{
							"origin": [
								19,
								-5.58846,
								-38.85641
							],
							"size": [
								5,
								4,
								3
							],
							"pivot": [
								0,
								-10.58846,
								-14.85641
							],
							"rotation": [
								-60,
								0,
								0
							],
							"uv": [
								66,
								707
							]
						},
						{
							"origin": [
								-25,
								-5.58846,
								-38.85641
							],
							"size": [
								5,
								4,
								3
							],
							"pivot": [
								-44,
								-10.58846,
								-14.85641
							],
							"rotation": [
								-60,
								0,
								0
							],
							"uv": [
								66,
								700
							]
						},
						{
							"origin": [
								19,
								2.2,
								-22
							],
							"size": [
								4,
								10,
								10
							],
							"inflate": -0.01,
							"uv": [
								0,
								672
							]
						},
						{
							"origin": [
								-24,
								2.2,
								-22
							],
							"size": [
								4,
								10,
								10
							],
							"inflate": -0.01,
							"uv": [
								108,
								619
							]
						}
					]
				},
				{
					"name": "leg1",
					"pivot": [
						-0.5,
						7.2,
						68
					],
					"cubes": [
						{
							"origin": [
								19,
								-0.23205,
								65.93782
							],
							"size": [
								5,
								3,
								4
							],
							"uv": [
								36,
								700
							]
						},
						{
							"origin": [
								-25,
								-0.23205,
								65.93782
							],
							"size": [
								5,
								3,
								4
							],
							"uv": [
								18,
								707
							]
						},
						{
							"origin": [
								19,
								-7.73205,
								59.9282
							],
							"size": [
								5,
								3,
								4
							],
							"pivot": [
								0,
								-7.73205,
								78.9282
							],
							"rotation": [
								-30,
								0,
								0
							],
							"uv": [
								18,
								700
							]
						},
						{
							"origin": [
								-25,
								-7.73205,
								59.9282
							],
							"size": [
								5,
								3,
								4
							],
							"pivot": [
								-44,
								-7.73205,
								78.9282
							],
							"rotation": [
								-30,
								0,
								0
							],
							"uv": [
								0,
								707
							]
						},
						{
							"origin": [
								19,
								-11.22243,
								50.97372
							],
							"size": [
								5,
								3,
								4
							],
							"pivot": [
								0,
								-11.22243,
								69.97372
							],
							"rotation": [
								-60,
								0,
								0
							],
							"uv": [
								0,
								700
							]
						},
						{
							"origin": [
								-25,
								-11.22243,
								50.97372
							],
							"size": [
								5,
								3,
								4
							],
							"pivot": [
								-44,
								-11.22243,
								69.97372
							],
							"rotation": [
								-60,
								0,
								0
							],
							"uv": [
								194,
								679
							]
						},
						{
							"origin": [
								19,
								11.69615,
								65.93782
							],
							"size": [
								5,
								3,
								4
							],
							"uv": [
								194,
								672
							]
						},
						{
							"origin": [
								-25,
								6.69615,
								65.93782
							],
							"size": [
								5,
								1,
								4
							],
							"uv": [
								180,
								718
							]
						},
						{
							"origin": [
								19,
								6.69615,
								65.93782
							],
							"size": [
								5,
								1,
								4
							],
							"uv": [
								162,
								718
							]
						},
						{
							"origin": [
								-25,
								6.69615,
								65.93782
							],
							"size": [
								5,
								1,
								4
							],
							"pivot": [
								-22.5,
								7.19615,
								67.93782
							],
							"rotation": [
								30,
								0,
								0
							],
							"uv": [
								144,
								718
							]
						},
						{
							"origin": [
								19,
								6.69615,
								65.93782
							],
							"size": [
								5,
								1,
								4
							],
							"pivot": [
								21.5,
								7.19615,
								67.93782
							],
							"rotation": [
								30,
								0,
								0
							],
							"uv": [
								126,
								718
							]
						},
						{
							"origin": [
								-25,
								6.69615,
								65.93782
							],
							"size": [
								5,
								1,
								4
							],
							"pivot": [
								-22.5,
								7.19615,
								67.93782
							],
							"rotation": [
								60,
								0,
								0
							],
							"uv": [
								108,
								718
							]
						},
						{
							"origin": [
								19,
								6.69615,
								65.93782
							],
							"size": [
								5,
								1,
								4
							],
							"pivot": [
								21.5,
								7.19615,
								67.93782
							],
							"rotation": [
								60,
								0,
								0
							],
							"uv": [
								90,
								718
							]
						},
						{
							"origin": [
								-25,
								6.69615,
								65.93782
							],
							"size": [
								5,
								1,
								4
							],
							"pivot": [
								-22.5,
								7.19615,
								67.93782
							],
							"rotation": [
								90,
								0,
								0
							],
							"uv": [
								72,
								718
							]
						},
						{
							"origin": [
								19,
								6.69615,
								65.93782
							],
							"size": [
								5,
								1,
								4
							],
							"pivot": [
								21.5,
								7.19615,
								67.93782
							],
							"rotation": [
								90,
								0,
								0
							],
							"uv": [
								54,
								718
							]
						},
						{
							"origin": [
								-25,
								6.69615,
								65.93782
							],
							"size": [
								5,
								1,
								4
							],
							"pivot": [
								-22.5,
								7.19615,
								67.93782
							],
							"rotation": [
								120,
								0,
								0
							],
							"uv": [
								36,
								718
							]
						},
						{
							"origin": [
								19,
								6.69615,
								65.93782
							],
							"size": [
								5,
								1,
								4
							],
							"pivot": [
								21.5,
								7.19615,
								67.93782
							],
							"rotation": [
								120,
								0,
								0
							],
							"uv": [
								18,
								718
							]
						},
						{
							"origin": [
								-25,
								6.69615,
								65.93782
							],
							"size": [
								5,
								1,
								4
							],
							"pivot": [
								-22.5,
								7.19615,
								67.93782
							],
							"rotation": [
								150,
								0,
								0
							],
							"uv": [
								0,
								718
							]
						},
						{
							"origin": [
								19,
								6.69615,
								65.93782
							],
							"size": [
								5,
								1,
								4
							],
							"pivot": [
								21.5,
								7.19615,
								67.93782
							],
							"rotation": [
								150,
								0,
								0
							],
							"uv": [
								194,
								700
							]
						},
						{
							"origin": [
								-25,
								11.69615,
								65.93782
							],
							"size": [
								5,
								3,
								4
							],
							"uv": [
								176,
								691
							]
						},
						{
							"origin": [
								19,
								5.23205,
								72.40192
							],
							"size": [
								5,
								4,
								3
							],
							"uv": [
								178,
								707
							]
						},
						{
							"origin": [
								-25,
								5.23205,
								72.40192
							],
							"size": [
								5,
								4,
								3
							],
							"uv": [
								178,
								700
							]
						},
						{
							"origin": [
								19,
								14.90192,
								73.56218
							],
							"size": [
								5,
								4,
								3
							],
							"pivot": [
								0,
								9.90192,
								86.56218
							],
							"rotation": [
								30,
								0,
								0
							],
							"uv": [
								162,
								707
							]
						},
						{
							"origin": [
								-25,
								14.90192,
								73.56218
							],
							"size": [
								5,
								4,
								3
							],
							"pivot": [
								-44,
								9.90192,
								86.56218
							],
							"rotation": [
								30,
								0,
								0
							],
							"uv": [
								162,
								700
							]
						},
						{
							"origin": [
								19,
								23.85641,
								69.73205
							],
							"size": [
								5,
								4,
								3
							],
							"pivot": [
								0,
								18.85641,
								82.73205
							],
							"rotation": [
								60,
								0,
								0
							],
							"uv": [
								146,
								707
							]
						},
						{
							"origin": [
								-25,
								23.85641,
								69.73205
							],
							"size": [
								5,
								4,
								3
							],
							"pivot": [
								-44,
								18.85641,
								82.73205
							],
							"rotation": [
								60,
								0,
								0
							],
							"uv": [
								146,
								700
							]
						},
						{
							"origin": [
								19,
								4.76795,
								72.40192
							],
							"size": [
								5,
								4,
								3
							],
							"pivot": [
								21.5,
								7,
								68.33975
							],
							"rotation": [
								-60,
								0,
								0
							],
							"uv": [
								130,
								707
							]
						},
						{
							"origin": [
								-25,
								4.76795,
								72.40192
							],
							"size": [
								5,
								4,
								3
							],
							"pivot": [
								-22.5,
								7,
								68.33975
							],
							"rotation": [
								-60,
								0,
								0
							],
							"uv": [
								130,
								700
							]
						},
						{
							"origin": [
								19,
								5,
								72.4641
							],
							"size": [
								5,
								4,
								3
							],
							"pivot": [
								21.5,
								7.23205,
								68.40192
							],
							"rotation": [
								-30,
								0,
								0
							],
							"uv": [
								114,
								707
							]
						},
						{
							"origin": [
								-25,
								5,
								72.4641
							],
							"size": [
								5,
								4,
								3
							],
							"pivot": [
								-22.5,
								7.23205,
								68.40192
							],
							"rotation": [
								-30,
								0,
								0
							],
							"uv": [
								114,
								700
							]
						},
						{
							"origin": [
								19,
								5.23205,
								60.47372
							],
							"size": [
								5,
								4,
								3
							],
							"uv": [
								98,
								707
							]
						},
						{
							"origin": [
								-25,
								5.23205,
								60.47372
							],
							"size": [
								5,
								4,
								3
							],
							"uv": [
								98,
								700
							]
						},
						{
							"origin": [
								19,
								-2.09808,
								54.75833
							],
							"size": [
								5,
								4,
								3
							],
							"pivot": [
								0,
								-7.09808,
								78.75833
							],
							"rotation": [
								-30,
								0,
								0
							],
							"uv": [
								82,
								707
							]
						},
						{
							"origin": [
								-25,
								-2.09808,
								54.75833
							],
							"size": [
								5,
								4,
								3
							],
							"pivot": [
								-44,
								-7.09808,
								78.75833
							],
							"rotation": [
								-30,
								0,
								0
							],
							"uv": [
								82,
								700
							]
						},
						{
							"origin": [
								19,
								-5.58846,
								46.14359
							],
							"size": [
								5,
								4,
								3
							],
							"pivot": [
								0,
								-10.58846,
								70.14359
							],
							"rotation": [
								-60,
								0,
								0
							],
							"uv": [
								66,
								707
							]
						},
						{
							"origin": [
								-25,
								-5.58846,
								46.14359
							],
							"size": [
								5,
								4,
								3
							],
							"pivot": [
								-44,
								-10.58846,
								70.14359
							],
							"rotation": [
								-60,
								0,
								0
							],
							"uv": [
								66,
								700
							]
						},
						{
							"origin": [
								19,
								2.2,
								63
							],
							"size": [
								4,
								10,
								10
							],
							"inflate": -0.01,
							"uv": [
								0,
								672
							]
						},
						{
							"origin": [
								-24,
								2.2,
								63
							],
							"size": [
								4,
								10,
								10
							],
							"inflate": -0.01,
							"uv": [
								108,
								619
							]
						}
					]
				}
			]
		}
	]
}