{
	"format_version": "1.13.0",
	"minecraft:entity": {
		"description": {
			"identifier": "simple_vehicles:bike",
			"is_spawnable": true,
			"is_summonable": true,
			"is_experimental": false,
			"scripts": {
				"animate": [
					"stand_by"
				]
			},
			"animations": {
				"stand_by": "controller.animation.bike.stand_by"
			}
		},
		"component_groups": {
			"minecraft:minecar": {
				"minecraft:is_tamed": {},
				"minecraft:rideable": {
					"seat_count": 1,
					"crouching_skip_interact": false,
					"family_types": [
						"player",
						"villager",
						"cat",
						"human",
						"npc"
					],
					"interact_text": "Drive",
					"pull_in_entities": true,
					"seats": [
						{
							"position": [
								0,
								0.9,
								0
							]
						}
					]
				}
			},
			"minecraft:bugfixer": {
				"minecraft:timer": {
					"time": [
						0.1,
						0.1
					],
					"looping": false,
					"time_down_event": {
						"event": "minecraft:bugfix",
						"target": "self"
					}
				}
			},
			"minecraft:black": {
				"minecraft:variant": {
					"value": 0
				}
			},
			"minecraft:white": {
				"minecraft:variant": {
					"value": 1
				}
			},
			"minecraft:orange": {
				"minecraft:variant": {
					"value": 2
				}
			},
			"minecraft:magenta": {
				"minecraft:variant": {
					"value": 3
				}
			},
			"minecraft:light_blue": {
				"minecraft:variant": {
					"value": 4
				}
			},
			"minecraft:yellow": {
				"minecraft:variant": {
					"value": 5
				}
			},
			"minecraft:lime": {
				"minecraft:variant": {
					"value": 6
				}
			},
			"minecraft:pink": {
				"minecraft:variant": {
					"value": 7
				}
			},
			"minecraft:gray": {
				"minecraft:variant": {
					"value": 8
				}
			},
			"minecraft:silver": {
				"minecraft:variant": {
					"value": 9
				}
			},
			"minecraft:cyan": {
				"minecraft:variant": {
					"value": 10
				}
			},
			"minecraft:purple": {
				"minecraft:variant": {
					"value": 11
				}
			},
			"minecraft:blue": {
				"minecraft:variant": {
					"value": 12
				}
			},
			"minecraft:brown": {
				"minecraft:variant": {
					"value": 13
				}
			},
			"minecraft:green": {
				"minecraft:variant": {
					"value": 14
				}
			},
			"minecraft:red": {
				"minecraft:variant": {
					"value": 15
				}
			}
		},
		"components": {
			"minecraft:input_ground_controlled": {},
			"minecraft:scale": {
				"value": 1
			},
			"minecraft:behavior.player_ride_tamed": {},
			"minecraft:can_power_jump": {},
			"minecraft:type_family": {
				"family": [
					"aspire",
					"bike"
				]
			},
			"minecraft:horse.jump_strength": {
				"value": 0
			},
			"minecraft:loot": {
				"table": "loot_tables/entities/bike.json"
			},
			"minecraft:collision_box": {
				"width": 0.8,
				"height": 0.8
			},
			"minecraft:health": {
				"value": {
					"range_min": 120,
					"range_max": 120
				}
			},
			"minecraft:movement": {
				"value": {
					"range_min": 0.2,
					"range_max": 0.2
				}
			},
			"minecraft:physics": {
				"has_gravity": true
			},
			"minecraft:fire_immune": true,
			"minecraft:knockback_resistance": {
				"value": 100,
				"max": 100
			},
			"minecraft:navigation.walk": {
				"avoid_water": false
			},
			"minecraft:movement.basic": {},
			"minecraft:jump.static": {},
			"minecraft:walk_animation_speed": {
				"value": 20
			},
			"minecraft:push_through": {
				"value": 1
			},
			"minecraft:nameable": {},
			"minecraft:healable": {
				"items": [
					{
						"item": "rmplaysmc:wrench",
						"heal_amount": 100,
						"effects": [
							{
								"name": "absorption",
								"chance": 0.8,
								"duration": 5,
								"amplifier": 5
							}
						]
					}
				],
				"force_use": true
			},
			"minecraft:interact": {
				"interactions": [
					{
						"on_interact": {
							"filters": {
								"all_of": [
									{
										"all_of": [
											{
												"test": "has_equipment",
												"subject": "other",
												"domain": "hand",
												"value": "simple_vehicles:black_spray"
											}
										]
									},
									{
										"test": "is_family",
										"subject": "other",
										"value": "player"
									},
									{
										"test": "has_ability",
										"subject": "other",
										"value": "instabuild"
									}
								]
							},
							"event": "rmplaysmcyt:turn_black"
						},
						"use_item": true,
						"interact_text": "Paint on it!"
					},
					{
						"on_interact": {
							"filters": {
								"all_of": [
									{
										"all_of": [
											{
												"test": "has_equipment",
												"subject": "other",
												"domain": "hand",
												"value": "simple_vehicles:white_spray"
											}
										]
									},
									{
										"test": "is_family",
										"subject": "other",
										"value": "player"
									},
									{
										"test": "has_ability",
										"subject": "other",
										"value": "instabuild"
									}
								]
							},
							"event": "rmplaysmcyt:turn_white"
						},
						"use_item": true,
						"interact_text": "Paint on it!"
					},
					{
						"on_interact": {
							"filters": {
								"all_of": [
									{
										"all_of": [
											{
												"test": "has_equipment",
												"subject": "other",
												"domain": "hand",
												"value": "simple_vehicles:orange_spray"
											}
										]
									},
									{
										"test": "is_family",
										"subject": "other",
										"value": "player"
									},
									{
										"test": "has_ability",
										"subject": "other",
										"value": "instabuild"
									}
								]
							},
							"event": "rmplaysmcyt:turn_orange"
						},
						"use_item": true,
						"interact_text": "Paint on it!"
					},
					{
						"on_interact": {
							"filters": {
								"all_of": [
									{
										"all_of": [
											{
												"test": "has_equipment",
												"subject": "other",
												"domain": "hand",
												"value": "simple_vehicles:magenta_spray"
											}
										]
									},
									{
										"test": "is_family",
										"subject": "other",
										"value": "player"
									},
									{
										"test": "has_ability",
										"subject": "other",
										"value": "instabuild"
									}
								]
							},
							"event": "rmplaysmcyt:turn_magenta"
						},
						"use_item": true,
						"interact_text": "Paint on it!"
					},
					{
						"on_interact": {
							"filters": {
								"all_of": [
									{
										"all_of": [
											{
												"test": "has_equipment",
												"subject": "other",
												"domain": "hand",
												"value": "simple_vehicles:light_blue_spray"
											}
										]
									},
									{
										"test": "is_family",
										"subject": "other",
										"value": "player"
									},
									{
										"test": "has_ability",
										"subject": "other",
										"value": "instabuild"
									}
								]
							},
							"event": "rmplaysmcyt:turn_light_blue"
						},
						"use_item": true,
						"interact_text": "Paint on it!"
					},
					{
						"on_interact": {
							"filters": {
								"all_of": [
									{
										"all_of": [
											{
												"test": "has_equipment",
												"subject": "other",
												"domain": "hand",
												"value": "simple_vehicles:yellow_spray"
											}
										]
									},
									{
										"test": "is_family",
										"subject": "other",
										"value": "player"
									},
									{
										"test": "has_ability",
										"subject": "other",
										"value": "instabuild"
									}
								]
							},
							"event": "rmplaysmcyt:turn_yellow"
						},
						"use_item": true,
						"interact_text": "Paint on it!"
					},
					{
						"on_interact": {
							"filters": {
								"all_of": [
									{
										"all_of": [
											{
												"test": "has_equipment",
												"subject": "other",
												"domain": "hand",
												"value": "simple_vehicles:lime_spray"
											}
										]
									},
									{
										"test": "is_family",
										"subject": "other",
										"value": "player"
									},
									{
										"test": "has_ability",
										"subject": "other",
										"value": "instabuild"
									}
								]
							},
							"event": "rmplaysmcyt:turn_lime"
						},
						"use_item": true,
						"interact_text": "Paint on it!"
					},
					{
						"on_interact": {
							"filters": {
								"all_of": [
									{
										"all_of": [
											{
												"test": "has_equipment",
												"subject": "other",
												"domain": "hand",
												"value": "simple_vehicles:pink_spray"
											}
										]
									},
									{
										"test": "is_family",
										"subject": "other",
										"value": "player"
									},
									{
										"test": "has_ability",
										"subject": "other",
										"value": "instabuild"
									}
								]
							},
							"event": "rmplaysmcyt:turn_pink"
						},
						"use_item": true,
						"interact_text": "Paint on it!"
					},
					{
						"on_interact": {
							"filters": {
								"all_of": [
									{
										"all_of": [
											{
												"test": "has_equipment",
												"subject": "other",
												"domain": "hand",
												"value": "simple_vehicles:gray_spray"
											}
										]
									},
									{
										"test": "is_family",
										"subject": "other",
										"value": "player"
									},
									{
										"test": "has_ability",
										"subject": "other",
										"value": "instabuild"
									}
								]
							},
							"event": "rmplaysmcyt:turn_gray"
						},
						"use_item": true,
						"interact_text": "Paint on it!"
					},
					{
						"on_interact": {
							"filters": {
								"all_of": [
									{
										"all_of": [
											{
												"test": "has_equipment",
												"subject": "other",
												"domain": "hand",
												"value": "simple_vehicles:silver_spray"
											}
										]
									},
									{
										"test": "is_family",
										"subject": "other",
										"value": "player"
									},
									{
										"test": "has_ability",
										"subject": "other",
										"value": "instabuild"
									}
								]
							},
							"event": "rmplaysmcyt:turn_silver"
						},
						"use_item": true,
						"interact_text": "Paint on it!"
					},
					{
						"on_interact": {
							"filters": {
								"all_of": [
									{
										"all_of": [
											{
												"test": "has_equipment",
												"subject": "other",
												"domain": "hand",
												"value": "simple_vehicles:cyan_spray"
											}
										]
									},
									{
										"test": "is_family",
										"subject": "other",
										"value": "player"
									},
									{
										"test": "has_ability",
										"subject": "other",
										"value": "instabuild"
									}
								]
							},
							"event": "rmplaysmcyt:turn_cyan"
						},
						"use_item": true,
						"interact_text": "Paint on it!"
					},
					{
						"on_interact": {
							"filters": {
								"all_of": [
									{
										"all_of": [
											{
												"test": "has_equipment",
												"subject": "other",
												"domain": "hand",
												"value": "simple_vehicles:purple_spray"
											}
										]
									},
									{
										"test": "is_family",
										"subject": "other",
										"value": "player"
									},
									{
										"test": "has_ability",
										"subject": "other",
										"value": "instabuild"
									}
								]
							},
							"event": "rmplaysmcyt:turn_purple"
						},
						"use_item": true,
						"interact_text": "Paint on it!"
					},
					{
						"on_interact": {
							"filters": {
								"all_of": [
									{
										"all_of": [
											{
												"test": "has_equipment",
												"subject": "other",
												"domain": "hand",
												"value": "simple_vehicles:blue_spray"
											}
										]
									},
									{
										"test": "is_family",
										"subject": "other",
										"value": "player"
									},
									{
										"test": "has_ability",
										"subject": "other",
										"value": "instabuild"
									}
								]
							},
							"event": "rmplaysmcyt:turn_blue"
						},
						"use_item": true,
						"interact_text": "Paint on it!"
					},
					{
						"on_interact": {
							"filters": {
								"all_of": [
									{
										"all_of": [
											{
												"test": "has_equipment",
												"subject": "other",
												"domain": "hand",
												"value": "simple_vehicles:brown_spray"
											}
										]
									},
									{
										"test": "is_family",
										"subject": "other",
										"value": "player"
									},
									{
										"test": "has_ability",
										"subject": "other",
										"value": "instabuild"
									}
								]
							},
							"event": "rmplaysmcyt:turn_brown"
						},
						"use_item": true,
						"interact_text": "Paint on it!"
					},
					{
						"on_interact": {
							"filters": {
								"all_of": [
									{
										"all_of": [
											{
												"test": "has_equipment",
												"subject": "other",
												"domain": "hand",
												"value": "simple_vehicles:green_spray"
											}
										]
									},
									{
										"test": "is_family",
										"subject": "other",
										"value": "player"
									},
									{
										"test": "has_ability",
										"subject": "other",
										"value": "instabuild"
									}
								]
							},
							"event": "rmplaysmcyt:turn_green"
						},
						"use_item": true,
						"interact_text": "Paint on it!"
					},
					{
						"on_interact": {
							"filters": {
								"all_of": [
									{
										"all_of": [
											{
												"test": "has_equipment",
												"subject": "other",
												"domain": "hand",
												"value": "simple_vehicles:red_spray"
											}
										]
									},
									{
										"test": "is_family",
										"subject": "other",
										"value": "player"
									},
									{
										"test": "has_ability",
										"subject": "other",
										"value": "instabuild"
									}
								]
							},
							"event": "rmplaysmcyt:turn_red"
						},
						"use_item": true,
						"interact_text": "Paint on it!"
					}
				]
			}
		},
		"events": {
			"minecraft:entity_spawned": {
				"sequence": [
					{
						"randomize": [
							{
								"weight": 100,
								"add": {
									"component_groups": [
										"minecraft:minecar"
									]
								}
							}
						]
					},
					{
						"randomize": [
							{
								"add": {
									"component_groups": [
										"minecraft:black"
									]
								}
							},
							{
								"add": {
									"component_groups": [
										"minecraft:white"
									]
								}
							},
							{
								"add": {
									"component_groups": [
										"minecraft:orange"
									]
								}
							},
							{
								"add": {
									"component_groups": [
										"minecraft:magenta"
									]
								}
							},
							{
								"add": {
									"component_groups": [
										"minecraft:light_blue"
									]
								}
							},
							{
								"add": {
									"component_groups": [
										"minecraft:yellow"
									]
								}
							},
							{
								"add": {
									"component_groups": [
										"minecraft:lime"
									]
								}
							},
							{
								"add": {
									"component_groups": [
										"minecraft:pink"
									]
								}
							},
							{
								"add": {
									"component_groups": [
										"minecraft:gray"
									]
								}
							},
							{
								"add": {
									"component_groups": [
										"minecraft:silver"
									]
								}
							},
							{
								"add": {
									"component_groups": [
										"minecraft:cyan"
									]
								}
							},
							{
								"add": {
									"component_groups": [
										"minecraft:purple"
									]
								}
							},
							{
								"add": {
									"component_groups": [
										"minecraft:blue"
									]
								}
							},
							{
								"add": {
									"component_groups": [
										"minecraft:brown"
									]
								}
							},
							{
								"add": {
									"component_groups": [
										"minecraft:green"
									]
								}
							},
							{
								"add": {
									"component_groups": [
										"minecraft:red"
									]
								}
							}
						]
					}
				]
			},
			"minecraft:bugfix": {
				"add": {
					"component_groups": [
						"minecraft:minecar"
					]
				},
				"remove": {
					"component_groups": [
						"minecraft:bugfixer"
					]
				}
			},
			"rmplaysmcyt:turn_black": {
				"add": {
					"component_groups": [
						"minecraft:black"
					]
				}
			},
			"rmplaysmcyt:turn_white": {
				"add": {
					"component_groups": [
						"minecraft:white"
					]
				}
			},
			"rmplaysmcyt:turn_orange": {
				"add": {
					"component_groups": [
						"minecraft:orange"
					]
				}
			},
			"rmplaysmcyt:turn_magenta": {
				"add": {
					"component_groups": [
						"minecraft:magenta"
					]
				}
			},
			"rmplaysmcyt:turn_light_blue": {
				"add": {
					"component_groups": [
						"minecraft:light_blue"
					]
				}
			},
			"rmplaysmcyt:turn_yellow": {
				"add": {
					"component_groups": [
						"minecraft:yellow"
					]
				}
			},
			"rmplaysmcyt:turn_lime": {
				"add": {
					"component_groups": [
						"minecraft:lime"
					]
				}
			},
			"rmplaysmcyt:turn_pink": {
				"add": {
					"component_groups": [
						"minecraft:pink"
					]
				}
			},
			"rmplaysmcyt:turn_gray": {
				"add": {
					"component_groups": [
						"minecraft:gray"
					]
				}
			},
			"rmplaysmcyt:turn_silver": {
				"add": {
					"component_groups": [
						"minecraft:silver"
					]
				}
			},
			"rmplaysmcyt:turn_cyan": {
				"add": {
					"component_groups": [
						"minecraft:cyan"
					]
				}
			},
			"rmplaysmcyt:turn_purple": {
				"add": {
					"component_groups": [
						"minecraft:purple"
					]
				}
			},
			"rmplaysmcyt:turn_blue": {
				"add": {
					"component_groups": [
						"minecraft:blue"
					]
				}
			},
			"rmplaysmcyt:turn_brown": {
				"add": {
					"component_groups": [
						"minecraft:brown"
					]
				}
			},
			"rmplaysmcyt:turn_green": {
				"add": {
					"component_groups": [
						"minecraft:green"
					]
				}
			},
			"rmplaysmcyt:turn_red": {
				"add": {
					"component_groups": [
						"minecraft:red"
					]
				}
			}
		},
		"minecraft:entity": {}
	}
}