{
	"format_version": "1.16.0",
	"minecraft:entity": {
		"description": {
			"identifier": "simple_vehicles:corolla",
			"is_spawnable": true,
			"is_summonable": true,
			"is_experimental": false
		},
		"component_groups": {
			"minecraft:corolla": {
				"minecraft:is_tamed": {},
				"minecraft:equippable": {
					"slots": [
						{
							"slot": 0,
							"item": "simple_vehicles:key",
							"accepted_items": [
								"simple_vehicles:key"
							],
							"on_equip": {
								"event": "minecraft:donkey_saddled",
								"target": "self"
							},
							"on_unequip": {
								"event": "minecraft:donkey_unsaddled",
								"target": "self"
							}
						}
					]
				},
				"minecraft:rideable": {
					"seat_count": 4,
					"crouching_skip_interact": true,
					"family_types": [
						"player"
					],
					"interact_text": "Drive",
					"seats": [
						{
							"position": [0.6, 0.3, 0.5]
						},
						{
							"position": [-0.6, 0.3, 0.5]
						},
						{
							"position": [0.6, 0.3, -0.4]
						},
						{
							"position": [-0.6, 0.3, -0.4]
						}
					]
				}
			},
			"minecraft:donkey_saddled": {
				"minecraft:is_saddled": {},
				"minecraft:input_ground_controlled": {},
				"minecraft:can_power_jump": {}
			},
			"rmplaysmcyt:black": {
				"minecraft:variant": {
					"value": 0
				}
			},
			"rmplaysmcyt:white": {
				"minecraft:variant": {
					"value": 1
				}
			},
			"rmplaysmcyt:orange": {
				"minecraft:variant": {
					"value": 2
				}
			},
			"rmplaysmcyt:magenta": {
				"minecraft:variant": {
					"value": 3
				}
			},
			"rmplaysmcyt:light_blue": {
				"minecraft:variant": {
					"value": 4
				}
			},
			"rmplaysmcyt:yellow": {
				"minecraft:variant": {
					"value": 5
				}
			},
			"rmplaysmcyt:lime": {
				"minecraft:variant": {
					"value": 6
				}
			},
			"rmplaysmcyt:pink": {
				"minecraft:variant": {
					"value": 7
				}
			},
			"rmplaysmcyt:gray": {
				"minecraft:variant": {
					"value": 8
				}
			},
			"rmplaysmcyt:silver": {
				"minecraft:variant": {
					"value": 9
				}
			},
			"rmplaysmcyt:cyan": {
				"minecraft:variant": {
					"value": 10
				}
			},
			"rmplaysmcyt:purple": {
				"minecraft:variant": {
					"value": 11
				}
			},
			"rmplaysmcyt:blue": {
				"minecraft:variant": {
					"value": 12
				}
			},
			"rmplaysmcyt:brown": {
				"minecraft:variant": {
					"value": 13
				}
			},
			"rmplaysmcyt:green": {
				"minecraft:variant": {
					"value": 14
				}
			},
			"rmplaysmcyt:red": {
				"minecraft:variant": {
					"value": 15
				}
			}
		},
		"components": {
			"minecraft:experience_reward": {
				"on_death": "math.min(query.player_level*7,100)"
			},
			"minecraft:scale": {
				"value": 1.1
			},
			"minecraft:type_family": {
				"family": [
					"aspire",
					"corolla"
				]
			},
			"minecraft:collision_box": {
				"width": 2.5,
				"height": 1.9
			},
			"minecraft:health": {
				"value": {
					"range_min": 15,
					"range_max": 30
				}
			},
			"minecraft:hurt_on_condition": {
				"damage_conditions": [
					{
						"filters": {
							"test": "in_lava",
							"subject": "self",
							"operator": "==",
							"value": true
						},
						"cause": "lava",
						"damage_per_tick": 4
					}
				]
			},
			"minecraft:inventory": {
				"inventory_size": 16,
				"container_type": "horse"
			},
			"minecraft:movement": {
				"value": 0.175
			},
			"minecraft:navigation.walk": {
				"can_path_over_water": true,
				"avoid_damage_blocks": true
			},
			"minecraft:movement.basic": {},
			"minecraft:jump.static": {},
			"minecraft:nameable": {},
			"minecraft:horse.jump_strength": {
				"value": 0.5
			},
			"minecraft:leashable": {
				"soft_distance": 4,
				"hard_distance": 6,
				"max_distance": 10
			},
			"minecraft:balloonable": {},
			"minecraft:behavior.float": {
				"priority": 0
			},
			"minecraft:physics": {},
			"minecraft:pushable": {
				"is_pushable": true,
				"is_pushable_by_piston": true
			},
			"minecraft:healable": {
				"items": [
					{
						"item": "rmplaysmc:wrench",
						"heal_amount": 100,
						"effects": [
							{
								"name": "absorption",
								"chance": 0.8,
								"duration": 5,
								"amplifier": 5
							}
						]
					}
				],
				"force_use": true
			},
			"minecraft:loot": {
				"table": "loot_tables/entities/corolla.json"
			},
			"minecraft:interact": {
				"interactions": [
					{
						"on_interact": {
							"filters": {
								"all_of": [
									{
										"all_of": [
											{
												"test": "has_equipment",
												"subject": "other",
												"domain": "hand",
												"value": "simple_vehicles:black_spray"
											}
										]
									},
									{
										"test": "is_family",
										"subject": "other",
										"value": "player"
									},
									{
										"test": "has_ability",
										"subject": "other",
										"value": "instabuild"
									}
								]
							},
							"event": "rmplaysmcyt:turn_black"
						},
						"use_item": true,
						"interact_text": "Paint on it!"
					},
					{
						"on_interact": {
							"filters": {
								"all_of": [
									{
										"all_of": [
											{
												"test": "has_equipment",
												"subject": "other",
												"domain": "hand",
												"value": "simple_vehicles:white_spray"
											}
										]
									},
									{
										"test": "is_family",
										"subject": "other",
										"value": "player"
									},
									{
										"test": "has_ability",
										"subject": "other",
										"value": "instabuild"
									}
								]
							},
							"event": "rmplaysmcyt:turn_white"
						},
						"use_item": true,
						"interact_text": "Paint on it!"
					},
					{
						"on_interact": {
							"filters": {
								"all_of": [
									{
										"all_of": [
											{
												"test": "has_equipment",
												"subject": "other",
												"domain": "hand",
												"value": "simple_vehicles:orange_spray"
											}
										]
									},
									{
										"test": "is_family",
										"subject": "other",
										"value": "player"
									},
									{
										"test": "has_ability",
										"subject": "other",
										"value": "instabuild"
									}
								]
							},
							"event": "rmplaysmcyt:turn_orange"
						},
						"use_item": true,
						"interact_text": "Paint on it!"
					},
					{
						"on_interact": {
							"filters": {
								"all_of": [
									{
										"all_of": [
											{
												"test": "has_equipment",
												"subject": "other",
												"domain": "hand",
												"value": "simple_vehicles:magenta_spray"
											}
										]
									},
									{
										"test": "is_family",
										"subject": "other",
										"value": "player"
									},
									{
										"test": "has_ability",
										"subject": "other",
										"value": "instabuild"
									}
								]
							},
							"event": "rmplaysmcyt:turn_magenta"
						},
						"use_item": true,
						"interact_text": "Paint on it!"
					},
					{
						"on_interact": {
							"filters": {
								"all_of": [
									{
										"all_of": [
											{
												"test": "has_equipment",
												"subject": "other",
												"domain": "hand",
												"value": "simple_vehicles:light_blue_spray"
											}
										]
									},
									{
										"test": "is_family",
										"subject": "other",
										"value": "player"
									},
									{
										"test": "has_ability",
										"subject": "other",
										"value": "instabuild"
									}
								]
							},
							"event": "rmplaysmcyt:turn_light_blue"
						},
						"use_item": true,
						"interact_text": "Paint on it!"
					},
					{
						"on_interact": {
							"filters": {
								"all_of": [
									{
										"all_of": [
											{
												"test": "has_equipment",
												"subject": "other",
												"domain": "hand",
												"value": "simple_vehicles:yellow_spray"
											}
										]
									},
									{
										"test": "is_family",
										"subject": "other",
										"value": "player"
									},
									{
										"test": "has_ability",
										"subject": "other",
										"value": "instabuild"
									}
								]
							},
							"event": "rmplaysmcyt:turn_yellow"
						},
						"use_item": true,
						"interact_text": "Paint on it!"
					},
					{
						"on_interact": {
							"filters": {
								"all_of": [
									{
										"all_of": [
											{
												"test": "has_equipment",
												"subject": "other",
												"domain": "hand",
												"value": "simple_vehicles:lime_spray"
											}
										]
									},
									{
										"test": "is_family",
										"subject": "other",
										"value": "player"
									},
									{
										"test": "has_ability",
										"subject": "other",
										"value": "instabuild"
									}
								]
							},
							"event": "rmplaysmcyt:turn_lime"
						},
						"use_item": true,
						"interact_text": "Paint on it!"
					},
					{
						"on_interact": {
							"filters": {
								"all_of": [
									{
										"all_of": [
											{
												"test": "has_equipment",
												"subject": "other",
												"domain": "hand",
												"value": "simple_vehicles:pink_spray"
											}
										]
									},
									{
										"test": "is_family",
										"subject": "other",
										"value": "player"
									},
									{
										"test": "has_ability",
										"subject": "other",
										"value": "instabuild"
									}
								]
							},
							"event": "rmplaysmcyt:turn_pink"
						},
						"use_item": true,
						"interact_text": "Paint on it!"
					},
					{
						"on_interact": {
							"filters": {
								"all_of": [
									{
										"all_of": [
											{
												"test": "has_equipment",
												"subject": "other",
												"domain": "hand",
												"value": "simple_vehicles:gray_spray"
											}
										]
									},
									{
										"test": "is_family",
										"subject": "other",
										"value": "player"
									},
									{
										"test": "has_ability",
										"subject": "other",
										"value": "instabuild"
									}
								]
							},
							"event": "rmplaysmcyt:turn_gray"
						},
						"use_item": true,
						"interact_text": "Paint on it!"
					},
					{
						"on_interact": {
							"filters": {
								"all_of": [
									{
										"all_of": [
											{
												"test": "has_equipment",
												"subject": "other",
												"domain": "hand",
												"value": "simple_vehicles:silver_spray"
											}
										]
									},
									{
										"test": "is_family",
										"subject": "other",
										"value": "player"
									},
									{
										"test": "has_ability",
										"subject": "other",
										"value": "instabuild"
									}
								]
							},
							"event": "rmplaysmcyt:turn_silver"
						},
						"use_item": true,
						"interact_text": "Paint on it!"
					},
					{
						"on_interact": {
							"filters": {
								"all_of": [
									{
										"all_of": [
											{
												"test": "has_equipment",
												"subject": "other",
												"domain": "hand",
												"value": "simple_vehicles:cyan_spray"
											}
										]
									},
									{
										"test": "is_family",
										"subject": "other",
										"value": "player"
									},
									{
										"test": "has_ability",
										"subject": "other",
										"value": "instabuild"
									}
								]
							},
							"event": "rmplaysmcyt:turn_cyan"
						},
						"use_item": true,
						"interact_text": "Paint on it!"
					},
					{
						"on_interact": {
							"filters": {
								"all_of": [
									{
										"all_of": [
											{
												"test": "has_equipment",
												"subject": "other",
												"domain": "hand",
												"value": "simple_vehicles:purple_spray"
											}
										]
									},
									{
										"test": "is_family",
										"subject": "other",
										"value": "player"
									},
									{
										"test": "has_ability",
										"subject": "other",
										"value": "instabuild"
									}
								]
							},
							"event": "rmplaysmcyt:turn_purple"
						},
						"use_item": true,
						"interact_text": "Paint on it!"
					},
					{
						"on_interact": {
							"filters": {
								"all_of": [
									{
										"all_of": [
											{
												"test": "has_equipment",
												"subject": "other",
												"domain": "hand",
												"value": "simple_vehicles:blue_spray"
											}
										]
									},
									{
										"test": "is_family",
										"subject": "other",
										"value": "player"
									},
									{
										"test": "has_ability",
										"subject": "other",
										"value": "instabuild"
									}
								]
							},
							"event": "rmplaysmcyt:turn_blue"
						},
						"use_item": true,
						"interact_text": "Paint on it!"
					},
					{
						"on_interact": {
							"filters": {
								"all_of": [
									{
										"all_of": [
											{
												"test": "has_equipment",
												"subject": "other",
												"domain": "hand",
												"value": "simple_vehicles:brown_spray"
											}
										]
									},
									{
										"test": "is_family",
										"subject": "other",
										"value": "player"
									},
									{
										"test": "has_ability",
										"subject": "other",
										"value": "instabuild"
									}
								]
							},
							"event": "rmplaysmcyt:turn_brown"
						},
						"use_item": true,
						"interact_text": "Paint on it!"
					},
					{
						"on_interact": {
							"filters": {
								"all_of": [
									{
										"all_of": [
											{
												"test": "has_equipment",
												"subject": "other",
												"domain": "hand",
												"value": "simple_vehicles:green_spray"
											}
										]
									},
									{
										"test": "is_family",
										"subject": "other",
										"value": "player"
									},
									{
										"test": "has_ability",
										"subject": "other",
										"value": "instabuild"
									}
								]
							},
							"event": "rmplaysmcyt:turn_green"
						},
						"use_item": true,
						"interact_text": "Paint on it!"
					},
					{
						"on_interact": {
							"filters": {
								"all_of": [
									{
										"all_of": [
											{
												"test": "has_equipment",
												"subject": "other",
												"domain": "hand",
												"value": "simple_vehicles:red_spray"
											}
										]
									},
									{
										"test": "is_family",
										"subject": "other",
										"value": "player"
									},
									{
										"test": "has_ability",
										"subject": "other",
										"value": "instabuild"
									}
								]
							},
							"event": "rmplaysmcyt:turn_red"
						},
						"use_item": true,
						"interact_text": "Paint on it!"
					}
				]
			}
		},
		"events": {
			"minecraft:entity_spawned": {
				"sequence": [
					{
						"randomize": [
							{
								"weight": 100,
								"add": {
									"component_groups": [
										"minecraft:corolla"
									]
								}
							}
						]
					},
					{
						"randomize": [
							{
								"add": {
									"component_groups": [
										"rmplaysmcyt:black"
									]
								}
							},
							{
								"add": {
									"component_groups": [
										"rmplaysmcyt:white"
									]
								}
							},
							{
								"add": {
									"component_groups": [
										"rmplaysmcyt:orange"
									]
								}
							},
							{
								"add": {
									"component_groups": [
										"rmplaysmcyt:magenta"
									]
								}
							},
							{
								"add": {
									"component_groups": [
										"rmplaysmcyt:light_blue"
									]
								}
							},
							{
								"add": {
									"component_groups": [
										"rmplaysmcyt:yellow"
									]
								}
							},
							{
								"add": {
									"component_groups": [
										"rmplaysmcyt:lime"
									]
								}
							},
							{
								"add": {
									"component_groups": [
										"rmplaysmcyt:pink"
									]
								}
							},
							{
								"add": {
									"component_groups": [
										"rmplaysmcyt:gray"
									]
								}
							},
							{
								"add": {
									"component_groups": [
										"rmplaysmcyt:silver"
									]
								}
							},
							{
								"add": {
									"component_groups": [
										"rmplaysmcyt:cyan"
									]
								}
							},
							{
								"add": {
									"component_groups": [
										"rmplaysmcyt:purple"
									]
								}
							},
							{
								"add": {
									"component_groups": [
										"rmplaysmcyt:blue"
									]
								}
							},
							{
								"add": {
									"component_groups": [
										"rmplaysmcyt:brown"
									]
								}
							},
							{
								"add": {
									"component_groups": [
										"rmplaysmcyt:green"
									]
								}
							},
							{
								"add": {
									"component_groups": [
										"rmplaysmcyt:red"
									]
								}
							}
						]
					}
				]
			},
			"minecraft:donkey_saddled": {
				"add": {
					"component_groups": [
						"minecraft:donkey_saddled"
					]
				}
			},
			"minecraft:donkey_unsaddled": {
				"remove": {
					"component_groups": [
						"minecraft:donkey_saddled"
					]
				}
			},
			"rmplaysmcyt:turn_black": {
				"add": {
					"component_groups": [
						"rmplaysmcyt:black"
					]
				}
			},
			"rmplaysmcyt:turn_white": {
				"add": {
					"component_groups": [
						"rmplaysmcyt:white"
					]
				}
			},
			"rmplaysmcyt:turn_orange": {
				"add": {
					"component_groups": [
						"rmplaysmcyt:orange"
					]
				}
			},
			"rmplaysmcyt:turn_magenta": {
				"add": {
					"component_groups": [
						"rmplaysmcyt:magenta"
					]
				}
			},
			"rmplaysmcyt:turn_light_blue": {
				"add": {
					"component_groups": [
						"rmplaysmcyt:light_blue"
					]
				}
			},
			"rmplaysmcyt:turn_yellow": {
				"add": {
					"component_groups": [
						"rmplaysmcyt:yellow"
					]
				}
			},
			"rmplaysmcyt:turn_lime": {
				"add": {
					"component_groups": [
						"rmplaysmcyt:lime"
					]
				}
			},
			"rmplaysmcyt:turn_pink": {
				"add": {
					"component_groups": [
						"rmplaysmcyt:pink"
					]
				}
			},
			"rmplaysmcyt:turn_gray": {
				"add": {
					"component_groups": [
						"rmplaysmcyt:gray"
					]
				}
			},
			"rmplaysmcyt:turn_silver": {
				"add": {
					"component_groups": [
						"rmplaysmcyt:silver"
					]
				}
			},
			"rmplaysmcyt:turn_cyan": {
				"add": {
					"component_groups": [
						"rmplaysmcyt:cyan"
					]
				}
			},
			"rmplaysmcyt:turn_purple": {
				"add": {
					"component_groups": [
						"rmplaysmcyt:purple"
					]
				}
			},
			"rmplaysmcyt:turn_blue": {
				"add": {
					"component_groups": [
						"rmplaysmcyt:blue"
					]
				}
			},
			"rmplaysmcyt:turn_brown": {
				"add": {
					"component_groups": [
						"rmplaysmcyt:brown"
					]
				}
			},
			"rmplaysmcyt:turn_green": {
				"add": {
					"component_groups": [
						"rmplaysmcyt:green"
					]
				}
			},
			"rmplaysmcyt:turn_red": {
				"add": {
					"component_groups": [
						"rmplaysmcyt:red"
					]
				}
			}
		}
	}
}