{
	"format_version": "1.8.0",
	"minecraft:entity": {
		"description": {
			"identifier": "simple_vehicles:fire_truck",
			"is_spawnable": true,
			"is_summonable": true,
			"is_experimental": false
		},
		"component_groups": {
			"minecraft:ranger": {
				"minecraft:is_tamed": {},
				"minecraft:rideable": {
					"priority": 0,
					"seat_count": 4,
					"crouching_skip_interact": true,
					"family_types": [
						"player"
					],
					"interact_text": "Drive",
					"seats": [
						{
							"position": [
								0.6,
								1,
								0.9
							]
						},
						{
							"position": [
								-0.6,
								1,
								0.9
							]
						},
						{
							"position": [
								-0.6,
								1,
								0
							]
						},
						{
							"position": [
								0.6,
								1,
								0
							]
						}
					]
				}
			},
			"minecraft:bugfixer": {
				"minecraft:timer": {
					"time": [
						0.1,
						0.1
					],
					"looping": false,
					"time_down_event": {
						"event": "minecraft:bugfix",
						"target": "self"
					}
				}
			},
			"minecraft:horse_saddled": {
				"minecraft:input_ground_controlled": {},
				"minecraft:can_power_jump": {},
				"minecraft:behavior.player_ride_tamed": {}
			}
		},
		"components": {
			"minecraft:scale": {
				"value": 1
			},
			"minecraft:equippable": {
				"slots": [
					{
						"slot": 0,
						"item": "simple_vehicles:key",
						"accepted_items": [
							"simple_vehicles:key"
						],
						"on_equip": {
							"event": "minecraft:horse_saddled"
						},
						"on_unequip": {
							"event": "minecraft:horse_unsaddled"
						}
					},
					{
						"slot": 1,
						"item": "horsearmoriron",
						"accepted_items": [
							"horsearmorleather",
							"horsearmoriron",
							"horsearmorgold",
							"horsearmordiamond"
						]
					}
				]
			},
			"minecraft:type_family": {
				"family": [
					"fire_truck"
				]
			},
			"minecraft:breathable": {
				"totalSupply": 15,
				"suffocateTime": 0
			},
			"minecraft:collision_box": {
				"width": 2,
				"height": 2
			},
			"minecraft:health": {
				"value": {
					"range_min": 15,
					"range_max": 15
				}
			},
			"minecraft:inventory": {
				"inventory_size": 15,
				"container_type": "horse",
				"private": false
			},
			"minecraft:fall_damage": {
				"value": 0
			},
			"minecraft:movement": {
				"value": {
					"range_min": 0.1125,
					"range_max": 0.3375
				}
			},
			"minecraft:loot": {
				"table": "loot_tables/entities/fire_truck.json"
			},
			"minecraft:navigation.walk": {
				"can_path_over_water": true,
				"avoid_water": false,
				"avoid_damage_blocks": true
			},
			"minecraft:movement.basic": {},
			"minecraft:jump.static": {},
			"minecraft:nameable": {},
			"minecraft:horse.jump_strength": {
				"value": {
					"range_min": 0.4,
					"range_max": 1
				}
			},
			"minecraft:balloonable": {},
			"minecraft:behavior.float": {
				"priority": 0
			},
			"minecraft:is_chested": {},
			"minecraft:physics": {},
			"minecraft:healable": {
				"items": [
					{
						"item": "rmplaysmc:wrench",
						"heal_amount": 100,
						"effects": [
							{
								"name": "absorption",
								"chance": 0.8,
								"duration": 5,
								"amplifier": 5
							}
						]
					}
				],
				"force_use": true
			}
		},
		"events": {
			"minecraft:entity_spawned": {
				"randomize": [
					{
						"weight": 360,
						"add": {
							"component_groups": [
								"minecraft:ranger"
							]
						}
					}
				]
			},
			"minecraft:horse_saddled": {
				"add": {
					"component_groups": [
						"minecraft:horse_saddled"
					]
				}
			},
			"minecraft:horse_unsaddled": {
				"add": {
					"component_groups": [
						"minecraft:bugfixer"
					]
				},
				"remove": {
					"component_groups": [
						"minecraft:horse_saddled"
					]
				}
			},
			"minecraft:bugfix": {
				"add": {
					"component_groups": [
						"minecraft:ranger"
					]
				},
				"remove": {
					"component_groups": [
						"minecraft:bugfixer"
					]
				}
			}
		}
	}
}