{
	"format_version": "1.14.0",
	"minecraft:entity": {
		"description": {
			"identifier": "simple_vehicles:ford_mustang_blue",
			"is_spawnable": true,
			"is_summonable": true,
			"is_experimental": false
		},
		"component_groups": {
			"minecraft:ranger": {
				"minecraft:is_tamed": {},
				"minecraft:rideable": {
					"seat_count": 2,
					"family_types": [
						"player"
					],
					"seats": [
						{
							"position": [
								0.5,
								0.15,
								0
							]
						},
						{
							"position": [
								-0.5,
								0.15,
								0
							]
						}
					],
					"interact_text": "Hop in",
					"rider_can_interact": true,
					"controlling_seat": 0,
					"pull_in_entities": false
				}
			},
			"minecraft:planex": {
				"minecraft:spell_effects": {
					"add_effects": [
						{
							"effect": "slow_falling",
							"amplifier": 255,
							"visible": false,
							"ambient": false,
							"duration": 9999
						},
						{
							"effect": "speed",
							"amplifier": 5,
							"visible": false,
							"ambient": false,
							"duration": 9999
						}
					]
				}
			},
			"minecraft:bugfixer": {
				"minecraft:timer": {
					"time": [
						0.1,
						0.1
					],
					"looping": false,
					"time_down_event": {
						"event": "minecraft:bugfix",
						"target": "self"
					}
				}
			},
			"minecraft:horse_saddled": {
				"minecraft:input_ground_controlled": {},
				"minecraft:can_power_jump": {},
				"minecraft:behavior.player_ride_tamed": {}
			},
			"minecraft:blue": {
				"minecraft:variant": {
					"value": 0
				}
			},
			"minecraft:red": {
				"minecraft:variant": {
					"value": 1
				}
			}
		},
		"components": {
			"minecraft:scale": {
				"value": 1.1
			},
			"minecraft:equippable": {
				"slots": [
					{
						"slot": 0,
						"item": "simple_vehicles:key",
						"accepted_items": [
							"simple_vehicles:key"
						],
						"on_equip": {
							"event": "minecraft:horse_saddled"
						},
						"on_unequip": {
							"event": "minecraft:horse_unsaddled"
						}
					}
				]
			},
			"minecraft:type_family": {
				"family": [
					"aspire",
					"mustang"
				]
			},
			"minecraft:breathable": {
				"totalSupply": 15,
				"suffocateTime": 0
			},
			"minecraft:collision_box": {
				"width": 2,
				"height": 2
			},
			"minecraft:health": {
				"value": {
					"range_min": 15,
					"range_max": 15
				}
			},
			"minecraft:inventory": {
				"inventory_size": 15,
				"container_type": "horse",
				"private": false
			},
			"minecraft:movement": {
				"value": {
					"range_min": 0.1125,
					"range_max": 0.3375
				}
			},
			"minecraft:loot": {
				"table": "loot_tables/entities/mustang.json"
			},
			"minecraft:navigation.walk": {
				"can_path_over_water": true,
				"avoid_water": false
			},
			"minecraft:movement.basic": {},
			"minecraft:jump.static": {},
			"minecraft:nameable": {},
			"minecraft:horse.jump_strength": {
				"value": {
					"range_min": 0.4,
					"range_max": 0.6
				}
			},
			"minecraft:balloonable": {},
			"minecraft:behavior.float": {
				"priority": 0
			},
			"minecraft:is_chested": {},
			"minecraft:physics": {},
			"minecraft:damage_sensor": {
				"triggers": [
					{
						"cause": "fall"
					}
				]
			},
			"minecraft:healable": {
				"items": [
					{
						"item": "rmplaysmc:wrench",
						"heal_amount": 100,
						"effects": [
							{
								"name": "absorption",
								"chance": 0.8,
								"duration": 5,
								"amplifier": 5
							}
						]
					}
				],
				"force_use": true
			}
		},
		"events": {
			"minecraft:entity_spawned": {
				"sequence": [
					{
						"randomize": [
							{
								"weight": 100,
								"add": {
									"component_groups": [
										"minecraft:ranger"
									]
								}
							}
						]
					},
					{
						"randomize": [
							{
								"weight": 100,
								"add": {
									"component_groups": [
										"minecraft:blue"
									]
								}
							},
							{
								"weight": 100,
								"add": {
									"component_groups": [
										"minecraft:red"
									]
								}
							}
						]
					}
				]
			},
			"minecraft:horse_saddled": {
				"add": {
					"component_groups": [
						"minecraft:horse_saddled"
					]
				}
			},
			"minecraft:horse_unsaddled": {
				"add": {
					"component_groups": [
						"minecraft:bugfixer"
					]
				},
				"remove": {
					"component_groups": [
						"minecraft:horse_saddled"
					]
				}
			},
			"minecraft:bugfix": {
				"add": {
					"component_groups": [
						"minecraft:ranger"
					]
				},
				"remove": {
					"component_groups": [
						"minecraft:bugfixer"
					]
				}
			}
		},
		"minecraft:entity": {}
	}
}