{
	"format_version": "1.13.0",
	"minecraft:entity": {
		"description": {
			"identifier": "simple_vehicles:plane",
			"is_spawnable": true,
			"is_summonable": true,
			"is_experimental": false,
			"scripts": {
				"animate": [
					{
						"fly": "1"
					},
					{
						"remove_effect": "1"
					}
				]
			},
			"animations": {
				"fly": "controller.animation.plane.fly",
				"remove_effect": "controller.animation.plane.remove_effect"
			}
		},
		"component_groups": {
			"minecraft:ranger": {
				"minecraft:is_tamed": {},
				"minecraft:rideable": {
					"seat_count": 4,
					"family_types": [
						"player"
					],
					"seats": [
						{
							"position": [
								0,
								0.6,
								0.85
							]
						},
						{
							"position": [
								0,
								0.6,
								-0.1
							]
						},
						{
							"position": [
								0,
								0.6,
								-0.95
							]
						},
						{
							"position": [
								0,
								0.6,
								-1.7
							]
						}
					],
					"interact_text": "Hop in",
					"rider_can_interact": true,
					"controlling_seat": 0,
					"pull_in_entities": false
				}
			},
			"minecraft:bugfixer": {
				"minecraft:timer": {
					"time": [
						0.1,
						0.1
					],
					"looping": false,
					"time_down_event": {
						"event": "minecraft:bugfix",
						"target": "self"
					}
				}
			},
			"minecraft:horse_saddled": {
				"minecraft:input_ground_controlled": {},
				"minecraft:can_power_jump": {},
				"minecraft:behavior.player_ride_tamed": {}
			}
		},
		"components": {
			"minecraft:scale": {
				"value": 1
			},
			"minecraft:equippable": {
				"slots": [
					{
						"slot": 0,
						"item": "simple_vehicles:key",
						"accepted_items": [
							"simple_vehicles:key"
						],
						"on_equip": {
							"event": "minecraft:horse_saddled"
						},
						"on_unequip": {
							"event": "minecraft:horse_unsaddled"
						}
					}
				]
			},
			"minecraft:type_family": {
				"family": [
					"aspire",
					"plane",
					"vehicles"
				]
			},
			"minecraft:breathable": {
				"totalSupply": 15,
				"suffocateTime": 0
			},
			"minecraft:collision_box": {
				"width": 7,
				"height": 1.6
			},
			"minecraft:health": {
				"value": {
					"range_min": 15,
					"range_max": 15
				}
			},
			"minecraft:inventory": {
				"inventory_size": 15,
				"container_type": "horse",
				"private": false
			},
			"minecraft:movement": {
				"value": {
					"range_min": 0.1125,
					"range_max": 0.3375
				}
			},
			"minecraft:loot": {
				"table": "loot_tables/entities/plane.json"
			},
			"minecraft:navigation.walk": {
				"can_path_over_water": true,
				"avoid_water": false,
				"avoid_damage_blocks": true,
				"is_amphibious": true
			},
			"minecraft:movement.basic": {},
			"minecraft:jump.static": {},
			"minecraft:nameable": {},
			"minecraft:horse.jump_strength": {
				"value": {
					"range_min": 0.4,
					"range_max": 0.6
				}
			},
			"minecraft:balloonable": {},
			"minecraft:behavior.float": {
				"priority": 0
			},
			"minecraft:is_chested": {},
			"minecraft:physics": {},
			"minecraft:damage_sensor": {
				"triggers": [
					{
						"cause": "fall"
					}
				]
			}
		},
		"events": {
			"minecraft:entity_spawned": {
				"randomize": [
					{
						"weight": 360,
						"add": {
							"component_groups": [
								"minecraft:ranger"
							]
						}
					}
				]
			},
			"minecraft:horse_saddled": {
				"add": {
					"component_groups": [
						"minecraft:horse_saddled"
					]
				}
			},
			"minecraft:horse_unsaddled": {
				"add": {
					"component_groups": [
						"minecraft:bugfixer"
					]
				},
				"remove": {
					"component_groups": [
						"minecraft:horse_saddled"
					]
				}
			},
			"minecraft:bugfix": {
				"add": {
					"component_groups": [
						"minecraft:ranger"
					]
				},
				"remove": {
					"component_groups": [
						"minecraft:bugfixer"
					]
				}
			}
		}
	}
}