{
	"format_version": "1.13.0",
	"minecraft:entity": {
		"description": {
			"identifier": "simple_vehicles:tractor",
			"runtime_identifier": {},
			"is_summonable": true,
			"is_spawnable": true
		},
		"component_groups": {
			"minecraft:corolla": {
				"minecraft:is_tamed": {},
				"minecraft:equippable": {
					"slots": [
						{
							"slot": 0,
							"item": "simple_vehicles:key",
							"accepted_items": [
								"simple_vehicles:key"
							],
							"on_equip": {
								"event": "minecraft:donkey_saddled"
							},
							"on_unequip": {
								"event": "minecraft:donkey_unsaddled"
							}
						}
					]
				},
				"minecraft:rideable": {
					"priority": 0,
					"seat_count": 1,
					"crouching_skip_interact": true,
					"family_types": [
						"player"
					],
					"interact_text": "Drive",
					"seats": [
						{
							"position": [
								0,
								0.9,
								-0.2
							]
						}
					],
					"minecraft:behavior.player_ride_tamed": {}
				}
			},
			"minecraft:donkey_saddled": {
				"minecraft:is_saddled": {},
				"minecraft:input_ground_controlled": {},
				"minecraft:can_power_jump": {}
			}
		},
		"components": {
			"minecraft:experience_reward": {
				"on_death": "math.min(query.player_level*7,100)"
			},
			"minecraft:scale": {
				"value": 1.1
			},
			"minecraft:type_family": {
				"family": [
					"aspire",
					"tractor",
					"vehicles"
				]
			},
			"minecraft:collision_box": {
				"width": 3,
				"height": 1.6
			},
			"minecraft:health": {
				"value": {
					"range_min": 15,
					"range_max": 30
				}
			},
			"minecraft:hurt_on_condition": {
				"damage_conditions": [
					{
						"filters": {
							"test": "in_lava",
							"subject": "self",
							"operator": "==",
							"value": true
						},
						"cause": "lava",
						"damage_per_tick": 4
					}
				]
			},
			"minecraft:inventory": {
				"inventory_size": 16,
				"container_type": "horse"
			},
			"minecraft:movement": {
				"value": 0.175
			},
			"minecraft:navigation.walk": {
				"can_path_over_water": true,
				"avoid_damage_blocks": true
			},
			"minecraft:movement.basic": {},
			"minecraft:jump.static": {},
			"minecraft:nameable": {},
			"minecraft:horse.jump_strength": {
				"value": 0.5
			},
			"minecraft:leashable": {
				"soft_distance": 4,
				"hard_distance": 6,
				"max_distance": 10
			},
			"minecraft:balloonable": {},
			"minecraft:behavior.float": {
				"priority": 0
			},
			"minecraft:physics": {},
			"minecraft:pushable": {
				"is_pushable": true,
				"is_pushable_by_piston": true
			},
			"minecraft:loot": {
				"table": "loot_tables/entities/simple_vehicles/tractor.json"
			}
		},
		"events": {
			"minecraft:entity_spawned": {
				"randomize": [
					{
						"weight": 80,
						"add": {
							"component_groups": [
								"minecraft:corolla"
							]
						}
					}
				]
			},
			"minecraft:donkey_saddled": {
				"add": {
					"component_groups": [
						"minecraft:donkey_saddled"
					]
				}
			},
			"minecraft:donkey_unsaddled": {
				"remove": {
					"component_groups": [
						"minecraft:donkey_saddled"
					]
				}
			}
		}
	}
}