{
    "format_version": "1.16.100",
    "minecraft:entity": {
        "description": {
            "identifier": "simple_vehicles:metro_rail_loco",
            "is_summonable": true,
            "is_experimental": false,
            "is_spawnable": true
        },
        "component_groups": {
            "simple_vehicles:locomotive":{
                "minecraft:rideable": {
                    "controlling_seat": 1,
                    "crouching_skip_interact": true,
                    "family_types": [
                        "player"
                    ],
                    "interact_text": "Ride!!",
                    "pull_in_entities": false,
                    "rider_can_interact": false,
                    "seat_count": 1,
                    "seats": [
                        {
                            "position": [0, 0.4, 0.6]
                        }
                    ]
                }
            },
            "simple_vehicles:activated":{
                "minecraft:input_ground_controlled": {},
                "minecraft:movement": {
                    "value": 0.15
                },
                "minecraft:can_power_jump": {},
                "minecraft:horse.jump_strength": {
                    "value": 0.2
                }
            }
        },
        "components": {
            "minecraft:equippable": {
                "slots": [
                    {
                        "slot": 0,
                        "accepted_items": [
                            "simple_vehicles:key"
                        ],
                        "item": "simple_vehicles:key",
                        "on_equip": {
                            "event": "simple_vehicles:activated",
                            "target": "self"
                        },
                        "on_unequip": {
                            "event": "simple_vehicles:deactivated",
                            "target": "self"
                        }
                    }
                ]
            },
            "minecraft:health": {
                "value": 100
            },
            "minecraft:type_family": {
                "family": [
                    "metro_rail_loco2",
                    "metro_rail_carrier2"
                ]
            },
            "minecraft:damage_sensor": {
                "triggers":{
                    "cause": "fall",
                    "deals_damage": false
                }
            },
            "minecraft:collision_box": {
                "width": 4,
                "height": 2.3
            },
"minecraft:custom_hit_test": {
    "hitboxes": [
		{
			"width": 2.8,
			"height": 2.3,
			"pivot": [0, 1.15, -1.1]
		},
        {
			"width": 2.8,
			"height": 2.3,
			"pivot": [0, 1.15, 0.1]
		}
    ]
},
"minecraft:movement.generic": {},
"minecraft:navigation.generic": {
    "is_amphibious": true
},
"minecraft:knockback_resistance": {
    "value": 1
},
"minecraft:push_through": {
    "value": 1
},
"minecraft:is_chested": {},
"minecraft:inventory": {
    "inventory_size": 10,
    "container_type": "horse"
},
"minecraft:behavior.float": {
    "priority": 0
},
"minecraft:healable": {
    "items": [
        {
            "item": "simple_vehicles:wrench",
            "heal_amount": 100
        }
    ],
    "force_use": true
},
"minecraft:physics": {
    "has_collision": true
}
        },
        "events": {
"minecraft:entity_spawned": {
    "sequence": [
        {
            "randomize": [
                {
                    "weight": 10,
                    "add": {
                        "component_groups": [
                            "simple_vehicles:locomotive"
                        ]
                    }
                }
            ]
        }
    ]
},
"simple_vehicles:activated":{
    "add": {
        "component_groups": [
            "simple_vehicles:activated"
        ]
    }
},
"simple_vehicles:deactivated": {
    "remove": {
        "component_groups": [
            "simple_vehicles:activated"
        ]
    }
}
        }
    }
}