{
    "format_version": "1.13.0",
    "minecraft:entity": {
        "description": {
            "identifier": "simple_vehicles:metro_rail_carrier",
            "is_spawnable": true,
            "is_summonable": true,
            "is_experimental": false
        },
        "components": {
            "minecraft:type_family": {
                "family": [
                    "metro_rail_carrier2"
                ]
            },
            "minecraft:rideable": {
                "controlling_seat": 1,
                "crouching_skip_interact": true,
                "family_types": [
                    "player"
                ],
                "interact_text": "Ride!!",
                "pull_in_entities": false,
                "rider_can_interact": false,
                "seat_count": 1,
                "seats": [
                    {
                        "position": [0, 0.4, -0.5]
                    }
                ]
            },
            "minecraft:is_stackable": {
            },
            "minecraft:behavior.ranged_attack": {
                "attack_interval_min": 0,
                "attack_interval_max": 0,
                "attack_radius": 2.9
            },
            "minecraft:collision_box": {
                "width": 4,
                "height": 2.3
            },
            "minecraft:jump.static": {},
            "minecraft:can_climb": {},
            "minecraft:behavior.nearest_attackable_target": {
                "priority": 2,
                "entity_types":[
                    {
                        "filters":{
                            "any_of": [
                                {
                                    "test": "is_family",
                                    "subject": "other",
                                    "value": "metro_rail_carrier2"
                                }
                            ]
                        },
                        "max_dist": 10
                    }
                ],
                "must_see": true
            },
            "minecraft:movement": {
                "value": 0.4
            },
            "minecraft:shooter": {
                "type": "Arrow",
                "def": "minecraft:arrow"
            },
            "minecraft:navigation.generic": {
                "is_amphibious": true
            },
            "minecraft:movement.basic": {},
            "minecraft:damage_sensor":{
                "triggers":[
                    {
                        "on_damage": {
                            "filters":{
                                "test": "is_family",
                                "subject": "self",
                                "value": "metro_rail_carrier2"
                            }
                        },
                        "deals_damage": false
                    }
                ]
            },
            "minecraft:physics": {
                "has_collision": true
            },
            "minecraft:behavior.float": {
                "priority": 0
            }
        }
    }
}