{
	"format_version": "1.10.0",
	"minecraft:client_entity": {
		"description": {
			"identifier": "simple_vehicles:century",
			"materials": {
				"default": "aspire"
			},
			"textures": {
				"default": "textures/entity/century_luxury"
			},
			"geometry": {
				"default": "geometry.century_luxury"
			},
			"spawn_egg": {
				"texture": "century_luxury_spawn_egg",
				"texture_index": 0
			},
			"animations": {
				"move": "animation.car_v2.move",
				"turn": "animation.century_luxury.turn",
				"general": "controller.animation.vehicle.v_turn"
			},
			"scripts": {
				"animate": [
					{
						"move": "query.modified_move_speed"
					},
					"general"
				]
			},
			"render_controllers": [
				"controller.render.corolla"
			]
		}
	}
}