{
	"format_version": "1.10.0",
	"minecraft:client_entity": {
		"description": {
			"identifier": "simple_vehicles:van_v2",
			"materials": {
				"default": "aspire"
			},
			"textures": {
				"black": "textures/entity/van_v2/van_black",
				"white": "textures/entity/van_v2/van_white",
				"orange": "textures/entity/van_v2/van_orange",
				"magenta": "textures/entity/van_v2/van_magenta",
				"light_blue": "textures/entity/van_v2/van_light_blue",
				"yellow": "textures/entity/van_v2/yellow",
				"lime": "textures/entity/van_v2/lime",
				"pink": "textures/entity/van_v2/pink",
				"gray": "textures/entity/van_v2/gray",
				"silver": "textures/entity/van_v2/silver",
				"cyan": "textures/entity/van_v2/cyan",
				"purple": "textures/entity/van_v2/purple",
				"blue": "textures/entity/van_v2",
				"brown": "textures/entity/van_v2/brown",
				"green": "textures/entity/van_v2/van_v2_green",
				"red": "textures/entity/van_v2/van_red"
			},
			"geometry": {
				"default": "geometry.van_v2"
			},
			"spawn_egg": {
				"texture": "van_v2",
				"texture_index": 0
			},
			"animations": {
				"move": "animation.car_v2.move",
				"turn": "animation.van_v2.turn",
				"general": "controller.animation.vehicle.v_turn"
			},
			"scripts": {
				"animate": [
					{
						"move": "query.modified_move_speed"
					},
					"general"
				]
			},
			"render_controllers": [
				"controller.render.van_v2"
			]
		}
	}
}