{
	"format_version": "1.12.0",
	"minecraft:geometry": [
		{
			"description": {
				"identifier": "geometry.corolla_v1.7.2",
				"texture_width": 256,
				"texture_height": 256,
				"visible_bounds_width": 6,
				"visible_bounds_height": 4.5,
				"visible_bounds_offset": [0, 0.75, 0]
			},
			"bones": [
				{
					"name": "body",
					"pivot": [0, 0, 0],
					"cubes": [
						{"origin": [-19, 4, -14], "size": [38, 2, 32], "uv": [0, 0]},
						{"origin": [18, 4, -16], "size": [1, 16, 2], "uv": [0, 0]},
						{"origin": [18, 4, -34], "size": [1, 16, 2], "uv": [0, 0]},
						{"origin": [17.68813, 4, -38.76868], "size": [1, 15, 5], "pivot": [18.18813, 12.5, -34.76868], "rotation": [0, 20, 0], "uv": [0, 0]},
						{"origin": [15.76409, 4, -43.14311], "size": [1, 13, 5], "pivot": [16.26409, 12.5, -39.14311], "rotation": [0, 40, 0], "uv": [0, 0]},
						{"origin": [18, 15, -32], "size": [1, 5, 16], "uv": [0, 0]}
					]
				}
			]
		}
	]
}