{
	"format_version": "1.12.0",
	"minecraft:geometry": [
		{
			"description": {
				"identifier": "geometry.grummanllv",
				"texture_width": 512,
				"texture_height": 512,
				"visible_bounds_width": 10,
				"visible_bounds_height": 5,
				"visible_bounds_offset": [
					0,
					1.5,
					0
				]
			},
			"bones": [
				{
					"name": "body",
					"pivot": [
						0,
						4,
						3
					],
					"cubes": [
						{
							"origin": [
								-18,
								5,
								-8
							],
							"size": [
								36,
								3,
								33
							],
							"uv": [
								192,
								0
							]
						},
						{
							"origin": [
								-18,
								5,
								25
							],
							"size": [
								36,
								4,
								2
							],
							"uv": [
								138,
								166
							]
						},
						{
							"origin": [
								-18,
								5,
								24
							],
							"size": [
								36,
								4,
								2
							],
							"uv": [
								138,
								166
							]
						},
						{
							"origin": [
								-11,
								5,
								27
							],
							"size": [
								22,
								4,
								19
							],
							"uv": [
								160,
								96
							]
						},
						{
							"origin": [
								-16,
								5,
								46
							],
							"size": [
								32,
								4,
								22
							],
							"uv": [
								0,
								68
							]
						},
						{
							"origin": [
								11,
								15.69615,
								30.59808
							],
							"size": [
								7,
								1,
								9
							],
							"inflate": -0.001,
							"uv": [
								196,
								352
							]
						},
						{
							"origin": [
								-18,
								15.69615,
								30.59808
							],
							"size": [
								7,
								1,
								9
							],
							"uv": [
								142,
								352
							]
						},
						{
							"origin": [
								11,
								4.69615,
								30.59808
							],
							"size": [
								2,
								11,
								9
							],
							"uv": [
								174,
								352
							]
						},
						{
							"origin": [
								-13,
								4.69615,
								30.59808
							],
							"size": [
								2,
								11,
								9
							],
							"uv": [
								120,
								352
							]
						},
						{
							"origin": [
								11,
								4.69615,
								39.59808
							],
							"size": [
								2,
								10,
								6
							],
							"uv": [
								114,
								372
							]
						},
						{
							"origin": [
								-13,
								4.69615,
								39.59808
							],
							"size": [
								2,
								10,
								6
							],
							"uv": [
								98,
								372
							]
						},
						{
							"origin": [
								13,
								4.69615,
								43.59808
							],
							"size": [
								3,
								10,
								2
							],
							"uv": [
								54,
								424
							]
						},
						{
							"origin": [
								-16,
								4.69615,
								43.59808
							],
							"size": [
								3,
								10,
								2
							],
							"uv": [
								44,
								424
							]
						},
						{
							"origin": [
								-13,
								4.69615,
								26.59808
							],
							"size": [
								2,
								10,
								4
							],
							"uv": [
								44,
								402
							]
						},
						{
							"origin": [
								11,
								4.69615,
								26.59808
							],
							"size": [
								2,
								10,
								4
							],
							"uv": [
								32,
								402
							]
						},
						{
							"origin": [
								11,
								10.23205,
								24.86603
							],
							"size": [
								7,
								4,
								1
							],
							"pivot": [
								0,
								10.23205,
								26.86603
							],
							"rotation": [
								-30,
								0,
								0
							],
							"uv": [
								112,
								429
							]
						},
						{
							"origin": [
								-18,
								10.23205,
								24.86603
							],
							"size": [
								7,
								4,
								1
							],
							"pivot": [
								0,
								10.23205,
								26.86603
							],
							"rotation": [
								-30,
								0,
								0
							],
							"uv": [
								64,
								424
							]
						},
						{
							"origin": [
								11,
								11.73205,
								43.9282
							],
							"size": [
								7,
								4,
								1
							],
							"pivot": [
								0,
								11.73205,
								45.9282
							],
							"rotation": [
								30,
								0,
								0
							],
							"uv": [
								96,
								424
							]
						},
						{
							"origin": [
								-18,
								11.73205,
								43.9282
							],
							"size": [
								7,
								4,
								1
							],
							"pivot": [
								0,
								11.73205,
								45.9282
							],
							"rotation": [
								30,
								0,
								0
							],
							"uv": [
								80,
								424
							]
						},
						{
							"origin": [
								11,
								16.83013,
								21.43782
							],
							"size": [
								7,
								4,
								1
							],
							"pivot": [
								0,
								10.83013,
								22.43782
							],
							"rotation": [
								-60,
								0,
								0
							],
							"uv": [
								112,
								424
							]
						},
						{
							"origin": [
								-18,
								16.83013,
								21.43782
							],
							"size": [
								7,
								4,
								1
							],
							"pivot": [
								0,
								10.83013,
								22.43782
							],
							"rotation": [
								-60,
								0,
								0
							],
							"uv": [
								64,
								429
							]
						},
						{
							"origin": [
								11,
								17.69615,
								47.25833
							],
							"size": [
								7,
								4,
								1
							],
							"pivot": [
								0,
								11.69615,
								48.25833
							],
							"rotation": [
								60,
								0,
								0
							],
							"uv": [
								96,
								429
							]
						},
						{
							"origin": [
								-18,
								17.69615,
								47.25833
							],
							"size": [
								7,
								4,
								1
							],
							"pivot": [
								0,
								11.69615,
								48.25833
							],
							"rotation": [
								60,
								0,
								0
							],
							"uv": [
								80,
								429
							]
						},
						{
							"origin": [
								-18,
								9,
								24
							],
							"size": [
								36,
								28,
								3
							],
							"uv": [
								0,
								96
							]
						},
						{
							"origin": [
								16,
								5,
								44
							],
							"size": [
								2,
								32,
								13
							],
							"uv": [
								0,
								264
							]
						},
						{
							"origin": [
								16,
								5,
								57
							],
							"size": [
								2,
								4,
								12
							],
							"uv": [
								92,
								352
							]
						},
						{
							"origin": [
								-18,
								5,
								57
							],
							"size": [
								2,
								4,
								12
							],
							"uv": [
								64,
								352
							]
						},
						{
							"origin": [
								-18,
								5,
								44
							],
							"size": [
								2,
								32,
								13
							],
							"uv": [
								156,
								219
							]
						},
						{
							"origin": [
								-17.5,
								5.98902,
								48.81495
							],
							"size": [
								2,
								40,
								13
							],
							"pivot": [
								-18,
								29.98902,
								55.31495
							],
							"rotation": [
								15,
								0,
								0
							],
							"uv": [
								108,
								166
							]
						},
						{
							"origin": [
								-16,
								5.98902,
								57.81495
							],
							"size": [
								6,
								40,
								3
							],
							"pivot": [
								-18,
								29.98902,
								55.31495
							],
							"rotation": [
								15,
								0,
								0
							],
							"uv": [
								0,
								309
							]
						},
						{
							"origin": [
								-10,
								35.98902,
								57.81495
							],
							"size": [
								20,
								10,
								3
							],
							"pivot": [
								-18,
								29.98902,
								55.31495
							],
							"rotation": [
								15,
								0,
								0
							],
							"uv": [
								52,
								336
							]
						},
						{
							"origin": [
								10,
								5.98902,
								57.81495
							],
							"size": [
								6,
								40,
								3
							],
							"pivot": [
								-18,
								29.98902,
								55.31495
							],
							"rotation": [
								15,
								0,
								0
							],
							"uv": [
								154,
								264
							]
						},
						{
							"origin": [
								15.5,
								5.98902,
								48.81495
							],
							"size": [
								2,
								40,
								13
							],
							"pivot": [
								-18,
								29.98902,
								55.31495
							],
							"rotation": [
								15,
								0,
								0
							],
							"uv": [
								78,
								166
							]
						},
						{
							"origin": [
								-18,
								16,
								27
							],
							"size": [
								2,
								21,
								17
							],
							"inflate": 0.001,
							"uv": [
								118,
								219
							]
						},
						{
							"origin": [
								16,
								16,
								27
							],
							"size": [
								2,
								21,
								17
							],
							"inflate": 0.001,
							"uv": [
								80,
								219
							]
						},
						{
							"origin": [
								16,
								15,
								41
							],
							"size": [
								2,
								1,
								3
							],
							"uv": [
								198,
								440
							]
						},
						{
							"origin": [
								-18,
								15,
								41
							],
							"size": [
								2,
								1,
								3
							],
							"uv": [
								168,
								440
							]
						},
						{
							"origin": [
								16,
								15,
								27
							],
							"size": [
								2,
								1,
								3
							],
							"uv": [
								188,
								440
							]
						},
						{
							"origin": [
								-18,
								15,
								27
							],
							"size": [
								2,
								1,
								3
							],
							"uv": [
								178,
								440
							]
						},
						{
							"origin": [
								16,
								13,
								43
							],
							"size": [
								2,
								2,
								1
							],
							"uv": [
								54,
								448
							]
						},
						{
							"origin": [
								-18,
								13,
								43
							],
							"size": [
								2,
								2,
								1
							],
							"uv": [
								54,
								445
							]
						},
						{
							"origin": [
								-15,
								8,
								-3
							],
							"size": [
								16,
								6,
								10
							],
							"uv": [
								102,
								264
							]
						},
						{
							"origin": [
								-15,
								14,
								5
							],
							"size": [
								16,
								12,
								2
							],
							"uv": [
								98,
								324
							]
						},
						{
							"origin": [
								-19,
								37.12616,
								-0.54763
							],
							"size": [
								38,
								10,
								58
							],
							"uv": [
								0,
								0
							]
						},
						{
							"origin": [
								-17.7,
								38.12616,
								-15.54763
							],
							"size": [
								2,
								2,
								14
							],
							"uv": [
								32,
								352
							]
						},
						{
							"origin": [
								15.7,
								38.12616,
								-15.54763
							],
							"size": [
								2,
								2,
								14
							],
							"uv": [
								0,
								352
							]
						},
						{
							"origin": [
								-20,
								31.12616,
								-15.54763
							],
							"size": [
								6,
								7,
								1
							],
							"uv": [
								30,
								424
							]
						},
						{
							"origin": [
								14,
								31.12616,
								-15.54763
							],
							"size": [
								6,
								7,
								1
							],
							"uv": [
								16,
								424
							]
						},
						{
							"origin": [
								-8,
								17.56538,
								-36.88943
							],
							"size": [
								16,
								3,
								25
							],
							"pivot": [
								-10,
								15.06538,
								-17.88943
							],
							"rotation": [
								15,
								0,
								0
							],
							"uv": [
								220,
								68
							]
						},
						{
							"origin": [
								7.61799,
								15.94456,
								-33.41772
							],
							"size": [
								10,
								2,
								21
							],
							"pivot": [
								15.61799,
								16.44456,
								-22.91772
							],
							"rotation": [
								14.78217,
								-2.57594,
								9.6658
							],
							"uv": [
								140,
								143
							]
						},
						{
							"origin": [
								6.41081,
								13.67481,
								-35.26968
							],
							"size": [
								11,
								2,
								5
							],
							"pivot": [
								12.41081,
								14.17481,
								-32.76968
							],
							"rotation": [
								16.2373,
								-24.27811,
								3.51689
							],
							"uv": [
								0,
								379
							]
						},
						{
							"origin": [
								7.19865,
								4.56383,
								-35.46506
							],
							"size": [
								11,
								10,
								2
							],
							"pivot": [
								12.69865,
								9.56383,
								-34.46506
							],
							"rotation": [
								0,
								-22.5,
								0
							],
							"uv": [
								48,
								384
							]
						},
						{
							"origin": [
								-18.19865,
								4.56383,
								-35.46506
							],
							"size": [
								11,
								10,
								2
							],
							"pivot": [
								-12.69865,
								9.56383,
								-34.46506
							],
							"rotation": [
								0,
								22.5,
								0
							],
							"uv": [
								48,
								372
							]
						},
						{
							"origin": [
								-8,
								4.56383,
								-37.4937
							],
							"size": [
								16,
								10,
								5
							],
							"uv": [
								98,
								309
							]
						},
						{
							"origin": [
								-17.70914,
								16.95095,
								-33.68738
							],
							"size": [
								10,
								2,
								21
							],
							"pivot": [
								-9.70914,
								17.45095,
								-23.18738
							],
							"rotation": [
								14.78217,
								2.57594,
								-9.66579
							],
							"uv": [
								78,
								143
							]
						},
						{
							"origin": [
								-17.59924,
								13.52316,
								-35.20728
							],
							"size": [
								11,
								2,
								5
							],
							"pivot": [
								-12.59924,
								14.02316,
								-33.20728
							],
							"rotation": [
								16.2373,
								24.27811,
								-3.51689
							],
							"uv": [
								0,
								372
							]
						},
						{
							"origin": [
								-18,
								16.56538,
								-31.88943
							],
							"size": [
								36,
								2,
								20
							],
							"pivot": [
								0,
								15.06538,
								-17.88943
							],
							"rotation": [
								15,
								0,
								0
							],
							"uv": [
								108,
								68
							]
						},
						{
							"origin": [
								-18,
								14.56538,
								-16.88943
							],
							"size": [
								36,
								3,
								3
							],
							"pivot": [
								0,
								15.06538,
								-17.88943
							],
							"rotation": [
								15,
								0,
								0
							],
							"uv": [
								0,
								166
							]
						},
						{
							"origin": [
								15,
								8,
								7
							],
							"size": [
								3,
								29,
								1
							],
							"uv": [
								40,
								372
							]
						},
						{
							"origin": [
								-18,
								8,
								7
							],
							"size": [
								3,
								29,
								1
							],
							"uv": [
								32,
								372
							]
						},
						{
							"origin": [
								17,
								20,
								-11
							],
							"size": [
								0,
								17,
								18
							],
							"uv": [
								30,
								264
							]
						},
						{
							"origin": [
								15,
								8,
								8
							],
							"size": [
								2,
								29,
								16
							],
							"uv": [
								0,
								219
							]
						},
						{
							"origin": [
								-17,
								8,
								8
							],
							"size": [
								2,
								29,
								16
							],
							"uv": [
								138,
								172
							]
						},
						{
							"origin": [
								-18,
								4.56383,
								-33.28418
							],
							"size": [
								36,
								10,
								2
							],
							"uv": [
								230,
								127
							]
						},
						{
							"origin": [
								-18,
								5,
								-15
							],
							"size": [
								36,
								14,
								2
							],
							"uv": [
								80,
								127
							]
						},
						{
							"origin": [
								-12,
								5,
								-32
							],
							"size": [
								24,
								9,
								17
							],
							"uv": [
								78,
								96
							]
						},
						{
							"origin": [
								-18,
								5,
								-13
							],
							"size": [
								36,
								15,
								1
							],
							"uv": [
								156,
								127
							]
						},
						{
							"origin": [
								-18,
								5,
								-12
							],
							"size": [
								36,
								15,
								4
							],
							"uv": [
								242,
								96
							]
						},
						{
							"origin": [
								-18,
								19.17969,
								-10.29983
							],
							"size": [
								2,
								20,
								4
							],
							"pivot": [
								0,
								25.67969,
								-9.79983
							],
							"rotation": [
								-25,
								0,
								0
							],
							"uv": [
								86,
								372
							]
						},
						{
							"origin": [
								-16,
								19.17969,
								-10.29983
							],
							"size": [
								32,
								20,
								0
							],
							"pivot": [
								0,
								25.67969,
								-9.79983
							],
							"rotation": [
								-25,
								0,
								0
							],
							"uv": [
								202,
								143
							]
						},
						{
							"origin": [
								16,
								19.17969,
								-10.29983
							],
							"size": [
								2,
								20,
								4
							],
							"pivot": [
								0,
								25.67969,
								-9.79983
							],
							"rotation": [
								-25,
								0,
								0
							],
							"uv": [
								74,
								372
							]
						},
						{
							"origin": [
								-18,
								39.17969,
								-10.29983
							],
							"size": [
								36,
								9,
								4
							],
							"pivot": [
								0,
								25.67969,
								-9.79983
							],
							"rotation": [
								-25,
								0,
								0
							],
							"uv": [
								0,
								127
							]
						},
						{
							"origin": [
								-18,
								10.03109,
								-16.55385
							],
							"size": [
								36,
								5,
								3
							],
							"pivot": [
								-16.5,
								12.03109,
								-19.05385
							],
							"rotation": [
								60,
								0,
								0
							],
							"uv": [
								0,
								151
							]
						},
						{
							"origin": [
								-18,
								8.44615,
								-15.33494
							],
							"size": [
								36,
								5,
								3
							],
							"pivot": [
								-16.5,
								10.44615,
								-17.83494
							],
							"rotation": [
								30,
								0,
								0
							],
							"uv": [
								0,
								143
							]
						},
						{
							"origin": [
								16,
								8,
								-8
							],
							"size": [
								2,
								12,
								15
							],
							"uv": [
								18,
								309
							]
						}
					]
				},
				{
					"name": "bone",
					"parent": "body",
					"pivot": [
						-18,
						29.98902,
						55.31495
					],
					"cubes": [
						{
							"origin": [
								-10,
								5.98902,
								57.81495
							],
							"size": [
								20,
								30,
								2
							],
							"pivot": [
								-18,
								29.98902,
								55.31495
							],
							"rotation": [
								15,
								0,
								0
							],
							"uv": [
								36,
								219
							]
						}
					]
				},
				{
					"name": "steer",
					"parent": "body",
					"pivot": [
						-7.19534,
						18.61004,
						-11.3
					],
					"rotation": [
						15,
						0,
						0
					],
					"cubes": [
						{
							"origin": [
								-10.36603,
								14.63397,
								-6
							],
							"size": [
								2,
								1,
								2
							],
							"pivot": [
								-9.86603,
								15.5,
								-6
							],
							"rotation": [
								0,
								0,
								30
							],
							"uv": [
								46,
								448
							]
						},
						{
							"origin": [
								-5.13397,
								22.23205,
								-6
							],
							"size": [
								2,
								1,
								2
							],
							"pivot": [
								-4.63397,
								23.09808,
								-6
							],
							"rotation": [
								0,
								0,
								30
							],
							"uv": [
								30,
								445
							]
						},
						{
							"origin": [
								-10.86603,
								16.23205,
								-6
							],
							"size": [
								2,
								1,
								2
							],
							"pivot": [
								-10.86603,
								17.23205,
								-6
							],
							"rotation": [
								0,
								0,
								60
							],
							"uv": [
								46,
								445
							]
						},
						{
							"origin": [
								-3.26795,
								21.4641,
								-6
							],
							"size": [
								2,
								1,
								2
							],
							"pivot": [
								-3.26795,
								22.4641,
								-6
							],
							"rotation": [
								0,
								0,
								60
							],
							"uv": [
								30,
								448
							]
						},
						{
							"origin": [
								-3.26795,
								16.73205,
								-6
							],
							"size": [
								1,
								4,
								2
							],
							"uv": [
								16,
								445
							]
						},
						{
							"origin": [
								-11.73205,
								16.73205,
								-6
							],
							"size": [
								1,
								4,
								2
							],
							"uv": [
								10,
								445
							]
						},
						{
							"origin": [
								-11.03205,
								17.73205,
								-6
							],
							"size": [
								8,
								2,
								2
							],
							"uv": [
								52,
								416
							]
						},
						{
							"origin": [
								-8.03205,
								17.73205,
								-12
							],
							"size": [
								2,
								2,
								6
							],
							"uv": [
								36,
								416
							]
						},
						{
							"origin": [
								-9,
								14,
								-6
							],
							"size": [
								4,
								1,
								2
							],
							"uv": [
								68,
								440
							]
						},
						{
							"origin": [
								-9,
								22.4641,
								-6
							],
							"size": [
								4,
								1,
								2
							],
							"uv": [
								56,
								440
							]
						},
						{
							"origin": [
								-5.25,
								13.93301,
								-6
							],
							"size": [
								2,
								1,
								2
							],
							"pivot": [
								-5.25,
								14.43301,
								-5
							],
							"rotation": [
								0,
								0,
								-30
							],
							"uv": [
								38,
								448
							]
						},
						{
							"origin": [
								-10.48205,
								21.53109,
								-6
							],
							"size": [
								2,
								1,
								2
							],
							"pivot": [
								-10.48205,
								22.03109,
								-5
							],
							"rotation": [
								0,
								0,
								-30
							],
							"uv": [
								22,
								448
							]
						},
						{
							"origin": [
								-3.70096,
								14.75,
								-6
							],
							"size": [
								2,
								1,
								2
							],
							"pivot": [
								-3.70096,
								15.25,
								-5
							],
							"rotation": [
								0,
								0,
								-60
							],
							"uv": [
								38,
								445
							]
						},
						{
							"origin": [
								-11.29904,
								19.98205,
								-6
							],
							"size": [
								2,
								1,
								2
							],
							"pivot": [
								-11.29904,
								20.48205,
								-5
							],
							"rotation": [
								0,
								0,
								-60
							],
							"uv": [
								22,
								445
							]
						},
						{
							"origin": [
								4,
								1,
								3
							],
							"size": [
								1,
								1,
								1
							],
							"uv": [
								60,
								445
							]
						}
					]
				},
				{
					"name": "door",
					"parent": "body",
					"pivot": [
						-17,
						17.25,
						-8.25
					],
					"cubes": [
						{
							"origin": [
								-18,
								8,
								-8
							],
							"size": [
								2,
								12,
								15
							],
							"uv": [
								52,
								309
							]
						},
						{
							"origin": [
								-17,
								20,
								-11
							],
							"size": [
								0,
								17,
								18
							],
							"uv": [
								66,
								264
							]
						}
					]
				},
				{
					"name": "leg1",
					"pivot": [
						14.34286,
						7.46308,
						-23
					],
					"cubes": [
						{
							"origin": [
								12,
								0,
								-25
							],
							"size": [
								5,
								3,
								4
							],
							"uv": [
								92,
								409
							]
						},
						{
							"origin": [
								12,
								4,
								-24
							],
							"size": [
								5,
								2,
								2
							],
							"uv": [
								154,
								436
							]
						},
						{
							"origin": [
								12,
								11.9282,
								-25
							],
							"size": [
								5,
								3,
								4
							],
							"uv": [
								92,
								402
							]
						},
						{
							"origin": [
								12,
								2.9282,
								-25
							],
							"size": [
								4,
								9,
								4
							],
							"uv": [
								0,
								402
							]
						},
						{
							"origin": [
								12,
								8.9282,
								-24
							],
							"size": [
								5,
								2,
								2
							],
							"uv": [
								140,
								436
							]
						},
						{
							"origin": [
								12,
								5.4641,
								-18.5359
							],
							"size": [
								5,
								4,
								3
							],
							"uv": [
								152,
								416
							]
						},
						{
							"origin": [
								12,
								6.4641,
								-19.5359
							],
							"size": [
								4,
								2,
								1
							],
							"uv": [
								238,
								440
							]
						},
						{
							"origin": [
								12,
								6.4641,
								-21.5359
							],
							"size": [
								5,
								2,
								2
							],
							"uv": [
								126,
								436
							]
						},
						{
							"origin": [
								12,
								5.4641,
								-30.4641
							],
							"size": [
								5,
								4,
								3
							],
							"uv": [
								136,
								416
							]
						},
						{
							"origin": [
								12,
								6.4641,
								-27.4641
							],
							"size": [
								4,
								2,
								1
							],
							"uv": [
								228,
								440
							]
						},
						{
							"origin": [
								12,
								6.4641,
								-26.4641
							],
							"size": [
								5,
								2,
								2
							],
							"uv": [
								112,
								436
							]
						},
						{
							"origin": [
								12,
								8.44615,
								-19.33494
							],
							"size": [
								5,
								4,
								3
							],
							"pivot": [
								12.5,
								10.44615,
								-17.83494
							],
							"rotation": [
								30,
								0,
								0
							],
							"uv": [
								120,
								416
							]
						},
						{
							"origin": [
								12,
								8.44615,
								-20.33494
							],
							"size": [
								4,
								4,
								1
							],
							"pivot": [
								12.5,
								10.44615,
								-17.83494
							],
							"rotation": [
								30,
								0,
								0
							],
							"uv": [
								114,
								440
							]
						},
						{
							"origin": [
								12,
								9.44615,
								-22.33494
							],
							"size": [
								5,
								2,
								2
							],
							"pivot": [
								12.5,
								10.44615,
								-17.83494
							],
							"rotation": [
								30,
								0,
								0
							],
							"uv": [
								98,
								436
							]
						},
						{
							"origin": [
								12,
								2.48205,
								-29.66506
							],
							"size": [
								5,
								4,
								3
							],
							"pivot": [
								12.5,
								4.48205,
								-28.16506
							],
							"rotation": [
								30,
								0,
								0
							],
							"uv": [
								104,
								416
							]
						},
						{
							"origin": [
								12,
								2.48205,
								-26.66506
							],
							"size": [
								4,
								4,
								1
							],
							"pivot": [
								12.5,
								4.48205,
								-28.16506
							],
							"rotation": [
								30,
								0,
								0
							],
							"uv": [
								104,
								440
							]
						},
						{
							"origin": [
								12,
								3.48205,
								-25.66506
							],
							"size": [
								5,
								2,
								2
							],
							"pivot": [
								12.5,
								4.48205,
								-28.16506
							],
							"rotation": [
								30,
								0,
								0
							],
							"uv": [
								84,
								436
							]
						},
						{
							"origin": [
								12,
								0.29904,
								-27.48205
							],
							"size": [
								5,
								4,
								3
							],
							"pivot": [
								12.5,
								2.29904,
								-25.98205
							],
							"rotation": [
								60,
								0,
								0
							],
							"uv": [
								88,
								416
							]
						},
						{
							"origin": [
								12,
								1.29904,
								-24.48205
							],
							"size": [
								4,
								2,
								1
							],
							"pivot": [
								12.5,
								2.29904,
								-25.98205
							],
							"rotation": [
								60,
								0,
								0
							],
							"uv": [
								218,
								440
							]
						},
						{
							"origin": [
								12,
								1.29904,
								-23.48205
							],
							"size": [
								5,
								2,
								2
							],
							"pivot": [
								12.5,
								2.29904,
								-25.98205
							],
							"rotation": [
								60,
								0,
								0
							],
							"uv": [
								70,
								436
							]
						},
						{
							"origin": [
								12,
								10.62917,
								-21.51795
							],
							"size": [
								5,
								4,
								3
							],
							"pivot": [
								12.5,
								12.62917,
								-20.01795
							],
							"rotation": [
								60,
								0,
								0
							],
							"uv": [
								72,
								416
							]
						},
						{
							"origin": [
								12,
								11.62917,
								-22.51795
							],
							"size": [
								4,
								2,
								1
							],
							"pivot": [
								12.5,
								12.62917,
								-20.01795
							],
							"rotation": [
								60,
								0,
								0
							],
							"uv": [
								208,
								440
							]
						},
						{
							"origin": [
								12,
								11.62917,
								-24.51795
							],
							"size": [
								5,
								2,
								2
							],
							"pivot": [
								12.5,
								12.62917,
								-20.01795
							],
							"rotation": [
								60,
								0,
								0
							],
							"uv": [
								56,
								436
							]
						},
						{
							"origin": [
								12,
								0.79904,
								-22.01795
							],
							"size": [
								5,
								3,
								4
							],
							"pivot": [
								12.5,
								2.29904,
								-20.01795
							],
							"rotation": [
								30,
								0,
								0
							],
							"uv": [
								74,
								409
							]
						},
						{
							"origin": [
								12,
								3.79904,
								-21.01795
							],
							"size": [
								4,
								1,
								2
							],
							"pivot": [
								12.5,
								2.29904,
								-20.01795
							],
							"rotation": [
								30,
								0,
								0
							],
							"uv": [
								92,
								440
							]
						},
						{
							"origin": [
								12,
								4.79904,
								-21.01795
							],
							"size": [
								5,
								2,
								2
							],
							"pivot": [
								12.5,
								2.29904,
								-20.01795
							],
							"rotation": [
								30,
								0,
								0
							],
							"uv": [
								42,
								436
							]
						},
						{
							"origin": [
								12,
								11.12917,
								-27.98205
							],
							"size": [
								5,
								3,
								4
							],
							"pivot": [
								12.5,
								12.62917,
								-25.98205
							],
							"rotation": [
								30,
								0,
								0
							],
							"uv": [
								74,
								402
							]
						},
						{
							"origin": [
								12,
								10.12917,
								-26.98205
							],
							"size": [
								4,
								1,
								2
							],
							"pivot": [
								12.5,
								12.62917,
								-25.98205
							],
							"rotation": [
								30,
								0,
								0
							],
							"uv": [
								80,
								440
							]
						},
						{
							"origin": [
								12,
								8.12917,
								-26.98205
							],
							"size": [
								5,
								2,
								2
							],
							"pivot": [
								12.5,
								12.62917,
								-25.98205
							],
							"rotation": [
								30,
								0,
								0
							],
							"uv": [
								28,
								436
							]
						},
						{
							"origin": [
								12,
								2.98205,
								-19.83494
							],
							"size": [
								5,
								3,
								4
							],
							"pivot": [
								12.5,
								4.48205,
								-17.83494
							],
							"rotation": [
								60,
								0,
								0
							],
							"uv": [
								56,
								409
							]
						},
						{
							"origin": [
								12,
								5.98205,
								-19.83494
							],
							"size": [
								4,
								1,
								4
							],
							"pivot": [
								12.5,
								4.48205,
								-17.83494
							],
							"rotation": [
								60,
								0,
								0
							],
							"uv": [
								128,
								429
							]
						},
						{
							"origin": [
								12,
								6.98205,
								-18.83494
							],
							"size": [
								5,
								2,
								2
							],
							"pivot": [
								12.5,
								4.48205,
								-17.83494
							],
							"rotation": [
								60,
								0,
								0
							],
							"uv": [
								14,
								436
							]
						},
						{
							"origin": [
								12,
								8.94615,
								-30.16506
							],
							"size": [
								5,
								3,
								4
							],
							"pivot": [
								12.5,
								10.44615,
								-28.16506
							],
							"rotation": [
								60,
								0,
								0
							],
							"uv": [
								56,
								402
							]
						},
						{
							"origin": [
								12,
								7.94615,
								-30.16506
							],
							"size": [
								4,
								1,
								4
							],
							"pivot": [
								12.5,
								10.44615,
								-28.16506
							],
							"rotation": [
								60,
								0,
								0
							],
							"uv": [
								128,
								424
							]
						},
						{
							"origin": [
								12,
								5.94615,
								-29.16506
							],
							"size": [
								5,
								2,
								2
							],
							"pivot": [
								12.5,
								10.44615,
								-28.16506
							],
							"rotation": [
								60,
								0,
								0
							],
							"uv": [
								0,
								436
							]
						}
					]
				},
				{
					"name": "leg0",
					"pivot": [
						-16.5,
						7.4641,
						-23
					],
					"cubes": [
						{
							"origin": [
								-17,
								0,
								-25
							],
							"size": [
								5,
								3,
								4
							],
							"uv": [
								18,
								416
							]
						},
						{
							"origin": [
								-17,
								4,
								-24
							],
							"size": [
								5,
								2,
								2
							],
							"uv": [
								196,
								436
							]
						},
						{
							"origin": [
								-17,
								11.9282,
								-25
							],
							"size": [
								5,
								3,
								4
							],
							"uv": [
								128,
								402
							]
						},
						{
							"origin": [
								-16,
								2.9282,
								-25
							],
							"size": [
								4,
								9,
								4
							],
							"uv": [
								16,
								402
							]
						},
						{
							"origin": [
								-17,
								8.9282,
								-24
							],
							"size": [
								5,
								2,
								2
							],
							"uv": [
								14,
								440
							]
						},
						{
							"origin": [
								-17,
								5.4641,
								-18.5359
							],
							"size": [
								5,
								4,
								3
							],
							"uv": [
								0,
								424
							]
						},
						{
							"origin": [
								-16,
								6.4641,
								-19.5359
							],
							"size": [
								4,
								2,
								1
							],
							"uv": [
								0,
								445
							]
						},
						{
							"origin": [
								-17,
								6.4641,
								-21.5359
							],
							"size": [
								5,
								2,
								2
							],
							"uv": [
								238,
								436
							]
						},
						{
							"origin": [
								-17,
								5.4641,
								-30.4641
							],
							"size": [
								5,
								4,
								3
							],
							"uv": [
								168,
								416
							]
						},
						{
							"origin": [
								-16,
								6.4641,
								-27.4641
							],
							"size": [
								4,
								2,
								1
							],
							"uv": [
								248,
								440
							]
						},
						{
							"origin": [
								-17,
								6.4641,
								-26.4641
							],
							"size": [
								5,
								2,
								2
							],
							"uv": [
								0,
								440
							]
						},
						{
							"origin": [
								-17,
								8.44615,
								-19.33494
							],
							"size": [
								5,
								4,
								3
							],
							"pivot": [
								-16.5,
								10.44615,
								-17.83494
							],
							"rotation": [
								30,
								0,
								0
							],
							"uv": [
								232,
								416
							]
						},
						{
							"origin": [
								-16,
								8.44615,
								-20.33494
							],
							"size": [
								4,
								4,
								1
							],
							"pivot": [
								-16.5,
								10.44615,
								-17.83494
							],
							"rotation": [
								30,
								0,
								0
							],
							"uv": [
								146,
								440
							]
						},
						{
							"origin": [
								-17,
								9.44615,
								-22.33494
							],
							"size": [
								5,
								2,
								2
							],
							"pivot": [
								-16.5,
								10.44615,
								-17.83494
							],
							"rotation": [
								30,
								0,
								0
							],
							"uv": [
								252,
								436
							]
						},
						{
							"origin": [
								-17,
								2.48205,
								-29.66506
							],
							"size": [
								5,
								4,
								3
							],
							"pivot": [
								-16.5,
								4.48205,
								-28.16506
							],
							"rotation": [
								30,
								0,
								0
							],
							"uv": [
								184,
								416
							]
						},
						{
							"origin": [
								-16,
								2.48205,
								-26.66506
							],
							"size": [
								4,
								4,
								1
							],
							"pivot": [
								-16.5,
								4.48205,
								-28.16506
							],
							"rotation": [
								30,
								0,
								0
							],
							"uv": [
								124,
								440
							]
						},
						{
							"origin": [
								-17,
								3.48205,
								-25.66506
							],
							"size": [
								5,
								2,
								2
							],
							"pivot": [
								-16.5,
								4.48205,
								-28.16506
							],
							"rotation": [
								30,
								0,
								0
							],
							"uv": [
								168,
								436
							]
						},
						{
							"origin": [
								-17,
								0.29904,
								-27.48205
							],
							"size": [
								5,
								4,
								3
							],
							"pivot": [
								-16.5,
								2.29904,
								-25.98205
							],
							"rotation": [
								60,
								0,
								0
							],
							"uv": [
								216,
								416
							]
						},
						{
							"origin": [
								-16,
								1.29904,
								-24.48205
							],
							"size": [
								4,
								2,
								1
							],
							"pivot": [
								-16.5,
								2.29904,
								-25.98205
							],
							"rotation": [
								60,
								0,
								0
							],
							"uv": [
								258,
								440
							]
						},
						{
							"origin": [
								-17,
								1.29904,
								-23.48205
							],
							"size": [
								5,
								2,
								2
							],
							"pivot": [
								-16.5,
								2.29904,
								-25.98205
							],
							"rotation": [
								60,
								0,
								0
							],
							"uv": [
								182,
								436
							]
						},
						{
							"origin": [
								-17,
								10.62917,
								-21.51795
							],
							"size": [
								5,
								4,
								3
							],
							"pivot": [
								-16.5,
								12.62917,
								-20.01795
							],
							"rotation": [
								60,
								0,
								0
							],
							"uv": [
								200,
								416
							]
						},
						{
							"origin": [
								-16,
								11.62917,
								-22.51795
							],
							"size": [
								4,
								2,
								1
							],
							"pivot": [
								-16.5,
								12.62917,
								-20.01795
							],
							"rotation": [
								60,
								0,
								0
							],
							"uv": [
								0,
								448
							]
						},
						{
							"origin": [
								-17,
								11.62917,
								-24.51795
							],
							"size": [
								5,
								2,
								2
							],
							"pivot": [
								-16.5,
								12.62917,
								-20.01795
							],
							"rotation": [
								60,
								0,
								0
							],
							"uv": [
								266,
								436
							]
						},
						{
							"origin": [
								-17,
								0.79904,
								-22.01795
							],
							"size": [
								5,
								3,
								4
							],
							"pivot": [
								-16.5,
								2.29904,
								-20.01795
							],
							"rotation": [
								30,
								0,
								0
							],
							"uv": [
								0,
								416
							]
						},
						{
							"origin": [
								-16,
								3.79904,
								-21.01795
							],
							"size": [
								4,
								1,
								2
							],
							"pivot": [
								-16.5,
								2.29904,
								-20.01795
							],
							"rotation": [
								30,
								0,
								0
							],
							"uv": [
								134,
								440
							]
						},
						{
							"origin": [
								-17,
								4.79904,
								-21.01795
							],
							"size": [
								5,
								2,
								2
							],
							"pivot": [
								-16.5,
								2.29904,
								-20.01795
							],
							"rotation": [
								30,
								0,
								0
							],
							"uv": [
								210,
								436
							]
						},
						{
							"origin": [
								-17,
								11.12917,
								-27.98205
							],
							"size": [
								5,
								3,
								4
							],
							"pivot": [
								-16.5,
								12.62917,
								-25.98205
							],
							"rotation": [
								30,
								0,
								0
							],
							"uv": [
								110,
								402
							]
						},
						{
							"origin": [
								-16,
								10.12917,
								-26.98205
							],
							"size": [
								4,
								1,
								2
							],
							"pivot": [
								-16.5,
								12.62917,
								-25.98205
							],
							"rotation": [
								30,
								0,
								0
							],
							"uv": [
								156,
								440
							]
						},
						{
							"origin": [
								-17,
								8.12917,
								-26.98205
							],
							"size": [
								5,
								2,
								2
							],
							"pivot": [
								-16.5,
								12.62917,
								-25.98205
							],
							"rotation": [
								30,
								0,
								0
							],
							"uv": [
								28,
								440
							]
						},
						{
							"origin": [
								-17,
								2.98205,
								-19.83494
							],
							"size": [
								5,
								3,
								4
							],
							"pivot": [
								-16.5,
								4.48205,
								-17.83494
							],
							"rotation": [
								60,
								0,
								0
							],
							"uv": [
								128,
								409
							]
						},
						{
							"origin": [
								-16,
								5.98205,
								-19.83494
							],
							"size": [
								4,
								1,
								4
							],
							"pivot": [
								-16.5,
								4.48205,
								-17.83494
							],
							"rotation": [
								60,
								0,
								0
							],
							"uv": [
								144,
								424
							]
						},
						{
							"origin": [
								-17,
								6.98205,
								-18.83494
							],
							"size": [
								5,
								2,
								2
							],
							"pivot": [
								-16.5,
								4.48205,
								-17.83494
							],
							"rotation": [
								60,
								0,
								0
							],
							"uv": [
								224,
								436
							]
						},
						{
							"origin": [
								-17,
								8.94615,
								-30.16506
							],
							"size": [
								5,
								3,
								4
							],
							"pivot": [
								-16.5,
								10.44615,
								-28.16506
							],
							"rotation": [
								60,
								0,
								0
							],
							"uv": [
								110,
								409
							]
						},
						{
							"origin": [
								-16,
								7.94615,
								-30.16506
							],
							"size": [
								4,
								1,
								4
							],
							"pivot": [
								-16.5,
								10.44615,
								-28.16506
							],
							"rotation": [
								60,
								0,
								0
							],
							"uv": [
								144,
								429
							]
						},
						{
							"origin": [
								-17,
								5.94615,
								-29.16506
							],
							"size": [
								5,
								2,
								2
							],
							"pivot": [
								-16.5,
								10.44615,
								-28.16506
							],
							"rotation": [
								60,
								0,
								0
							],
							"uv": [
								42,
								440
							]
						}
					]
				},
				{
					"name": "bone2",
					"parent": "leg0",
					"pivot": [
						-16.5,
						10.44615,
						-17.83494
					]
				},
				{
					"name": "leg2",
					"pivot": [
						14.34286,
						7.46308,
						35.4
					],
					"cubes": [
						{
							"origin": [
								12,
								0,
								33.4
							],
							"size": [
								5,
								3,
								4
							],
							"uv": [
								92,
								409
							]
						},
						{
							"origin": [
								12,
								4,
								34.4
							],
							"size": [
								5,
								2,
								2
							],
							"uv": [
								154,
								436
							]
						},
						{
							"origin": [
								12,
								11.9282,
								33.4
							],
							"size": [
								5,
								3,
								4
							],
							"uv": [
								92,
								402
							]
						},
						{
							"origin": [
								12,
								2.9282,
								33.4
							],
							"size": [
								4,
								9,
								4
							],
							"uv": [
								0,
								402
							]
						},
						{
							"origin": [
								12,
								8.9282,
								34.4
							],
							"size": [
								5,
								2,
								2
							],
							"uv": [
								140,
								436
							]
						},
						{
							"origin": [
								12,
								5.4641,
								39.8641
							],
							"size": [
								5,
								4,
								3
							],
							"uv": [
								152,
								416
							]
						},
						{
							"origin": [
								12,
								6.4641,
								38.8641
							],
							"size": [
								4,
								2,
								1
							],
							"uv": [
								238,
								440
							]
						},
						{
							"origin": [
								12,
								6.4641,
								36.8641
							],
							"size": [
								5,
								2,
								2
							],
							"uv": [
								126,
								436
							]
						},
						{
							"origin": [
								12,
								5.4641,
								27.9359
							],
							"size": [
								5,
								4,
								3
							],
							"uv": [
								136,
								416
							]
						},
						{
							"origin": [
								12,
								6.4641,
								30.9359
							],
							"size": [
								4,
								2,
								1
							],
							"uv": [
								228,
								440
							]
						},
						{
							"origin": [
								12,
								6.4641,
								31.9359
							],
							"size": [
								5,
								2,
								2
							],
							"uv": [
								112,
								436
							]
						},
						{
							"origin": [
								12,
								8.44615,
								39.06506
							],
							"size": [
								5,
								4,
								3
							],
							"pivot": [
								12.5,
								10.44615,
								40.56506
							],
							"rotation": [
								30,
								0,
								0
							],
							"uv": [
								120,
								416
							]
						},
						{
							"origin": [
								12,
								8.44615,
								38.06506
							],
							"size": [
								4,
								4,
								1
							],
							"pivot": [
								12.5,
								10.44615,
								40.56506
							],
							"rotation": [
								30,
								0,
								0
							],
							"uv": [
								114,
								440
							]
						},
						{
							"origin": [
								12,
								9.44615,
								36.06506
							],
							"size": [
								5,
								2,
								2
							],
							"pivot": [
								12.5,
								10.44615,
								40.56506
							],
							"rotation": [
								30,
								0,
								0
							],
							"uv": [
								98,
								436
							]
						},
						{
							"origin": [
								12,
								2.48205,
								28.73494
							],
							"size": [
								5,
								4,
								3
							],
							"pivot": [
								12.5,
								4.48205,
								30.23494
							],
							"rotation": [
								30,
								0,
								0
							],
							"uv": [
								104,
								416
							]
						},
						{
							"origin": [
								12,
								2.48205,
								31.73494
							],
							"size": [
								4,
								4,
								1
							],
							"pivot": [
								12.5,
								4.48205,
								30.23494
							],
							"rotation": [
								30,
								0,
								0
							],
							"uv": [
								104,
								440
							]
						},
						{
							"origin": [
								12,
								3.48205,
								32.73494
							],
							"size": [
								5,
								2,
								2
							],
							"pivot": [
								12.5,
								4.48205,
								30.23494
							],
							"rotation": [
								30,
								0,
								0
							],
							"uv": [
								84,
								436
							]
						},
						{
							"origin": [
								12,
								0.29904,
								30.91795
							],
							"size": [
								5,
								4,
								3
							],
							"pivot": [
								12.5,
								2.29904,
								32.41795
							],
							"rotation": [
								60,
								0,
								0
							],
							"uv": [
								88,
								416
							]
						},
						{
							"origin": [
								12,
								1.29904,
								33.91795
							],
							"size": [
								4,
								2,
								1
							],
							"pivot": [
								12.5,
								2.29904,
								32.41795
							],
							"rotation": [
								60,
								0,
								0
							],
							"uv": [
								218,
								440
							]
						},
						{
							"origin": [
								12,
								1.29904,
								34.91795
							],
							"size": [
								5,
								2,
								2
							],
							"pivot": [
								12.5,
								2.29904,
								32.41795
							],
							"rotation": [
								60,
								0,
								0
							],
							"uv": [
								70,
								436
							]
						},
						{
							"origin": [
								12,
								10.62917,
								36.88205
							],
							"size": [
								5,
								4,
								3
							],
							"pivot": [
								12.5,
								12.62917,
								38.38205
							],
							"rotation": [
								60,
								0,
								0
							],
							"uv": [
								72,
								416
							]
						},
						{
							"origin": [
								12,
								11.62917,
								35.88205
							],
							"size": [
								4,
								2,
								1
							],
							"pivot": [
								12.5,
								12.62917,
								38.38205
							],
							"rotation": [
								60,
								0,
								0
							],
							"uv": [
								208,
								440
							]
						},
						{
							"origin": [
								12,
								11.62917,
								33.88205
							],
							"size": [
								5,
								2,
								2
							],
							"pivot": [
								12.5,
								12.62917,
								38.38205
							],
							"rotation": [
								60,
								0,
								0
							],
							"uv": [
								56,
								436
							]
						},
						{
							"origin": [
								12,
								0.79904,
								36.38205
							],
							"size": [
								5,
								3,
								4
							],
							"pivot": [
								12.5,
								2.29904,
								38.38205
							],
							"rotation": [
								30,
								0,
								0
							],
							"uv": [
								74,
								409
							]
						},
						{
							"origin": [
								12,
								3.79904,
								37.38205
							],
							"size": [
								4,
								1,
								2
							],
							"pivot": [
								12.5,
								2.29904,
								38.38205
							],
							"rotation": [
								30,
								0,
								0
							],
							"uv": [
								92,
								440
							]
						},
						{
							"origin": [
								12,
								4.79904,
								37.38205
							],
							"size": [
								5,
								2,
								2
							],
							"pivot": [
								12.5,
								2.29904,
								38.38205
							],
							"rotation": [
								30,
								0,
								0
							],
							"uv": [
								42,
								436
							]
						},
						{
							"origin": [
								12,
								11.12917,
								30.41795
							],
							"size": [
								5,
								3,
								4
							],
							"pivot": [
								12.5,
								12.62917,
								32.41795
							],
							"rotation": [
								30,
								0,
								0
							],
							"uv": [
								74,
								402
							]
						},
						{
							"origin": [
								12,
								10.12917,
								31.41795
							],
							"size": [
								4,
								1,
								2
							],
							"pivot": [
								12.5,
								12.62917,
								32.41795
							],
							"rotation": [
								30,
								0,
								0
							],
							"uv": [
								80,
								440
							]
						},
						{
							"origin": [
								12,
								8.12917,
								31.41795
							],
							"size": [
								5,
								2,
								2
							],
							"pivot": [
								12.5,
								12.62917,
								32.41795
							],
							"rotation": [
								30,
								0,
								0
							],
							"uv": [
								28,
								436
							]
						},
						{
							"origin": [
								12,
								2.98205,
								38.56506
							],
							"size": [
								5,
								3,
								4
							],
							"pivot": [
								12.5,
								4.48205,
								40.56506
							],
							"rotation": [
								60,
								0,
								0
							],
							"uv": [
								56,
								409
							]
						},
						{
							"origin": [
								12,
								5.98205,
								38.56506
							],
							"size": [
								4,
								1,
								4
							],
							"pivot": [
								12.5,
								4.48205,
								40.56506
							],
							"rotation": [
								60,
								0,
								0
							],
							"uv": [
								128,
								429
							]
						},
						{
							"origin": [
								12,
								6.98205,
								39.56506
							],
							"size": [
								5,
								2,
								2
							],
							"pivot": [
								12.5,
								4.48205,
								40.56506
							],
							"rotation": [
								60,
								0,
								0
							],
							"uv": [
								14,
								436
							]
						},
						{
							"origin": [
								12,
								8.94615,
								28.23494
							],
							"size": [
								5,
								3,
								4
							],
							"pivot": [
								12.5,
								10.44615,
								30.23494
							],
							"rotation": [
								60,
								0,
								0
							],
							"uv": [
								56,
								402
							]
						},
						{
							"origin": [
								12,
								7.94615,
								28.23494
							],
							"size": [
								4,
								1,
								4
							],
							"pivot": [
								12.5,
								10.44615,
								30.23494
							],
							"rotation": [
								60,
								0,
								0
							],
							"uv": [
								128,
								424
							]
						},
						{
							"origin": [
								12,
								5.94615,
								29.23494
							],
							"size": [
								5,
								2,
								2
							],
							"pivot": [
								12.5,
								10.44615,
								30.23494
							],
							"rotation": [
								60,
								0,
								0
							],
							"uv": [
								0,
								436
							]
						}
					]
				},
				{
					"name": "leg3",
					"pivot": [
						-16.5,
						7.4641,
						35.4
					],
					"cubes": [
						{
							"origin": [
								-17,
								0,
								33.4
							],
							"size": [
								5,
								3,
								4
							],
							"uv": [
								18,
								416
							]
						},
						{
							"origin": [
								-17,
								4,
								34.4
							],
							"size": [
								5,
								2,
								2
							],
							"uv": [
								196,
								436
							]
						},
						{
							"origin": [
								-17,
								11.9282,
								33.4
							],
							"size": [
								5,
								3,
								4
							],
							"uv": [
								128,
								402
							]
						},
						{
							"origin": [
								-16,
								2.9282,
								33.4
							],
							"size": [
								4,
								9,
								4
							],
							"uv": [
								16,
								402
							]
						},
						{
							"origin": [
								-17,
								8.9282,
								34.4
							],
							"size": [
								5,
								2,
								2
							],
							"uv": [
								14,
								440
							]
						},
						{
							"origin": [
								-17,
								5.4641,
								39.8641
							],
							"size": [
								5,
								4,
								3
							],
							"uv": [
								0,
								424
							]
						},
						{
							"origin": [
								-16,
								6.4641,
								38.8641
							],
							"size": [
								4,
								2,
								1
							],
							"uv": [
								0,
								445
							]
						},
						{
							"origin": [
								-17,
								6.4641,
								36.8641
							],
							"size": [
								5,
								2,
								2
							],
							"uv": [
								238,
								436
							]
						},
						{
							"origin": [
								-17,
								5.4641,
								27.9359
							],
							"size": [
								5,
								4,
								3
							],
							"uv": [
								168,
								416
							]
						},
						{
							"origin": [
								-16,
								6.4641,
								30.9359
							],
							"size": [
								4,
								2,
								1
							],
							"uv": [
								248,
								440
							]
						},
						{
							"origin": [
								-17,
								6.4641,
								31.9359
							],
							"size": [
								5,
								2,
								2
							],
							"uv": [
								0,
								440
							]
						},
						{
							"origin": [
								-17,
								8.44615,
								39.06506
							],
							"size": [
								5,
								4,
								3
							],
							"pivot": [
								-16.5,
								10.44615,
								40.56506
							],
							"rotation": [
								30,
								0,
								0
							],
							"uv": [
								232,
								416
							]
						},
						{
							"origin": [
								-16,
								8.44615,
								38.06506
							],
							"size": [
								4,
								4,
								1
							],
							"pivot": [
								-16.5,
								10.44615,
								40.56506
							],
							"rotation": [
								30,
								0,
								0
							],
							"uv": [
								146,
								440
							]
						},
						{
							"origin": [
								-17,
								9.44615,
								36.06506
							],
							"size": [
								5,
								2,
								2
							],
							"pivot": [
								-16.5,
								10.44615,
								40.56506
							],
							"rotation": [
								30,
								0,
								0
							],
							"uv": [
								252,
								436
							]
						},
						{
							"origin": [
								-17,
								2.48205,
								28.73494
							],
							"size": [
								5,
								4,
								3
							],
							"pivot": [
								-16.5,
								4.48205,
								30.23494
							],
							"rotation": [
								30,
								0,
								0
							],
							"uv": [
								184,
								416
							]
						},
						{
							"origin": [
								-16,
								2.48205,
								31.73494
							],
							"size": [
								4,
								4,
								1
							],
							"pivot": [
								-16.5,
								4.48205,
								30.23494
							],
							"rotation": [
								30,
								0,
								0
							],
							"uv": [
								124,
								440
							]
						},
						{
							"origin": [
								-17,
								3.48205,
								32.73494
							],
							"size": [
								5,
								2,
								2
							],
							"pivot": [
								-16.5,
								4.48205,
								30.23494
							],
							"rotation": [
								30,
								0,
								0
							],
							"uv": [
								168,
								436
							]
						},
						{
							"origin": [
								-17,
								0.29904,
								30.91795
							],
							"size": [
								5,
								4,
								3
							],
							"pivot": [
								-16.5,
								2.29904,
								32.41795
							],
							"rotation": [
								60,
								0,
								0
							],
							"uv": [
								216,
								416
							]
						},
						{
							"origin": [
								-16,
								1.29904,
								33.91795
							],
							"size": [
								4,
								2,
								1
							],
							"pivot": [
								-16.5,
								2.29904,
								32.41795
							],
							"rotation": [
								60,
								0,
								0
							],
							"uv": [
								258,
								440
							]
						},
						{
							"origin": [
								-17,
								1.29904,
								34.91795
							],
							"size": [
								5,
								2,
								2
							],
							"pivot": [
								-16.5,
								2.29904,
								32.41795
							],
							"rotation": [
								60,
								0,
								0
							],
							"uv": [
								182,
								436
							]
						},
						{
							"origin": [
								-17,
								10.62917,
								36.88205
							],
							"size": [
								5,
								4,
								3
							],
							"pivot": [
								-16.5,
								12.62917,
								38.38205
							],
							"rotation": [
								60,
								0,
								0
							],
							"uv": [
								200,
								416
							]
						},
						{
							"origin": [
								-16,
								11.62917,
								35.88205
							],
							"size": [
								4,
								2,
								1
							],
							"pivot": [
								-16.5,
								12.62917,
								38.38205
							],
							"rotation": [
								60,
								0,
								0
							],
							"uv": [
								0,
								448
							]
						},
						{
							"origin": [
								-17,
								11.62917,
								33.88205
							],
							"size": [
								5,
								2,
								2
							],
							"pivot": [
								-16.5,
								12.62917,
								38.38205
							],
							"rotation": [
								60,
								0,
								0
							],
							"uv": [
								266,
								436
							]
						},
						{
							"origin": [
								-17,
								0.79904,
								36.38205
							],
							"size": [
								5,
								3,
								4
							],
							"pivot": [
								-16.5,
								2.29904,
								38.38205
							],
							"rotation": [
								30,
								0,
								0
							],
							"uv": [
								0,
								416
							]
						},
						{
							"origin": [
								-16,
								3.79904,
								37.38205
							],
							"size": [
								4,
								1,
								2
							],
							"pivot": [
								-16.5,
								2.29904,
								38.38205
							],
							"rotation": [
								30,
								0,
								0
							],
							"uv": [
								134,
								440
							]
						},
						{
							"origin": [
								-17,
								4.79904,
								37.38205
							],
							"size": [
								5,
								2,
								2
							],
							"pivot": [
								-16.5,
								2.29904,
								38.38205
							],
							"rotation": [
								30,
								0,
								0
							],
							"uv": [
								210,
								436
							]
						},
						{
							"origin": [
								-17,
								11.12917,
								30.41795
							],
							"size": [
								5,
								3,
								4
							],
							"pivot": [
								-16.5,
								12.62917,
								32.41795
							],
							"rotation": [
								30,
								0,
								0
							],
							"uv": [
								110,
								402
							]
						},
						{
							"origin": [
								-16,
								10.12917,
								31.41795
							],
							"size": [
								4,
								1,
								2
							],
							"pivot": [
								-16.5,
								12.62917,
								32.41795
							],
							"rotation": [
								30,
								0,
								0
							],
							"uv": [
								156,
								440
							]
						},
						{
							"origin": [
								-17,
								8.12917,
								31.41795
							],
							"size": [
								5,
								2,
								2
							],
							"pivot": [
								-16.5,
								12.62917,
								32.41795
							],
							"rotation": [
								30,
								0,
								0
							],
							"uv": [
								28,
								440
							]
						},
						{
							"origin": [
								-17,
								2.98205,
								38.56506
							],
							"size": [
								5,
								3,
								4
							],
							"pivot": [
								-16.5,
								4.48205,
								40.56506
							],
							"rotation": [
								60,
								0,
								0
							],
							"uv": [
								128,
								409
							]
						},
						{
							"origin": [
								-16,
								5.98205,
								38.56506
							],
							"size": [
								4,
								1,
								4
							],
							"pivot": [
								-16.5,
								4.48205,
								40.56506
							],
							"rotation": [
								60,
								0,
								0
							],
							"uv": [
								144,
								424
							]
						},
						{
							"origin": [
								-17,
								6.98205,
								39.56506
							],
							"size": [
								5,
								2,
								2
							],
							"pivot": [
								-16.5,
								4.48205,
								40.56506
							],
							"rotation": [
								60,
								0,
								0
							],
							"uv": [
								224,
								436
							]
						},
						{
							"origin": [
								-17,
								8.94615,
								28.23494
							],
							"size": [
								5,
								3,
								4
							],
							"pivot": [
								-16.5,
								10.44615,
								30.23494
							],
							"rotation": [
								60,
								0,
								0
							],
							"uv": [
								110,
								409
							]
						},
						{
							"origin": [
								-16,
								7.94615,
								28.23494
							],
							"size": [
								4,
								1,
								4
							],
							"pivot": [
								-16.5,
								10.44615,
								30.23494
							],
							"rotation": [
								60,
								0,
								0
							],
							"uv": [
								144,
								429
							]
						},
						{
							"origin": [
								-17,
								5.94615,
								29.23494
							],
							"size": [
								5,
								2,
								2
							],
							"pivot": [
								-16.5,
								10.44615,
								30.23494
							],
							"rotation": [
								60,
								0,
								0
							],
							"uv": [
								42,
								440
							]
						}
					]
				},
				{
					"name": "bone3",
					"parent": "leg3",
					"pivot": [
						-16.5,
						10.44615,
						40.56506
					]
				}
			]
		}
	]
}