{
	"format_version": "1.12.0",
	"minecraft:geometry": [
		{
			"description": {
				"identifier": "geometry.jetmax",
				"texture_width": 1024,
				"texture_height": 1024,
				"visible_bounds_width": 21,
				"visible_bounds_height": 8,
				"visible_bounds_offset": [0, 2, 0]
			},
			"bones": [
				{
					"name": "body",
					"pivot": [0, 6, -4],
					"cubes": [
						{"origin": [-21, 0, -28], "size": [42, 7, 63], "uv": [0, 0]},
						{"origin": [-21, 7, 18], "size": [42, 16, 2], "uv": [186, 559]},
						{"origin": [-21, 7, 33], "size": [42, 16, 2], "uv": [78, 579]},
						{"origin": [-21, 7, 20], "size": [42, 16, 13], "uv": [260, 455]},
						{"origin": [-19, 20, 24], "size": [6, 6, 22], "inflate": -0.01, "pivot": [-15, 15, 26.5], "rotation": [32.5, 0, 0], "uv": [144, 600]},
						{"origin": [13, 20, 24], "size": [6, 6, 22], "inflate": -0.01, "pivot": [-15, 15, 26.5], "rotation": [32.5, 0, 0], "uv": [88, 600]},
						{"origin": [13, 28.75465, 37.03584], "size": [6, 6, 11], "uv": [360, 628]},
						{"origin": [-19, 28.75465, 37.03584], "size": [6, 6, 11], "uv": [326, 628]},
						{"origin": [-4, 23, 20], "size": [8, 6, 13], "uv": [0, 628]},
						{"origin": [-3, 29, 20], "size": [6, 1, 13], "uv": [152, 628]},
						{"origin": [-6, 30, 18], "size": [12, 1, 16], "uv": [372, 600]},
						{"origin": [5, 31, 18], "size": [1, 4, 15], "inflate": -0.001, "uv": [294, 628]},
						{"origin": [-5, 31, 19], "size": [10, 4, 13], "uv": [0, 692]},
						{"origin": [-6, 31, 18], "size": [1, 4, 15], "inflate": -0.001, "uv": [262, 628]},
						{"origin": [-6, 31, 33], "size": [12, 4, 1], "inflate": -0.001, "uv": [172, 652]},
						{"origin": [-6, 34.1, 18], "size": [12, 1, 16], "inflate": -0.001, "pivot": [0, 34.9, 33], "rotation": [-15, 0, 0], "uv": [316, 600]},
						{"origin": [5, 31.25727, 18.42883], "size": [1, 3, 15], "inflate": -0.001, "pivot": [11, 34.75727, 32.42883], "rotation": [-15, 0, 0], "uv": [0, 652]},
						{"origin": [-5, 31.25727, 19.42883], "size": [10, 3, 13], "pivot": [10, 34.75727, 33.42883], "rotation": [-15, 0, 0], "uv": [0, 676]},
						{"origin": [-6, 31.25727, 18.42883], "size": [1, 3, 15], "inflate": -0.001, "pivot": [0, 34.75727, 32.42883], "rotation": [-15, 0, 0], "uv": [394, 628]},
						{"origin": [-2, 0, -114], "size": [4, 7, 86], "uv": [210, 0]},
						{"origin": [2, 0, -86], "size": [10, 7, 58], "uv": [302, 269]},
						{"origin": [-12, 0, -86], "size": [10, 7, 58], "uv": [166, 269]},
						{"origin": [-21, 0, -65], "size": [9, 7, 37], "uv": [0, 515]},
						{"origin": [12, 0, -65], "size": [9, 7, 37], "uv": [370, 455]},
						{"origin": [-24, 0, -65], "size": [3, 23, 37], "uv": [180, 455]},
						{"origin": [-26, 13, -65], "size": [3, 4, 37], "uv": [490, 515]},
						{"origin": [-24, 0, -28], "size": [3, 23, 63], "uv": [268, 181]},
						{"origin": [-26, 13, -28], "size": [3, 4, 48], "uv": [334, 401]},
						{"origin": [-26, 13, 20], "size": [52, 4, 2], "uv": [78, 573]},
						{"origin": [-26, 13, 34], "size": [52, 4, 2], "uv": [78, 573]},
						{"origin": [-26, 13, 32], "size": [52, 4, 2], "uv": [78, 573]},
						{"origin": [-26, 13, 30], "size": [52, 4, 2], "uv": [78, 573]},
						{"origin": [-26, 13, 28], "size": [52, 4, 2], "uv": [78, 573]},
						{"origin": [-26, 13, 26], "size": [52, 4, 2], "uv": [78, 573]},
						{"origin": [-26, 13, 24], "size": [52, 4, 2], "uv": [78, 573]},
						{"origin": [-26, 13, 22], "size": [52, 4, 2], "uv": [78, 573]},
						{"origin": [-21, 6, -28], "size": [42, 17, 9], "uv": [194, 515]},
						{"origin": [-21, 11, -24], "size": [42, 10, 9], "pivot": [0, 14.5, -23.5], "rotation": [32.5, 0, 0], "uv": [388, 515]},
						{"origin": [22.3, 32, -23], "size": [1, 1, 19], "pivot": [0, 14.5, -25.5], "rotation": [-25, 0, 0], "uv": [82, 628]},
						{"origin": [22.3, 24, -23], "size": [1, 8, 19], "pivot": [0, 14.5, -25.5], "rotation": [-25, 0, 0], "uv": [441, 205]},
						{"origin": [21.3, 21, -28], "size": [2, 12, 5], "pivot": [0, 14.5, -25.5], "rotation": [-25, 0, 0], "uv": [158, 652]},
						{"origin": [-23.3, 32, -23], "size": [1, 1, 19], "pivot": [0, 14.5, -25.5], "rotation": [-25, 0, 0], "uv": [42, 628]},
						{"origin": [-23.3, 24, -23], "size": [1, 8, 19], "pivot": [0, 14.5, -25.5], "rotation": [-25, 0, 0], "uv": [435, 154]},
						{"origin": [-23.3, 21, -28], "size": [2, 12, 5], "pivot": [0, 14.5, -25.5], "rotation": [-25, 0, 0], "uv": [144, 652]},
						{"origin": [-21.3, 32, -28], "size": [43, 1, 1], "pivot": [0, 14.5, -25.5], "rotation": [-25, 0, 0], "uv": [0, 600]},
						{"origin": [-21.3, 22, -28], "size": [43, 10, 1], "pivot": [0, 14.5, -25.5], "rotation": [-25, 0, 0], "uv": [431, 102]},
						{"origin": [21, 0, -65], "size": [3, 23, 37], "uv": [100, 455]},
						{"origin": [24, 13, -65], "size": [2, 4, 37], "uv": [0, 559]},
						{"origin": [-23, 23, -65], "size": [46, 2, 37], "uv": [0, 269]},
						{"origin": [21, 0, -28], "size": [3, 23, 63], "uv": [136, 181]},
						{"origin": [5, 7, -8], "size": [16, 6, 13], "uv": [258, 600]},
						{"origin": [5, 12, 3], "size": [16, 13, 2], "pivot": [0, 19, 4], "rotation": [-15, 0, 0], "uv": [226, 628]},
						{"origin": [-21, 12, 3], "size": [16, 13, 2], "pivot": [0, 19, 4], "rotation": [-15, 0, 0], "uv": [190, 628]},
						{"origin": [-21, 7, -8], "size": [16, 6, 13], "uv": [200, 600]},
						{"origin": [-21, 7, 10], "size": [42, 6, 8], "uv": [78, 559]},
						{"origin": [-21, 13, 17], "size": [42, 12, 1], "uv": [186, 577]},
						{"origin": [20, 13, 10], "size": [1, 12, 7], "uv": [114, 652]},
						{"origin": [-21, 13, 10], "size": [1, 12, 7], "uv": [98, 652]},
						{"origin": [24, 13, -28], "size": [2, 4, 48], "uv": [0, 455]},
						{"origin": [-18.12493, 0, -126.31916], "size": [3, 23, 65], "pivot": [-10.62493, 11, -79.81916], "rotation": [0, -20, 0], "uv": [0, 181]},
						{"origin": [-20.12493, 13, -133.31916], "size": [3, 4, 72], "pivot": [-12.62493, 11, -79.81916], "rotation": [0, -20, 0], "uv": [0, 93]},
						{"origin": [-17.12493, 23, -113.31916], "size": [13, 2, 52], "pivot": [-9.62493, 13, -79.81916], "rotation": [0, -20, 0], "uv": [0, 401]},
						{"origin": [-15.12493, 0, -113.31916], "size": [10, 10, 52], "pivot": [-10.62493, 11, -79.81916], "rotation": [0, -20, 0], "uv": [252, 335]},
						{"origin": [15.12493, 0, -126.31916], "size": [3, 23, 65], "pivot": [10.62493, 11, -79.81916], "rotation": [0, 20, 0], "uv": [298, 93]},
						{"origin": [18.12493, 13, -133.31916], "size": [2, 4, 72], "pivot": [12.62493, 11, -79.81916], "rotation": [0, 20, 0], "uv": [150, 93]},
						{"origin": [4.12493, 23, -113.31916], "size": [13, 2, 52], "pivot": [9.62493, 13, -79.81916], "rotation": [0, 20, 0], "uv": [376, 335]},
						{"origin": [-9.87507, 23, -91.31916], "size": [19, 2, 27], "uv": [296, 515]},
						{"origin": [-9.87507, 24, -100.31916], "size": [19, 2, 76], "uv": [390, 0]},
						{"origin": [-5.87507, 24.8, -92.31916], "size": [11, 2, 8], "pivot": [-0.37507, 27, -88.31916], "rotation": [-15, 0, 0], "uv": [32, 662]},
						{"origin": [-5.87507, 24.8, -68.31916], "size": [11, 2, 8], "pivot": [-0.37507, 27, -64.31916], "rotation": [-15, 0, 0], "uv": [32, 652]},
						{"origin": [5.12493, 0, -113.31916], "size": [10, 10, 52], "pivot": [10.62493, 11, -79.81916], "rotation": [0, 20, 0], "uv": [128, 335]},
						{"origin": [-4.87507, 4, -116.31916], "size": [10, 19, 5], "uv": [122, 628]},
						{"origin": [-1.87507, 20, -134.31916], "size": [4, 3, 18], "uv": [472, 600]},
						{"origin": [-1.87507, 17, -130.31916], "size": [4, 3, 18], "uv": [428, 600]},
						{"origin": [-1.87507, 0, -124.31916], "size": [4, 3, 18], "uv": [428, 600]},
						{"origin": [0.12493, 0, -119.31916], "size": [4, 3, 18], "uv": [428, 600]},
						{"origin": [-3.87507, 0, -119.31916], "size": [4, 3, 18], "uv": [428, 600]},
						{"origin": [-1.87507, 13, -132.71916], "size": [4, 4, 3], "uv": [222, 652]},
						{"origin": [-1.87507, 6, -130.31916], "size": [4, 17, 3], "pivot": [0.12493, 14.5, -128.81916], "rotation": [30, 0, 0], "uv": [130, 652]}
					]
				},
				{
					"name": "low",
					"parent": "body",
					"pivot": [0, 0.07698, 2.45374],
					"cubes": [
						{"origin": [-17, -9.92302, -73.94626], "size": [4, 6, 47], "pivot": [0, 0.07698, 2.45374], "rotation": [-7.5, 0, 0], "uv": [130, 401]},
						{"origin": [-17, -6, -28], "size": [4, 6, 60], "uv": [438, 269]},
						{"origin": [13, -6, -28], "size": [4, 6, 60], "uv": [0, 335]},
						{"origin": [13, -9.92302, -73.94626], "size": [4, 6, 47], "pivot": [0, 0.07698, 2.45374], "rotation": [-7.5, 0, 0], "uv": [232, 401]}
					]
				},
				{
					"name": "bone",
					"parent": "body",
					"pivot": [8.24264, 23.34315, 33.5],
					"cubes": [
						{"origin": [-12.12132, 24.46447, 21], "size": [10, 2, 2], "pivot": [-6.12132, 25.46447, 32.5], "rotation": [0, 0, -45], "uv": [198, 668]},
						{"origin": [-12.12132, 24.46447, 24], "size": [10, 2, 2], "pivot": [-6.12132, 25.46447, 32.5], "rotation": [0, 0, -45], "uv": [198, 660]},
						{"origin": [-12.12132, 24.46447, 27], "size": [10, 2, 2], "pivot": [-6.12132, 25.46447, 32.5], "rotation": [0, 0, -45], "uv": [198, 652]},
						{"origin": [-12.12132, 24.46447, 30], "size": [10, 2, 2], "pivot": [-6.12132, 25.46447, 32.5], "rotation": [0, 0, -45], "uv": [172, 664]},
						{"origin": [1.24264, 22.34315, 21], "size": [10, 2, 2], "pivot": [8.24264, 23.34315, 33.5], "rotation": [0, 0, 45], "uv": [198, 664]},
						{"origin": [1.24264, 22.34315, 24], "size": [10, 2, 2], "pivot": [8.24264, 23.34315, 33.5], "rotation": [0, 0, 45], "uv": [198, 656]},
						{"origin": [1.24264, 22.34315, 27], "size": [10, 2, 2], "pivot": [8.24264, 23.34315, 33.5], "rotation": [0, 0, 45], "uv": [172, 668]},
						{"origin": [1.24264, 22.34315, 30], "size": [10, 2, 2], "pivot": [8.24264, 23.34315, 33.5], "rotation": [0, 0, 45], "uv": [172, 660]}
					]
				},
				{
					"name": "steer",
					"parent": "body",
					"pivot": [13.02051, 18.85714, -22.53571],
					"rotation": [20, 0, 0],
					"cubes": [
						{"origin": [11, 11.5359, -11], "size": [4, 2, 2], "uv": [60, 672]},
						{"origin": [11.0718, 24.4641, -11], "size": [4, 2, 2], "uv": [48, 672]},
						{"origin": [14.23205, 12.40192, -11], "size": [4, 2, 2], "pivot": [16.23205, 13.40192, -9.5], "rotation": [0, 0, -30], "uv": [36, 672]},
						{"origin": [16.59808, 14.76795, -11], "size": [4, 2, 2], "pivot": [18.59808, 15.76795, -9.5], "rotation": [0, 0, -60], "uv": [24, 672]},
						{"origin": [7.76795, 12.40192, -11], "size": [4, 2, 2], "pivot": [9.76795, 13.40192, -9.5], "rotation": [0, 0, 30], "uv": [12, 672]},
						{"origin": [5.40192, 14.76795, -11], "size": [4, 2, 2], "pivot": [7.40192, 15.76795, -9.5], "rotation": [0, 0, 60], "uv": [0, 672]},
						{"origin": [5.5359, 17, -11], "size": [2, 4, 2], "uv": [112, 672]},
						{"origin": [6.40192, 20.23205, -11], "size": [2, 4, 2], "pivot": [7.40192, 22.23205, -9.5], "rotation": [0, 0, 30], "uv": [104, 672]},
						{"origin": [8.76795, 22.59808, -11], "size": [2, 4, 2], "pivot": [9.76795, 24.59808, -9.5], "rotation": [0, 0, 60], "uv": [96, 672]},
						{"origin": [18.5359, 17, -11], "size": [2, 4, 2], "uv": [88, 672]},
						{"origin": [17.66987, 20.23205, -11], "size": [2, 4, 2], "pivot": [18.66987, 22.23205, -9.5], "rotation": [0, 0, -30], "uv": [80, 672]},
						{"origin": [15.30385, 22.59808, -11], "size": [2, 4, 2], "pivot": [16.30385, 24.59808, -9.5], "rotation": [0, 0, -60], "uv": [72, 672]},
						{"origin": [7, 17, -11], "size": [12, 2, 1], "uv": [172, 657]},
						{"origin": [12, 17, -23], "size": [2, 2, 12], "uv": [70, 652]}
					]
				}
			]
		}
	]
}