{
	"format_version": "1.12.0",
	"minecraft:geometry": [
		{
			"description": {
				"identifier": "geometry.metro_subway_loco2",
				"texture_width": 256,
				"texture_height": 256,
				"visible_bounds_width": 8,
				"visible_bounds_height": 7,
				"visible_bounds_offset": [0, 1.5, 0]
			},
			"bones": [
				{
					"name": "locomotive",
					"pivot": [0, 0, -21]
				},
				{
					"name": "body",
					"parent": "locomotive",
					"pivot": [0.00064, 26.10714, -20.9764],
					"cubes": [
						{"origin": [-13.01786, 6, -43.66071], "size": [26, 1, 45], "uv": [0, 46]},
						{"origin": [12.98214, 19, -22.66071], "size": [3, 1, 37], "uv": [119, 59]},
						{"origin": [-16.01786, 19, -22.66071], "size": [3, 1, 37], "uv": [117, 107]},
						{"origin": [-16.01786, 19, -36.66071], "size": [3, 1, 14], "uv": [176, 59]},
						{"origin": [12.98214, 19, -36.66071], "size": [3, 1, 14], "uv": [176, 59]},
						{"origin": [-8, 4, -41], "size": [16, 4, 48], "uv": [0, 92]},
						{"origin": [-8, 4, 7], "size": [16, 4, 13], "uv": [0, 199]},
						{"origin": [-16.01786, 36, -35.66071], "size": [32, 1, 45], "uv": [0, 0]},
						{"origin": [-16.01786, 7, -43.66071], "size": [32, 13, 7], "uv": [152, 145]},
						{"origin": [-11.01786, 7, -39.66071], "size": [22, 9, 17], "pivot": [-0.01786, 11.5, -28.16071], "rotation": [-20, 0, 0], "uv": [0, 144]},
						{"origin": [-16.01786, 7, -5.66071], "size": [3, 12, 7], "uv": [20, 60]},
						{"origin": [12.98214, 7, -5.66071], "size": [3, 12, 7], "uv": [0, 59]},
						{"origin": [-16.01786, 7, -19.66071], "size": [3, 12, 14], "inflate": 0.02, "uv": [223, 0], "mirror": true},
						{"origin": [12.98214, 7, -19.66071], "size": [3, 12, 14], "inflate": 0.02, "uv": [223, 0]},
						{"origin": [12.98214, 16, 14.33929], "size": [3, 4, 4], "uv": [0, 16]},
						{"origin": [12.98214, 16, 1.33929], "size": [3, 3, 4], "uv": [127, 169]},
						{"origin": [12.98214, 16, -23.66071], "size": [3, 3, 4], "uv": [169, 30]},
						{"origin": [-16.01786, 16, -23.66071], "size": [3, 3, 4], "uv": [169, 23]},
						{"origin": [12.98214, 16, -36.66071], "size": [3, 3, 4], "uv": [169, 16]},
						{"origin": [12.98214, 7, 18.33929], "size": [3, 13, 5], "uv": [16, 97]},
						{"origin": [-16.01786, 7, 18.33929], "size": [3, 13, 5], "uv": [0, 97]},
						{"origin": [11.98214, 9, -36.66071], "size": [4, 7, 4], "pivot": [-0.01786, 13.5, -31.16071], "rotation": [-60, 0, 0], "uv": [125, 17]},
						{"origin": [11.98214, 15.06218, -27.33058], "size": [4, 7, 4], "pivot": [-0.01786, 19.56218, -21.83058], "rotation": [60, 0, 0], "uv": [125, 6]},
						{"origin": [11.98214, 15.51314, -31.74565], "size": [4, 4, 7], "uv": [97, 76]},
						{"origin": [11.98214, 8.48205, -39.82577], "size": [4, 7, 4], "pivot": [13.98214, 11.98205, -37.82577], "rotation": [-30, 0, 0], "uv": [119, 108]},
						{"origin": [11.98214, 8.48205, -20.66552], "size": [4, 7, 4], "pivot": [13.98214, 11.98205, -18.66552], "rotation": [30, 0, 0], "uv": [119, 97]},
						{"origin": [11.98214, 8.48205, 17.33448], "size": [4, 7, 4], "pivot": [13.98214, 11.98205, 19.33448], "rotation": [30, 0, 0], "uv": [32, 119]},
						{"origin": [11.98214, 15.06218, 10.66942], "size": [4, 7, 4], "pivot": [-0.01786, 19.56218, 16.16942], "rotation": [60, 0, 0], "uv": [115, 72]},
						{"origin": [11.98214, 15.51314, 6.25435], "size": [4, 4, 7], "uv": [97, 65]},
						{"origin": [11.98214, 9, 1.33929], "size": [4, 7, 4], "pivot": [-0.01786, 13.5, 6.83929], "rotation": [-60, 0, 0], "uv": [16, 115]},
						{"origin": [11.98214, 8.48205, -1.82577], "size": [4, 7, 4], "pivot": [13.98214, 11.98205, 0.17423], "rotation": [-30, 0, 0], "uv": [0, 115]},
						{"origin": [-16.01786, 16, -36.66071], "size": [3, 3, 4], "uv": [169, 9]},
						{"origin": [-16.01786, 9, -36.66071], "size": [4, 7, 4], "pivot": [-28.01786, 13.5, -31.16071], "rotation": [-60, 0, 0], "uv": [109, 28]},
						{"origin": [-16.01786, 15.51314, -31.74565], "size": [4, 4, 7], "uv": [97, 46]},
						{"origin": [-16.01786, 15.06218, -27.33058], "size": [4, 7, 4], "pivot": [-28.01786, 19.56218, -21.83058], "rotation": [60, 0, 0], "uv": [109, 17]},
						{"origin": [-16.01786, 8.48205, -20.66552], "size": [4, 7, 4], "pivot": [-14.01786, 11.98205, -18.66552], "rotation": [30, 0, 0], "uv": [109, 6]},
						{"origin": [-16.01786, 8.48205, -39.82577], "size": [4, 7, 4], "pivot": [-14.01786, 11.98205, -37.82577], "rotation": [-30, 0, 0], "uv": [32, 108]},
						{"origin": [-16.01786, 8.48205, -1.82577], "size": [4, 7, 4], "pivot": [-14.01786, 11.98205, 0.17423], "rotation": [-30, 0, 0], "uv": [96, 106]},
						{"origin": [-16.01786, 9, 1.33929], "size": [4, 7, 4], "pivot": [-28.01786, 13.5, 6.83929], "rotation": [-60, 0, 0], "uv": [80, 106]},
						{"origin": [-16.01786, 16, 1.33929], "size": [3, 3, 4], "uv": [169, 2]},
						{"origin": [-16.01786, 15.51314, 6.25435], "size": [4, 4, 7], "uv": [19, 80]},
						{"origin": [-16.01786, 15.06218, 10.66942], "size": [4, 7, 4], "pivot": [-28.01786, 19.56218, 16.16942], "rotation": [60, 0, 0], "uv": [32, 97]},
						{"origin": [-16.01786, 8.48205, 17.33448], "size": [4, 7, 4], "pivot": [-14.01786, 11.98205, 19.33448], "rotation": [30, 0, 0], "uv": [28, 46]},
						{"origin": [-16.01786, 16, 14.33929], "size": [3, 4, 4], "uv": [0, 0]},
						{"origin": [-5, 11, -6.66071], "size": [10, 12, 2], "uv": [80, 92]},
						{"origin": [-5, 7, -11.66071], "size": [10, 4, 7], "uv": [0, 32]},
						{"origin": [6, 7, -13.66071], "size": [3, 4, 4], "uv": [0, 183]},
						{"origin": [7, 10, -11.66071], "size": [1, 5, 1], "pivot": [7.5, 11, -11.16071], "rotation": [55, 0, 0], "uv": [0, 183]},
						{"origin": [-9, 10, -11.66071], "size": [1, 5, 1], "uv": [0, 191]},
						{"origin": [-9, 15, -11.66071], "size": [1, 1, 1], "inflate": 0.3, "uv": [0, 197]},
						{"origin": [-10, 7, -13.66071], "size": [3, 4, 4], "uv": [0, 183]},
						{"origin": [-16.01786, 20, -34.66071], "size": [1, 16, 1], "uv": [123, 169]},
						{"origin": [14.98214, 20, -34.66071], "size": [1, 16, 1], "uv": [119, 169]},
						{"origin": [14.98214, 20, -18.66071], "size": [1, 16, 1], "uv": [115, 169]},
						{"origin": [14.98214, 33, -33.66071], "size": [1, 1, 15], "uv": [0, 16]},
						{"origin": [-16.01786, 33, -33.66071], "size": [1, 1, 15], "uv": [0, 0]},
						{"origin": [-16.01786, 33, -17.66071], "size": [1, 1, 13], "uv": [17, 16]},
						{"origin": [14.98214, 33, -17.66071], "size": [1, 1, 13], "uv": [17, 0]},
						{"origin": [-16.01786, 20, -18.66071], "size": [1, 16, 1], "uv": [111, 169]},
						{"origin": [14.98214, 20, -4.66071], "size": [1, 16, 1], "uv": [107, 169]},
						{"origin": [-16.01786, 20, -4.66071], "size": [1, 16, 1], "uv": [103, 169]},
						{"origin": [-15.01786, 20, -43.66071], "size": [0, 16, 51], "uv": [103, 169]},
						{"origin": [14.98214, 20, -43.66071], "size": [0, 16, 51], "uv": [103, 169]},
						{"origin": [14.98214, 33, -3.66071], "size": [1, 1, 12], "uv": [14, 47]},
						{"origin": [-16.01786, 20, 8.33929], "size": [1, 16, 1], "uv": [41, 74]},
						{"origin": [-7.01786, 19, 8.33929], "size": [1, 11, 1], "uv": [25, 16]},
						{"origin": [5.98214, 19, 8.33929], "size": [1, 11, 1], "uv": [25, 0]},
						{"origin": [14.98214, 20, 8.33929], "size": [1, 16, 1], "uv": [40, 57]},
						{"origin": [-16.01786, 20, 7.33929], "size": [1, 16, 1], "uv": [41, 74]},
						{"origin": [14.98214, 20, 7.33929], "size": [1, 16, 1], "uv": [40, 57]},
						{"origin": [-11.5, 33, -37.66071], "size": [23, 4, 1], "uv": [0, 92]},
						{"origin": [9.5, 8, -44.66071], "size": [5, 4, 1], "uv": [109, 39]},
						{"origin": [-14.5, 8, -44.66071], "size": [5, 4, 1], "uv": [13, 60]},
						{"origin": [-14.5, 13, -44.66071], "size": [5, 4, 1], "uv": [13, 60]},
						{"origin": [9.5, 13, -44.66071], "size": [5, 4, 1], "uv": [109, 39]},
						{"origin": [-15.01786, 32, 8.33929], "size": [30, 2, 1], "uv": [109, 3]},
						{"origin": [-15.01786, 30, 8.33929], "size": [30, 2, 1], "uv": [109, 3]},
						{"origin": [-15.01786, 34, 8.33929], "size": [30, 2, 1], "uv": [109, 3]},
						{"origin": [-15.01786, 31, -35.66071], "size": [30, 2, 1], "uv": [109, 0]},
						{"origin": [-16.01786, 33, -3.66071], "size": [1, 1, 12], "uv": [0, 46]},
						{"origin": [-16.01786, 20, -35.66071], "size": [2, 16, 1], "uv": [147, 104]},
						{"origin": [13.98214, 20, -35.66071], "size": [2, 16, 1], "uv": [108, 92]},
						{"origin": [-16.01786, 19.03915, -40.32661], "size": [2, 19, 1], "pivot": [-0.01786, 27.03915, -39.82661], "rotation": [-25, 0, 0], "uv": [135, 97]},
						{"origin": [13.98214, 19.03915, -40.32661], "size": [2, 19, 1], "pivot": [-0.01786, 27.03915, -39.82661], "rotation": [-25, 0, 0], "uv": [131, 65]},
						{"origin": [-14.01786, 19.03915, -39.82661], "size": [28, 14, 0], "pivot": [-0.01786, 27.03915, -39.82661], "rotation": [-25, 0, 0], "uv": [200, 27]},
						{"origin": [-14.01786, 33.03915, -40.32661], "size": [28, 5, 1], "pivot": [-0.01786, 27.03915, -39.82661], "rotation": [-25, 0, 0], "uv": [97, 59]},
						{"origin": [-13.01786, 7, -36.66071], "size": [2, 13, 35], "uv": [119, 11]},
						{"origin": [10.98214, 7, -36.66071], "size": [2, 13, 35], "uv": [80, 92]},
						{"origin": [-13.01786, 7, 12.33929], "size": [26, 13, 11], "uv": [78, 145]},
						{"origin": [-13.01786, 7, -1.66071], "size": [26, 13, 14], "uv": [0, 216]},
						{"origin": [-2.5, 7, 23.33929], "size": [5, 1, 8], "uv": [0, 78]},
						{"origin": [-1.5, 8, 27.33929], "size": [3, 1, 3], "uv": [32, 25]},
						{"origin": [-0.5, 9, 28.33929], "size": [1, 4, 1], "uv": [0, 32]}
					]
				},
				{
					"name": "steer",
					"parent": "body",
					"pivot": [0, 16.5, -18.16071],
					"rotation": [-50, 0, 0],
					"cubes": [
						{"origin": [-1.62132, 16, -21.78203], "size": [3, 1, 1], "uv": [0, 181]},
						{"origin": [-1.62132, 16, -15.53939], "size": [3, 1, 1], "uv": [0, 181]},
						{"origin": [0.37868, 16, -18.53939], "size": [3, 1, 1], "uv": [0, 181]},
						{"origin": [-3.62132, 16, -18.53939], "size": [3, 1, 1], "uv": [0, 181]},
						{"origin": [-0.62132, 16, -18.53939], "size": [1, 1, 1], "uv": [0, 181]},
						{"origin": [-0.62132, 15, -18.53939], "size": [1, 1, 1], "uv": [0, 181]},
						{"origin": [-0.62132, 14, -18.53939], "size": [1, 1, 1], "uv": [0, 181]},
						{"origin": [-0.62132, 13, -18.53939], "size": [1, 1, 1], "uv": [0, 181]},
						{"origin": [-0.62132, 10, -18.53939], "size": [1, 1, 1], "uv": [0, 181]},
						{"origin": [-0.62132, 11, -18.53939], "size": [1, 1, 1], "uv": [0, 181]},
						{"origin": [-0.62132, 12, -18.53939], "size": [1, 1, 1], "uv": [0, 181]},
						{"origin": [-1.70711, 16, -21.7465], "size": [3, 1, 1], "pivot": [-0.20711, 16.5, -18.2465], "rotation": [0, 45, 0], "uv": [0, 181]},
						{"origin": [-1.53553, 16, -15.57492], "size": [3, 1, 1], "pivot": [-0.03553, 16.5, -18.07492], "rotation": [0, 45, 0], "uv": [0, 181]},
						{"origin": [-1.74264, 16, -21.66071], "size": [3, 1, 1], "pivot": [-0.24264, 16.5, -18.16071], "rotation": [0, 90, 0], "uv": [0, 181]},
						{"origin": [-1.5, 16, -15.66071], "size": [3, 1, 1], "pivot": [0, 16.5, -18.16071], "rotation": [0, 90, 0], "uv": [0, 181]},
						{"origin": [-1.70711, 16, -21.57492], "size": [3, 1, 1], "pivot": [-0.20711, 16.5, -18.07492], "rotation": [0, 135, 0], "uv": [0, 181]},
						{"origin": [-1.53553, 16, -15.7465], "size": [3, 1, 1], "pivot": [-0.03553, 16.5, -18.2465], "rotation": [0, 135, 0], "uv": [0, 181]}
					]
				},
				{
					"name": "wheel0",
					"parent": "locomotive",
					"pivot": [15.5, 7.4641, -27.9985],
					"cubes": [
						{"origin": [13, 0, -30], "size": [4, 3, 4], "uv": [0, 151]},
						{"origin": [14, 3, -29], "size": [2, 9, 2], "uv": [64, 170]},
						{"origin": [14, 3, -29], "size": [2, 9, 2], "pivot": [14.5, 7.5, -28], "rotation": [45, 0, 0], "uv": [56, 170]},
						{"origin": [14, 3, -29], "size": [2, 9, 2], "pivot": [14.5, 7.5, -28], "rotation": [-45, 0, 0], "uv": [48, 170]},
						{"origin": [14, 3, -29], "size": [2, 9, 2], "pivot": [14.5, 7.5, -28], "rotation": [-90, 0, 0], "uv": [40, 170]},
						{"origin": [13, 5.8641, -30], "size": [4, 3, 4], "uv": [73, 147]},
						{"origin": [13, 11.9282, -30], "size": [4, 3, 4], "uv": [141, 145]},
						{"origin": [13, 12.06218, -26.5], "size": [4, 3, 4], "pivot": [0, 14.06218, -26.5], "rotation": [-30, 0, 0], "uv": [61, 144]},
						{"origin": [13, 5.4641, -35.4641], "size": [4, 4, 3], "uv": [89, 169]},
						{"origin": [13, 5.4641, -23.5359], "size": [4, 4, 3], "uv": [75, 169]},
						{"origin": [13, 8.94615, -34.53109], "size": [4, 4, 3], "pivot": [15.5, 10.94615, -34.03109], "rotation": [-30, 0, 0], "uv": [169, 38]},
						{"origin": [13, 1.98205, -24.46891], "size": [4, 4, 3], "pivot": [15.5, 3.98205, -21.96891], "rotation": [-30, 0, 0], "uv": [166, 165]},
						{"origin": [13, 11.49519, -31.98205], "size": [4, 4, 3], "pivot": [15.5, 13.49519, -31.48205], "rotation": [-60, 0, 0], "uv": [152, 165]},
						{"origin": [13, -0.56699, -27.01795], "size": [4, 4, 3], "pivot": [15.5, 1.43301, -24.51795], "rotation": [-60, 0, 0], "uv": [162, 87]},
						{"origin": [13, 0.93301, -33.48205], "size": [4, 3, 4], "pivot": [15.5, 1.43301, -31.48205], "rotation": [-30, 0, 0], "uv": [0, 144]},
						{"origin": [13, 3.48205, -36.03109], "size": [4, 3, 4], "pivot": [15.5, 3.98205, -34.03109], "rotation": [-60, 0, 0], "uv": [141, 97]},
						{"origin": [13, 8.44615, -23.96891], "size": [4, 3, 4], "pivot": [15.5, 10.94615, -21.96891], "rotation": [-60, 0, 0], "uv": [138, 88]}
					]
				},
				{
					"name": "wheel1",
					"parent": "locomotive",
					"pivot": [-14.5, 7.4641, -27.9985],
					"cubes": [
						{"origin": [-17, 0, -30], "size": [4, 3, 4], "uv": [137, 72]},
						{"origin": [-16, 3, -29], "size": [2, 9, 2], "uv": [32, 170]},
						{"origin": [-16, 3, -29], "size": [2, 9, 2], "pivot": [-15.5, 7.5, -28], "rotation": [45, 0, 0], "uv": [24, 170]},
						{"origin": [-16, 3, -29], "size": [2, 9, 2], "pivot": [-15.5, 7.5, -28], "rotation": [-45, 0, 0], "uv": [16, 170]},
						{"origin": [-16, 3, -29], "size": [2, 9, 2], "pivot": [-15.5, 7.5, -28], "rotation": [-90, 0, 0], "uv": [8, 170]},
						{"origin": [-17, 5.8641, -30], "size": [4, 3, 4], "uv": [137, 65]},
						{"origin": [-17, 11.9282, -30], "size": [4, 3, 4], "uv": [137, 31]},
						{"origin": [-17, 12.06218, -26.5], "size": [4, 3, 4], "pivot": [-30, 14.06218, -26.5], "rotation": [-30, 0, 0], "uv": [137, 24]},
						{"origin": [-17, 5.4641, -35.4641], "size": [4, 4, 3], "uv": [162, 80]},
						{"origin": [-17, 5.4641, -23.5359], "size": [4, 4, 3], "uv": [162, 73]},
						{"origin": [-17, 8.94615, -34.53109], "size": [4, 4, 3], "pivot": [-14.5, 10.94615, -34.03109], "rotation": [-30, 0, 0], "uv": [162, 66]},
						{"origin": [-17, 1.98205, -24.46891], "size": [4, 4, 3], "pivot": [-14.5, 3.98205, -21.96891], "rotation": [-30, 0, 0], "uv": [162, 59]},
						{"origin": [-17, 11.49519, -31.98205], "size": [4, 4, 3], "pivot": [-14.5, 13.49519, -31.48205], "rotation": [-60, 0, 0], "uv": [160, 132]},
						{"origin": [-17, -0.56699, -27.01795], "size": [4, 4, 3], "pivot": [-14.5, 1.43301, -24.51795], "rotation": [-60, 0, 0], "uv": [160, 125]},
						{"origin": [-17, 0.93301, -33.48205], "size": [4, 3, 4], "pivot": [-14.5, 1.43301, -31.48205], "rotation": [-30, 0, 0], "uv": [137, 13]},
						{"origin": [-17, 3.48205, -36.03109], "size": [4, 3, 4], "pivot": [-14.5, 3.98205, -34.03109], "rotation": [-60, 0, 0], "uv": [135, 117]},
						{"origin": [-17, 8.44615, -23.96891], "size": [4, 3, 4], "pivot": [-14.5, 10.94615, -21.96891], "rotation": [-60, 0, 0], "uv": [133, 81]}
					]
				},
				{
					"name": "wheel2",
					"parent": "locomotive",
					"pivot": [-14.5, 7.4641, 9.5015],
					"cubes": [
						{"origin": [-17, 0, 7.5], "size": [4, 3, 4], "uv": [133, 38]},
						{"origin": [-16, 3, 8.5], "size": [2, 9, 2], "uv": [0, 170]},
						{"origin": [-16, 3, 8.5], "size": [2, 9, 2], "pivot": [-15.5, 7.5, 9.5], "rotation": [45, 0, 0], "uv": [141, 169]},
						{"origin": [-16, 3, 8.5], "size": [2, 9, 2], "pivot": [-15.5, 7.5, 9.5], "rotation": [-45, 0, 0], "uv": [14, 46]},
						{"origin": [-16, 3, 8.5], "size": [2, 9, 2], "pivot": [-15.5, 7.5, 9.5], "rotation": [-90, 0, 0], "uv": [0, 46]},
						{"origin": [-17, 5.8641, 7.5], "size": [4, 3, 4], "uv": [16, 133]},
						{"origin": [-17, 11.9282, 7.5], "size": [4, 3, 4], "uv": [0, 133]},
						{"origin": [-17, 12.06218, 11], "size": [4, 3, 4], "pivot": [-30, 14.06218, 11], "rotation": [-30, 0, 0], "uv": [28, 130]},
						{"origin": [-17, 5.4641, 2.0359], "size": [4, 4, 3], "uv": [160, 118]},
						{"origin": [-17, 5.4641, 13.9641], "size": [4, 4, 3], "uv": [160, 111]},
						{"origin": [-17, 8.94615, 2.96891], "size": [4, 4, 3], "pivot": [-14.5, 10.94615, 3.46891], "rotation": [-30, 0, 0], "uv": [160, 104]},
						{"origin": [-17, 1.98205, 13.03109], "size": [4, 4, 3], "pivot": [-14.5, 3.98205, 15.53109], "rotation": [-30, 0, 0], "uv": [158, 34]},
						{"origin": [-17, 11.49519, 5.51795], "size": [4, 4, 3], "pivot": [-14.5, 13.49519, 6.01795], "rotation": [-60, 0, 0], "uv": [158, 27]},
						{"origin": [-17, -0.56699, 10.48205], "size": [4, 4, 3], "pivot": [-14.5, 1.43301, 12.98205], "rotation": [-60, 0, 0], "uv": [158, 20]},
						{"origin": [-17, 0.93301, 4.01795], "size": [4, 3, 4], "pivot": [-14.5, 1.43301, 6.01795], "rotation": [-30, 0, 0], "uv": [16, 126]},
						{"origin": [-17, 3.48205, 1.46891], "size": [4, 3, 4], "pivot": [-14.5, 3.98205, 3.46891], "rotation": [-60, 0, 0], "uv": [0, 126]},
						{"origin": [-17, 8.44615, 13.53109], "size": [4, 3, 4], "pivot": [-14.5, 10.94615, 15.53109], "rotation": [-60, 0, 0], "uv": [125, 28]}
					]
				},
				{
					"name": "wheel3",
					"parent": "locomotive",
					"pivot": [15.5, 7.4641, 9.5015],
					"cubes": [
						{"origin": [13, 0, 7.5], "size": [4, 3, 4], "uv": [121, 35]},
						{"origin": [14, 3, 8.5], "size": [2, 9, 2], "uv": [32, 14]},
						{"origin": [14, 3, 8.5], "size": [2, 9, 2], "pivot": [14.5, 7.5, 9.5], "rotation": [45, 0, 0], "uv": [32, 0]},
						{"origin": [14, 3, 8.5], "size": [2, 9, 2], "pivot": [14.5, 7.5, 9.5], "rotation": [-45, 0, 0], "uv": [17, 16]},
						{"origin": [14, 3, 8.5], "size": [2, 9, 2], "pivot": [14.5, 7.5, 9.5], "rotation": [-90, 0, 0], "uv": [17, 0]},
						{"origin": [13, 5.8641, 7.5], "size": [4, 3, 4], "uv": [119, 119]},
						{"origin": [13, 11.9282, 7.5], "size": [4, 3, 4], "uv": [96, 117]},
						{"origin": [13, 12.06218, 11], "size": [4, 3, 4], "pivot": [0, 14.06218, 11], "rotation": [-30, 0, 0], "uv": [80, 117]},
						{"origin": [13, 5.4641, 2.0359], "size": [4, 4, 3], "uv": [158, 13]},
						{"origin": [13, 5.4641, 13.9641], "size": [4, 4, 3], "uv": [158, 6]},
						{"origin": [13, 8.94615, 2.96891], "size": [4, 4, 3], "pivot": [15.5, 10.94615, 3.46891], "rotation": [-30, 0, 0], "uv": [157, 97]},
						{"origin": [13, 1.98205, 13.03109], "size": [4, 4, 3], "pivot": [15.5, 3.98205, 15.53109], "rotation": [-30, 0, 0], "uv": [61, 151]},
						{"origin": [13, 11.49519, 5.51795], "size": [4, 4, 3], "pivot": [15.5, 13.49519, 6.01795], "rotation": [-60, 0, 0], "uv": [0, 24]},
						{"origin": [13, -0.56699, 10.48205], "size": [4, 4, 3], "pivot": [15.5, 1.43301, 12.98205], "rotation": [-60, 0, 0], "uv": [0, 8]},
						{"origin": [13, 0.93301, 4.01795], "size": [4, 3, 4], "pivot": [15.5, 1.43301, 6.01795], "rotation": [-30, 0, 0], "uv": [115, 83]},
						{"origin": [13, 3.48205, 1.46891], "size": [4, 3, 4], "pivot": [15.5, 3.98205, 3.46891], "rotation": [-60, 0, 0], "uv": [112, 65]},
						{"origin": [13, 8.44615, 13.53109], "size": [4, 3, 4], "pivot": [15.5, 10.94615, 15.53109], "rotation": [-60, 0, 0], "uv": [28, 30]}
					]
				}
			]
		}
	]
}