{
	"format_version": "1.12.0",
	"minecraft:geometry": [
		{
			"description": {
				"identifier": "geometry.metro_subway_loco",
				"texture_width": 256,
				"texture_height": 256,
				"visible_bounds_width": 5,
				"visible_bounds_height": 7,
				"visible_bounds_offset": [0, 1.5, 0]
			},
			"bones": [
				{
					"name": "body",
					"pivot": [0.00064, 24.10714, 0.0236],
					"cubes": [
						{"origin": [-16.01786, 4, -22.66071], "size": [32, 1, 45], "uv": [0, 46]},
						{"origin": [-8, 0, -20], "size": [16, 4, 40], "uv": [0, 92]},
						{"origin": [-16.01786, 34, -22.66071], "size": [32, 1, 45], "uv": [0, 0]},
						{"origin": [-16.01786, 5, -22.66071], "size": [32, 13, 7], "uv": [109, 59]},
						{"origin": [-5, 5, -8.66071], "size": [10, 4, 7], "uv": [0, 155]},
						{"origin": [-5, 9, -3.66071], "size": [10, 12, 2], "uv": [0, 141]},
						{"origin": [-5, 9, 9.33929], "size": [10, 12, 2], "uv": [0, 141]},
						{"origin": [-5, 5, 4.33929], "size": [10, 4, 7], "uv": [0, 155]},
						{"origin": [-16.01786, 18, -21.66071], "size": [1, 16, 1], "uv": [41, 62]},
						{"origin": [14.98214, 18, -21.66071], "size": [1, 16, 1], "uv": [20, 59]},
						{"origin": [14.98214, 18, -5.66071], "size": [1, 16, 1], "uv": [16, 59]},
						{"origin": [14.98214, 31, -20.66071], "size": [1, 1, 15], "uv": [0, 16]},
						{"origin": [-16.01786, 31, -20.66071], "size": [1, 1, 15], "uv": [0, 0]},
						{"origin": [-16.01786, 31, -4.66071], "size": [1, 1, 13], "uv": [17, 16]},
						{"origin": [14.98214, 31, -4.66071], "size": [1, 1, 13], "uv": [17, 0]},
						{"origin": [-16.01786, 18, -5.66071], "size": [1, 16, 1], "uv": [12, 59]},
						{"origin": [14.98214, 18, 8.33929], "size": [1, 16, 1], "uv": [8, 59]},
						{"origin": [-16.01786, 18, 8.33929], "size": [1, 16, 1], "uv": [4, 59]},
						{"origin": [14.98214, 31, 9.33929], "size": [1, 1, 12], "uv": [0, 32]},
						{"origin": [-16.01786, 18, 21.33929], "size": [1, 16, 1], "uv": [38, 46]},
						{"origin": [-7.01786, 18, 21.33929], "size": [1, 11, 1], "uv": [38, 46]},
						{"origin": [5.98214, 18, 21.33929], "size": [1, 11, 1], "uv": [38, 46]},
						{"origin": [14.98214, 18, 21.33929], "size": [1, 16, 1], "uv": [0, 59]},
						{"origin": [-11.5, 30, -23.66071], "size": [23, 4, 1], "uv": [0, 136]},
						{"origin": [9.5, 6, -23.66071], "size": [5, 4, 1], "uv": [24, 141]},
						{"origin": [-14.5, 6, -23.66071], "size": [5, 4, 1], "uv": [24, 141]},
						{"origin": [-15.01786, 29, 21.33929], "size": [30, 2, 1], "uv": [109, 3]},
						{"origin": [-15.01786, 29, -22.66071], "size": [30, 2, 1], "uv": [109, 0]},
						{"origin": [-16.01786, 31, 9.33929], "size": [1, 1, 12], "uv": [0, 46]},
						{"origin": [-16.01786, 18, -22.66071], "size": [2, 16, 1], "uv": [32, 46]},
						{"origin": [13.98214, 18, -22.66071], "size": [2, 16, 1], "uv": [26, 46]},
						{"origin": [-16.01786, 5, -15.66071], "size": [2, 13, 38], "uv": [116, 8]},
						{"origin": [13.98214, 5, -15.66071], "size": [2, 13, 38], "uv": [74, 98]},
						{"origin": [-14.01786, 5, 19.33929], "size": [28, 13, 3], "uv": [116, 92]}
					]
				}
			]
		}
	]
}