{
	"format_version": "1.12.0",
	"minecraft:geometry": [
		{
			"description": {
				"identifier": "geometry.metro_subway_carrier2",
				"texture_width": 256,
				"texture_height": 256,
				"visible_bounds_width": 7,
				"visible_bounds_height": 8,
				"visible_bounds_offset": [0, 2, 0]
			},
			"bones": [
				{
					"name": "locomotive",
					"pivot": [0, 0, 0]
				},
				{
					"name": "body",
					"parent": "locomotive",
					"pivot": [0.00064, 26.10714, -3.9764],
					"cubes": [
						{"origin": [12.99441, 6, -6.23287], "size": [3, 1, 16], "uv": [152, 131]},
						{"origin": [-16.00559, 6, -6.23287], "size": [3, 1, 16], "uv": [21, 63]},
						{"origin": [-13.00559, 6, -30.23287], "size": [26, 1, 62], "uv": [0, 0]},
						{"origin": [-16.00559, 36.21984, -22.20313], "size": [32, 1, 47], "uv": [91, 63]},
						{"origin": [12.99441, 19, -23.23287], "size": [3, 1, 19], "uv": [152, 111]},
						{"origin": [-16.00559, 19, -23.23287], "size": [3, 1, 19], "uv": [43, 146]},
						{"origin": [12.99441, 19, 6.76713], "size": [3, 1, 15], "uv": [0, 155]},
						{"origin": [-16.00559, 19, 6.76713], "size": [3, 1, 15], "uv": [21, 156]},
						{"origin": [-7.98773, 4, -27.57216], "size": [16, 4, 59], "uv": [0, 63]},
						{"origin": [-16.00559, 36, -22.23287], "size": [32, 1, 38], "uv": [7, 7]},
						{"origin": [-16.00559, 7, -30.23287], "size": [32, 13, 7], "uv": [0, 126]},
						{"origin": [-16.00559, 7, -6.23287], "size": [3, 12, 2], "uv": [149, 32]},
						{"origin": [12.99441, 7, 6.76713], "size": [3, 12, 3], "uv": [0, 155]},
						{"origin": [-16.00559, 7, 6.76713], "size": [3, 12, 3], "uv": [0, 63]},
						{"origin": [12.99441, 7, -6.23287], "size": [3, 12, 2], "uv": [68, 146]},
						{"origin": [14.99441, 7, -4.23287], "size": [1, 13, 11], "uv": [100, 158]},
						{"origin": [14.99441, 20, -4.23287], "size": [1, 2, 11], "uv": [114, 32]},
						{"origin": [14.99441, 31, -4.23287], "size": [1, 2, 11], "uv": [104, 97]},
						{"origin": [14.99441, 22, 5.76713], "size": [1, 9, 1], "uv": [6, 178]},
						{"origin": [14.99441, 22, -4.23287], "size": [1, 9, 1], "uv": [58, 155]},
						{"origin": [-16.00559, 20, -4.23287], "size": [1, 2, 11], "uv": [114, 32], "mirror": true},
						{"origin": [-16.00559, 7, -4.23287], "size": [1, 13, 11], "uv": [100, 158], "mirror": true},
						{"origin": [-16.00559, 22, -4.23287], "size": [1, 9, 1], "uv": [58, 155], "mirror": true},
						{"origin": [-16.00559, 22, 5.76713], "size": [1, 9, 1], "uv": [6, 178], "mirror": true},
						{"origin": [-16.00559, 31, -4.23287], "size": [1, 2, 11], "uv": [104, 97], "mirror": true},
						{"origin": [12.99441, 16, 21.76713], "size": [3, 4, 4], "uv": [162, 32]},
						{"origin": [12.99441, 16, 8.76713], "size": [3, 3, 4], "uv": [174, 3]},
						{"origin": [12.99441, 16, -10.23287], "size": [3, 3, 4], "uv": [169, 172]},
						{"origin": [-16.00559, 16, -10.23287], "size": [3, 3, 4], "uv": [42, 172]},
						{"origin": [12.99441, 16, -23.23287], "size": [3, 3, 4], "uv": [172, 36]},
						{"origin": [12.99441, 7, 25.76713], "size": [3, 13, 6], "uv": [21, 0]},
						{"origin": [-16.00559, 7, 25.76713], "size": [3, 13, 6], "uv": [0, 0]},
						{"origin": [11.99441, 9, -23.23287], "size": [4, 7, 4], "inflate": -0.001, "pivot": [-0.00559, 13.5, -17.73287], "rotation": [-60, 0, 0], "uv": [145, 158]},
						{"origin": [11.99441, 15.06218, -13.90274], "size": [4, 7, 4], "inflate": -0.001, "pivot": [-0.00559, 19.56218, -8.40274], "rotation": [60, 0, 0], "uv": [129, 158]},
						{"origin": [11.99441, 15.51314, -18.31781], "size": [4, 4, 7], "inflate": -0.001, "uv": [89, 156]},
						{"origin": [11.99441, 8.48205, -26.39793], "size": [4, 7, 4], "inflate": -0.001, "pivot": [13.99441, 11.98205, -24.39793], "rotation": [-30, 0, 0], "uv": [113, 158]},
						{"origin": [11.99441, 12.48205, -7.23768], "size": [4, 3, 3], "inflate": -0.001, "pivot": [13.99441, 11.98205, -5.23768], "rotation": [30, 0, 0], "uv": [174, 131]},
						{"origin": [11.99441, 8.48205, 24.46232], "size": [4, 7, 4], "inflate": -0.001, "pivot": [13.99441, 11.98205, 26.46232], "rotation": [30, 0, 0], "uv": [152, 131]},
						{"origin": [11.99441, 15.06218, 17.79726], "size": [4, 7, 4], "inflate": -0.001, "pivot": [-0.00559, 19.56218, 23.29726], "rotation": [60, 0, 0], "uv": [152, 111]},
						{"origin": [11.99441, 15.51314, 13.68219], "size": [4, 4, 7], "inflate": -0.001, "uv": [135, 0]},
						{"origin": [11.99441, 9, 8.76713], "size": [4, 7, 4], "inflate": -0.001, "pivot": [-0.00559, 13.5, 14.26713], "rotation": [-60, 0, 0], "uv": [130, 142]},
						{"origin": [11.99441, 12.48205, 7.60207], "size": [4, 3, 2], "inflate": -0.001, "pivot": [13.99441, 11.98205, 7.60207], "rotation": [-30, 0, 0], "uv": [43, 74]},
						{"origin": [-16.00559, 16, -23.23287], "size": [3, 3, 4], "uv": [172, 28]},
						{"origin": [-16.00559, 9, -23.53287], "size": [4, 7, 4], "inflate": -0.001, "pivot": [-28.00559, 13.5, -18.03287], "rotation": [-60, 0, 0], "uv": [117, 95]},
						{"origin": [-16.00559, 15.51314, -18.61781], "size": [4, 4, 7], "inflate": -0.001, "uv": [127, 32]},
						{"origin": [-13.00559, 6.51314, -23.31781], "size": [1, 13, 19], "inflate": 0.02, "uv": [114, 0]},
						{"origin": [11.99441, 6.51314, -23.31781], "size": [1, 13, 19], "inflate": 0.02, "uv": [91, 63]},
						{"origin": [11.99441, 6.51314, 6.68219], "size": [1, 13, 19], "inflate": 0.02, "uv": [0, 0]},
						{"origin": [-13.00559, 6.51314, 6.68219], "size": [1, 13, 19], "inflate": 0.02, "uv": [0, 63]},
						{"origin": [-16.00559, 15.06218, -14.20274], "size": [4, 7, 4], "inflate": -0.001, "pivot": [-28.00559, 19.56218, -8.70274], "rotation": [60, 0, 0], "uv": [114, 0]},
						{"origin": [-16.00559, 12.48205, -7.53768], "size": [4, 3, 3], "inflate": -0.001, "pivot": [-14.00559, 11.98205, -5.53768], "rotation": [30, 0, 0], "uv": [112, 76]},
						{"origin": [-16.00559, 8.48205, -26.69793], "size": [4, 7, 4], "inflate": -0.001, "pivot": [-14.00559, 11.98205, -24.69793], "rotation": [-30, 0, 0], "uv": [91, 63]},
						{"origin": [-16.00559, 12.48205, 7.30207], "size": [4, 3, 2], "inflate": -0.001, "pivot": [-14.00559, 11.98205, 7.30207], "rotation": [-30, 0, 0], "uv": [21, 74]},
						{"origin": [-16.00559, 9, 8.46713], "size": [4, 7, 4], "inflate": -0.001, "pivot": [-28.00559, 13.5, 13.96713], "rotation": [-60, 0, 0], "uv": [40, 80]},
						{"origin": [-16.00559, 16, 8.76713], "size": [3, 3, 4], "uv": [28, 172]},
						{"origin": [-16.00559, 15.51314, 13.38219], "size": [4, 4, 7], "inflate": -0.001, "uv": [117, 111]},
						{"origin": [-16.00559, 15.06218, 17.79726], "size": [4, 7, 4], "inflate": -0.001, "pivot": [-28.00559, 19.56218, 23.29726], "rotation": [60, 0, 0], "uv": [43, 63]},
						{"origin": [-16.00559, 8.48205, 24.46232], "size": [4, 7, 4], "inflate": -0.001, "pivot": [-14.00559, 11.98205, 26.46232], "rotation": [30, 0, 0], "uv": [21, 63]},
						{"origin": [-16.00559, 16, 21.76713], "size": [3, 4, 4], "uv": [21, 155]},
						{"origin": [-11.98773, 11, 18.76713], "size": [24, 12, 2], "uv": [78, 142]},
						{"origin": [-11.98773, 7, 13.76713], "size": [24, 4, 7], "uv": [78, 126]},
						{"origin": [-11.98773, 11, -20.23287], "size": [24, 12, 2], "uv": [0, 95]},
						{"origin": [-11.98773, 7, -20.23287], "size": [24, 4, 7], "uv": [114, 47]},
						{"origin": [-16.00559, 20, -21.23287], "size": [1, 17, 1], "uv": [65, 166]},
						{"origin": [14.99441, 20, -21.23287], "size": [1, 17, 1], "uv": [61, 166]},
						{"origin": [14.99441, 20, -5.23287], "size": [1, 17, 1], "uv": [166, 14]},
						{"origin": [-16.00559, 20, -5.23287], "size": [1, 17, 1], "uv": [57, 166]},
						{"origin": [14.99441, 20, 6.76713], "size": [1, 17, 1], "uv": [161, 165]},
						{"origin": [-16.00559, 20, 6.76713], "size": [1, 17, 1], "uv": [165, 165]},
						{"origin": [-16.00559, 20, 22.76713], "size": [1, 17, 1], "uv": [146, 133]},
						{"origin": [14.99441, 20, 22.76713], "size": [1, 17, 1], "uv": [162, 14]},
						{"origin": [-16.00559, 20, 21.76713], "size": [1, 17, 1], "uv": [58, 40]},
						{"origin": [14.99441, 20, 21.76713], "size": [1, 17, 1], "uv": [133, 92]},
						{"origin": [14.99441, 33, -21.23287], "size": [1, 1, 46], "uv": [114, 0]},
						{"origin": [-16.00559, 18.55041, 26.13866], "size": [1, 19, 1], "pivot": [-1.94309, 30.55041, 26.51366], "rotation": [20, 0, 0], "uv": [58, 20]},
						{"origin": [14.99441, 18.55041, 26.13866], "size": [1, 19, 1], "pivot": [-1.94309, 30.55041, 26.51366], "rotation": [20, 0, 0], "uv": [58, 0]},
						{"origin": [-16.00559, 18.55041, 25.13866], "size": [1, 19, 1], "pivot": [-1.94309, 30.55041, 26.51366], "rotation": [20, 0, 0], "uv": [40, 20]},
						{"origin": [14.99441, 18.31145, 25.53344], "size": [1, 19, 1], "pivot": [15.49441, 29.31145, 26.03344], "rotation": [20, 0, 0], "uv": [40, 0]},
						{"origin": [-15.00559, 33.55041, 26.13866], "size": [30, 2, 1], "pivot": [-1.94309, 30.55041, 26.51366], "rotation": [20, 0, 0], "uv": [0, 152]},
						{"origin": [-15.00559, 31.55041, 26.13866], "size": [30, 2, 1], "pivot": [-1.94309, 30.55041, 26.51366], "rotation": [20, 0, 0], "uv": [0, 149]},
						{"origin": [-15.00559, 35.55041, 26.13866], "size": [30, 2, 1], "pivot": [-1.94309, 30.55041, 26.51366], "rotation": [20, 0, 0], "uv": [0, 146]},
						{"origin": [-15.00559, 31, -23.23287], "size": [30, 2, 2], "uv": [114, 58]},
						{"origin": [-15.00559, 31, 22.76713], "size": [30, 2, 3], "uv": [78, 137]},
						{"origin": [-16.00559, 33, -21.23287], "size": [1, 1, 46], "uv": [104, 111]},
						{"origin": [-16.00559, 20, -22.23287], "size": [2, 17, 1], "uv": [52, 91]},
						{"origin": [-16.00559, 20, -23.23287], "size": [2, 15, 1], "uv": [154, 11]},
						{"origin": [-16.00559, 20, -24.23287], "size": [2, 12, 1], "uv": [152, 169]},
						{"origin": [-16.00559, 20, -25.23287], "size": [2, 10, 1], "uv": [0, 178]},
						{"origin": [-16.00559, 20, -26.23287], "size": [2, 8, 1], "uv": [174, 137]},
						{"origin": [-16.00559, 19.9, -27.23287], "size": [2, 6, 1], "uv": [18, 32]},
						{"origin": [-16.00559, 19.9, -28.23287], "size": [2, 4, 1], "uv": [12, 0]},
						{"origin": [-16.00559, 19.9, -29.23287], "size": [2, 2, 1], "uv": [21, 3]},
						{"origin": [13.99441, 20, -23.23287], "size": [2, 15, 1], "uv": [131, 76]},
						{"origin": [13.99441, 20, -24.23287], "size": [2, 12, 1], "uv": [69, 166]},
						{"origin": [13.99441, 20, -25.23287], "size": [2, 10, 1], "uv": [177, 111]},
						{"origin": [13.99441, 20, -26.23287], "size": [2, 8, 1], "uv": [78, 156]},
						{"origin": [13.99441, 19.9, -27.23287], "size": [2, 6, 1], "uv": [0, 32]},
						{"origin": [13.99441, 19.9, -28.23287], "size": [2, 4, 1], "uv": [0, 0]},
						{"origin": [13.99441, 19.9, -29.23287], "size": [2, 2, 1], "uv": [21, 0]},
						{"origin": [13.99441, 20, -22.23287], "size": [2, 17, 1], "uv": [12, 63]},
						{"origin": [-16.00559, 19.03915, -26.89877], "size": [2, 19, 1], "pivot": [-0.00559, 27.03915, -26.39877], "rotation": [-25, 0, 0], "uv": [52, 20]},
						{"origin": [13.99441, 19.03915, -26.89877], "size": [2, 19, 1], "pivot": [-0.00559, 27.03915, -26.39877], "rotation": [-25, 0, 0], "uv": [52, 0]},
						{"origin": [-14.00559, 33.03915, -26.89877], "size": [28, 5, 1], "pivot": [-0.00559, 27.03915, -26.39877], "rotation": [-25, 0, 0], "uv": [0, 109]},
						{"origin": [-13.00559, 7, -23.23287], "size": [2, 0, 44], "uv": [4, 0]},
						{"origin": [10.99441, 7, -23.23287], "size": [2, 0, 44], "uv": [0, 0]},
						{"origin": [-13.00559, 7, 28.76713], "size": [26, 13, 3], "uv": [0, 44]},
						{"origin": [-2.48773, 7, 22.76713], "size": [5, 1, 8], "uv": [91, 111]},
						{"origin": [-2.48773, 9, -37.23287], "size": [5, 1, 8], "uv": [18, 33]},
						{"origin": [-2.48773, 7, 30.76713], "size": [5, 1, 8], "uv": [0, 32]},
						{"origin": [-1.48773, 8, -36.23287], "size": [3, 1, 3], "uv": [40, 91]},
						{"origin": [-1.48773, 10, -36.23287], "size": [3, 1, 3], "uv": [40, 91]},
						{"origin": [-1.48773, 8, 34.76713], "size": [3, 1, 3], "uv": [0, 78]},
						{"origin": [-0.48773, 9, 35.76713], "size": [1, 4, 1], "uv": [33, 0]}
					]
				},
				{
					"name": "steer",
					"parent": "body",
					"pivot": [0, 16.5, -1.16071],
					"rotation": [-50, 0, 0]
				},
				{
					"name": "wheel0",
					"parent": "locomotive",
					"pivot": [14.90684, 7.4641, -14.57111],
					"cubes": [
						{"origin": [13.01227, 0, -16.57216], "size": [4, 3, 4], "uv": [162, 7]},
						{"origin": [14.01227, 3, -15.57216], "size": [2, 9, 2], "uv": [140, 176]},
						{"origin": [14.01227, 3, -15.57216], "size": [2, 9, 2], "pivot": [14.51227, 7.5, -14.57216], "rotation": [45, 0, 0], "uv": [132, 176]},
						{"origin": [14.01227, 3, -15.57216], "size": [2, 9, 2], "pivot": [14.51227, 7.5, -14.57216], "rotation": [-45, 0, 0], "uv": [124, 176]},
						{"origin": [14.01227, 3, -15.57216], "size": [2, 9, 2], "pivot": [14.51227, 7.5, -14.57216], "rotation": [-90, 0, 0], "uv": [125, 63]},
						{"origin": [13.01227, 5.8641, -16.57216], "size": [4, 3, 4], "uv": [162, 0]},
						{"origin": [13.01227, 11.9282, -16.57216], "size": [4, 3, 4], "uv": [161, 158]},
						{"origin": [13.01227, 12.06218, -13.07216], "size": [4, 3, 4], "pivot": [0.01227, 14.06218, -13.07216], "rotation": [-30, 0, 0], "uv": [42, 155]},
						{"origin": [13.01227, 5.4641, -22.03626], "size": [4, 4, 3], "uv": [14, 172]},
						{"origin": [13.01227, 5.4641, -10.10806], "size": [4, 4, 3], "uv": [0, 171]},
						{"origin": [13.01227, 8.94615, -21.10325], "size": [4, 4, 3], "pivot": [15.51227, 10.94615, -20.60325], "rotation": [-30, 0, 0], "uv": [170, 21]},
						{"origin": [13.01227, 1.98205, -11.04107], "size": [4, 4, 3], "pivot": [15.51227, 3.98205, -8.54107], "rotation": [-30, 0, 0], "uv": [170, 14]},
						{"origin": [13.01227, 11.49519, -18.55421], "size": [4, 4, 3], "pivot": [15.51227, 13.49519, -18.05421], "rotation": [-60, 0, 0], "uv": [169, 165]},
						{"origin": [13.01227, -0.56699, -13.59011], "size": [4, 4, 3], "pivot": [15.51227, 1.43301, -11.09011], "rotation": [-60, 0, 0], "uv": [138, 169]},
						{"origin": [13.01227, 0.93301, -20.05421], "size": [4, 3, 4], "pivot": [15.51227, 1.43301, -18.05421], "rotation": [-30, 0, 0], "uv": [152, 148]},
						{"origin": [13.01227, 3.48205, -22.60325], "size": [4, 3, 4], "pivot": [15.51227, 3.98205, -20.60325], "rotation": [-60, 0, 0], "uv": [152, 122]},
						{"origin": [13.01227, 8.44615, -10.54107], "size": [4, 3, 4], "pivot": [15.51227, 10.94615, -8.54107], "rotation": [-60, 0, 0], "uv": [135, 11]}
					]
				},
				{
					"name": "wheel2",
					"parent": "locomotive",
					"pivot": [14.90684, 7.4641, 17.42889],
					"cubes": [
						{"origin": [13.01227, 0, 15.42784], "size": [4, 3, 4], "uv": [162, 7]},
						{"origin": [14.01227, 3, 16.42784], "size": [2, 9, 2], "uv": [140, 176]},
						{"origin": [14.01227, 3, 16.42784], "size": [2, 9, 2], "pivot": [14.51227, 7.5, 17.42784], "rotation": [45, 0, 0], "uv": [132, 176]},
						{"origin": [14.01227, 3, 16.42784], "size": [2, 9, 2], "pivot": [14.51227, 7.5, 17.42784], "rotation": [-45, 0, 0], "uv": [124, 176]},
						{"origin": [14.01227, 3, 16.42784], "size": [2, 9, 2], "pivot": [14.51227, 7.5, 17.42784], "rotation": [-90, 0, 0], "uv": [125, 63]},
						{"origin": [13.01227, 5.8641, 15.42784], "size": [4, 3, 4], "uv": [162, 0]},
						{"origin": [13.01227, 11.9282, 15.42784], "size": [4, 3, 4], "uv": [161, 158]},
						{"origin": [13.01227, 12.06218, 18.92784], "size": [4, 3, 4], "pivot": [0.01227, 14.06218, 18.92784], "rotation": [-30, 0, 0], "uv": [42, 155]},
						{"origin": [13.01227, 5.4641, 9.96374], "size": [4, 4, 3], "uv": [14, 172]},
						{"origin": [13.01227, 5.4641, 21.89194], "size": [4, 4, 3], "uv": [0, 171]},
						{"origin": [13.01227, 8.94615, 10.89675], "size": [4, 4, 3], "pivot": [15.51227, 10.94615, 11.39675], "rotation": [-30, 0, 0], "uv": [170, 21]},
						{"origin": [13.01227, 1.98205, 20.95893], "size": [4, 4, 3], "pivot": [15.51227, 3.98205, 23.45893], "rotation": [-30, 0, 0], "uv": [170, 14]},
						{"origin": [13.01227, 11.49519, 13.44579], "size": [4, 4, 3], "pivot": [15.51227, 13.49519, 13.94579], "rotation": [-60, 0, 0], "uv": [169, 165]},
						{"origin": [13.01227, -0.56699, 18.40989], "size": [4, 4, 3], "pivot": [15.51227, 1.43301, 20.90989], "rotation": [-60, 0, 0], "uv": [138, 169]},
						{"origin": [13.01227, 0.93301, 11.94579], "size": [4, 3, 4], "pivot": [15.51227, 1.43301, 13.94579], "rotation": [-30, 0, 0], "uv": [152, 148]},
						{"origin": [13.01227, 3.48205, 9.39675], "size": [4, 3, 4], "pivot": [15.51227, 3.98205, 11.39675], "rotation": [-60, 0, 0], "uv": [152, 122]},
						{"origin": [13.01227, 8.44615, 21.45893], "size": [4, 3, 4], "pivot": [15.51227, 10.94615, 23.45893], "rotation": [-60, 0, 0], "uv": [135, 11]}
					]
				},
				{
					"name": "wheel1",
					"parent": "locomotive",
					"pivot": [-15.09316, 7.4641, -14.57111],
					"cubes": [
						{"origin": [-16.98773, 0, -16.57216], "size": [4, 3, 4], "uv": [133, 126]},
						{"origin": [-15.98773, 3, -15.57216], "size": [2, 9, 2], "uv": [114, 32]},
						{"origin": [-15.98773, 3, -15.57216], "size": [2, 9, 2], "pivot": [-15.48773, 7.5, -14.57216], "rotation": [45, 0, 0], "uv": [112, 63]},
						{"origin": [-15.98773, 3, -15.57216], "size": [2, 9, 2], "pivot": [-15.48773, 7.5, -14.57216], "rotation": [-45, 0, 0], "uv": [104, 95]},
						{"origin": [-15.98773, 3, -15.57216], "size": [2, 9, 2], "pivot": [-15.48773, 7.5, -14.57216], "rotation": [-90, 0, 0], "uv": [91, 95]},
						{"origin": [-16.98773, 5.8641, -16.57216], "size": [4, 3, 4], "uv": [132, 111]},
						{"origin": [-16.98773, 11.9282, -16.57216], "size": [4, 3, 4], "uv": [32, 115]},
						{"origin": [-16.98773, 12.06218, -13.07216], "size": [4, 3, 4], "pivot": [-29.98773, 14.06218, -13.07216], "rotation": [-30, 0, 0], "uv": [16, 115]},
						{"origin": [-16.98773, 5.4641, -22.03626], "size": [4, 4, 3], "uv": [124, 169]},
						{"origin": [-16.98773, 5.4641, -10.10806], "size": [4, 4, 3], "uv": [169, 47]},
						{"origin": [-16.98773, 8.94615, -21.10325], "size": [4, 4, 3], "pivot": [-14.48773, 10.94615, -20.60325], "rotation": [-30, 0, 0], "uv": [168, 148]},
						{"origin": [-16.98773, 1.98205, -11.04107], "size": [4, 4, 3], "pivot": [-14.48773, 3.98205, -8.54107], "rotation": [-30, 0, 0], "uv": [21, 163]},
						{"origin": [-16.98773, 11.49519, -18.55421], "size": [4, 4, 3], "pivot": [-14.48773, 13.49519, -18.05421], "rotation": [-60, 0, 0], "uv": [71, 126]},
						{"origin": [-16.98773, -0.56699, -13.59011], "size": [4, 4, 3], "pivot": [-14.48773, 1.43301, -11.09011], "rotation": [-60, 0, 0], "uv": [109, 111]},
						{"origin": [-16.98773, 0.93301, -20.05421], "size": [4, 3, 4], "pivot": [-14.48773, 1.43301, -18.05421], "rotation": [-30, 0, 0], "uv": [0, 115]},
						{"origin": [-16.98773, 3.48205, -22.60325], "size": [4, 3, 4], "pivot": [-14.48773, 3.98205, -20.60325], "rotation": [-60, 0, 0], "uv": [114, 11]},
						{"origin": [-16.98773, 8.44615, -10.54107], "size": [4, 3, 4], "pivot": [-14.48773, 10.94615, -8.54107], "rotation": [-60, 0, 0], "uv": [91, 74]}
					]
				},
				{
					"name": "wheel3",
					"parent": "locomotive",
					"pivot": [-15.09316, 7.4641, 17.42889],
					"cubes": [
						{"origin": [-16.98773, 0, 15.42784], "size": [4, 3, 4], "uv": [133, 126]},
						{"origin": [-15.98773, 3, 16.42784], "size": [2, 9, 2], "uv": [114, 32]},
						{"origin": [-15.98773, 3, 16.42784], "size": [2, 9, 2], "pivot": [-15.48773, 7.5, 17.42784], "rotation": [45, 0, 0], "uv": [112, 63]},
						{"origin": [-15.98773, 3, 16.42784], "size": [2, 9, 2], "pivot": [-15.48773, 7.5, 17.42784], "rotation": [-45, 0, 0], "uv": [104, 95]},
						{"origin": [-15.98773, 3, 16.42784], "size": [2, 9, 2], "pivot": [-15.48773, 7.5, 17.42784], "rotation": [-90, 0, 0], "uv": [91, 95]},
						{"origin": [-16.98773, 5.8641, 15.42784], "size": [4, 3, 4], "uv": [132, 111]},
						{"origin": [-16.98773, 11.9282, 15.42784], "size": [4, 3, 4], "uv": [32, 115]},
						{"origin": [-16.98773, 12.06218, 18.92784], "size": [4, 3, 4], "pivot": [-29.98773, 14.06218, 18.92784], "rotation": [-30, 0, 0], "uv": [16, 115]},
						{"origin": [-16.98773, 5.4641, 9.96374], "size": [4, 4, 3], "uv": [124, 169]},
						{"origin": [-16.98773, 5.4641, 21.89194], "size": [4, 4, 3], "uv": [169, 47]},
						{"origin": [-16.98773, 8.94615, 10.89675], "size": [4, 4, 3], "pivot": [-14.48773, 10.94615, 11.39675], "rotation": [-30, 0, 0], "uv": [168, 148]},
						{"origin": [-16.98773, 1.98205, 20.95893], "size": [4, 4, 3], "pivot": [-14.48773, 3.98205, 23.45893], "rotation": [-30, 0, 0], "uv": [21, 163]},
						{"origin": [-16.98773, 11.49519, 13.44579], "size": [4, 4, 3], "pivot": [-14.48773, 13.49519, 13.94579], "rotation": [-60, 0, 0], "uv": [71, 126]},
						{"origin": [-16.98773, -0.56699, 18.40989], "size": [4, 4, 3], "pivot": [-14.48773, 1.43301, 20.90989], "rotation": [-60, 0, 0], "uv": [109, 111]},
						{"origin": [-16.98773, 0.93301, 11.94579], "size": [4, 3, 4], "pivot": [-14.48773, 1.43301, 13.94579], "rotation": [-30, 0, 0], "uv": [0, 115]},
						{"origin": [-16.98773, 3.48205, 9.39675], "size": [4, 3, 4], "pivot": [-14.48773, 3.98205, 11.39675], "rotation": [-60, 0, 0], "uv": [114, 11]},
						{"origin": [-16.98773, 8.44615, 21.45893], "size": [4, 3, 4], "pivot": [-14.48773, 10.94615, 23.45893], "rotation": [-60, 0, 0], "uv": [91, 74]}
					]
				}
			]
		}
	]
}