{
	"format_version": "1.12.0",
	"minecraft:geometry": [
		{
			"description": {
				"identifier": "geometry.rancher",
				"texture_width": 1024,
				"texture_height": 1024,
				"visible_bounds_width": 9,
				"visible_bounds_height": 7,
				"visible_bounds_offset": [
					0,
					2.5,
					0
				]
			},
			"bones": [
				{
					"name": "body",
					"pivot": [
						0,
						7.5,
						3
					],
					"cubes": [
						{
							"origin": [
								-23,
								8.5,
								-17
							],
							"size": [
								46,
								1,
								31
							],
							"uv": [
								186,
								0
							]
						},
						{
							"origin": [
								-23,
								-5.2,
								-20.6
							],
							"size": [
								46,
								1,
								16
							],
							"pivot": [
								0,
								9,
								-1.5
							],
							"rotation": [
								-75,
								0,
								0
							],
							"uv": [
								0,
								521
							]
						},
						{
							"origin": [
								-23,
								14.97596,
								30.39392
							],
							"size": [
								2,
								1,
								16
							],
							"pivot": [
								-22,
								16.17596,
								38.39392
							],
							"rotation": [
								-80,
								0,
								0
							],
							"uv": [
								0,
								521
							]
						},
						{
							"origin": [
								21,
								14.97596,
								30.39392
							],
							"size": [
								2,
								1,
								16
							],
							"pivot": [
								22,
								16.17596,
								38.39392
							],
							"rotation": [
								-80,
								0,
								0
							],
							"uv": [
								0,
								521
							]
						},
						{
							"origin": [
								-23,
								23.1,
								-40
							],
							"size": [
								46,
								1,
								20.8
							],
							"uv": [
								0,
								521
							]
						},
						{
							"origin": [
								-23,
								23.1,
								16
							],
							"size": [
								2,
								1,
								20.8
							],
							"uv": [
								0,
								521
							]
						},
						{
							"origin": [
								21,
								23.1,
								16
							],
							"size": [
								2,
								1,
								20.8
							],
							"uv": [
								0,
								521
							]
						},
						{
							"origin": [
								-23,
								30.2,
								-48.9
							],
							"size": [
								46,
								1,
								15
							],
							"pivot": [
								0,
								23.6,
								-32.2
							],
							"rotation": [
								75,
								0,
								0
							],
							"uv": [
								5,
								542
							]
						},
						{
							"origin": [
								-23,
								30.2,
								7.1
							],
							"size": [
								2,
								1,
								15
							],
							"pivot": [
								0,
								23.6,
								23.8
							],
							"rotation": [
								75,
								0,
								0
							],
							"uv": [
								5,
								542
							]
						},
						{
							"origin": [
								21,
								30.2,
								7.1
							],
							"size": [
								2,
								1,
								15
							],
							"pivot": [
								44,
								23.6,
								23.8
							],
							"rotation": [
								75,
								0,
								0
							],
							"uv": [
								5,
								542
							]
						},
						{
							"origin": [
								-20.1,
								42.5,
								-11.5
							],
							"size": [
								40,
								1,
								53
							],
							"uv": [
								0,
								0
							]
						},
						{
							"origin": [
								-22,
								10.5,
								-48
							],
							"size": [
								44,
								15,
								5
							],
							"uv": [
								314,
								207
							]
						},
						{
							"origin": [
								-22,
								10.5,
								-48
							],
							"size": [
								44,
								15,
								32
							],
							"inflate": 0.1,
							"uv": [
								355,
								230
							]
						},
						{
							"origin": [
								-22,
								10.5,
								4
							],
							"size": [
								44,
								15,
								43
							],
							"inflate": 0.1,
							"uv": [
								355,
								278
							]
						},
						{
							"origin": [
								-22,
								10.5,
								-49
							],
							"size": [
								2,
								13,
								1
							],
							"uv": [
								84,
								497
							]
						},
						{
							"origin": [
								-12,
								10.5,
								-49
							],
							"size": [
								2,
								13,
								1
							],
							"uv": [
								78,
								497
							]
						},
						{
							"origin": [
								-19,
								16.5,
								-49
							],
							"size": [
								6,
								6,
								1
							],
							"uv": [
								32,
								504
							]
						},
						{
							"origin": [
								13,
								16.5,
								-49
							],
							"size": [
								6,
								6,
								1
							],
							"uv": [
								32,
								497
							]
						},
						{
							"origin": [
								20,
								10.5,
								-49
							],
							"size": [
								2,
								13,
								1
							],
							"uv": [
								72,
								497
							]
						},
						{
							"origin": [
								10,
								10.5,
								-49
							],
							"size": [
								2,
								13,
								1
							],
							"uv": [
								66,
								497
							]
						},
						{
							"origin": [
								-22,
								23.5,
								-49
							],
							"size": [
								44,
								1,
								1
							],
							"uv": [
								64,
								339
							]
						},
						{
							"origin": [
								-10,
								21.5,
								-49
							],
							"size": [
								20,
								1,
								1
							],
							"uv": [
								120,
								422
							]
						},
						{
							"origin": [
								-10,
								19.5,
								-49
							],
							"size": [
								20,
								1,
								1
							],
							"uv": [
								120,
								420
							]
						},
						{
							"origin": [
								-10,
								17.5,
								-49
							],
							"size": [
								20,
								1,
								1
							],
							"uv": [
								120,
								418
							]
						},
						{
							"origin": [
								-23.3,
								9.5,
								-51
							],
							"size": [
								46.3,
								6,
								8
							],
							"uv": [
								108,
								207
							]
						},
						{
							"origin": [
								-24.3,
								10.5,
								-52
							],
							"size": [
								48.3,
								4,
								8
							],
							"uv": [
								172,
								176
							]
						},
						{
							"origin": [
								-24.3,
								9.5,
								42
							],
							"size": [
								48.3,
								4,
								8
							],
							"uv": [
								172,
								164
							]
						},
						{
							"origin": [
								-23,
								8.5,
								41
							],
							"size": [
								46,
								6,
								8
							],
							"uv": [
								0,
								207
							]
						},
						{
							"origin": [
								21.83554,
								14.75816,
								-49
							],
							"size": [
								1,
								1,
								6
							],
							"pivot": [
								22.33554,
								15.25816,
								-48
							],
							"rotation": [
								0,
								0,
								25
							],
							"uv": [
								18,
								504
							]
						},
						{
							"origin": [
								-22.83554,
								14.75816,
								-49
							],
							"size": [
								1,
								1,
								6
							],
							"pivot": [
								-22.33554,
								15.25816,
								-44
							],
							"rotation": [
								0,
								0,
								-25
							],
							"uv": [
								18,
								497
							]
						},
						{
							"origin": [
								-22,
								15.70698,
								-50.15486
							],
							"size": [
								44,
								1,
								2
							],
							"pivot": [
								0,
								13.70698,
								-47.15486
							],
							"rotation": [
								20,
								0,
								0
							],
							"uv": [
								64,
								336
							]
						},
						{
							"origin": [
								-22,
								17.6043,
								-47.54958
							],
							"size": [
								44,
								2,
								6
							],
							"pivot": [
								0,
								27.06066,
								-18.28788
							],
							"rotation": [
								-13,
								0,
								0
							],
							"uv": [
								90,
								250
							]
						},
						{
							"origin": [
								-12,
								17.57022,
								-47.8084
							],
							"size": [
								2,
								2,
								6
							],
							"pivot": [
								0,
								26.06066,
								-18.28788
							],
							"rotation": [
								-15,
								0,
								0
							],
							"uv": [
								182,
								483
							]
						},
						{
							"origin": [
								10,
								17.57022,
								-47.8084
							],
							"size": [
								2,
								2,
								6
							],
							"pivot": [
								0,
								26.06066,
								-18.28788
							],
							"rotation": [
								-15,
								0,
								0
							],
							"uv": [
								182,
								475
							]
						},
						{
							"origin": [
								-22.02778,
								9.5,
								42
							],
							"size": [
								44,
								18,
								5
							],
							"uv": [
								216,
								207
							]
						},
						{
							"origin": [
								19.97222,
								9.5,
								39
							],
							"size": [
								2,
								14,
								3
							],
							"uv": [
								116,
								475
							]
						},
						{
							"origin": [
								-22.02778,
								9.5,
								39
							],
							"size": [
								1,
								14,
								3
							],
							"uv": [
								166,
								475
							]
						},
						{
							"origin": [
								-15.02778,
								9.5,
								39
							],
							"size": [
								35,
								7,
								3
							],
							"uv": [
								106,
								344
							]
						},
						{
							"origin": [
								-15.02778,
								9.5,
								9
							],
							"size": [
								30,
								7,
								30
							],
							"uv": [
								0,
								109
							]
						},
						{
							"origin": [
								-20.02778,
								9.5,
								7
							],
							"size": [
								40,
								18,
								2
							],
							"uv": [
								68,
								267
							]
						},
						{
							"origin": [
								14.97222,
								12.5,
								38
							],
							"size": [
								5,
								13,
								1
							],
							"uv": [
								134,
								475
							]
						},
						{
							"origin": [
								20,
								26.5,
								-19.5
							],
							"size": [
								2,
								18,
								3
							],
							"pivot": [
								21,
								26,
								-18
							],
							"rotation": [
								-25,
								0,
								-6.5
							],
							"uv": [
								54,
								475
							]
						},
						{
							"origin": [
								19.8,
								24.7,
								44.7
							],
							"size": [
								2,
								18,
								2
							],
							"pivot": [
								21,
								26,
								45
							],
							"rotation": [
								17.5,
								0,
								-6
							],
							"uv": [
								98,
								475
							]
						},
						{
							"origin": [
								-21.8,
								23.8,
								44.3
							],
							"size": [
								2,
								20,
								2
							],
							"pivot": [
								-19.8,
								25.8,
								45
							],
							"rotation": [
								17.5,
								0,
								6
							],
							"uv": [
								90,
								475
							]
						},
						{
							"origin": [
								-21.10322,
								25.80397,
								-15.32345
							],
							"size": [
								2,
								18,
								3
							],
							"pivot": [
								-19.90322,
								34.65397,
								-14.32345
							],
							"rotation": [
								-25,
								0,
								6.5
							],
							"uv": [
								44,
								475
							]
						},
						{
							"origin": [
								19.97222,
								9.5,
								3
							],
							"size": [
								2,
								18,
								6
							],
							"uv": [
								38,
								434
							]
						},
						{
							"origin": [
								19.97222,
								9.5,
								9
							],
							"size": [
								2,
								14,
								3
							],
							"uv": [
								106,
								475
							]
						},
						{
							"origin": [
								-22.02778,
								9.5,
								9
							],
							"size": [
								1,
								14,
								3
							],
							"uv": [
								158,
								475
							]
						},
						{
							"origin": [
								19.97222,
								27.5,
								3
							],
							"size": [
								2,
								14,
								2
							],
							"pivot": [
								20.97222,
								27.5,
								6
							],
							"rotation": [
								0,
								0,
								-7
							],
							"uv": [
								174,
								475
							]
						},
						{
							"origin": [
								19.97222,
								41.5,
								-11.5
							],
							"size": [
								2,
								2,
								53
							],
							"pivot": [
								20.97222,
								27.5,
								6
							],
							"rotation": [
								0,
								0,
								-7
							],
							"uv": [
								250,
								54
							]
						},
						{
							"origin": [
								-22.04991,
								41.61926,
								-11.5
							],
							"size": [
								2,
								2,
								53
							],
							"pivot": [
								-22.04991,
								27.61926,
								6
							],
							"rotation": [
								0,
								0,
								7
							],
							"uv": [
								140,
								54
							]
						},
						{
							"origin": [
								19.97222,
								23.5,
								9
							],
							"size": [
								2,
								4,
								33
							],
							"uv": [
								190,
								230
							]
						},
						{
							"origin": [
								-22.02778,
								23.5,
								9
							],
							"size": [
								1,
								4,
								33
							],
							"uv": [
								0,
								267
							]
						},
						{
							"origin": [
								-22.02778,
								9.5,
								3
							],
							"size": [
								2,
								18,
								6
							],
							"uv": [
								22,
								434
							]
						},
						{
							"origin": [
								-22.02778,
								27.5,
								3
							],
							"size": [
								2,
								16,
								2
							],
							"pivot": [
								-21.02778,
								27.5,
								4
							],
							"rotation": [
								0,
								0,
								7
							],
							"uv": [
								126,
								475
							]
						},
						{
							"origin": [
								3,
								9.5,
								-3
							],
							"size": [
								16,
								9,
								10
							],
							"uv": [
								52,
								383
							]
						},
						{
							"origin": [
								-3,
								9.5,
								-15
							],
							"size": [
								6,
								10,
								22
							],
							"uv": [
								50,
								344
							]
						},
						{
							"origin": [
								-2,
								19.5,
								-4
							],
							"size": [
								3,
								4,
								2
							],
							"uv": [
								30,
								514
							]
						},
						{
							"origin": [
								-19,
								9.5,
								-3
							],
							"size": [
								16,
								9,
								10
							],
							"uv": [
								0,
								383
							]
						},
						{
							"origin": [
								3,
								18.5,
								3
							],
							"size": [
								16,
								11,
								4
							],
							"uv": [
								80,
								414
							]
						},
						{
							"origin": [
								-19,
								18.5,
								3
							],
							"size": [
								16,
								11,
								4
							],
							"uv": [
								40,
								414
							]
						},
						{
							"origin": [
								-22.02778,
								23.5,
								-43
							],
							"size": [
								44,
								2,
								26
							],
							"uv": [
								0,
								54
							]
						},
						{
							"origin": [
								19.97222,
								9.5,
								-17
							],
							"size": [
								2,
								18,
								1
							],
							"uv": [
								152,
								475
							]
						},
						{
							"origin": [
								-22.02778,
								9.5,
								-17
							],
							"size": [
								2,
								18,
								1
							],
							"uv": [
								146,
								475
							]
						},
						{
							"origin": [
								21.97222,
								24.5,
								-48
							],
							"size": [
								1,
								1,
								31
							],
							"uv": [
								64,
								304
							]
						},
						{
							"origin": [
								21.97222,
								26.5,
								-19
							],
							"size": [
								2,
								1,
								2
							],
							"uv": [
								40,
								517
							]
						},
						{
							"origin": [
								-24.02778,
								26.5,
								-19
							],
							"size": [
								2,
								1,
								2
							],
							"uv": [
								40,
								514
							]
						},
						{
							"origin": [
								23.97222,
								26.5,
								-19
							],
							"size": [
								5,
								4,
								2
							],
							"pivot": [
								23.97222,
								27,
								-18
							],
							"rotation": [
								0,
								-30,
								0
							],
							"uv": [
								52,
								503
							]
						},
						{
							"origin": [
								-29.02778,
								26.5,
								-19
							],
							"size": [
								5,
								4,
								2
							],
							"pivot": [
								-24.02778,
								27.2,
								-18
							],
							"rotation": [
								0,
								30,
								0
							],
							"uv": [
								52,
								497
							]
						},
						{
							"origin": [
								-23.02778,
								24.5,
								-48
							],
							"size": [
								1,
								1,
								31
							],
							"uv": [
								0,
								304
							]
						},
						{
							"origin": [
								21.97222,
								24.5,
								4
							],
							"size": [
								1,
								1,
								42
							],
							"uv": [
								86,
								164
							]
						},
						{
							"origin": [
								-23.02778,
								24.5,
								4
							],
							"size": [
								1,
								1,
								42
							],
							"uv": [
								0,
								164
							]
						},
						{
							"origin": [
								-22,
								25.43185,
								-48.48236
							],
							"size": [
								44,
								2,
								31.5
							],
							"pivot": [
								0,
								27.06066,
								-18.28788
							],
							"rotation": [
								2,
								0,
								0
							],
							"uv": [
								340,
								0
							]
						},
						{
							"origin": [
								-12,
								25.43185,
								-48.48236
							],
							"size": [
								2,
								2,
								31.5
							],
							"uv": [
								218,
								267
							]
						},
						{
							"origin": [
								10,
								25.43185,
								-48.48236
							],
							"size": [
								2,
								2,
								31.5
							],
							"uv": [
								152,
								267
							]
						},
						{
							"origin": [
								-16,
								8.5,
								-42
							],
							"size": [
								32,
								15,
								25
							],
							"uv": [
								120,
								109
							]
						},
						{
							"origin": [
								15,
								8.5,
								13
							],
							"size": [
								1,
								15,
								25
							],
							"uv": [
								220,
								304
							]
						},
						{
							"origin": [
								-16,
								8.5,
								14
							],
							"size": [
								1,
								15,
								24
							],
							"uv": [
								0,
								344
							]
						},
						{
							"origin": [
								-21.02778,
								9.5,
								-17
							],
							"size": [
								42,
								18,
								3
							],
							"pivot": [
								-0.02778,
								12,
								-16
							],
							"rotation": [
								10,
								0,
								0
							],
							"uv": [
								0,
								230
							]
						},
						{
							"origin": [
								14.97222,
								10.5,
								38
							],
							"size": [
								7,
								14,
								3
							],
							"pivot": [
								-0.02778,
								12,
								42
							],
							"rotation": [
								10,
								0,
								0
							],
							"uv": [
								52,
								458
							]
						},
						{
							"origin": [
								-22.02778,
								12.5,
								38
							],
							"size": [
								7,
								12,
								3
							],
							"pivot": [
								-38.02778,
								12,
								39
							],
							"rotation": [
								10,
								0,
								0
							],
							"uv": [
								24,
								475
							]
						},
						{
							"origin": [
								2.97222,
								28.69014,
								-15.96763
							],
							"size": [
								17,
								1,
								3
							],
							"pivot": [
								10.97222,
								23.99014,
								-8.46763
							],
							"rotation": [
								15,
								0,
								0
							],
							"uv": [
								120,
								414
							]
						},
						{
							"origin": [
								2.97222,
								21.69014,
								-15.96763
							],
							"size": [
								1,
								7,
								3
							],
							"pivot": [
								10.97222,
								23.99014,
								-8.46763
							],
							"rotation": [
								15,
								0,
								0
							],
							"uv": [
								126,
								497
							]
						},
						{
							"origin": [
								-20.02778,
								20.69014,
								-15.96763
							],
							"size": [
								23,
								9,
								3
							],
							"pivot": [
								10.97222,
								23.99014,
								-8.46763
							],
							"rotation": [
								15,
								0,
								0
							],
							"uv": [
								174,
								383
							]
						},
						{
							"origin": [
								18.97222,
								21.69014,
								-15.96763
							],
							"size": [
								1,
								7,
								3
							],
							"pivot": [
								10.97222,
								23.99014,
								-8.46763
							],
							"rotation": [
								15,
								0,
								0
							],
							"uv": [
								118,
								497
							]
						},
						{
							"origin": [
								2.97222,
								20.69014,
								-15.96763
							],
							"size": [
								17,
								1,
								3
							],
							"pivot": [
								10.97222,
								23.99014,
								-8.46763
							],
							"rotation": [
								15,
								0,
								0
							],
							"uv": [
								80,
								429
							]
						},
						{
							"origin": [
								-22.02778,
								6.5,
								-46
							],
							"size": [
								44,
								14,
								4
							],
							"pivot": [
								-0.02778,
								12,
								-20
							],
							"rotation": [
								-10,
								0,
								0
							],
							"uv": [
								412,
								207
							]
						},
						{
							"origin": [
								14.97222,
								5.5,
								10
							],
							"size": [
								7,
								15,
								4
							],
							"pivot": [
								-0.02778,
								12,
								35
							],
							"rotation": [
								-10,
								0,
								0
							],
							"uv": [
								0,
								434
							]
						},
						{
							"origin": [
								-22.02778,
								5.5,
								10
							],
							"size": [
								7,
								15,
								4
							],
							"pivot": [
								-38.02778,
								12,
								35
							],
							"rotation": [
								-10,
								0,
								0
							],
							"uv": [
								218,
								414
							]
						},
						{
							"origin": [
								14.97222,
								23.5,
								12
							],
							"size": [
								6,
								2,
								26
							],
							"uv": [
								156,
								304
							]
						},
						{
							"origin": [
								-21.02778,
								23.5,
								12
							],
							"size": [
								6,
								2,
								27
							],
							"uv": [
								284,
								267
							]
						}
					]
				},
				{
					"name": "steering_wheel",
					"parent": "body",
					"pivot": [
						11.01389,
						24.07924,
						-10.46763
					],
					"rotation": [
						15,
						0,
						0
					],
					"cubes": [
						{
							"origin": [
								8.97222,
								16.69014,
								-11.96763
							],
							"size": [
								4,
								2,
								3
							],
							"uv": [
								104,
								507
							]
						},
						{
							"origin": [
								8.97222,
								16.69014,
								-11.96763
							],
							"size": [
								4,
								2,
								3
							],
							"pivot": [
								10.97222,
								24.15424,
								-9.46763
							],
							"rotation": [
								0,
								0,
								60
							],
							"uv": [
								104,
								502
							]
						},
						{
							"origin": [
								3.50812,
								22.15424,
								-11.96763
							],
							"size": [
								2,
								4,
								3
							],
							"uv": [
								20,
								514
							]
						},
						{
							"origin": [
								3.50812,
								22.15424,
								-11.96763
							],
							"size": [
								2,
								4,
								3
							],
							"pivot": [
								10.97222,
								24.15424,
								-9.46763
							],
							"rotation": [
								0,
								0,
								30
							],
							"uv": [
								10,
								514
							]
						},
						{
							"origin": [
								3.50812,
								22.15424,
								-11.96763
							],
							"size": [
								2,
								4,
								3
							],
							"pivot": [
								10.97222,
								24.15424,
								-9.46763
							],
							"rotation": [
								0,
								0,
								60
							],
							"uv": [
								0,
								514
							]
						},
						{
							"origin": [
								8.97222,
								29.61834,
								-11.96763
							],
							"size": [
								4,
								2,
								3
							],
							"uv": [
								104,
								497
							]
						},
						{
							"origin": [
								8.97222,
								29.61834,
								-11.96763
							],
							"size": [
								4,
								2,
								3
							],
							"pivot": [
								10.97222,
								24.15424,
								-9.46763
							],
							"rotation": [
								0,
								0,
								30
							],
							"uv": [
								90,
								507
							]
						},
						{
							"origin": [
								8.97222,
								29.61834,
								-11.96763
							],
							"size": [
								4,
								2,
								3
							],
							"pivot": [
								10.97222,
								24.15424,
								-9.46763
							],
							"rotation": [
								0,
								0,
								60
							],
							"uv": [
								90,
								502
							]
						},
						{
							"origin": [
								16.43632,
								22.15424,
								-11.96763
							],
							"size": [
								2,
								4,
								3
							],
							"uv": [
								136,
								504
							]
						},
						{
							"origin": [
								16.43632,
								22.15424,
								-11.96763
							],
							"size": [
								2,
								4,
								3
							],
							"pivot": [
								10.97222,
								24.15424,
								-9.46763
							],
							"rotation": [
								0,
								0,
								60
							],
							"uv": [
								136,
								497
							]
						},
						{
							"origin": [
								16.43632,
								22.15424,
								-11.96763
							],
							"size": [
								2,
								4,
								3
							],
							"pivot": [
								10.97222,
								24.15424,
								-9.46763
							],
							"rotation": [
								0,
								0,
								30
							],
							"uv": [
								126,
								507
							]
						},
						{
							"origin": [
								5.47222,
								22.99014,
								-10.96763
							],
							"size": [
								11,
								2,
								2
							],
							"uv": [
								64,
								475
							]
						},
						{
							"origin": [
								8.97222,
								16.69014,
								-11.96763
							],
							"size": [
								4,
								2,
								3
							],
							"pivot": [
								10.97222,
								24.15424,
								-9.46763
							],
							"rotation": [
								0,
								0,
								30
							],
							"uv": [
								90,
								497
							]
						},
						{
							"origin": [
								9.97222,
								22.99014,
								-36.96763
							],
							"size": [
								2,
								2,
								26
							],
							"uv": [
								106,
								354
							]
						}
					]
				},
				{
					"name": "glass",
					"parent": "body",
					"pivot": [
						22,
						26,
						-18
					],
					"cubes": [
						{
							"origin": [
								20.97222,
								27.5,
								4.8
							],
							"size": [
								0,
								14,
								41.2
							],
							"pivot": [
								20.97222,
								27.5,
								6
							],
							"rotation": [
								0,
								0,
								-7
							],
							"uv": [
								316,
								109
							]
						},
						{
							"origin": [
								-22,
								23.8,
								45.3
							],
							"size": [
								44,
								20,
								0
							],
							"pivot": [
								-19,
								25.8,
								45
							],
							"rotation": [
								17.5,
								0,
								0
							],
							"uv": [
								90,
								230
							]
						},
						{
							"origin": [
								-21.02778,
								27.5,
								4.8
							],
							"size": [
								0,
								14,
								41.2
							],
							"pivot": [
								-21.02778,
								27.5,
								4
							],
							"rotation": [
								0,
								0,
								7
							],
							"uv": [
								316,
								109
							]
						},
						{
							"origin": [
								-22,
								26.5,
								-18.5
							],
							"size": [
								44,
								18,
								0
							],
							"pivot": [
								22,
								26,
								-18
							],
							"rotation": [
								-25,
								0,
								0
							],
							"uv": [
								260,
								230
							]
						},
						{
							"origin": [
								-20,
								42.5,
								-19.5
							],
							"size": [
								40,
								2,
								2
							],
							"pivot": [
								22,
								26,
								-18
							],
							"rotation": [
								-25,
								0,
								0
							],
							"uv": [
								360,
								107
							]
						},
						{
							"origin": [
								-20,
								22.8,
								42
							],
							"size": [
								40,
								2,
								2
							],
							"pivot": [
								22,
								26,
								-18
							],
							"rotation": [
								17.5,
								0,
								0
							],
							"uv": [
								360,
								107
							]
						}
					]
				},
				{
					"name": "door_1",
					"parent": "body",
					"pivot": [
						-21.7222,
						21.75,
						-16
					],
					"cubes": [
						{
							"origin": [
								-22.02778,
								9.5,
								-16
							],
							"size": [
								2,
								18,
								19
							],
							"uv": [
								224,
								344
							]
						},
						{
							"origin": [
								-25.02778,
								37.7,
								-9.4
							],
							"size": [
								2,
								1,
								12.4
							],
							"pivot": [
								0,
								0.5,
								0
							],
							"rotation": [
								0,
								0,
								7
							],
							"uv": [
								162,
								414
							]
						},
						{
							"origin": [
								-25.02778,
								24.7,
								2
							],
							"size": [
								2,
								13,
								1
							],
							"pivot": [
								0,
								0.5,
								0
							],
							"rotation": [
								0,
								0,
								7
							],
							"uv": [
								46,
								497
							]
						},
						{
							"origin": [
								-24.02778,
								24.7,
								-16
							],
							"size": [
								0,
								13,
								18
							],
							"pivot": [
								0,
								0.5,
								0
							],
							"rotation": [
								0,
								0,
								7
							],
							"uv": [
								104,
								383
							]
						},
						{
							"origin": [
								-25.80328,
								19.32024,
								-27.87156
							],
							"size": [
								2,
								15.5,
								1
							],
							"pivot": [
								-0.7755,
								-4.77976,
								-9.87156
							],
							"rotation": [
								-25,
								0,
								7
							],
							"uv": [
								6,
								497
							]
						},
						{
							"origin": [
								-23.02778,
								24.5,
								-16
							],
							"size": [
								1,
								1,
								19
							],
							"uv": [
								0,
								414
							]
						},
						{
							"origin": [
								-23.02778,
								22.5,
								0
							],
							"size": [
								2,
								1,
								2
							],
							"uv": [
								40,
								514
							]
						}
					]
				},
				{
					"name": "door_0",
					"parent": "body",
					"pivot": [
						21.72222,
						21.75,
						-16
					],
					"cubes": [
						{
							"origin": [
								19.97222,
								9.5,
								-16
							],
							"size": [
								2,
								18,
								19
							],
							"uv": [
								182,
								344
							]
						},
						{
							"origin": [
								18.88285,
								40.51105,
								-9
							],
							"size": [
								2,
								1,
								12
							],
							"pivot": [
								19.88285,
								36.31105,
								-6.5
							],
							"rotation": [
								0,
								0,
								-7
							],
							"uv": [
								190,
								414
							]
						},
						{
							"origin": [
								18.88285,
								27.51105,
								2
							],
							"size": [
								2,
								14,
								1
							],
							"pivot": [
								19.88285,
								36.31105,
								-6.5
							],
							"rotation": [
								0,
								0,
								-7
							],
							"uv": [
								12,
								497
							]
						},
						{
							"origin": [
								20.97222,
								22.5,
								0
							],
							"size": [
								2,
								1,
								2
							],
							"uv": [
								40,
								517
							]
						},
						{
							"origin": [
								19.88285,
								27.51105,
								-15
							],
							"size": [
								0,
								14,
								17
							],
							"pivot": [
								19.88285,
								36.31105,
								-6.5
							],
							"rotation": [
								0,
								0,
								-7
							],
							"uv": [
								140,
								383
							]
						},
						{
							"origin": [
								18.53439,
								23.74901,
								-9.82418
							],
							"size": [
								2,
								16,
								1
							],
							"pivot": [
								19.53439,
								39.14901,
								-4.72418
							],
							"rotation": [
								-25,
								0,
								-7
							],
							"uv": [
								0,
								497
							]
						},
						{
							"origin": [
								21.97222,
								24.5,
								-16
							],
							"size": [
								1,
								1,
								19
							],
							"uv": [
								294,
								383
							]
						}
					]
				},
				{
					"name": "wheel0",
					"pivot": [
						0,
						11.19616,
						-29.5
					],
					"cubes": [
						{
							"origin": [
								16,
								0,
								-32.5
							],
							"size": [
								7,
								5,
								6
							],
							"uv": [
								26,
								458
							]
						},
						{
							"origin": [
								-23,
								0,
								-32.5
							],
							"size": [
								7,
								5,
								6
							],
							"uv": [
								0,
								458
							]
						},
						{
							"origin": [
								16,
								17.3923,
								-32.5
							],
							"size": [
								7,
								5,
								6
							],
							"uv": [
								158,
								445
							]
						},
						{
							"origin": [
								-23,
								17.3923,
								-32.5
							],
							"size": [
								7,
								5,
								6
							],
							"uv": [
								158,
								434
							]
						},
						{
							"origin": [
								16.5,
								4.1962,
								-36.5
							],
							"size": [
								3,
								14,
								14
							],
							"uv": [
								260,
								383
							]
						},
						{
							"origin": [
								-19.5,
								4.1962,
								-36.5
							],
							"size": [
								3,
								14,
								14
							],
							"uv": [
								226,
								383
							]
						},
						{
							"origin": [
								16,
								8.19615,
								-40.69615
							],
							"size": [
								7,
								6,
								5
							],
							"uv": [
								0,
								475
							]
						},
						{
							"origin": [
								-23,
								8.19615,
								-40.69615
							],
							"size": [
								7,
								6,
								5
							],
							"uv": [
								312,
								458
							]
						},
						{
							"origin": [
								16,
								8.19615,
								-23.30385
							],
							"size": [
								7,
								6,
								5
							],
							"uv": [
								288,
								458
							]
						},
						{
							"origin": [
								-23,
								8.19615,
								-23.30385
							],
							"size": [
								7,
								6,
								5
							],
							"uv": [
								264,
								458
							]
						},
						{
							"origin": [
								16,
								13.54423,
								-39.26314
							],
							"size": [
								7,
								6,
								5
							],
							"pivot": [
								22.5,
								16.54423,
								-38.76314
							],
							"rotation": [
								-30,
								0,
								0
							],
							"uv": [
								240,
								458
							]
						},
						{
							"origin": [
								-23,
								13.54423,
								-39.26314
							],
							"size": [
								7,
								6,
								5
							],
							"pivot": [
								-16.5,
								16.54423,
								-38.76314
							],
							"rotation": [
								-30,
								0,
								0
							],
							"uv": [
								216,
								458
							]
						},
						{
							"origin": [
								16,
								2.84808,
								-24.73686
							],
							"size": [
								7,
								6,
								5
							],
							"pivot": [
								22.5,
								5.84808,
								-20.23686
							],
							"rotation": [
								-30,
								0,
								0
							],
							"uv": [
								192,
								458
							]
						},
						{
							"origin": [
								-23,
								2.84808,
								-24.73686
							],
							"size": [
								7,
								6,
								5
							],
							"pivot": [
								-16.5,
								5.84808,
								-20.23686
							],
							"rotation": [
								-30,
								0,
								0
							],
							"uv": [
								168,
								458
							]
						},
						{
							"origin": [
								16,
								17.45929,
								-35.34808
							],
							"size": [
								7,
								6,
								5
							],
							"pivot": [
								22.5,
								20.45929,
								-34.84808
							],
							"rotation": [
								-60,
								0,
								0
							],
							"uv": [
								144,
								458
							]
						},
						{
							"origin": [
								-23,
								17.45929,
								-35.34808
							],
							"size": [
								7,
								6,
								5
							],
							"pivot": [
								-16.5,
								20.45929,
								-34.84808
							],
							"rotation": [
								-60,
								0,
								0
							],
							"uv": [
								120,
								458
							]
						},
						{
							"origin": [
								16,
								-1.06699,
								-28.65192
							],
							"size": [
								7,
								6,
								5
							],
							"pivot": [
								22.5,
								1.93301,
								-24.15192
							],
							"rotation": [
								-60,
								0,
								0
							],
							"uv": [
								96,
								458
							]
						},
						{
							"origin": [
								-23,
								-1.06699,
								-28.65192
							],
							"size": [
								7,
								6,
								5
							],
							"pivot": [
								-16.5,
								1.93301,
								-24.15192
							],
							"rotation": [
								-60,
								0,
								0
							],
							"uv": [
								72,
								458
							]
						},
						{
							"origin": [
								16,
								1.43301,
								-37.84808
							],
							"size": [
								7,
								5,
								6
							],
							"pivot": [
								22.5,
								1.93301,
								-34.84808
							],
							"rotation": [
								-30,
								0,
								0
							],
							"uv": [
								132,
								445
							]
						},
						{
							"origin": [
								-23,
								1.43301,
								-37.84808
							],
							"size": [
								7,
								5,
								6
							],
							"pivot": [
								-16.5,
								1.93301,
								-34.84808
							],
							"rotation": [
								-30,
								0,
								0
							],
							"uv": [
								132,
								434
							]
						},
						{
							"origin": [
								16,
								15.95929,
								-27.15192
							],
							"size": [
								7,
								5,
								6
							],
							"pivot": [
								22.5,
								20.45929,
								-24.15192
							],
							"rotation": [
								-30,
								0,
								0
							],
							"uv": [
								106,
								445
							]
						},
						{
							"origin": [
								-23,
								15.95929,
								-27.15192
							],
							"size": [
								7,
								5,
								6
							],
							"pivot": [
								-16.5,
								20.45929,
								-24.15192
							],
							"rotation": [
								-30,
								0,
								0
							],
							"uv": [
								106,
								434
							]
						},
						{
							"origin": [
								16,
								5.34808,
								-41.76314
							],
							"size": [
								7,
								5,
								6
							],
							"pivot": [
								22.5,
								5.84808,
								-38.76314
							],
							"rotation": [
								-60,
								0,
								0
							],
							"uv": [
								80,
								445
							]
						},
						{
							"origin": [
								-23,
								5.34808,
								-41.76314
							],
							"size": [
								7,
								5,
								6
							],
							"pivot": [
								-16.5,
								5.84808,
								-38.76314
							],
							"rotation": [
								-60,
								0,
								0
							],
							"uv": [
								80,
								434
							]
						},
						{
							"origin": [
								16,
								12.04423,
								-23.23686
							],
							"size": [
								7,
								5,
								6
							],
							"pivot": [
								22.5,
								16.54423,
								-20.23686
							],
							"rotation": [
								-60,
								0,
								0
							],
							"uv": [
								54,
								445
							]
						},
						{
							"origin": [
								-23,
								12.04423,
								-23.23686
							],
							"size": [
								7,
								5,
								6
							],
							"pivot": [
								-16.5,
								16.54423,
								-20.23686
							],
							"rotation": [
								-60,
								0,
								0
							],
							"uv": [
								54,
								434
							]
						}
					]
				},
				{
					"name": "wheel1",
					"pivot": [
						0,
						11.19616,
						26
					],
					"cubes": [
						{
							"origin": [
								16,
								0,
								23
							],
							"size": [
								7,
								5,
								6
							],
							"uv": [
								26,
								458
							]
						},
						{
							"origin": [
								-23,
								0,
								23
							],
							"size": [
								7,
								5,
								6
							],
							"uv": [
								0,
								458
							]
						},
						{
							"origin": [
								16,
								17.3923,
								23
							],
							"size": [
								7,
								5,
								6
							],
							"uv": [
								158,
								445
							]
						},
						{
							"origin": [
								-23,
								17.3923,
								23
							],
							"size": [
								7,
								5,
								6
							],
							"uv": [
								158,
								434
							]
						},
						{
							"origin": [
								16.5,
								4.1962,
								19
							],
							"size": [
								3,
								14,
								14
							],
							"uv": [
								260,
								383
							]
						},
						{
							"origin": [
								-19.5,
								4.1962,
								19
							],
							"size": [
								3,
								14,
								14
							],
							"uv": [
								226,
								383
							]
						},
						{
							"origin": [
								16,
								8.19615,
								14.80385
							],
							"size": [
								7,
								6,
								5
							],
							"uv": [
								0,
								475
							]
						},
						{
							"origin": [
								-23,
								8.19615,
								14.80385
							],
							"size": [
								7,
								6,
								5
							],
							"uv": [
								312,
								458
							]
						},
						{
							"origin": [
								16,
								8.19615,
								32.19615
							],
							"size": [
								7,
								6,
								5
							],
							"uv": [
								288,
								458
							]
						},
						{
							"origin": [
								-23,
								8.19615,
								32.19615
							],
							"size": [
								7,
								6,
								5
							],
							"uv": [
								264,
								458
							]
						},
						{
							"origin": [
								16,
								13.54423,
								16.23686
							],
							"size": [
								7,
								6,
								5
							],
							"pivot": [
								22.5,
								16.54423,
								16.73686
							],
							"rotation": [
								-30,
								0,
								0
							],
							"uv": [
								240,
								458
							]
						},
						{
							"origin": [
								-23,
								13.54423,
								16.23686
							],
							"size": [
								7,
								6,
								5
							],
							"pivot": [
								-16.5,
								16.54423,
								16.73686
							],
							"rotation": [
								-30,
								0,
								0
							],
							"uv": [
								216,
								458
							]
						},
						{
							"origin": [
								16,
								2.84808,
								30.76314
							],
							"size": [
								7,
								6,
								5
							],
							"pivot": [
								22.5,
								5.84808,
								35.26314
							],
							"rotation": [
								-30,
								0,
								0
							],
							"uv": [
								192,
								458
							]
						},
						{
							"origin": [
								-23,
								2.84808,
								30.76314
							],
							"size": [
								7,
								6,
								5
							],
							"pivot": [
								-16.5,
								5.84808,
								35.26314
							],
							"rotation": [
								-30,
								0,
								0
							],
							"uv": [
								168,
								458
							]
						},
						{
							"origin": [
								16,
								17.45929,
								20.15192
							],
							"size": [
								7,
								6,
								5
							],
							"pivot": [
								22.5,
								20.45929,
								20.65192
							],
							"rotation": [
								-60,
								0,
								0
							],
							"uv": [
								144,
								458
							]
						},
						{
							"origin": [
								-23,
								17.45929,
								20.15192
							],
							"size": [
								7,
								6,
								5
							],
							"pivot": [
								-16.5,
								20.45929,
								20.65192
							],
							"rotation": [
								-60,
								0,
								0
							],
							"uv": [
								120,
								458
							]
						},
						{
							"origin": [
								16,
								-1.06699,
								26.84808
							],
							"size": [
								7,
								6,
								5
							],
							"pivot": [
								22.5,
								1.93301,
								31.34808
							],
							"rotation": [
								-60,
								0,
								0
							],
							"uv": [
								96,
								458
							]
						},
						{
							"origin": [
								-23,
								-1.06699,
								26.84808
							],
							"size": [
								7,
								6,
								5
							],
							"pivot": [
								-16.5,
								1.93301,
								31.34808
							],
							"rotation": [
								-60,
								0,
								0
							],
							"uv": [
								72,
								458
							]
						},
						{
							"origin": [
								16,
								1.43301,
								17.65192
							],
							"size": [
								7,
								5,
								6
							],
							"pivot": [
								22.5,
								1.93301,
								20.65192
							],
							"rotation": [
								-30,
								0,
								0
							],
							"uv": [
								132,
								445
							]
						},
						{
							"origin": [
								-23,
								1.43301,
								17.65192
							],
							"size": [
								7,
								5,
								6
							],
							"pivot": [
								-16.5,
								1.93301,
								20.65192
							],
							"rotation": [
								-30,
								0,
								0
							],
							"uv": [
								132,
								434
							]
						},
						{
							"origin": [
								16,
								15.95929,
								28.34808
							],
							"size": [
								7,
								5,
								6
							],
							"pivot": [
								22.5,
								20.45929,
								31.34808
							],
							"rotation": [
								-30,
								0,
								0
							],
							"uv": [
								106,
								445
							]
						},
						{
							"origin": [
								-23,
								15.95929,
								28.34808
							],
							"size": [
								7,
								5,
								6
							],
							"pivot": [
								-16.5,
								20.45929,
								31.34808
							],
							"rotation": [
								-30,
								0,
								0
							],
							"uv": [
								106,
								434
							]
						},
						{
							"origin": [
								16,
								5.34808,
								13.73686
							],
							"size": [
								7,
								5,
								6
							],
							"pivot": [
								22.5,
								5.84808,
								16.73686
							],
							"rotation": [
								-60,
								0,
								0
							],
							"uv": [
								80,
								445
							]
						},
						{
							"origin": [
								-23,
								5.34808,
								13.73686
							],
							"size": [
								7,
								5,
								6
							],
							"pivot": [
								-16.5,
								5.84808,
								16.73686
							],
							"rotation": [
								-60,
								0,
								0
							],
							"uv": [
								80,
								434
							]
						},
						{
							"origin": [
								16,
								12.04423,
								32.26314
							],
							"size": [
								7,
								5,
								6
							],
							"pivot": [
								22.5,
								16.54423,
								35.26314
							],
							"rotation": [
								-60,
								0,
								0
							],
							"uv": [
								54,
								445
							]
						},
						{
							"origin": [
								-23,
								12.04423,
								32.26314
							],
							"size": [
								7,
								5,
								6
							],
							"pivot": [
								-16.5,
								16.54423,
								35.26314
							],
							"rotation": [
								-60,
								0,
								0
							],
							"uv": [
								54,
								434
							]
						}
					]
				}
			]
		}
	]
}