{
	"format_version": "1.12.0",
	"minecraft:geometry": [
		{
			"description": {
				"identifier": "geometry.tricycle",
				"texture_width": 512,
				"texture_height": 512,
				"visible_bounds_width": 7,
				"visible_bounds_height": 5,
				"visible_bounds_offset": [
					0,
					1.5,
					0
				]
			},
			"bones": [
				{
					"name": "tricycle_rickshaw",
					"pivot": [
						-22,
						17.36006,
						2.43685
					],
					"cubes": [
						{
							"origin": [
								-24.88313,
								5.33015,
								-24.31888
							],
							"size": [
								6,
								2,
								1
							],
							"uv": [
								12,
								342
							]
						},
						{
							"origin": [
								-25.88313,
								4.33015,
								-24.01888
							],
							"size": [
								8,
								4,
								1
							],
							"uv": [
								0,
								292
							]
						},
						{
							"origin": [
								-36,
								3,
								-17
							],
							"size": [
								28,
								1,
								38
							],
							"uv": [
								132,
								0
							]
						},
						{
							"origin": [
								-36,
								32,
								-16
							],
							"size": [
								28,
								2,
								38
							],
							"uv": [
								0,
								0
							]
						},
						{
							"origin": [
								-10,
								34,
								-16
							],
							"size": [
								2,
								6,
								38
							],
							"uv": [
								108,
								40
							]
						},
						{
							"origin": [
								-8,
								38,
								-16
							],
							"size": [
								16,
								2,
								38
							],
							"uv": [
								0,
								40
							]
						},
						{
							"origin": [
								-8,
								16.71829,
								-16.40233
							],
							"size": [
								2,
								23,
								2
							],
							"pivot": [
								0,
								38.71829,
								-15.40233
							],
							"rotation": [
								-20,
								0,
								0
							],
							"uv": [
								60,
								207
							]
						},
						{
							"origin": [
								-6,
								37.71829,
								-16.40233
							],
							"size": [
								12,
								2,
								2
							],
							"pivot": [
								0,
								38.71829,
								-15.40233
							],
							"rotation": [
								-20,
								0,
								0
							],
							"uv": [
								0,
								254
							]
						},
						{
							"origin": [
								-6,
								22.71829,
								-16.40233
							],
							"size": [
								12,
								15,
								0
							],
							"pivot": [
								0,
								38.71829,
								-15.40233
							],
							"rotation": [
								-20,
								0,
								0
							],
							"uv": [
								102,
								175
							]
						},
						{
							"origin": [
								-6,
								20.71829,
								-16.40233
							],
							"size": [
								12,
								2,
								2
							],
							"pivot": [
								0,
								38.71829,
								-15.40233
							],
							"rotation": [
								-20,
								0,
								0
							],
							"uv": [
								74,
								232
							]
						},
						{
							"origin": [
								-6,
								15.71829,
								-16.40233
							],
							"size": [
								12,
								2,
								2
							],
							"pivot": [
								0,
								38.71829,
								-15.40233
							],
							"rotation": [
								-20,
								0,
								0
							],
							"uv": [
								74,
								232
							]
						},
						{
							"origin": [
								6,
								16.71829,
								-16.40233
							],
							"size": [
								2,
								23,
								2
							],
							"pivot": [
								0,
								38.71829,
								-15.40233
							],
							"rotation": [
								-20,
								0,
								0
							],
							"uv": [
								52,
								207
							]
						},
						{
							"origin": [
								-36,
								13.14044,
								-18.79647
							],
							"size": [
								3,
								20,
								2
							],
							"pivot": [
								-19,
								25.14044,
								-17.79647
							],
							"rotation": [
								-20,
								0,
								0
							],
							"uv": [
								64,
								232
							]
						},
						{
							"origin": [
								-33,
								31.14044,
								-18.79647
							],
							"size": [
								22,
								2,
								2
							],
							"pivot": [
								-19,
								25.14044,
								-17.79647
							],
							"rotation": [
								-20,
								0,
								0
							],
							"uv": [
								118,
								152
							]
						},
						{
							"origin": [
								-33,
								13.14044,
								-18.79647
							],
							"size": [
								22,
								18,
								0
							],
							"pivot": [
								-19,
								25.14044,
								-17.79647
							],
							"rotation": [
								-20,
								0,
								0
							],
							"uv": [
								0,
								152
							]
						},
						{
							"origin": [
								-11,
								13.14044,
								-18.79647
							],
							"size": [
								3,
								20,
								2
							],
							"pivot": [
								-19,
								25.14044,
								-17.79647
							],
							"rotation": [
								-20,
								0,
								0
							],
							"uv": [
								54,
								232
							]
						},
						{
							"origin": [
								-10,
								4,
								-5
							],
							"size": [
								2,
								15,
								26
							],
							"uv": [
								56,
								84
							]
						},
						{
							"origin": [
								-8,
								11,
								-11
							],
							"size": [
								12,
								1,
								1
							],
							"uv": [
								70,
								256
							]
						},
						{
							"origin": [
								-10,
								4,
								-17
							],
							"size": [
								2,
								11,
								12
							],
							"uv": [
								166,
								152
							]
						},
						{
							"origin": [
								-36,
								4,
								-10
							],
							"size": [
								2,
								11,
								5
							],
							"uv": [
								56,
								254
							]
						},
						{
							"origin": [
								-15,
								4,
								19
							],
							"size": [
								5,
								15,
								2
							],
							"uv": [
								42,
								254
							]
						},
						{
							"origin": [
								-15,
								19,
								19
							],
							"size": [
								2,
								13,
								2
							],
							"uv": [
								26,
								287
							]
						},
						{
							"origin": [
								-34,
								4,
								19
							],
							"size": [
								5,
								15,
								2
							],
							"uv": [
								28,
								254
							]
						},
						{
							"origin": [
								-31,
								19,
								19
							],
							"size": [
								2,
								13,
								2
							],
							"uv": [
								18,
								287
							]
						},
						{
							"origin": [
								-36,
								4,
								-5
							],
							"size": [
								2,
								15,
								26
							],
							"uv": [
								0,
								84
							]
						},
						{
							"origin": [
								-34,
								4,
								0
							],
							"size": [
								5,
								8,
								19
							],
							"uv": [
								116,
								125
							]
						},
						{
							"origin": [
								-15,
								4,
								0
							],
							"size": [
								5,
								8,
								19
							],
							"uv": [
								68,
								125
							]
						},
						{
							"origin": [
								-34,
								4,
								-10
							],
							"size": [
								24,
								8,
								10
							],
							"uv": [
								0,
								125
							]
						},
						{
							"origin": [
								-34,
								12,
								-3
							],
							"size": [
								24,
								8,
								3
							],
							"uv": [
								164,
								125
							]
						},
						{
							"origin": [
								-10,
								19,
								-5
							],
							"size": [
								2,
								13,
								5
							],
							"uv": [
								40,
								232
							]
						},
						{
							"origin": [
								-36,
								19,
								-5
							],
							"size": [
								2,
								13,
								5
							],
							"uv": [
								26,
								232
							]
						},
						{
							"origin": [
								-10,
								19,
								17
							],
							"size": [
								2,
								13,
								3
							],
							"uv": [
								26,
								271
							]
						},
						{
							"origin": [
								-36,
								19,
								17
							],
							"size": [
								2,
								13,
								3
							],
							"uv": [
								16,
								271
							]
						},
						{
							"origin": [
								-36,
								3,
								-23
							],
							"size": [
								28,
								12,
								6
							],
							"uv": [
								112,
								84
							]
						}
					]
				},
				{
					"name": "bone",
					"parent": "tricycle_rickshaw",
					"pivot": [
						-39.38889,
						7.22514,
						-4.75662
					],
					"cubes": [
						{
							"origin": [
								-41,
								4,
								-5.5
							],
							"size": [
								5,
								9,
								1
							],
							"uv": [
								34,
								291
							]
						},
						{
							"origin": [
								-42,
								4.9,
								-5.5
							],
							"size": [
								1,
								5,
								18
							],
							"uv": [
								44,
								152
							]
						},
						{
							"origin": [
								-38,
								4,
								-4.5
							],
							"size": [
								1,
								5,
								17
							],
							"uv": [
								82,
								152
							]
						},
						{
							"origin": [
								-41,
								4,
								11.7
							],
							"size": [
								3,
								9,
								1
							],
							"uv": [
								72,
								318
							]
						},
						{
							"origin": [
								-41,
								12.54904,
								11.01314
							],
							"size": [
								3,
								3,
								1
							],
							"pivot": [
								-39,
								14.04904,
								11.51314
							],
							"rotation": [
								30,
								0,
								0
							],
							"uv": [
								84,
								362
							]
						},
						{
							"origin": [
								-41,
								14.41507,
								9.14712
							],
							"size": [
								3,
								3,
								1
							],
							"pivot": [
								-39,
								15.91507,
								9.64712
							],
							"rotation": [
								60,
								0,
								0
							],
							"uv": [
								84,
								358
							]
						},
						{
							"origin": [
								-41,
								15.09808,
								-0.40192
							],
							"size": [
								3,
								10,
								1
							],
							"pivot": [
								-39,
								16.59808,
								0.09808
							],
							"rotation": [
								-90,
								0,
								0
							],
							"uv": [
								40,
								302
							]
						},
						{
							"origin": [
								-41,
								14.41506,
								-2.95096
							],
							"size": [
								3,
								3,
								1
							],
							"pivot": [
								-39,
								15.91506,
								-2.45096
							],
							"rotation": [
								-60,
								0,
								0
							],
							"uv": [
								76,
								362
							]
						},
						{
							"origin": [
								-41,
								12.54904,
								-4.81699
							],
							"size": [
								3,
								3,
								1
							],
							"pivot": [
								-39,
								14.04904,
								-4.31699
							],
							"rotation": [
								-30,
								0,
								0
							],
							"uv": [
								76,
								358
							]
						}
					]
				},
				{
					"name": "leg0",
					"parent": "tricycle_rickshaw",
					"pivot": [
						-39.5,
						7.541,
						3.5
					],
					"cubes": [
						{
							"origin": [
								-41,
								0,
								2
							],
							"size": [
								3,
								2,
								3
							],
							"uv": [
								60,
								353
							]
						},
						{
							"origin": [
								-40,
								2,
								2
							],
							"size": [
								1,
								4,
								3
							],
							"uv": [
								34,
								358
							]
						},
						{
							"origin": [
								-41,
								13.08202,
								2
							],
							"size": [
								3,
								2,
								3
							],
							"uv": [
								48,
								353
							]
						},
						{
							"origin": [
								-40,
								9.08202,
								2
							],
							"size": [
								1,
								4,
								3
							],
							"uv": [
								26,
								358
							]
						},
						{
							"origin": [
								-41,
								1.09096,
								-0.48463
							],
							"size": [
								3,
								2,
								3
							],
							"pivot": [
								-39.5,
								1.84096,
								-0.48463
							],
							"rotation": [
								-22.5,
								0,
								0
							],
							"uv": [
								36,
								353
							]
						},
						{
							"origin": [
								-41,
								13.17717,
								4.52165
							],
							"size": [
								3,
								2,
								3
							],
							"pivot": [
								-39.5,
								13.92717,
								4.52165
							],
							"rotation": [
								-22.5,
								0,
								0
							],
							"uv": [
								24,
								353
							]
						},
						{
							"origin": [
								-41,
								3.0497,
								-2.36263
							],
							"size": [
								3,
								2,
								3
							],
							"pivot": [
								-39.5,
								3.7997,
								-2.36263
							],
							"rotation": [
								-45,
								0,
								0
							],
							"uv": [
								12,
								353
							]
						},
						{
							"origin": [
								-41,
								12.30008,
								6.88776
							],
							"size": [
								3,
								2,
								3
							],
							"pivot": [
								-39.5,
								13.05008,
								6.88776
							],
							"rotation": [
								-45,
								0,
								0
							],
							"uv": [
								0,
								353
							]
						},
						{
							"origin": [
								-41,
								5.57802,
								-3.3481
							],
							"size": [
								3,
								2,
								3
							],
							"pivot": [
								-39.5,
								6.32802,
								-3.3481
							],
							"rotation": [
								-67.5,
								0,
								0
							],
							"uv": [
								86,
								347
							]
						},
						{
							"origin": [
								-41,
								10.58429,
								8.73811
							],
							"size": [
								3,
								2,
								3
							],
							"pivot": [
								-39.5,
								11.33429,
								8.73811
							],
							"rotation": [
								-67.5,
								0,
								0
							],
							"uv": [
								86,
								342
							]
						},
						{
							"origin": [
								-41,
								0,
								2
							],
							"size": [
								3,
								2,
								3
							],
							"pivot": [
								-39.5,
								7.54101,
								3.5
							],
							"rotation": [
								-90,
								0,
								0
							],
							"uv": [
								74,
								347
							]
						},
						{
							"origin": [
								-40,
								2,
								2
							],
							"size": [
								1,
								4,
								3
							],
							"pivot": [
								-39.5,
								7.54101,
								3.5
							],
							"rotation": [
								-90,
								0,
								0
							],
							"uv": [
								18,
								358
							]
						},
						{
							"origin": [
								-40,
								5.5,
								1.5
							],
							"size": [
								1,
								4,
								4
							],
							"inflate": 0.4,
							"uv": [
								62,
								318
							]
						},
						{
							"origin": [
								-41,
								7,
								3
							],
							"size": [
								3,
								1,
								1
							],
							"uv": [
								0,
								375
							]
						},
						{
							"origin": [
								-41,
								13.08202,
								2
							],
							"size": [
								3,
								2,
								3
							],
							"pivot": [
								-39.5,
								7.54101,
								3.5
							],
							"rotation": [
								-90,
								0,
								0
							],
							"uv": [
								74,
								342
							]
						},
						{
							"origin": [
								-40,
								9.08202,
								2
							],
							"size": [
								1,
								4,
								3
							],
							"pivot": [
								-39.5,
								7.54101,
								3.5
							],
							"rotation": [
								-90,
								0,
								0
							],
							"uv": [
								10,
								358
							]
						},
						{
							"origin": [
								-41,
								10.77564,
								-2.20005
							],
							"size": [
								3,
								2,
								3
							],
							"pivot": [
								-39.5,
								11.52564,
								-2.20005
							],
							"rotation": [
								-112.5,
								0,
								0
							],
							"uv": [
								62,
								347
							]
						},
						{
							"origin": [
								-41,
								5.76936,
								9.88616
							],
							"size": [
								3,
								2,
								3
							],
							"pivot": [
								-39.5,
								6.51936,
								9.88616
							],
							"rotation": [
								-112.5,
								0,
								0
							],
							"uv": [
								62,
								342
							]
						},
						{
							"origin": [
								-41,
								12.65364,
								-0.24131
							],
							"size": [
								3,
								2,
								3
							],
							"pivot": [
								-39.5,
								13.40364,
								-0.24131
							],
							"rotation": [
								-135,
								0,
								0
							],
							"uv": [
								50,
								347
							]
						},
						{
							"origin": [
								-41,
								3.40325,
								9.00908
							],
							"size": [
								3,
								2,
								3
							],
							"pivot": [
								-39.5,
								4.15325,
								9.00908
							],
							"rotation": [
								-135,
								0,
								0
							],
							"uv": [
								50,
								342
							]
						},
						{
							"origin": [
								-41,
								13.63911,
								2.28701
							],
							"size": [
								3,
								2,
								3
							],
							"pivot": [
								-39.5,
								14.38911,
								2.28701
							],
							"rotation": [
								-157.5,
								0,
								0
							],
							"uv": [
								38,
								347
							]
						},
						{
							"origin": [
								-41,
								1.5529,
								7.29328
							],
							"size": [
								3,
								2,
								3
							],
							"pivot": [
								-39.5,
								2.3029,
								7.29328
							],
							"rotation": [
								-157.5,
								0,
								0
							],
							"uv": [
								38,
								342
							]
						}
					]
				},
				{
					"name": "motor",
					"pivot": [
						0,
						9,
						0
					],
					"cubes": [
						{
							"origin": [
								-2.88313,
								6.9,
								9.9
							],
							"size": [
								6,
								1,
								1
							],
							"uv": [
								114,
								353
							]
						},
						{
							"origin": [
								-1.38313,
								6.91367,
								11.91367
							],
							"size": [
								3.5,
								1,
								1
							],
							"uv": [
								0,
								373
							]
						},
						{
							"origin": [
								-2.38313,
								6.91367,
								10.91367
							],
							"size": [
								1,
								1,
								2
							],
							"uv": [
								146,
								373
							]
						},
						{
							"origin": [
								2.11687,
								6.91367,
								1.91367
							],
							"size": [
								1,
								1,
								11
							],
							"inflate": -0.001,
							"uv": [
								160,
								194
							]
						},
						{
							"origin": [
								-1.38313,
								6.98309,
								11.95824
							],
							"size": [
								3.5,
								1,
								1
							],
							"pivot": [
								0.11687,
								7.48309,
								10.45824
							],
							"rotation": [
								90,
								0,
								0
							],
							"uv": [
								200,
								370
							]
						},
						{
							"origin": [
								-2.38313,
								6.98309,
								10.95824
							],
							"size": [
								1,
								1,
								2
							],
							"pivot": [
								0.11687,
								7.48309,
								10.45824
							],
							"rotation": [
								90,
								0,
								0
							],
							"uv": [
								140,
								373
							]
						},
						{
							"origin": [
								2.11687,
								6.98309,
								10.95824
							],
							"size": [
								1,
								9,
								2
							],
							"inflate": -0.001,
							"pivot": [
								4.61687,
								7.48309,
								10.45824
							],
							"rotation": [
								90,
								0,
								0
							],
							"uv": [
								32,
								342
							]
						},
						{
							"origin": [
								-1.38313,
								7.00601,
								11.85484
							],
							"size": [
								3.5,
								1,
								1
							],
							"pivot": [
								0.11687,
								7.50601,
								10.35484
							],
							"rotation": [
								65,
								0,
								0
							],
							"uv": [
								192,
								370
							]
						},
						{
							"origin": [
								-2.38313,
								7.00601,
								10.85484
							],
							"size": [
								1,
								1,
								2
							],
							"pivot": [
								0.11687,
								7.50601,
								10.35484
							],
							"rotation": [
								65,
								0,
								0
							],
							"uv": [
								134,
								373
							]
						},
						{
							"origin": [
								2.11687,
								7.00601,
								10.85484
							],
							"size": [
								1,
								1,
								2
							],
							"pivot": [
								4.61687,
								7.50601,
								10.35484
							],
							"rotation": [
								65,
								0,
								0
							],
							"uv": [
								128,
								373
							]
						},
						{
							"origin": [
								-1.38313,
								7.02847,
								11.89343
							],
							"size": [
								3.5,
								1,
								1
							],
							"pivot": [
								0.11687,
								7.52847,
								10.39343
							],
							"rotation": [
								20,
								0,
								0
							],
							"uv": [
								184,
								370
							]
						},
						{
							"origin": [
								-2.38313,
								7.02847,
								10.89343
							],
							"size": [
								1,
								1,
								2
							],
							"pivot": [
								0.11687,
								7.52847,
								10.39343
							],
							"rotation": [
								20,
								0,
								0
							],
							"uv": [
								122,
								373
							]
						},
						{
							"origin": [
								2.11687,
								7.02847,
								10.89343
							],
							"size": [
								1,
								1,
								2
							],
							"pivot": [
								4.61687,
								7.52847,
								10.39343
							],
							"rotation": [
								20,
								0,
								0
							],
							"uv": [
								116,
								373
							]
						},
						{
							"origin": [
								-1.38313,
								6.90844,
								11.91263
							],
							"size": [
								3.5,
								1,
								1
							],
							"pivot": [
								0.11687,
								7.40844,
								10.41263
							],
							"rotation": [
								-22.5,
								0,
								0
							],
							"uv": [
								176,
								370
							]
						},
						{
							"origin": [
								-2.38313,
								6.90844,
								10.91263
							],
							"size": [
								1,
								1,
								2
							],
							"pivot": [
								0.11687,
								7.40844,
								10.41263
							],
							"rotation": [
								-22.5,
								0,
								0
							],
							"uv": [
								110,
								373
							]
						},
						{
							"origin": [
								2.11687,
								6.90844,
								10.91263
							],
							"size": [
								1,
								1,
								2
							],
							"pivot": [
								4.61687,
								7.40844,
								10.41263
							],
							"rotation": [
								-22.5,
								0,
								0
							],
							"uv": [
								104,
								373
							]
						},
						{
							"origin": [
								-1.38313,
								6.90104,
								11.90523
							],
							"size": [
								3.5,
								1,
								1
							],
							"pivot": [
								0.11687,
								7.40104,
								10.40523
							],
							"rotation": [
								-67.5,
								0,
								0
							],
							"uv": [
								168,
								370
							]
						},
						{
							"origin": [
								-2.38313,
								6.90104,
								10.90523
							],
							"size": [
								1,
								1,
								2
							],
							"pivot": [
								0.11687,
								7.40104,
								10.40523
							],
							"rotation": [
								-67.5,
								0,
								0
							],
							"uv": [
								98,
								373
							]
						},
						{
							"origin": [
								2.11687,
								6.90104,
								10.90523
							],
							"size": [
								1,
								1,
								2
							],
							"pivot": [
								4.61687,
								7.40104,
								10.40523
							],
							"rotation": [
								-67.5,
								0,
								0
							],
							"uv": [
								92,
								373
							]
						},
						{
							"origin": [
								-1.38313,
								6.904,
								11.90967
							],
							"size": [
								3.5,
								1,
								1
							],
							"pivot": [
								0.11687,
								7.404,
								10.40967
							],
							"rotation": [
								-45,
								0,
								0
							],
							"uv": [
								160,
								370
							]
						},
						{
							"origin": [
								-2.38313,
								6.904,
								10.90967
							],
							"size": [
								1,
								1,
								2
							],
							"pivot": [
								0.11687,
								7.404,
								10.40967
							],
							"rotation": [
								-45,
								0,
								0
							],
							"uv": [
								86,
								373
							]
						},
						{
							"origin": [
								2.11687,
								6.904,
								10.90967
							],
							"size": [
								1,
								1,
								2
							],
							"pivot": [
								4.61687,
								7.404,
								10.40967
							],
							"rotation": [
								-45,
								0,
								0
							],
							"uv": [
								80,
								373
							]
						},
						{
							"origin": [
								-1.38313,
								6.93915,
								11.95033
							],
							"size": [
								3.5,
								1,
								1
							],
							"pivot": [
								0.11687,
								7.43915,
								10.45033
							],
							"rotation": [
								45,
								0,
								0
							],
							"uv": [
								152,
								370
							]
						},
						{
							"origin": [
								-2.38313,
								6.93915,
								10.95033
							],
							"size": [
								1,
								1,
								2
							],
							"pivot": [
								0.11687,
								7.43915,
								10.45033
							],
							"rotation": [
								45,
								0,
								0
							],
							"uv": [
								74,
								373
							]
						},
						{
							"origin": [
								2.11687,
								6.93915,
								10.95033
							],
							"size": [
								1,
								1,
								2
							],
							"pivot": [
								4.61687,
								7.43915,
								10.45033
							],
							"rotation": [
								45,
								0,
								0
							],
							"uv": [
								68,
								373
							]
						},
						{
							"origin": [
								-1.38313,
								6.96942,
								7.94457
							],
							"size": [
								3.5,
								1,
								1
							],
							"uv": [
								144,
								370
							]
						},
						{
							"origin": [
								-2.38313,
								6.96942,
								7.94457
							],
							"size": [
								1,
								1,
								2
							],
							"uv": [
								62,
								373
							]
						},
						{
							"origin": [
								-1.38313,
								6.9,
								7.9
							],
							"size": [
								3.5,
								1,
								1
							],
							"pivot": [
								0.11687,
								7.4,
								10.4
							],
							"rotation": [
								90,
								0,
								0
							],
							"uv": [
								136,
								370
							]
						},
						{
							"origin": [
								-2.38313,
								6.9,
								7.9
							],
							"size": [
								1,
								1,
								2
							],
							"pivot": [
								0.11687,
								7.4,
								10.4
							],
							"rotation": [
								90,
								0,
								0
							],
							"uv": [
								56,
								373
							]
						},
						{
							"origin": [
								2.11687,
								6.9,
								7.9
							],
							"size": [
								1,
								9,
								2
							],
							"inflate": -0.001,
							"pivot": [
								4.61687,
								7.4,
								10.4
							],
							"rotation": [
								90,
								0,
								0
							],
							"uv": [
								26,
								342
							]
						},
						{
							"origin": [
								-1.38313,
								6.87708,
								8.00339
							],
							"size": [
								3.5,
								1,
								1
							],
							"pivot": [
								0.11687,
								7.37708,
								10.50339
							],
							"rotation": [
								65,
								0,
								0
							],
							"uv": [
								128,
								370
							]
						},
						{
							"origin": [
								-2.38313,
								6.87708,
								8.00339
							],
							"size": [
								1,
								1,
								2
							],
							"pivot": [
								0.11687,
								7.37708,
								10.50339
							],
							"rotation": [
								65,
								0,
								0
							],
							"uv": [
								50,
								373
							]
						},
						{
							"origin": [
								-1.38313,
								6.85462,
								7.96481
							],
							"size": [
								3.5,
								1,
								1
							],
							"pivot": [
								0.11687,
								7.35462,
								10.46481
							],
							"rotation": [
								20,
								0,
								0
							],
							"uv": [
								120,
								370
							]
						},
						{
							"origin": [
								-2.38313,
								6.85462,
								7.96481
							],
							"size": [
								1,
								1,
								2
							],
							"pivot": [
								0.11687,
								7.35462,
								10.46481
							],
							"rotation": [
								20,
								0,
								0
							],
							"uv": [
								44,
								373
							]
						},
						{
							"origin": [
								-1.38313,
								6.97465,
								7.94561
							],
							"size": [
								3.5,
								1,
								1
							],
							"pivot": [
								0.11687,
								7.47465,
								10.44561
							],
							"rotation": [
								-22.5,
								0,
								0
							],
							"uv": [
								112,
								370
							]
						},
						{
							"origin": [
								-2.38313,
								6.97465,
								7.94561
							],
							"size": [
								1,
								1,
								2
							],
							"pivot": [
								0.11687,
								7.47465,
								10.44561
							],
							"rotation": [
								-22.5,
								0,
								0
							],
							"uv": [
								38,
								373
							]
						},
						{
							"origin": [
								-1.38313,
								6.98205,
								7.953
							],
							"size": [
								3.5,
								1,
								1
							],
							"pivot": [
								0.11687,
								7.48205,
								10.453
							],
							"rotation": [
								-67.5,
								0,
								0
							],
							"uv": [
								104,
								370
							]
						},
						{
							"origin": [
								-2.38313,
								6.98205,
								7.953
							],
							"size": [
								1,
								1,
								2
							],
							"pivot": [
								0.11687,
								7.48205,
								10.453
							],
							"rotation": [
								-67.5,
								0,
								0
							],
							"uv": [
								32,
								373
							]
						},
						{
							"origin": [
								-1.38313,
								6.97908,
								7.94857
							],
							"size": [
								3.5,
								1,
								1
							],
							"pivot": [
								0.11687,
								7.47908,
								10.44857
							],
							"rotation": [
								-45,
								0,
								0
							],
							"uv": [
								96,
								370
							]
						},
						{
							"origin": [
								-2.38313,
								6.97908,
								7.94857
							],
							"size": [
								1,
								1,
								2
							],
							"pivot": [
								0.11687,
								7.47908,
								10.44857
							],
							"rotation": [
								-45,
								0,
								0
							],
							"uv": [
								26,
								373
							]
						},
						{
							"origin": [
								-1.38313,
								6.94394,
								7.90791
							],
							"size": [
								3.5,
								1,
								1
							],
							"pivot": [
								0.11687,
								7.44394,
								10.40791
							],
							"rotation": [
								45,
								0,
								0
							],
							"uv": [
								88,
								370
							]
						},
						{
							"origin": [
								-2.38313,
								6.94394,
								7.90791
							],
							"size": [
								1,
								1,
								2
							],
							"pivot": [
								0.11687,
								7.44394,
								10.40791
							],
							"rotation": [
								45,
								0,
								0
							],
							"uv": [
								20,
								373
							]
						}
					]
				},
				{
					"name": "body0",
					"parent": "motor",
					"pivot": [
						0,
						-0.6,
						1
					],
					"cubes": [
						{
							"origin": [
								-3.88313,
								12.56755,
								-11.30769
							],
							"size": [
								8,
								5,
								1
							],
							"inflate": 0.001,
							"pivot": [
								0.11687,
								14.06755,
								-10.80769
							],
							"rotation": [
								40,
								0,
								0
							],
							"uv": [
								90,
								277
							]
						},
						{
							"origin": [
								-3.88313,
								12.59709,
								-10.22653
							],
							"size": [
								8,
								1,
								5
							],
							"inflate": 0.001,
							"uv": [
								0,
								244
							]
						},
						{
							"origin": [
								-3.88313,
								12.59709,
								-7.82653
							],
							"size": [
								8,
								1,
								5
							],
							"inflate": 0.001,
							"uv": [
								0,
								238
							]
						},
						{
							"origin": [
								-3.88313,
								13.49709,
								-10.62653
							],
							"size": [
								8,
								1,
								5
							],
							"uv": [
								0,
								232
							]
						},
						{
							"origin": [
								-3.88313,
								14.49709,
								-11.62653
							],
							"size": [
								8,
								1,
								6
							],
							"uv": [
								0,
								221
							]
						},
						{
							"origin": [
								-3.88313,
								16.49709,
								-12.02653
							],
							"size": [
								8,
								1,
								7
							],
							"uv": [
								82,
								194
							]
						},
						{
							"origin": [
								-3.88313,
								12.66354,
								-5.83402
							],
							"size": [
								8,
								5,
								1
							],
							"inflate": -0.001,
							"uv": [
								90,
								271
							]
						},
						{
							"origin": [
								-3.88313,
								12.96354,
								-3.83402
							],
							"size": [
								8,
								5,
								1
							],
							"inflate": 0.001,
							"uv": [
								72,
								277
							]
						},
						{
							"origin": [
								-3.88313,
								12.96354,
								-4.83402
							],
							"size": [
								8,
								5,
								1
							],
							"inflate": -0.001,
							"uv": [
								72,
								271
							]
						},
						{
							"origin": [
								-3.88313,
								15.49709,
								-12.12653
							],
							"size": [
								8,
								1,
								7
							],
							"uv": [
								52,
								194
							]
						},
						{
							"origin": [
								-1.88313,
								15.79709,
								-17.12653
							],
							"size": [
								4,
								1,
								5
							],
							"uv": [
								54,
								279
							]
						},
						{
							"origin": [
								2.11687,
								16.29709,
								-13.52653
							],
							"size": [
								1,
								1,
								12
							],
							"pivot": [
								0.11687,
								15.99709,
								-14.12653
							],
							"rotation": [
								-60,
								0,
								0
							],
							"uv": [
								0,
								194
							]
						},
						{
							"origin": [
								2.11687,
								4.7968,
								-7.36231
							],
							"size": [
								1,
								1,
								1
							],
							"pivot": [
								0.11687,
								5.2968,
								-6.86231
							],
							"rotation": [
								-40,
								0,
								0
							],
							"uv": [
								90,
								377
							]
						},
						{
							"origin": [
								2.11687,
								4.39122,
								-6.65982
							],
							"size": [
								1,
								1,
								1
							],
							"pivot": [
								0.11687,
								4.89122,
								-6.15982
							],
							"rotation": [
								-20,
								0,
								0
							],
							"uv": [
								86,
								377
							]
						},
						{
							"origin": [
								2.11687,
								4.10392,
								-5.74861
							],
							"size": [
								1,
								1,
								1
							],
							"pivot": [
								0.11687,
								4.60392,
								-5.24861
							],
							"rotation": [
								-15,
								0,
								0
							],
							"uv": [
								82,
								377
							]
						},
						{
							"origin": [
								-2.88313,
								3.99154,
								-4.89506
							],
							"size": [
								6,
								1,
								1
							],
							"uv": [
								100,
								355
							]
						},
						{
							"origin": [
								2.11687,
								4.99154,
								-4.89506
							],
							"size": [
								1,
								1,
								6
							],
							"uv": [
								68,
								294
							]
						},
						{
							"origin": [
								-2.88313,
								4.99154,
								-4.89506
							],
							"size": [
								1,
								1,
								6
							],
							"uv": [
								68,
								287
							]
						},
						{
							"origin": [
								1.11687,
								3.99154,
								-3.89506
							],
							"size": [
								1,
								1,
								4
							],
							"uv": [
								0,
								358
							]
						},
						{
							"origin": [
								-1.88313,
								3.99154,
								-3.89506
							],
							"size": [
								1,
								1,
								4
							],
							"uv": [
								148,
								353
							]
						},
						{
							"origin": [
								-2.88313,
								3.99154,
								0.10494
							],
							"size": [
								6,
								1,
								1
							],
							"uv": [
								100,
								353
							]
						},
						{
							"origin": [
								-2.88313,
								16.29709,
								-13.52653
							],
							"size": [
								1,
								1,
								12
							],
							"pivot": [
								0.11687,
								15.99709,
								-14.12653
							],
							"rotation": [
								-60,
								0,
								0
							],
							"uv": [
								156,
								175
							]
						},
						{
							"origin": [
								-2.88313,
								4.7968,
								-7.36231
							],
							"size": [
								1,
								1,
								1
							],
							"pivot": [
								0.11687,
								5.2968,
								-6.86231
							],
							"rotation": [
								-40,
								0,
								0
							],
							"uv": [
								78,
								377
							]
						},
						{
							"origin": [
								-2.88313,
								4.39122,
								-6.65982
							],
							"size": [
								1,
								1,
								1
							],
							"pivot": [
								0.11687,
								4.89122,
								-6.15982
							],
							"rotation": [
								-20,
								0,
								0
							],
							"uv": [
								74,
								377
							]
						},
						{
							"origin": [
								-2.88313,
								4.10392,
								-5.74861
							],
							"size": [
								1,
								1,
								1
							],
							"pivot": [
								0.11687,
								4.60392,
								-5.24861
							],
							"rotation": [
								-15,
								0,
								0
							],
							"uv": [
								70,
								377
							]
						},
						{
							"origin": [
								-3.88313,
								15.54902,
								-12.21079
							],
							"size": [
								8,
								4,
								1
							],
							"inflate": 0.001,
							"pivot": [
								0.11687,
								17.54902,
								-11.71079
							],
							"rotation": [
								-43,
								0,
								0
							],
							"uv": [
								0,
								297
							]
						},
						{
							"origin": [
								-3.88313,
								18.29629,
								-11.06737
							],
							"size": [
								8,
								1,
								6
							],
							"inflate": 0.001,
							"pivot": [
								0.11687,
								17.29629,
								-10.56737
							],
							"rotation": [
								-10,
								0,
								0
							],
							"uv": [
								0,
								214
							]
						},
						{
							"origin": [
								-3.88313,
								18.29629,
								-9.06737
							],
							"size": [
								8,
								1,
								6
							],
							"pivot": [
								0.11687,
								17.29629,
								-10.56737
							],
							"rotation": [
								-10,
								0,
								0
							],
							"uv": [
								0,
								207
							]
						},
						{
							"origin": [
								-0.88313,
								18.65054,
								-8.68642
							],
							"size": [
								2,
								1,
								2
							],
							"pivot": [
								0.11687,
								19.15054,
								-6.68642
							],
							"rotation": [
								-10,
								0,
								0
							],
							"uv": [
								16,
								370
							]
						},
						{
							"origin": [
								-3.88313,
								17.49709,
								-11.12653
							],
							"size": [
								8,
								1,
								5
							],
							"uv": [
								68,
								207
							]
						},
						{
							"origin": [
								-2.88313,
								14.39709,
								-4.92653
							],
							"size": [
								6,
								3,
								9
							],
							"inflate": 0.01,
							"uv": [
								126,
								175
							]
						},
						{
							"origin": [
								-2.88313,
								15.39709,
								4.07347
							],
							"size": [
								6,
								2,
								11
							],
							"inflate": 0.01,
							"uv": [
								68,
								175
							]
						},
						{
							"origin": [
								-1.88313,
								15.39709,
								16.07347
							],
							"size": [
								4,
								2,
								1
							],
							"inflate": 0.0001,
							"uv": [
								54,
								358
							]
						},
						{
							"origin": [
								-2.88313,
								17.89709,
								16.07347
							],
							"size": [
								6,
								1,
								1
							],
							"inflate": 0.0001,
							"uv": [
								86,
								355
							]
						},
						{
							"origin": [
								2.11687,
								17.89709,
								17.07347
							],
							"size": [
								1,
								1,
								1
							],
							"inflate": 0.0001,
							"uv": [
								66,
								377
							]
						},
						{
							"origin": [
								-2.88313,
								17.89709,
								17.07347
							],
							"size": [
								1,
								1,
								1
							],
							"inflate": 0.0001,
							"uv": [
								62,
								377
							]
						},
						{
							"origin": [
								2.11687,
								17.89709,
								19.07347
							],
							"size": [
								1,
								1,
								1
							],
							"inflate": 0.0001,
							"uv": [
								58,
								377
							]
						},
						{
							"origin": [
								-2.88313,
								17.89709,
								19.07347
							],
							"size": [
								1,
								1,
								1
							],
							"inflate": 0.0001,
							"uv": [
								54,
								377
							]
						},
						{
							"origin": [
								-2.88313,
								17.89709,
								18.07347
							],
							"size": [
								6,
								1,
								1
							],
							"inflate": 0.0001,
							"uv": [
								86,
								353
							]
						},
						{
							"origin": [
								-2.88313,
								17.89709,
								20.07347
							],
							"size": [
								6,
								1,
								1
							],
							"inflate": 0.0001,
							"uv": [
								72,
								355
							]
						},
						{
							"origin": [
								-2.88313,
								15.39709,
								15.07347
							],
							"size": [
								6,
								4,
								1
							],
							"inflate": 0.0001,
							"uv": [
								26,
								307
							]
						},
						{
							"origin": [
								-1.88313,
								10.39709,
								16.07347
							],
							"size": [
								4,
								7,
								1
							],
							"pivot": [
								0.11687,
								14.39709,
								17.57347
							],
							"rotation": [
								35,
								0,
								0
							],
							"uv": [
								52,
								318
							]
						},
						{
							"origin": [
								-2.88313,
								13.39709,
								16.67347
							],
							"size": [
								6,
								1,
								1
							],
							"uv": [
								72,
								353
							]
						},
						{
							"origin": [
								-4.88313,
								13.39709,
								16.67347
							],
							"size": [
								2,
								1,
								1
							],
							"inflate": 0.3,
							"uv": [
								24,
								377
							]
						},
						{
							"origin": [
								3.11687,
								13.39709,
								16.67347
							],
							"size": [
								2,
								1,
								1
							],
							"inflate": 0.3,
							"uv": [
								18,
								377
							]
						},
						{
							"origin": [
								-2.88303,
								10.66768,
								-3.79018
							],
							"size": [
								6,
								1,
								12
							],
							"inflate": -0.01,
							"pivot": [
								0.11697,
								10.66768,
								3.20982
							],
							"rotation": [
								72.5,
								0,
								0
							],
							"uv": [
								0,
								175
							]
						},
						{
							"origin": [
								2.20787,
								5.66768,
								1.20982
							],
							"size": [
								1,
								1,
								11
							],
							"inflate": 0.0001,
							"uv": [
								136,
								194
							]
						},
						{
							"origin": [
								2.20787,
								8.16768,
								1.20982
							],
							"size": [
								1,
								1,
								11
							],
							"inflate": 0.0001,
							"uv": [
								112,
								194
							]
						},
						{
							"origin": [
								-2.88313,
								10.39709,
								-2.92653
							],
							"size": [
								6,
								4,
								6
							],
							"uv": [
								28,
								207
							]
						},
						{
							"origin": [
								-1.88313,
								6.29709,
								-7.92653
							],
							"size": [
								4,
								6,
								4
							],
							"pivot": [
								0.11687,
								9.79709,
								-4.62653
							],
							"rotation": [
								37.5,
								0,
								0
							],
							"uv": [
								0,
								271
							]
						},
						{
							"origin": [
								-1.88313,
								9.29709,
								-9.92653
							],
							"size": [
								1,
								1,
								2
							],
							"pivot": [
								0.11687,
								9.79709,
								-4.62653
							],
							"rotation": [
								37.5,
								0,
								0
							],
							"uv": [
								14,
								373
							]
						},
						{
							"origin": [
								-1.88313,
								4.96733,
								-9.13568
							],
							"size": [
								1,
								2,
								1
							],
							"uv": [
								38,
								377
							]
						},
						{
							"origin": [
								-3.88313,
								4.96733,
								-9.13568
							],
							"size": [
								2,
								1,
								1
							],
							"uv": [
								12,
								377
							]
						},
						{
							"origin": [
								-4.62684,
								5.71006,
								-9.11326
							],
							"size": [
								1,
								1,
								15
							],
							"pivot": [
								-4.12684,
								6.21006,
								-0.61326
							],
							"rotation": [
								5,
								-5,
								0
							],
							"uv": [
								36,
								175
							]
						},
						{
							"origin": [
								-5.65106,
								5.20625,
								5.80219
							],
							"size": [
								2,
								2,
								6
							],
							"pivot": [
								-3.75106,
								6.20625,
								-0.69781
							],
							"rotation": [
								5,
								0,
								0
							],
							"uv": [
								54,
								271
							]
						},
						{
							"origin": [
								-5.65106,
								5.20625,
								6.20219
							],
							"size": [
								2,
								2,
								5
							],
							"inflate": 0.1,
							"pivot": [
								-3.75106,
								6.20625,
								-0.69781
							],
							"rotation": [
								5,
								0,
								0
							],
							"uv": [
								52,
								292
							]
						},
						{
							"origin": [
								-3.65106,
								5.20625,
								6.80219
							],
							"size": [
								2,
								2,
								1
							],
							"pivot": [
								-3.75106,
								6.20625,
								-0.69781
							],
							"rotation": [
								5,
								0,
								0
							],
							"uv": [
								8,
								373
							]
						},
						{
							"origin": [
								-2.83313,
								7.20625,
								6.80219
							],
							"size": [
								1,
								8,
								1
							],
							"pivot": [
								-3.73313,
								6.20625,
								-0.69781
							],
							"rotation": [
								5,
								0,
								0
							],
							"uv": [
								50,
								358
							]
						},
						{
							"origin": [
								2.06687,
								8.20625,
								6.80219
							],
							"size": [
								1,
								7,
								1
							],
							"pivot": [
								-3.73313,
								6.20625,
								-0.69781
							],
							"rotation": [
								5,
								0,
								0
							],
							"uv": [
								72,
								358
							]
						},
						{
							"origin": [
								-2.88313,
								5.01144,
								-5.11393
							],
							"size": [
								6,
								5,
								7
							],
							"uv": [
								26,
								194
							]
						},
						{
							"origin": [
								-5.88313,
								6.51144,
								-3.11393
							],
							"size": [
								12,
								1,
								1
							],
							"uv": [
								70,
								254
							]
						},
						{
							"origin": [
								2.99187,
								8.21144,
								6.88607
							],
							"size": [
								3,
								1,
								1
							],
							"uv": [
								80,
								370
							]
						},
						{
							"origin": [
								-4.70813,
								8.21144,
								6.88607
							],
							"size": [
								2,
								1,
								1
							],
							"uv": [
								6,
								377
							]
						},
						{
							"origin": [
								5.11687,
								6.51144,
								-3.11393
							],
							"size": [
								3,
								1,
								1
							],
							"inflate": 0.3,
							"uv": [
								72,
								370
							]
						},
						{
							"origin": [
								5.11687,
								8.21144,
								6.88607
							],
							"size": [
								3,
								1,
								1
							],
							"inflate": 0.3,
							"uv": [
								64,
								370
							]
						},
						{
							"origin": [
								-7.88313,
								6.51144,
								-3.11393
							],
							"size": [
								3,
								1,
								1
							],
							"inflate": 0.3,
							"uv": [
								56,
								370
							]
						},
						{
							"origin": [
								-7.88313,
								8.21144,
								6.88607
							],
							"size": [
								3,
								1,
								1
							],
							"inflate": 0.3,
							"uv": [
								48,
								370
							]
						},
						{
							"origin": [
								-2.88313,
								8.47132,
								-5.62145
							],
							"size": [
								6,
								4,
								5
							],
							"pivot": [
								0.11687,
								11.77132,
								0.17855
							],
							"rotation": [
								-52.5,
								0,
								0
							],
							"uv": [
								0,
								258
							]
						},
						{
							"origin": [
								-0.88313,
								7.47132,
								-2.62145
							],
							"size": [
								1,
								1,
								1
							],
							"pivot": [
								0.11687,
								11.77132,
								0.17855
							],
							"rotation": [
								-52.5,
								0,
								0
							],
							"uv": [
								50,
								377
							]
						},
						{
							"origin": [
								-0.88313,
								10.78274,
								-7.73634
							],
							"size": [
								1,
								2,
								1
							],
							"pivot": [
								-0.38313,
								11.28274,
								-7.23634
							],
							"rotation": [
								22.5,
								0,
								0
							],
							"uv": [
								34,
								377
							]
						},
						{
							"origin": [
								-0.88313,
								11.78274,
								-7.73634
							],
							"size": [
								1,
								2,
								1
							],
							"pivot": [
								-0.38313,
								11.28274,
								-7.23634
							],
							"rotation": [
								22.5,
								0,
								0
							],
							"uv": [
								30,
								377
							]
						}
					]
				},
				{
					"name": "brake0",
					"parent": "body0",
					"pivot": [
						0,
						7.44154,
						-20.77088
					],
					"cubes": [
						{
							"origin": [
								-2.88313,
								6.85462,
								-23.23519
							],
							"size": [
								2,
								1,
								2
							],
							"inflate": 0.001,
							"pivot": [
								-3.88313,
								7.35462,
								-20.73519
							],
							"rotation": [
								20,
								0,
								0
							],
							"uv": [
								8,
								370
							]
						},
						{
							"origin": [
								-2.88313,
								6.96942,
								-23.25543
							],
							"size": [
								2,
								1,
								2
							],
							"inflate": 0.001,
							"uv": [
								0,
								370
							]
						},
						{
							"origin": [
								-2.88313,
								6.97465,
								-23.25439
							],
							"size": [
								2,
								1,
								2
							],
							"inflate": 0.001,
							"pivot": [
								-3.88313,
								7.47465,
								-20.75439
							],
							"rotation": [
								-22.5,
								0,
								0
							],
							"uv": [
								184,
								367
							]
						},
						{
							"origin": [
								-2.88313,
								6.98205,
								-23.247
							],
							"size": [
								2,
								1,
								2
							],
							"inflate": 0.001,
							"pivot": [
								-3.88313,
								7.48205,
								-20.747
							],
							"rotation": [
								-67.5,
								0,
								0
							],
							"uv": [
								176,
								367
							]
						},
						{
							"origin": [
								-2.88313,
								6.97908,
								-23.25143
							],
							"size": [
								2,
								1,
								2
							],
							"inflate": 0.001,
							"pivot": [
								-3.88313,
								7.47908,
								-20.75143
							],
							"rotation": [
								-45,
								0,
								0
							],
							"uv": [
								168,
								367
							]
						},
						{
							"origin": [
								-2.88313,
								6.98309,
								-20.24176
							],
							"size": [
								2,
								1,
								2
							],
							"inflate": 0.001,
							"pivot": [
								-3.88313,
								7.48309,
								-20.74176
							],
							"rotation": [
								90,
								0,
								0
							],
							"uv": [
								160,
								367
							]
						},
						{
							"origin": [
								-2.88313,
								7.00601,
								-20.34516
							],
							"size": [
								2,
								1,
								2
							],
							"inflate": 0.001,
							"pivot": [
								-3.88313,
								7.50601,
								-20.84516
							],
							"rotation": [
								65,
								0,
								0
							],
							"uv": [
								152,
								367
							]
						},
						{
							"origin": [
								-2.88313,
								6.93915,
								-20.24967
							],
							"size": [
								2,
								1,
								2
							],
							"inflate": 0.001,
							"pivot": [
								-3.88313,
								7.43915,
								-20.74967
							],
							"rotation": [
								45,
								0,
								0
							],
							"uv": [
								144,
								367
							]
						},
						{
							"origin": [
								-2.88313,
								7.02847,
								-20.30657
							],
							"size": [
								2,
								1,
								2
							],
							"inflate": 0.001,
							"pivot": [
								-3.88313,
								7.52847,
								-20.80657
							],
							"rotation": [
								20,
								0,
								0
							],
							"uv": [
								136,
								367
							]
						},
						{
							"origin": [
								-2.88313,
								6.91367,
								-20.28633
							],
							"size": [
								2,
								1,
								2
							],
							"inflate": 0.001,
							"uv": [
								128,
								367
							]
						},
						{
							"origin": [
								-2.88313,
								6.90844,
								-20.28737
							],
							"size": [
								2,
								1,
								2
							],
							"inflate": 0.001,
							"pivot": [
								-3.88313,
								7.40844,
								-20.78737
							],
							"rotation": [
								-22.5,
								0,
								0
							],
							"uv": [
								120,
								367
							]
						},
						{
							"origin": [
								-2.88313,
								6.904,
								-20.29033
							],
							"size": [
								2,
								1,
								2
							],
							"inflate": 0.001,
							"pivot": [
								-3.88313,
								7.404,
								-20.79033
							],
							"rotation": [
								-45,
								0,
								0
							],
							"uv": [
								112,
								367
							]
						},
						{
							"origin": [
								-2.88313,
								6.90104,
								-20.29477
							],
							"size": [
								2,
								1,
								2
							],
							"inflate": 0.001,
							"pivot": [
								-3.88313,
								7.40104,
								-20.79477
							],
							"rotation": [
								-67.5,
								0,
								0
							],
							"uv": [
								104,
								367
							]
						},
						{
							"origin": [
								-2.88313,
								6.9,
								-23.3
							],
							"size": [
								2,
								1,
								2
							],
							"inflate": 0.001,
							"pivot": [
								-3.88313,
								7.4,
								-20.8
							],
							"rotation": [
								90,
								0,
								0
							],
							"uv": [
								96,
								367
							]
						},
						{
							"origin": [
								-2.88313,
								6.87708,
								-23.19661
							],
							"size": [
								2,
								1,
								2
							],
							"inflate": 0.001,
							"pivot": [
								-3.88313,
								7.37708,
								-20.69661
							],
							"rotation": [
								65,
								0,
								0
							],
							"uv": [
								88,
								367
							]
						},
						{
							"origin": [
								-2.88313,
								6.94394,
								-23.29209
							],
							"size": [
								2,
								1,
								2
							],
							"inflate": 0.001,
							"pivot": [
								-3.88313,
								7.44394,
								-20.79209
							],
							"rotation": [
								45,
								0,
								0
							],
							"uv": [
								80,
								367
							]
						},
						{
							"origin": [
								1.11687,
								6.98309,
								-20.24176
							],
							"size": [
								2,
								1,
								2
							],
							"inflate": 0.001,
							"pivot": [
								0.11687,
								7.48309,
								-20.74176
							],
							"rotation": [
								90,
								0,
								0
							],
							"uv": [
								72,
								367
							]
						},
						{
							"origin": [
								1.11687,
								6.98205,
								-23.247
							],
							"size": [
								2,
								1,
								2
							],
							"inflate": 0.001,
							"pivot": [
								0.11687,
								7.48205,
								-20.747
							],
							"rotation": [
								-67.5,
								0,
								0
							],
							"uv": [
								64,
								367
							]
						},
						{
							"origin": [
								1.11687,
								6.97908,
								-23.25143
							],
							"size": [
								2,
								1,
								2
							],
							"inflate": 0.001,
							"pivot": [
								0.11687,
								7.47908,
								-20.75143
							],
							"rotation": [
								-45,
								0,
								0
							],
							"uv": [
								56,
								367
							]
						},
						{
							"origin": [
								1.11687,
								6.97465,
								-23.25439
							],
							"size": [
								2,
								1,
								2
							],
							"inflate": 0.001,
							"pivot": [
								0.11687,
								7.47465,
								-20.75439
							],
							"rotation": [
								-22.5,
								0,
								0
							],
							"uv": [
								48,
								367
							]
						},
						{
							"origin": [
								1.11687,
								6.96942,
								-23.25543
							],
							"size": [
								2,
								1,
								2
							],
							"inflate": 0.001,
							"uv": [
								40,
								367
							]
						},
						{
							"origin": [
								1.11687,
								6.87708,
								-23.19661
							],
							"size": [
								2,
								1,
								2
							],
							"inflate": 0.001,
							"pivot": [
								0.11687,
								7.37708,
								-20.69661
							],
							"rotation": [
								65,
								0,
								0
							],
							"uv": [
								32,
								367
							]
						},
						{
							"origin": [
								1.11687,
								6.94394,
								-23.29209
							],
							"size": [
								2,
								1,
								2
							],
							"inflate": 0.001,
							"pivot": [
								0.11687,
								7.44394,
								-20.79209
							],
							"rotation": [
								45,
								0,
								0
							],
							"uv": [
								24,
								367
							]
						},
						{
							"origin": [
								1.11687,
								6.85462,
								-23.23519
							],
							"size": [
								2,
								1,
								2
							],
							"inflate": 0.001,
							"pivot": [
								0.11687,
								7.35462,
								-20.73519
							],
							"rotation": [
								20,
								0,
								0
							],
							"uv": [
								16,
								367
							]
						},
						{
							"origin": [
								1.11687,
								6.9,
								-23.3
							],
							"size": [
								2,
								1,
								2
							],
							"inflate": 0.001,
							"pivot": [
								0.11687,
								7.4,
								-20.8
							],
							"rotation": [
								90,
								0,
								0
							],
							"uv": [
								8,
								367
							]
						},
						{
							"origin": [
								1.11687,
								6.90104,
								-20.29477
							],
							"size": [
								2,
								1,
								2
							],
							"inflate": 0.001,
							"pivot": [
								0.11687,
								7.40104,
								-20.79477
							],
							"rotation": [
								-67.5,
								0,
								0
							],
							"uv": [
								0,
								367
							]
						},
						{
							"origin": [
								1.11687,
								6.904,
								-20.29033
							],
							"size": [
								2,
								1,
								2
							],
							"inflate": 0.001,
							"pivot": [
								0.11687,
								7.404,
								-20.79033
							],
							"rotation": [
								-45,
								0,
								0
							],
							"uv": [
								100,
								364
							]
						},
						{
							"origin": [
								1.11687,
								6.90844,
								-20.28737
							],
							"size": [
								2,
								1,
								2
							],
							"inflate": 0.001,
							"pivot": [
								0.11687,
								7.40844,
								-20.78737
							],
							"rotation": [
								-22.5,
								0,
								0
							],
							"uv": [
								100,
								361
							]
						},
						{
							"origin": [
								1.11687,
								6.91367,
								-20.28633
							],
							"size": [
								2,
								1,
								2
							],
							"inflate": 0.001,
							"uv": [
								100,
								358
							]
						},
						{
							"origin": [
								1.11687,
								7.02847,
								-20.30657
							],
							"size": [
								2,
								1,
								2
							],
							"inflate": 0.001,
							"pivot": [
								0.11687,
								7.52847,
								-20.80657
							],
							"rotation": [
								20,
								0,
								0
							],
							"uv": [
								92,
								364
							]
						},
						{
							"origin": [
								1.11687,
								6.93915,
								-20.24967
							],
							"size": [
								2,
								1,
								2
							],
							"inflate": 0.001,
							"pivot": [
								0.11687,
								7.43915,
								-20.74967
							],
							"rotation": [
								45,
								0,
								0
							],
							"uv": [
								92,
								361
							]
						},
						{
							"origin": [
								1.11687,
								7.00601,
								-20.34516
							],
							"size": [
								2,
								1,
								2
							],
							"inflate": 0.001,
							"pivot": [
								0.11687,
								7.50601,
								-20.84516
							],
							"rotation": [
								65,
								0,
								0
							],
							"uv": [
								92,
								358
							]
						}
					]
				},
				{
					"name": "handle",
					"parent": "motor",
					"pivot": [
						0,
						17.14184,
						-16.23554
					],
					"cubes": [
						{
							"origin": [
								-1.88313,
								18.33015,
								-17.01888
							],
							"size": [
								4,
								2,
								3
							],
							"uv": [
								26,
								302
							]
						},
						{
							"origin": [
								-0.88313,
								15.33015,
								-17.01888
							],
							"size": [
								2,
								3,
								2
							],
							"uv": [
								42,
								358
							]
						},
						{
							"origin": [
								-1.88313,
								15.33015,
								-25.01888
							],
							"size": [
								4,
								1,
								8
							],
							"uv": [
								28,
								217
							]
						},
						{
							"origin": [
								-2.48313,
								14.33015,
								-25.01888
							],
							"size": [
								1,
								1,
								8
							],
							"uv": [
								96,
								254
							]
						},
						{
							"origin": [
								1.71687,
								14.33015,
								-25.01888
							],
							"size": [
								1,
								1,
								8
							],
							"uv": [
								70,
								258
							]
						},
						{
							"origin": [
								-1.48313,
								14.33015,
								-26.01888
							],
							"size": [
								3.2,
								1,
								1
							],
							"uv": [
								40,
								370
							]
						},
						{
							"origin": [
								-2.27602,
								14.33015,
								-25.51888
							],
							"size": [
								1.4,
								1,
								1
							],
							"pivot": [
								-1.77602,
								14.83015,
								-25.01888
							],
							"rotation": [
								0,
								45,
								0
							],
							"uv": [
								46,
								377
							]
						},
						{
							"origin": [
								1.16834,
								14.33015,
								-25.6603
							],
							"size": [
								1.4,
								1,
								1
							],
							"pivot": [
								1.86834,
								14.83015,
								-25.1603
							],
							"rotation": [
								0,
								-45,
								0
							],
							"uv": [
								42,
								377
							]
						},
						{
							"origin": [
								-1.88313,
								14.08433,
								-17.80867
							],
							"size": [
								4,
								1,
								5
							],
							"pivot": [
								0.11687,
								14.58433,
								-15.30867
							],
							"rotation": [
								-40,
								0,
								0
							],
							"uv": [
								36,
								277
							]
						},
						{
							"origin": [
								-2.48313,
								12.6062,
								-17.28238
							],
							"size": [
								1,
								1,
								5
							],
							"pivot": [
								0.01687,
								14.1062,
								-14.78238
							],
							"rotation": [
								-40,
								0,
								0
							],
							"uv": [
								40,
								324
							]
						},
						{
							"origin": [
								1.71687,
								12.6062,
								-17.28238
							],
							"size": [
								1,
								1,
								5
							],
							"pivot": [
								4.21687,
								14.1062,
								-14.78238
							],
							"rotation": [
								-40,
								0,
								0
							],
							"uv": [
								40,
								318
							]
						},
						{
							"origin": [
								-1.88313,
								10.34014,
								-15.18696
							],
							"size": [
								4,
								1,
								5
							],
							"pivot": [
								0.11687,
								10.84014,
								-12.68696
							],
							"rotation": [
								-70,
								0,
								0
							],
							"uv": [
								36,
								271
							]
						},
						{
							"origin": [
								-2.48313,
								8.43799,
								-14.36376
							],
							"size": [
								1,
								1,
								3
							],
							"pivot": [
								-0.48313,
								9.93799,
								-11.86376
							],
							"rotation": [
								-70,
								0,
								0
							],
							"uv": [
								64,
								358
							]
						},
						{
							"origin": [
								1.71687,
								8.43799,
								-14.36376
							],
							"size": [
								1,
								1,
								3
							],
							"pivot": [
								3.71687,
								9.93799,
								-11.86376
							],
							"rotation": [
								-70,
								0,
								0
							],
							"uv": [
								54,
								361
							]
						},
						{
							"origin": [
								-1.88313,
								5.66192,
								-14.36207
							],
							"size": [
								4,
								1,
								4
							],
							"pivot": [
								0.11687,
								6.16192,
								-11.86207
							],
							"rotation": [
								-90,
								0,
								0
							],
							"uv": [
								52,
								287
							]
						},
						{
							"origin": [
								-2.48313,
								5.29713,
								-14.1626
							],
							"size": [
								1,
								1,
								4
							],
							"pivot": [
								-0.48313,
								6.79713,
								-11.6626
							],
							"rotation": [
								-90,
								0,
								0
							],
							"uv": [
								138,
								353
							]
						},
						{
							"origin": [
								1.71687,
								5.29713,
								-14.1626
							],
							"size": [
								1,
								1,
								4
							],
							"pivot": [
								3.71687,
								6.79713,
								-11.6626
							],
							"rotation": [
								-90,
								0,
								0
							],
							"uv": [
								128,
								353
							]
						},
						{
							"origin": [
								2.11687,
								6.64184,
								-20.93554
							],
							"size": [
								1,
								15,
								1
							],
							"pivot": [
								2.61687,
								8.14184,
								-20.43554
							],
							"rotation": [
								-25,
								0,
								0
							],
							"uv": [
								22,
								302
							]
						},
						{
							"origin": [
								-2.88313,
								6.64184,
								-20.93554
							],
							"size": [
								1,
								15,
								1
							],
							"pivot": [
								2.61687,
								8.14184,
								-20.43554
							],
							"rotation": [
								-25,
								0,
								0
							],
							"uv": [
								18,
								302
							]
						},
						{
							"origin": [
								-3.88313,
								17.33015,
								-18.01888
							],
							"size": [
								8,
								4,
								1
							],
							"uv": [
								0,
								292
							]
						},
						{
							"origin": [
								-2.88313,
								18.33015,
								-18.31888
							],
							"size": [
								6,
								2,
								1
							],
							"uv": [
								12,
								342
							]
						},
						{
							"origin": [
								-2.88313,
								21.64184,
								-21.93554
							],
							"size": [
								6,
								1,
								3
							],
							"pivot": [
								2.61687,
								8.14184,
								-20.43554
							],
							"rotation": [
								-25,
								0,
								0
							],
							"uv": [
								34,
								287
							]
						},
						{
							"origin": [
								-4.88313,
								21.64184,
								-20.93554
							],
							"size": [
								2,
								1,
								1
							],
							"pivot": [
								2.61687,
								8.14184,
								-20.43554
							],
							"rotation": [
								-25,
								0,
								0
							],
							"uv": [
								0,
								377
							]
						},
						{
							"origin": [
								-4.88313,
								20.82228,
								-13.91353
							],
							"size": [
								1,
								3,
								1
							],
							"pivot": [
								-0.88313,
								22.32228,
								-13.41353
							],
							"rotation": [
								-40,
								0,
								0
							],
							"uv": [
								162,
								373
							]
						},
						{
							"origin": [
								-7.88313,
								22.82228,
								-13.91353
							],
							"size": [
								3,
								1,
								1
							],
							"pivot": [
								-0.88313,
								22.32228,
								-13.41353
							],
							"rotation": [
								-40,
								0,
								0
							],
							"uv": [
								32,
								370
							]
						},
						{
							"origin": [
								5.11687,
								22.82228,
								-13.91353
							],
							"size": [
								3,
								1,
								1
							],
							"pivot": [
								-0.88313,
								22.32228,
								-13.41353
							],
							"rotation": [
								-40,
								0,
								0
							],
							"uv": [
								24,
								370
							]
						},
						{
							"origin": [
								4.11687,
								20.82228,
								-13.91353
							],
							"size": [
								1,
								3,
								1
							],
							"pivot": [
								-0.88313,
								22.32228,
								-13.41353
							],
							"rotation": [
								-40,
								0,
								0
							],
							"uv": [
								158,
								373
							]
						},
						{
							"origin": [
								3.11687,
								21.64184,
								-20.93554
							],
							"size": [
								2,
								1,
								1
							],
							"pivot": [
								2.61687,
								8.14184,
								-20.43554
							],
							"rotation": [
								-25,
								0,
								0
							],
							"uv": [
								152,
								373
							]
						},
						{
							"origin": [
								-2.88313,
								21.793,
								-17.31728
							],
							"size": [
								6,
								2,
								3
							],
							"pivot": [
								0.11687,
								22.793,
								-15.81728
							],
							"rotation": [
								-65,
								0,
								0
							],
							"uv": [
								0,
								287
							]
						}
					]
				},
				{
					"name": "leg2",
					"parent": "handle",
					"pivot": [
						0.5,
						7.541,
						-20.7
					],
					"cubes": [
						{
							"origin": [
								-1.38313,
								0,
								-22.2
							],
							"size": [
								3,
								2,
								3
							],
							"uv": [
								0,
								347
							]
						},
						{
							"origin": [
								-1.38313,
								13.08202,
								-22.2
							],
							"size": [
								3,
								2,
								3
							],
							"uv": [
								0,
								342
							]
						},
						{
							"origin": [
								-1.38313,
								1.09096,
								-24.68463
							],
							"size": [
								3,
								2,
								3
							],
							"pivot": [
								0.61687,
								1.84096,
								-24.68463
							],
							"rotation": [
								-22.5,
								0,
								0
							],
							"uv": [
								168,
								337
							]
						},
						{
							"origin": [
								-1.38313,
								13.17717,
								-19.67835
							],
							"size": [
								3,
								2,
								3
							],
							"pivot": [
								0.61687,
								13.92717,
								-19.67835
							],
							"rotation": [
								-22.5,
								0,
								0
							],
							"uv": [
								156,
								337
							]
						},
						{
							"origin": [
								-1.38313,
								3.0497,
								-26.56263
							],
							"size": [
								3,
								2,
								3
							],
							"pivot": [
								0.61687,
								3.7997,
								-26.56263
							],
							"rotation": [
								-45,
								0,
								0
							],
							"uv": [
								144,
								337
							]
						},
						{
							"origin": [
								-1.38313,
								12.30008,
								-17.31224
							],
							"size": [
								3,
								2,
								3
							],
							"pivot": [
								0.61687,
								13.05008,
								-17.31224
							],
							"rotation": [
								-45,
								0,
								0
							],
							"uv": [
								132,
								337
							]
						},
						{
							"origin": [
								-1.38313,
								5.57802,
								-27.5481
							],
							"size": [
								3,
								2,
								3
							],
							"pivot": [
								0.61687,
								6.32802,
								-27.5481
							],
							"rotation": [
								-67.5,
								0,
								0
							],
							"uv": [
								120,
								337
							]
						},
						{
							"origin": [
								-1.38313,
								10.58429,
								-15.46189
							],
							"size": [
								3,
								2,
								3
							],
							"pivot": [
								0.61687,
								11.33429,
								-15.46189
							],
							"rotation": [
								-67.5,
								0,
								0
							],
							"uv": [
								108,
								337
							]
						},
						{
							"origin": [
								-1.38313,
								0,
								-22.2
							],
							"size": [
								3,
								2,
								3
							],
							"pivot": [
								0.61687,
								7.54101,
								-20.7
							],
							"rotation": [
								-90,
								0,
								0
							],
							"uv": [
								96,
								337
							]
						},
						{
							"origin": [
								-1.38313,
								13.08202,
								-22.2
							],
							"size": [
								3,
								2,
								3
							],
							"pivot": [
								0.61687,
								7.54101,
								-20.7
							],
							"rotation": [
								-90,
								0,
								0
							],
							"uv": [
								84,
								337
							]
						},
						{
							"origin": [
								-1.38313,
								10.77564,
								-26.40005
							],
							"size": [
								3,
								2,
								3
							],
							"pivot": [
								0.61687,
								11.52564,
								-26.40005
							],
							"rotation": [
								-112.5,
								0,
								0
							],
							"uv": [
								72,
								337
							]
						},
						{
							"origin": [
								-0.88313,
								0.87193,
								-20.61442
							],
							"size": [
								1,
								13,
								1
							],
							"pivot": [
								0.11687,
								7.37193,
								-20.81442
							],
							"rotation": [
								-112.5,
								0,
								0
							],
							"uv": [
								36,
								318
							]
						},
						{
							"origin": [
								0.11687,
								0.87193,
								-20.61442
							],
							"size": [
								1,
								13,
								1
							],
							"pivot": [
								0.11687,
								7.37193,
								-20.81442
							],
							"rotation": [
								-112.5,
								0,
								0
							],
							"uv": [
								32,
								318
							]
						},
						{
							"origin": [
								-0.88313,
								0.87193,
								-20.61442
							],
							"size": [
								1,
								13,
								1
							],
							"pivot": [
								-0.38313,
								7.37193,
								-20.81442
							],
							"rotation": [
								-65,
								0,
								0
							],
							"uv": [
								28,
								318
							]
						},
						{
							"origin": [
								0.11687,
								0.87193,
								-20.61442
							],
							"size": [
								1,
								13,
								1
							],
							"pivot": [
								1.61687,
								7.37193,
								-20.81442
							],
							"rotation": [
								-65,
								0,
								0
							],
							"uv": [
								24,
								318
							]
						},
						{
							"origin": [
								-0.88313,
								0.87193,
								-22.01442
							],
							"size": [
								1,
								13,
								1
							],
							"pivot": [
								0.11687,
								7.37193,
								-20.81442
							],
							"rotation": [
								-112.5,
								0,
								0
							],
							"uv": [
								20,
								318
							]
						},
						{
							"origin": [
								0.11687,
								0.87193,
								-22.01442
							],
							"size": [
								1,
								13,
								1
							],
							"pivot": [
								0.11687,
								7.37193,
								-20.81442
							],
							"rotation": [
								-112.5,
								0,
								0
							],
							"uv": [
								16,
								318
							]
						},
						{
							"origin": [
								-0.88313,
								0.87193,
								-22.01442
							],
							"size": [
								2,
								13,
								1
							],
							"uv": [
								12,
								302
							]
						},
						{
							"origin": [
								-0.88313,
								0.87193,
								-20.51442
							],
							"size": [
								2,
								13,
								1
							],
							"uv": [
								6,
								302
							]
						},
						{
							"origin": [
								-0.88313,
								0.87193,
								-22.01442
							],
							"size": [
								1,
								13,
								1
							],
							"pivot": [
								0.11687,
								7.37193,
								-20.81442
							],
							"rotation": [
								-65,
								0,
								0
							],
							"uv": [
								12,
								318
							]
						},
						{
							"origin": [
								0.11687,
								0.87193,
								-22.01442
							],
							"size": [
								1,
								13,
								1
							],
							"pivot": [
								0.11687,
								7.37193,
								-20.81442
							],
							"rotation": [
								-65,
								0,
								0
							],
							"uv": [
								8,
								318
							]
						},
						{
							"origin": [
								-1.38313,
								5.76936,
								-14.31384
							],
							"size": [
								3,
								2,
								3
							],
							"pivot": [
								0.61687,
								6.51936,
								-14.31384
							],
							"rotation": [
								-112.5,
								0,
								0
							],
							"uv": [
								60,
								337
							]
						},
						{
							"origin": [
								-1.38313,
								12.65364,
								-24.44131
							],
							"size": [
								3,
								2,
								3
							],
							"pivot": [
								0.61687,
								13.40364,
								-24.44131
							],
							"rotation": [
								-135,
								0,
								0
							],
							"uv": [
								48,
								337
							]
						},
						{
							"origin": [
								-1.38313,
								3.40325,
								-15.19092
							],
							"size": [
								3,
								2,
								3
							],
							"pivot": [
								0.61687,
								4.15325,
								-15.19092
							],
							"rotation": [
								-135,
								0,
								0
							],
							"uv": [
								36,
								337
							]
						},
						{
							"origin": [
								-1.38313,
								13.63911,
								-21.91299
							],
							"size": [
								3,
								2,
								3
							],
							"pivot": [
								0.61687,
								14.38911,
								-21.91299
							],
							"rotation": [
								-157.5,
								0,
								0
							],
							"uv": [
								24,
								337
							]
						},
						{
							"origin": [
								-1.38313,
								1.5529,
								-16.90672
							],
							"size": [
								3,
								2,
								3
							],
							"pivot": [
								0.61687,
								2.3029,
								-16.90672
							],
							"rotation": [
								-157.5,
								0,
								0
							],
							"uv": [
								12,
								337
							]
						}
					]
				},
				{
					"name": "leg1",
					"parent": "motor",
					"pivot": [
						0.5,
						7.541,
						10.5
					],
					"cubes": [
						{
							"origin": [
								-1.5,
								0,
								9
							],
							"size": [
								3,
								2,
								3
							],
							"uv": [
								0,
								337
							]
						},
						{
							"origin": [
								-1.5,
								13.08202,
								9
							],
							"size": [
								3,
								2,
								3
							],
							"uv": [
								168,
								332
							]
						},
						{
							"origin": [
								-1.5,
								1.09096,
								6.51537
							],
							"size": [
								3,
								2,
								3
							],
							"pivot": [
								0.5,
								1.84096,
								6.51537
							],
							"rotation": [
								-22.5,
								0,
								0
							],
							"uv": [
								156,
								332
							]
						},
						{
							"origin": [
								-1.5,
								13.17717,
								11.52165
							],
							"size": [
								3,
								2,
								3
							],
							"pivot": [
								0.5,
								13.92717,
								11.52165
							],
							"rotation": [
								-22.5,
								0,
								0
							],
							"uv": [
								144,
								332
							]
						},
						{
							"origin": [
								-1.5,
								3.0497,
								4.63737
							],
							"size": [
								3,
								2,
								3
							],
							"pivot": [
								0.5,
								3.7997,
								4.63737
							],
							"rotation": [
								-45,
								0,
								0
							],
							"uv": [
								132,
								332
							]
						},
						{
							"origin": [
								-1.5,
								12.30008,
								13.88776
							],
							"size": [
								3,
								2,
								3
							],
							"pivot": [
								0.5,
								13.05008,
								13.88776
							],
							"rotation": [
								-45,
								0,
								0
							],
							"uv": [
								120,
								332
							]
						},
						{
							"origin": [
								-1.5,
								5.57802,
								3.6519
							],
							"size": [
								3,
								2,
								3
							],
							"pivot": [
								0.5,
								6.32802,
								3.6519
							],
							"rotation": [
								-67.5,
								0,
								0
							],
							"uv": [
								108,
								332
							]
						},
						{
							"origin": [
								-1.5,
								10.58429,
								15.73811
							],
							"size": [
								3,
								2,
								3
							],
							"pivot": [
								0.5,
								11.33429,
								15.73811
							],
							"rotation": [
								-67.5,
								0,
								0
							],
							"uv": [
								96,
								332
							]
						},
						{
							"origin": [
								-1.5,
								0,
								9
							],
							"size": [
								3,
								2,
								3
							],
							"pivot": [
								0.5,
								7.54101,
								10.5
							],
							"rotation": [
								-90,
								0,
								0
							],
							"uv": [
								84,
								332
							]
						},
						{
							"origin": [
								-1.5,
								13.08202,
								9
							],
							"size": [
								3,
								2,
								3
							],
							"pivot": [
								0.5,
								7.54101,
								10.5
							],
							"rotation": [
								-90,
								0,
								0
							],
							"uv": [
								72,
								332
							]
						},
						{
							"origin": [
								-1.5,
								10.77564,
								4.79995
							],
							"size": [
								3,
								2,
								3
							],
							"pivot": [
								0.5,
								11.52564,
								4.79995
							],
							"rotation": [
								-112.5,
								0,
								0
							],
							"uv": [
								60,
								332
							]
						},
						{
							"origin": [
								-1,
								0.87193,
								10.58558
							],
							"size": [
								1,
								13,
								1
							],
							"pivot": [
								-0.5,
								7.37193,
								10.38558
							],
							"rotation": [
								-112.5,
								0,
								0
							],
							"uv": [
								4,
								318
							]
						},
						{
							"origin": [
								0,
								0.87193,
								10.58558
							],
							"size": [
								1,
								13,
								1
							],
							"pivot": [
								-0.5,
								7.37193,
								10.38558
							],
							"rotation": [
								-112.5,
								0,
								0
							],
							"uv": [
								0,
								318
							]
						},
						{
							"origin": [
								-1,
								0.87193,
								10.58558
							],
							"size": [
								2,
								13,
								1
							],
							"uv": [
								0,
								302
							]
						},
						{
							"origin": [
								-1,
								0.87193,
								10.58558
							],
							"size": [
								1,
								13,
								1
							],
							"pivot": [
								-0.5,
								7.37193,
								10.38558
							],
							"rotation": [
								-65,
								0,
								0
							],
							"uv": [
								68,
								302
							]
						},
						{
							"origin": [
								0,
								0.87193,
								10.58558
							],
							"size": [
								1,
								13,
								1
							],
							"pivot": [
								1.5,
								7.37193,
								10.38558
							],
							"rotation": [
								-65,
								0,
								0
							],
							"uv": [
								64,
								302
							]
						},
						{
							"origin": [
								-1,
								0.87193,
								9.18558
							],
							"size": [
								1,
								13,
								1
							],
							"pivot": [
								-0.5,
								7.37193,
								10.38558
							],
							"rotation": [
								-112.5,
								0,
								0
							],
							"uv": [
								60,
								302
							]
						},
						{
							"origin": [
								0,
								0.87193,
								9.18558
							],
							"size": [
								1,
								13,
								1
							],
							"pivot": [
								-0.5,
								7.37193,
								10.38558
							],
							"rotation": [
								-112.5,
								0,
								0
							],
							"uv": [
								56,
								302
							]
						},
						{
							"origin": [
								-1,
								0.87193,
								9.18558
							],
							"size": [
								2,
								13,
								1
							],
							"uv": [
								82,
								287
							]
						},
						{
							"origin": [
								-1,
								0.87193,
								9.18558
							],
							"size": [
								1,
								13,
								1
							],
							"pivot": [
								-0.5,
								7.37193,
								10.38558
							],
							"rotation": [
								-65,
								0,
								0
							],
							"uv": [
								52,
								302
							]
						},
						{
							"origin": [
								0,
								0.87193,
								9.18558
							],
							"size": [
								1,
								13,
								1
							],
							"pivot": [
								1.5,
								7.37193,
								10.38558
							],
							"rotation": [
								-65,
								0,
								0
							],
							"uv": [
								48,
								302
							]
						},
						{
							"origin": [
								-1.5,
								5.76936,
								16.88616
							],
							"size": [
								3,
								2,
								3
							],
							"pivot": [
								0.5,
								6.51936,
								16.88616
							],
							"rotation": [
								-112.5,
								0,
								0
							],
							"uv": [
								48,
								332
							]
						},
						{
							"origin": [
								-1.5,
								12.65364,
								6.75869
							],
							"size": [
								3,
								2,
								3
							],
							"pivot": [
								0.5,
								13.40364,
								6.75869
							],
							"rotation": [
								-135,
								0,
								0
							],
							"uv": [
								36,
								332
							]
						},
						{
							"origin": [
								-1.5,
								3.40325,
								16.00908
							],
							"size": [
								3,
								2,
								3
							],
							"pivot": [
								0.5,
								4.15325,
								16.00908
							],
							"rotation": [
								-135,
								0,
								0
							],
							"uv": [
								24,
								332
							]
						},
						{
							"origin": [
								-1.5,
								13.63911,
								9.28701
							],
							"size": [
								3,
								2,
								3
							],
							"pivot": [
								0.5,
								14.38911,
								9.28701
							],
							"rotation": [
								-157.5,
								0,
								0
							],
							"uv": [
								12,
								332
							]
						},
						{
							"origin": [
								-1.5,
								1.5529,
								14.29328
							],
							"size": [
								3,
								2,
								3
							],
							"pivot": [
								0.5,
								2.3029,
								14.29328
							],
							"rotation": [
								-157.5,
								0,
								0
							],
							"uv": [
								0,
								332
							]
						}
					]
				}
			]
		}
	]
}