{
	"format_version": "1.12.0",
	"minecraft:geometry": [
		{
			"description": {
				"identifier": "geometry.cadillac_dts_2010",
				"texture_width": 512,
				"texture_height": 512,
				"visible_bounds_width": 7,
				"visible_bounds_height": 5,
				"visible_bounds_offset": [
					0,
					1.5,
					0
				]
			},
			"bones": [
				{
					"name": "body",
					"pivot": [
						0,
						0,
						0
					],
					"cubes": [
						{
							"origin": [
								-18,
								2,
								-25
							],
							"size": [
								36,
								1,
								40
							],
							"uv": [
								0,
								0
							]
						},
						{
							"origin": [
								-18,
								30,
								-18
							],
							"size": [
								36,
								1,
								26
							],
							"uv": [
								116,
								41
							]
						},
						{
							"origin": [
								-18,
								29,
								-19
							],
							"size": [
								2,
								1,
								27
							],
							"uv": [
								136,
								193
							]
						},
						{
							"origin": [
								16,
								29,
								-19
							],
							"size": [
								2,
								1,
								27
							],
							"uv": [
								78,
								193
							]
						},
						{
							"origin": [
								-18,
								18,
								5
							],
							"size": [
								2,
								11,
								1
							],
							"uv": [
								60,
								314
							]
						},
						{
							"origin": [
								-18,
								18,
								-6
							],
							"size": [
								2,
								12,
								1
							],
							"uv": [
								36,
								314
							]
						},
						{
							"origin": [
								16,
								18,
								5
							],
							"size": [
								2,
								11,
								1
							],
							"uv": [
								54,
								314
							]
						},
						{
							"origin": [
								16,
								18,
								-6
							],
							"size": [
								2,
								12,
								1
							],
							"uv": [
								30,
								314
							]
						},
						{
							"origin": [
								17,
								18,
								-31
							],
							"size": [
								0,
								12,
								44
							],
							"uv": [
								240,
								12
							]
						},
						{
							"origin": [
								-17,
								18,
								-31
							],
							"size": [
								0,
								12,
								44
							],
							"uv": [
								240,
								12
							]
						},
						{
							"origin": [
								-18,
								2,
								15
							],
							"size": [
								36,
								16,
								22
							],
							"inflate": 0.0011,
							"uv": [
								0,
								41
							]
						},
						{
							"origin": [
								-18,
								5.02524,
								35.96856
							],
							"size": [
								36,
								11,
								3
							],
							"pivot": [
								0,
								8.02524,
								28.96856
							],
							"rotation": [
								12.5,
								0,
								0
							],
							"uv": [
								0,
								176
							]
						},
						{
							"origin": [
								16,
								7.02524,
								37.96856
							],
							"size": [
								2,
								8,
								1
							],
							"inflate": 0.1,
							"pivot": [
								0,
								8.02524,
								28.96856
							],
							"rotation": [
								12.5,
								0,
								0
							],
							"uv": [
								196,
								221
							]
						},
						{
							"origin": [
								-18,
								7.02524,
								37.96856
							],
							"size": [
								2,
								8,
								1
							],
							"inflate": 0.1,
							"pivot": [
								0,
								8.02524,
								28.96856
							],
							"rotation": [
								12.5,
								0,
								0
							],
							"uv": [
								196,
								221
							]
						},
						{
							"origin": [
								-18,
								2,
								34
							],
							"size": [
								36,
								6,
								6
							],
							"inflate": 0.0525,
							"uv": [
								176,
								156
							]
						},
						{
							"origin": [
								-18,
								2,
								-55
							],
							"size": [
								36,
								6,
								13
							],
							"inflate": 0.0525,
							"uv": [
								96,
								134
							]
						},
						{
							"origin": [
								-18,
								11.39555,
								6.54074
							],
							"size": [
								2,
								19,
								2
							],
							"pivot": [
								0,
								30.04505,
								7.54074
							],
							"rotation": [
								45,
								0,
								0
							],
							"uv": [
								80,
								270
							]
						},
						{
							"origin": [
								-16,
								28.39555,
								7.54074
							],
							"size": [
								32,
								2,
								1
							],
							"pivot": [
								0,
								30.04505,
								7.54074
							],
							"rotation": [
								45,
								0,
								0
							],
							"uv": [
								116,
								224
							]
						},
						{
							"origin": [
								-18,
								16.39555,
								5.54074
							],
							"size": [
								2,
								14,
								2
							],
							"pivot": [
								0,
								30.04505,
								7.54074
							],
							"rotation": [
								27.5,
								0,
								0
							],
							"uv": [
								60,
								294
							]
						},
						{
							"origin": [
								-18,
								15.39555,
								7.54074
							],
							"size": [
								2,
								11,
								2
							],
							"pivot": [
								0,
								30.04505,
								7.54074
							],
							"rotation": [
								27.5,
								0,
								0
							],
							"uv": [
								8,
								314
							]
						},
						{
							"origin": [
								16,
								15.39555,
								7.54074
							],
							"size": [
								2,
								11,
								2
							],
							"pivot": [
								0,
								30.04505,
								7.54074
							],
							"rotation": [
								27.5,
								0,
								0
							],
							"uv": [
								0,
								314
							]
						},
						{
							"origin": [
								-18,
								14.39555,
								9.54074
							],
							"size": [
								2,
								6,
								2
							],
							"pivot": [
								0,
								30.04505,
								7.54074
							],
							"rotation": [
								27.5,
								0,
								0
							],
							"uv": [
								74,
								314
							]
						},
						{
							"origin": [
								16,
								14.39555,
								9.54074
							],
							"size": [
								2,
								6,
								2
							],
							"pivot": [
								0,
								30.04505,
								7.54074
							],
							"rotation": [
								27.5,
								0,
								0
							],
							"uv": [
								66,
								314
							]
						},
						{
							"origin": [
								-18,
								16.03984,
								-28.75305
							],
							"size": [
								2,
								19,
								1
							],
							"pivot": [
								0,
								20.03984,
								-28.25305
							],
							"rotation": [
								-45,
								0,
								0
							],
							"uv": [
								40,
								294
							]
						},
						{
							"origin": [
								-16,
								33.03984,
								-28.75305
							],
							"size": [
								32,
								2,
								1
							],
							"pivot": [
								0,
								20.03984,
								-28.25305
							],
							"rotation": [
								-45,
								0,
								0
							],
							"uv": [
								116,
								221
							]
						},
						{
							"origin": [
								-16,
								15.74695,
								-28.04594
							],
							"size": [
								32,
								17,
								1
							],
							"pivot": [
								0,
								20.74695,
								-27.54594
							],
							"rotation": [
								-45,
								0,
								0
							],
							"uv": [
								0,
								358
							]
						},
						{
							"origin": [
								-18,
								17.03984,
								-27.75305
							],
							"size": [
								2,
								5,
								4
							],
							"inflate": -0.001,
							"pivot": [
								0,
								20.03984,
								-28.25305
							],
							"rotation": [
								-45,
								0,
								0
							],
							"uv": [
								68,
								294
							]
						},
						{
							"origin": [
								16,
								8.39555,
								6.54074
							],
							"size": [
								2,
								22,
								2
							],
							"pivot": [
								0,
								30.04505,
								7.54074
							],
							"rotation": [
								45,
								0,
								0
							],
							"uv": [
								64,
								270
							]
						},
						{
							"origin": [
								16,
								16.39555,
								5.54074
							],
							"size": [
								2,
								14,
								2
							],
							"pivot": [
								0,
								30.04505,
								7.54074
							],
							"rotation": [
								27.5,
								0,
								0
							],
							"uv": [
								52,
								294
							]
						},
						{
							"origin": [
								16,
								16.03984,
								-28.75305
							],
							"size": [
								2,
								19,
								1
							],
							"pivot": [
								0,
								20.03984,
								-28.25305
							],
							"rotation": [
								-45,
								0,
								0
							],
							"uv": [
								46,
								294
							]
						},
						{
							"origin": [
								16,
								17.03984,
								-27.75305
							],
							"size": [
								2,
								5,
								4
							],
							"inflate": -0.001,
							"pivot": [
								0,
								20.03984,
								-28.25305
							],
							"rotation": [
								-45,
								0,
								0
							],
							"uv": [
								68,
								303
							]
						},
						{
							"origin": [
								18,
								18.03984,
								-27.75305
							],
							"size": [
								2,
								2,
								1
							],
							"inflate": -0.001,
							"uv": [
								84,
								335
							]
						},
						{
							"origin": [
								17,
								15.03984,
								-9.75305
							],
							"size": [
								2,
								2,
								1
							],
							"inflate": -0.001,
							"uv": [
								183,
								50
							]
						},
						{
							"origin": [
								-19,
								15.03984,
								-9.75305
							],
							"size": [
								2,
								2,
								1
							],
							"inflate": -0.001,
							"uv": [
								183,
								50
							]
						},
						{
							"origin": [
								17,
								15.03984,
								9.24695
							],
							"size": [
								2,
								2,
								1
							],
							"inflate": -0.001,
							"uv": [
								183,
								50
							]
						},
						{
							"origin": [
								-19,
								15.03984,
								9.24695
							],
							"size": [
								2,
								2,
								1
							],
							"inflate": -0.001,
							"uv": [
								183,
								50
							]
						},
						{
							"origin": [
								-20,
								18.03984,
								-27.75305
							],
							"size": [
								2,
								2,
								1
							],
							"inflate": -0.001,
							"uv": [
								78,
								335
							]
						},
						{
							"origin": [
								20,
								18.03984,
								-27.75305
							],
							"size": [
								6,
								4,
								1
							],
							"inflate": -0.001,
							"uv": [
								16,
								319
							]
						},
						{
							"origin": [
								-26,
								18.03984,
								-27.75305
							],
							"size": [
								6,
								4,
								1
							],
							"inflate": -0.001,
							"uv": [
								16,
								314
							]
						},
						{
							"origin": [
								-18,
								2,
								-26
							],
							"size": [
								36,
								16,
								1
							],
							"uv": [
								78,
								176
							]
						},
						{
							"origin": [
								-16,
								7.97709,
								-25.07859
							],
							"size": [
								32,
								10,
								3
							],
							"pivot": [
								2,
								12.97709,
								-23.57859
							],
							"rotation": [
								32.5,
								0,
								0
							],
							"uv": [
								0,
								221
							]
						},
						{
							"origin": [
								-18,
								2,
								-38
							],
							"size": [
								4,
								10,
								12
							],
							"inflate": 0.0015,
							"uv": [
								96,
								248
							]
						},
						{
							"origin": [
								-18,
								2,
								16
							],
							"size": [
								4,
								10,
								12
							],
							"inflate": 0.0015,
							"uv": [
								0,
								248
							]
						},
						{
							"origin": [
								14,
								2,
								-38
							],
							"size": [
								4,
								10,
								12
							],
							"inflate": 0.0015,
							"uv": [
								64,
								248
							]
						},
						{
							"origin": [
								14,
								2,
								16
							],
							"size": [
								4,
								10,
								12
							],
							"inflate": 0.0015,
							"uv": [
								32,
								248
							]
						},
						{
							"origin": [
								-18,
								4,
								-38
							],
							"size": [
								36,
								10,
								12
							],
							"uv": [
								0,
								134
							]
						},
						{
							"origin": [
								-18.009,
								4.03246,
								-53.69582
							],
							"size": [
								36,
								9,
								11
							],
							"inflate": 0.011,
							"pivot": [
								-0.009,
								7.03246,
								-49.19582
							],
							"rotation": [
								-15,
								0,
								0
							],
							"uv": [
								0,
								156
							]
						},
						{
							"origin": [
								13.991,
								8.03246,
								-53.8958
							],
							"size": [
								4,
								3,
								11
							],
							"inflate": -0.011,
							"pivot": [
								-0.009,
								7.03246,
								-49.19582
							],
							"rotation": [
								-15,
								0,
								0
							],
							"uv": [
								276,
								207
							]
						},
						{
							"origin": [
								-18.009,
								8.03246,
								-53.8958
							],
							"size": [
								4,
								3,
								11
							],
							"inflate": -0.011,
							"pivot": [
								-0.009,
								7.03246,
								-49.19582
							],
							"rotation": [
								-15,
								0,
								0
							],
							"uv": [
								276,
								207
							]
						},
						{
							"origin": [
								-18,
								2,
								-43
							],
							"size": [
								36,
								12,
								5
							],
							"uv": [
								94,
								156
							]
						},
						{
							"origin": [
								-18,
								1.97923,
								-51.9818
							],
							"size": [
								36,
								12,
								5
							],
							"inflate": 0.011,
							"uv": [
								194,
								204
							]
						},
						{
							"origin": [
								-17.999,
								9.00947,
								-49.90219
							],
							"size": [
								36,
								5,
								27
							],
							"inflate": 0.0011,
							"pivot": [
								0.001,
								2.00947,
								-50.90219
							],
							"rotation": [
								10,
								0,
								0
							],
							"uv": [
								152,
								0
							]
						},
						{
							"origin": [
								16,
								3,
								-25
							],
							"size": [
								2,
								15,
								40
							],
							"uv": [
								84,
								79
							]
						},
						{
							"origin": [
								-16,
								3,
								-12
							],
							"size": [
								32,
								5,
								7
							],
							"uv": [
								0,
								193
							]
						},
						{
							"origin": [
								-2,
								3,
								-25
							],
							"size": [
								4,
								8,
								19
							],
							"uv": [
								70,
								221
							]
						},
						{
							"origin": [
								-16,
								3,
								3
							],
							"size": [
								32,
								5,
								7
							],
							"uv": [
								152,
								176
							]
						},
						{
							"origin": [
								1,
								8,
								-7
							],
							"size": [
								14,
								9,
								2
							],
							"uv": [
								32,
								270
							]
						},
						{
							"origin": [
								1,
								8,
								8
							],
							"size": [
								14,
								9,
								2
							],
							"uv": [
								128,
								248
							]
						},
						{
							"origin": [
								-15,
								8,
								-7
							],
							"size": [
								14,
								9,
								2
							],
							"uv": [
								0,
								281
							]
						},
						{
							"origin": [
								-15,
								8,
								8
							],
							"size": [
								14,
								9,
								2
							],
							"uv": [
								0,
								270
							]
						},
						{
							"origin": [
								4,
								16,
								-7
							],
							"size": [
								8,
								4,
								2
							],
							"inflate": 0.2,
							"uv": [
								20,
								294
							]
						},
						{
							"origin": [
								4,
								16,
								8
							],
							"size": [
								8,
								4,
								2
							],
							"inflate": 0.2,
							"uv": [
								0,
								294
							]
						},
						{
							"origin": [
								-12,
								16,
								-7
							],
							"size": [
								8,
								4,
								2
							],
							"inflate": 0.2,
							"uv": [
								0,
								306
							]
						},
						{
							"origin": [
								-12,
								16,
								8
							],
							"size": [
								8,
								4,
								2
							],
							"inflate": 0.2,
							"uv": [
								0,
								300
							]
						},
						{
							"origin": [
								-18,
								3,
								-25
							],
							"size": [
								2,
								15,
								40
							],
							"uv": [
								0,
								79
							]
						}
					]
				},
				{
					"name": "steer",
					"parent": "body",
					"pivot": [
						8.00635,
						15.97421,
						-18.57859
					],
					"rotation": [
						32.5,
						0,
						0
					],
					"cubes": [
						{
							"origin": [
								7,
								12.97709,
								-19.07859
							],
							"size": [
								2,
								1,
								1
							],
							"uv": [
								12,
								343
							]
						},
						{
							"origin": [
								6.07699,
								13.46547,
								-19.07859
							],
							"size": [
								3.7,
								1,
								1
							],
							"pivot": [
								7.90158,
								16.00535,
								-18.57859
							],
							"rotation": [
								0,
								0,
								90
							],
							"uv": [
								70,
								337
							]
						},
						{
							"origin": [
								6.89672,
								13.01229,
								-19.07859
							],
							"size": [
								2,
								1,
								1
							],
							"pivot": [
								7.90158,
								16.00535,
								-18.57859
							],
							"rotation": [
								0,
								0,
								35
							],
							"uv": [
								0,
								343
							]
						},
						{
							"origin": [
								7.10328,
								13.01229,
								-19.07859
							],
							"size": [
								2,
								1,
								1
							],
							"pivot": [
								8.09842,
								16.00535,
								-18.57859
							],
							"rotation": [
								0,
								0,
								-35
							],
							"uv": [
								6,
								343
							]
						},
						{
							"origin": [
								6.27383,
								17.54523,
								-19.07859
							],
							"size": [
								3.7,
								1,
								1
							],
							"pivot": [
								8.09842,
								16.00535,
								-18.57859
							],
							"rotation": [
								0,
								0,
								90
							],
							"uv": [
								70,
								335
							]
						},
						{
							"origin": [
								7.09356,
								17.94453,
								-19.07859
							],
							"size": [
								2,
								1,
								1
							],
							"pivot": [
								8.09842,
								15.93759,
								-18.57859
							],
							"rotation": [
								0,
								0,
								35
							],
							"uv": [
								0,
								345
							]
						},
						{
							"origin": [
								6.90644,
								17.94453,
								-19.07859
							],
							"size": [
								2,
								1,
								1
							],
							"pivot": [
								7.90158,
								15.93759,
								-18.57859
							],
							"rotation": [
								0,
								0,
								-35
							],
							"uv": [
								6,
								345
							]
						},
						{
							"origin": [
								7,
								17.97709,
								-19.07859
							],
							"size": [
								2,
								1,
								1
							],
							"uv": [
								12,
								345
							]
						},
						{
							"origin": [
								6,
								15.97709,
								-19.07859
							],
							"size": [
								4,
								1,
								1
							],
							"uv": [
								60,
								337
							]
						},
						{
							"origin": [
								7,
								14.97709,
								-23.07859
							],
							"size": [
								2,
								2,
								4
							],
							"uv": [
								42,
								314
							]
						}
					]
				},
				{
					"name": "leg0",
					"pivot": [
						0,
						5.5,
						-32.25
					],
					"cubes": [
						{
							"origin": [
								-18,
								0,
								-33
							],
							"size": [
								4,
								1,
								1.5
							],
							"uv": [
								60,
								335
							]
						},
						{
							"origin": [
								14,
								0,
								-33
							],
							"size": [
								4,
								1,
								1.5
							],
							"uv": [
								80,
								333
							]
						},
						{
							"origin": [
								-17,
								1,
								-33
							],
							"size": [
								1,
								3,
								1.5
							],
							"uv": [
								84,
								339
							]
						},
						{
							"origin": [
								16,
								1,
								-33
							],
							"size": [
								1,
								3,
								1.5
							],
							"uv": [
								80,
								339
							]
						},
						{
							"origin": [
								-18,
								0,
								-33
							],
							"size": [
								4,
								1,
								1.5
							],
							"pivot": [
								-16,
								5.5,
								-32.25
							],
							"rotation": [
								15,
								0,
								0
							],
							"uv": [
								40,
								337
							]
						},
						{
							"origin": [
								14,
								0,
								-33
							],
							"size": [
								4,
								1,
								1.5
							],
							"pivot": [
								16,
								5.5,
								-32.25
							],
							"rotation": [
								15,
								0,
								0
							],
							"uv": [
								70,
								333
							]
						},
						{
							"origin": [
								-18,
								0,
								-33
							],
							"size": [
								4,
								1,
								1.5
							],
							"pivot": [
								-16,
								5.5,
								-32.25
							],
							"rotation": [
								30,
								0,
								0
							],
							"uv": [
								30,
								337
							]
						},
						{
							"origin": [
								14,
								0,
								-33
							],
							"size": [
								4,
								1,
								1.5
							],
							"pivot": [
								16,
								5.5,
								-32.25
							],
							"rotation": [
								30,
								0,
								0
							],
							"uv": [
								60,
								333
							]
						},
						{
							"origin": [
								-17,
								1,
								-33
							],
							"size": [
								1,
								3,
								1.5
							],
							"pivot": [
								-16,
								5.5,
								-32.25
							],
							"rotation": [
								45,
								0,
								0
							],
							"uv": [
								112,
								339
							]
						},
						{
							"origin": [
								16,
								1,
								-33
							],
							"size": [
								1,
								3,
								1.5
							],
							"pivot": [
								17,
								5.5,
								-32.25
							],
							"rotation": [
								45,
								0,
								0
							],
							"uv": [
								76,
								339
							]
						},
						{
							"origin": [
								-18,
								0,
								-33
							],
							"size": [
								4,
								1,
								1.5
							],
							"pivot": [
								-16,
								5.5,
								-32.25
							],
							"rotation": [
								45,
								0,
								0
							],
							"uv": [
								100,
								333
							]
						},
						{
							"origin": [
								14,
								0,
								-33
							],
							"size": [
								4,
								1,
								1.5
							],
							"pivot": [
								16,
								5.5,
								-32.25
							],
							"rotation": [
								45,
								0,
								0
							],
							"uv": [
								50,
								333
							]
						},
						{
							"origin": [
								-18,
								0,
								-33
							],
							"size": [
								4,
								1,
								1.5
							],
							"pivot": [
								-16,
								5.5,
								-32.25
							],
							"rotation": [
								60,
								0,
								0
							],
							"uv": [
								20,
								335
							]
						},
						{
							"origin": [
								14,
								0,
								-33
							],
							"size": [
								4,
								1,
								1.5
							],
							"pivot": [
								16,
								5.5,
								-32.25
							],
							"rotation": [
								60,
								0,
								0
							],
							"uv": [
								40,
								333
							]
						},
						{
							"origin": [
								-18,
								0,
								-33
							],
							"size": [
								4,
								1,
								1.5
							],
							"pivot": [
								-16,
								5.5,
								-32.25
							],
							"rotation": [
								75,
								0,
								0
							],
							"uv": [
								10,
								335
							]
						},
						{
							"origin": [
								14,
								0,
								-33
							],
							"size": [
								4,
								1,
								1.5
							],
							"pivot": [
								16,
								5.5,
								-32.25
							],
							"rotation": [
								75,
								0,
								0
							],
							"uv": [
								30,
								333
							]
						},
						{
							"origin": [
								-18,
								0,
								-33
							],
							"size": [
								4,
								1,
								1.5
							],
							"pivot": [
								-16,
								5.5,
								-32.25
							],
							"rotation": [
								90,
								0,
								0
							],
							"uv": [
								0,
								335
							]
						},
						{
							"origin": [
								14,
								0,
								-33
							],
							"size": [
								4,
								1,
								1.5
							],
							"pivot": [
								16,
								5.5,
								-32.25
							],
							"rotation": [
								90,
								0,
								0
							],
							"uv": [
								20,
								333
							]
						},
						{
							"origin": [
								-17,
								1,
								-33
							],
							"size": [
								1,
								3,
								1.5
							],
							"pivot": [
								-16,
								5.5,
								-32.25
							],
							"rotation": [
								90,
								0,
								0
							],
							"uv": [
								92,
								339
							]
						},
						{
							"origin": [
								16,
								1,
								-33
							],
							"size": [
								1,
								3,
								1.5
							],
							"pivot": [
								17,
								5.5,
								-32.25
							],
							"rotation": [
								90,
								0,
								0
							],
							"uv": [
								72,
								339
							]
						},
						{
							"origin": [
								-18,
								0,
								-33
							],
							"size": [
								4,
								1,
								1.5
							],
							"pivot": [
								-16,
								5.5,
								-32.25
							],
							"rotation": [
								105,
								0,
								0
							],
							"uv": [
								180,
								333
							]
						},
						{
							"origin": [
								14,
								0,
								-33
							],
							"size": [
								4,
								1,
								1.5
							],
							"pivot": [
								16,
								5.5,
								-32.25
							],
							"rotation": [
								105,
								0,
								0
							],
							"uv": [
								10,
								333
							]
						},
						{
							"origin": [
								-18,
								0,
								-33
							],
							"size": [
								4,
								1,
								1.5
							],
							"pivot": [
								-16,
								5.5,
								-32.25
							],
							"rotation": [
								120,
								0,
								0
							],
							"uv": [
								160,
								333
							]
						},
						{
							"origin": [
								14,
								0,
								-33
							],
							"size": [
								4,
								1,
								1.5
							],
							"pivot": [
								16,
								5.5,
								-32.25
							],
							"rotation": [
								120,
								0,
								0
							],
							"uv": [
								0,
								333
							]
						},
						{
							"origin": [
								-18,
								0,
								-33
							],
							"size": [
								4,
								1,
								1.5
							],
							"pivot": [
								-16,
								5.5,
								-32.25
							],
							"rotation": [
								135,
								0,
								0
							],
							"uv": [
								150,
								333
							]
						},
						{
							"origin": [
								14,
								0,
								-33
							],
							"size": [
								4,
								1,
								1.5
							],
							"pivot": [
								16,
								5.5,
								-32.25
							],
							"rotation": [
								135,
								0,
								0
							],
							"uv": [
								190,
								331
							]
						},
						{
							"origin": [
								-17,
								1,
								-33
							],
							"size": [
								1,
								3,
								1.5
							],
							"pivot": [
								-16,
								5.5,
								-32.25
							],
							"rotation": [
								135,
								0,
								0
							],
							"uv": [
								100,
								339
							]
						},
						{
							"origin": [
								16,
								1,
								-33
							],
							"size": [
								1,
								3,
								1.5
							],
							"pivot": [
								17,
								5.5,
								-32.25
							],
							"rotation": [
								135,
								0,
								0
							],
							"uv": [
								68,
								339
							]
						},
						{
							"origin": [
								-18,
								0,
								-33
							],
							"size": [
								4,
								1,
								1.5
							],
							"pivot": [
								-16,
								5.5,
								-32.25
							],
							"rotation": [
								150,
								0,
								0
							],
							"uv": [
								130,
								333
							]
						},
						{
							"origin": [
								14,
								0,
								-33
							],
							"size": [
								4,
								1,
								1.5
							],
							"pivot": [
								16,
								5.5,
								-32.25
							],
							"rotation": [
								150,
								0,
								0
							],
							"uv": [
								180,
								331
							]
						},
						{
							"origin": [
								-18,
								0,
								-33
							],
							"size": [
								4,
								1,
								1.5
							],
							"pivot": [
								-16,
								5.5,
								-32.25
							],
							"rotation": [
								165,
								0,
								0
							],
							"uv": [
								110,
								333
							]
						},
						{
							"origin": [
								14,
								0,
								-33
							],
							"size": [
								4,
								1,
								1.5
							],
							"pivot": [
								16,
								5.5,
								-32.25
							],
							"rotation": [
								165,
								0,
								0
							],
							"uv": [
								170,
								331
							]
						},
						{
							"origin": [
								-18,
								10,
								-33
							],
							"size": [
								4,
								1,
								1.5
							],
							"uv": [
								50,
								337
							]
						},
						{
							"origin": [
								14,
								10,
								-33
							],
							"size": [
								4,
								1,
								1.5
							],
							"uv": [
								160,
								331
							]
						},
						{
							"origin": [
								-18,
								3,
								-32.5
							],
							"size": [
								1,
								5,
								0.5
							],
							"uv": [
								12,
								353
							]
						},
						{
							"origin": [
								17,
								3,
								-32.5
							],
							"size": [
								1,
								5,
								0.5
							],
							"uv": [
								54,
								348
							]
						},
						{
							"origin": [
								-18,
								3,
								-32.5
							],
							"size": [
								1,
								5,
								0.5
							],
							"pivot": [
								-17.5,
								5.5,
								-32.25
							],
							"rotation": [
								20,
								0,
								0
							],
							"uv": [
								10,
								353
							]
						},
						{
							"origin": [
								17,
								3,
								-32.5
							],
							"size": [
								1,
								5,
								0.5
							],
							"pivot": [
								17.5,
								5.5,
								-32.25
							],
							"rotation": [
								20,
								0,
								0
							],
							"uv": [
								52,
								348
							]
						},
						{
							"origin": [
								-18,
								3,
								-32.5
							],
							"size": [
								1,
								5,
								0.5
							],
							"pivot": [
								-17.5,
								5.5,
								-32.25
							],
							"rotation": [
								10,
								0,
								0
							],
							"uv": [
								6,
								353
							]
						},
						{
							"origin": [
								17,
								3,
								-32.5
							],
							"size": [
								1,
								5,
								0.5
							],
							"pivot": [
								17.5,
								5.5,
								-32.25
							],
							"rotation": [
								10,
								0,
								0
							],
							"uv": [
								50,
								348
							]
						},
						{
							"origin": [
								-18,
								3,
								-32.5
							],
							"size": [
								1,
								5,
								0.5
							],
							"pivot": [
								-17.5,
								5.5,
								-32.25
							],
							"rotation": [
								30,
								0,
								0
							],
							"uv": [
								4,
								353
							]
						},
						{
							"origin": [
								17,
								3,
								-32.5
							],
							"size": [
								1,
								5,
								0.5
							],
							"pivot": [
								17.5,
								5.5,
								-32.25
							],
							"rotation": [
								30,
								0,
								0
							],
							"uv": [
								48,
								348
							]
						},
						{
							"origin": [
								-18,
								3,
								-32.5
							],
							"size": [
								1,
								5,
								0.5
							],
							"pivot": [
								-17.5,
								5.5,
								-32.25
							],
							"rotation": [
								50,
								0,
								0
							],
							"uv": [
								2,
								353
							]
						},
						{
							"origin": [
								17,
								3,
								-32.5
							],
							"size": [
								1,
								5,
								0.5
							],
							"pivot": [
								17.5,
								5.5,
								-32.25
							],
							"rotation": [
								50,
								0,
								0
							],
							"uv": [
								46,
								348
							]
						},
						{
							"origin": [
								-18,
								3,
								-32.5
							],
							"size": [
								1,
								5,
								0.5
							],
							"pivot": [
								-17.5,
								5.5,
								-32.25
							],
							"rotation": [
								70,
								0,
								0
							],
							"uv": [
								0,
								353
							]
						},
						{
							"origin": [
								17,
								3,
								-32.5
							],
							"size": [
								1,
								5,
								0.5
							],
							"pivot": [
								17.5,
								5.5,
								-32.25
							],
							"rotation": [
								70,
								0,
								0
							],
							"uv": [
								44,
								348
							]
						},
						{
							"origin": [
								-18,
								3,
								-32.5
							],
							"size": [
								1,
								5,
								0.5
							],
							"pivot": [
								-17.5,
								5.5,
								-32.25
							],
							"rotation": [
								90,
								0,
								0
							],
							"uv": [
								64,
								348
							]
						},
						{
							"origin": [
								17,
								3,
								-32.5
							],
							"size": [
								1,
								5,
								0.5
							],
							"pivot": [
								17.5,
								5.5,
								-32.25
							],
							"rotation": [
								90,
								0,
								0
							],
							"uv": [
								42,
								348
							]
						},
						{
							"origin": [
								-18,
								3,
								-32.5
							],
							"size": [
								1,
								5,
								0.5
							],
							"pivot": [
								-17.5,
								5.5,
								-32.25
							],
							"rotation": [
								110,
								0,
								0
							],
							"uv": [
								62,
								348
							]
						},
						{
							"origin": [
								17,
								3,
								-32.5
							],
							"size": [
								1,
								5,
								0.5
							],
							"pivot": [
								17.5,
								5.5,
								-32.25
							],
							"rotation": [
								110,
								0,
								0
							],
							"uv": [
								40,
								348
							]
						},
						{
							"origin": [
								-18,
								3,
								-32.5
							],
							"size": [
								1,
								5,
								0.5
							],
							"pivot": [
								-17.5,
								5.5,
								-32.25
							],
							"rotation": [
								130,
								0,
								0
							],
							"uv": [
								60,
								348
							]
						},
						{
							"origin": [
								17,
								3,
								-32.5
							],
							"size": [
								1,
								5,
								0.5
							],
							"pivot": [
								17.5,
								5.5,
								-32.25
							],
							"rotation": [
								130,
								0,
								0
							],
							"uv": [
								38,
								348
							]
						},
						{
							"origin": [
								-18,
								3,
								-32.5
							],
							"size": [
								1,
								5,
								0.5
							],
							"pivot": [
								-17.5,
								5.5,
								-32.25
							],
							"rotation": [
								150,
								0,
								0
							],
							"uv": [
								58,
								348
							]
						},
						{
							"origin": [
								17,
								3,
								-32.5
							],
							"size": [
								1,
								5,
								0.5
							],
							"pivot": [
								17.5,
								5.5,
								-32.25
							],
							"rotation": [
								150,
								0,
								0
							],
							"uv": [
								36,
								348
							]
						},
						{
							"origin": [
								-18,
								3,
								-32.5
							],
							"size": [
								1,
								5,
								0.5
							],
							"pivot": [
								-17.5,
								5.5,
								-32.25
							],
							"rotation": [
								170,
								0,
								0
							],
							"uv": [
								56,
								348
							]
						},
						{
							"origin": [
								17,
								3,
								-32.5
							],
							"size": [
								1,
								5,
								0.5
							],
							"pivot": [
								17.5,
								5.5,
								-32.25
							],
							"rotation": [
								170,
								0,
								0
							],
							"uv": [
								34,
								348
							]
						},
						{
							"origin": [
								-18,
								3,
								-32.5
							],
							"size": [
								1,
								5,
								0.5
							],
							"pivot": [
								-17.5,
								5.5,
								-32.25
							],
							"rotation": [
								40,
								0,
								0
							],
							"uv": [
								24,
								353
							]
						},
						{
							"origin": [
								17,
								3,
								-32.5
							],
							"size": [
								1,
								5,
								0.5
							],
							"pivot": [
								17.5,
								5.5,
								-32.25
							],
							"rotation": [
								40,
								0,
								0
							],
							"uv": [
								32,
								348
							]
						},
						{
							"origin": [
								-18,
								3,
								-32.5
							],
							"size": [
								1,
								5,
								0.5
							],
							"pivot": [
								-17.5,
								5.5,
								-32.25
							],
							"rotation": [
								60,
								0,
								0
							],
							"uv": [
								22,
								353
							]
						},
						{
							"origin": [
								17,
								3,
								-32.5
							],
							"size": [
								1,
								5,
								0.5
							],
							"pivot": [
								17.5,
								5.5,
								-32.25
							],
							"rotation": [
								60,
								0,
								0
							],
							"uv": [
								30,
								348
							]
						},
						{
							"origin": [
								-18,
								3,
								-32.5
							],
							"size": [
								1,
								5,
								0.5
							],
							"pivot": [
								-17.5,
								5.5,
								-32.25
							],
							"rotation": [
								80,
								0,
								0
							],
							"uv": [
								20,
								353
							]
						},
						{
							"origin": [
								17,
								3,
								-32.5
							],
							"size": [
								1,
								5,
								0.5
							],
							"pivot": [
								17.5,
								5.5,
								-32.25
							],
							"rotation": [
								80,
								0,
								0
							],
							"uv": [
								28,
								348
							]
						},
						{
							"origin": [
								-18,
								3,
								-32.5
							],
							"size": [
								1,
								5,
								0.5
							],
							"pivot": [
								-17.5,
								5.5,
								-32.25
							],
							"rotation": [
								100,
								0,
								0
							],
							"uv": [
								18,
								353
							]
						},
						{
							"origin": [
								17,
								3,
								-32.5
							],
							"size": [
								1,
								5,
								0.5
							],
							"pivot": [
								17.5,
								5.5,
								-32.25
							],
							"rotation": [
								100,
								0,
								0
							],
							"uv": [
								26,
								348
							]
						},
						{
							"origin": [
								-18,
								3,
								-32.5
							],
							"size": [
								1,
								5,
								0.5
							],
							"pivot": [
								-17.5,
								5.5,
								-32.25
							],
							"rotation": [
								120,
								0,
								0
							],
							"uv": [
								16,
								353
							]
						},
						{
							"origin": [
								17,
								3,
								-32.5
							],
							"size": [
								1,
								5,
								0.5
							],
							"pivot": [
								17.5,
								5.5,
								-32.25
							],
							"rotation": [
								120,
								0,
								0
							],
							"uv": [
								24,
								348
							]
						},
						{
							"origin": [
								-18,
								3,
								-32.5
							],
							"size": [
								1,
								5,
								0.5
							],
							"pivot": [
								-17.5,
								5.5,
								-32.25
							],
							"rotation": [
								140,
								0,
								0
							],
							"uv": [
								14,
								353
							]
						},
						{
							"origin": [
								17,
								3,
								-32.5
							],
							"size": [
								1,
								5,
								0.5
							],
							"pivot": [
								17.5,
								5.5,
								-32.25
							],
							"rotation": [
								140,
								0,
								0
							],
							"uv": [
								22,
								348
							]
						},
						{
							"origin": [
								-18,
								3,
								-32.5
							],
							"size": [
								1,
								5,
								0.5
							],
							"pivot": [
								-17.5,
								5.5,
								-32.25
							],
							"rotation": [
								160,
								0,
								0
							],
							"uv": [
								8,
								353
							]
						},
						{
							"origin": [
								17,
								3,
								-32.5
							],
							"size": [
								1,
								5,
								0.5
							],
							"pivot": [
								17.5,
								5.5,
								-32.25
							],
							"rotation": [
								160,
								0,
								0
							],
							"uv": [
								20,
								348
							]
						},
						{
							"origin": [
								-17,
								7,
								-33
							],
							"size": [
								1,
								3,
								1.5
							],
							"uv": [
								104,
								339
							]
						},
						{
							"origin": [
								16,
								7,
								-33
							],
							"size": [
								1,
								3,
								1.5
							],
							"uv": [
								64,
								339
							]
						},
						{
							"origin": [
								-18,
								10,
								-33
							],
							"size": [
								4,
								1,
								1.5
							],
							"pivot": [
								-16,
								5.5,
								-32.25
							],
							"rotation": [
								15,
								0,
								0
							],
							"uv": [
								50,
								335
							]
						},
						{
							"origin": [
								14,
								10,
								-33
							],
							"size": [
								4,
								1,
								1.5
							],
							"pivot": [
								16,
								5.5,
								-32.25
							],
							"rotation": [
								15,
								0,
								0
							],
							"uv": [
								150,
								331
							]
						},
						{
							"origin": [
								-18,
								10,
								-33
							],
							"size": [
								4,
								1,
								1.5
							],
							"pivot": [
								-16,
								5.5,
								-32.25
							],
							"rotation": [
								30,
								0,
								0
							],
							"uv": [
								40,
								335
							]
						},
						{
							"origin": [
								14,
								10,
								-33
							],
							"size": [
								4,
								1,
								1.5
							],
							"pivot": [
								16,
								5.5,
								-32.25
							],
							"rotation": [
								30,
								0,
								0
							],
							"uv": [
								140,
								331
							]
						},
						{
							"origin": [
								-18,
								10,
								-33
							],
							"size": [
								4,
								1,
								1.5
							],
							"pivot": [
								-16,
								5.5,
								-32.25
							],
							"rotation": [
								45,
								0,
								0
							],
							"uv": [
								30,
								335
							]
						},
						{
							"origin": [
								14,
								10,
								-33
							],
							"size": [
								4,
								1,
								1.5
							],
							"pivot": [
								16,
								5.5,
								-32.25
							],
							"rotation": [
								45,
								0,
								0
							],
							"uv": [
								130,
								331
							]
						},
						{
							"origin": [
								-17,
								7,
								-33
							],
							"size": [
								1,
								3,
								1.5
							],
							"pivot": [
								-16,
								5.5,
								-32.25
							],
							"rotation": [
								45,
								0,
								0
							],
							"uv": [
								96,
								339
							]
						},
						{
							"origin": [
								16,
								7,
								-33
							],
							"size": [
								1,
								3,
								1.5
							],
							"pivot": [
								17,
								5.5,
								-32.25
							],
							"rotation": [
								45,
								0,
								0
							],
							"uv": [
								60,
								339
							]
						},
						{
							"origin": [
								-18,
								10,
								-33
							],
							"size": [
								4,
								1,
								1.5
							],
							"pivot": [
								-16,
								5.5,
								-32.25
							],
							"rotation": [
								60,
								0,
								0
							],
							"uv": [
								20,
								337
							]
						},
						{
							"origin": [
								14,
								10,
								-33
							],
							"size": [
								4,
								1,
								1.5
							],
							"pivot": [
								16,
								5.5,
								-32.25
							],
							"rotation": [
								60,
								0,
								0
							],
							"uv": [
								120,
								331
							]
						},
						{
							"origin": [
								-18,
								10,
								-33
							],
							"size": [
								4,
								1,
								1.5
							],
							"pivot": [
								-16,
								5.5,
								-32.25
							],
							"rotation": [
								75,
								0,
								0
							],
							"uv": [
								10,
								337
							]
						},
						{
							"origin": [
								14,
								10,
								-33
							],
							"size": [
								4,
								1,
								1.5
							],
							"pivot": [
								16,
								5.5,
								-32.25
							],
							"rotation": [
								75,
								0,
								0
							],
							"uv": [
								110,
								331
							]
						},
						{
							"origin": [
								-18,
								10,
								-33
							],
							"size": [
								4,
								1,
								1.5
							],
							"pivot": [
								-16,
								5.5,
								-32.25
							],
							"rotation": [
								90,
								0,
								0
							],
							"uv": [
								0,
								337
							]
						},
						{
							"origin": [
								14,
								10,
								-33
							],
							"size": [
								4,
								1,
								1.5
							],
							"pivot": [
								16,
								5.5,
								-32.25
							],
							"rotation": [
								90,
								0,
								0
							],
							"uv": [
								100,
								331
							]
						},
						{
							"origin": [
								-17,
								7,
								-33
							],
							"size": [
								1,
								3,
								1.5
							],
							"pivot": [
								-16,
								5.5,
								-32.25
							],
							"rotation": [
								90,
								0,
								0
							],
							"uv": [
								88,
								339
							]
						},
						{
							"origin": [
								16,
								7,
								-33
							],
							"size": [
								1,
								3,
								1.5
							],
							"pivot": [
								17,
								5.5,
								-32.25
							],
							"rotation": [
								90,
								0,
								0
							],
							"uv": [
								56,
								339
							]
						},
						{
							"origin": [
								-18,
								10,
								-33
							],
							"size": [
								4,
								1,
								1.5
							],
							"pivot": [
								-16,
								5.5,
								-32.25
							],
							"rotation": [
								105,
								0,
								0
							],
							"uv": [
								190,
								333
							]
						},
						{
							"origin": [
								14,
								10,
								-33
							],
							"size": [
								4,
								1,
								1.5
							],
							"pivot": [
								16,
								5.5,
								-32.25
							],
							"rotation": [
								105,
								0,
								0
							],
							"uv": [
								90,
								331
							]
						},
						{
							"origin": [
								-18,
								10,
								-33
							],
							"size": [
								4,
								1,
								1.5
							],
							"pivot": [
								-16,
								5.5,
								-32.25
							],
							"rotation": [
								120,
								0,
								0
							],
							"uv": [
								170,
								333
							]
						},
						{
							"origin": [
								14,
								10,
								-33
							],
							"size": [
								4,
								1,
								1.5
							],
							"pivot": [
								16,
								5.5,
								-32.25
							],
							"rotation": [
								120,
								0,
								0
							],
							"uv": [
								80,
								331
							]
						},
						{
							"origin": [
								-17,
								7,
								-33
							],
							"size": [
								1,
								3,
								1.5
							],
							"pivot": [
								-16,
								5.5,
								-32.25
							],
							"rotation": [
								135,
								0,
								0
							],
							"uv": [
								108,
								339
							]
						},
						{
							"origin": [
								16,
								7,
								-33
							],
							"size": [
								1,
								3,
								1.5
							],
							"pivot": [
								17,
								5.5,
								-32.25
							],
							"rotation": [
								135,
								0,
								0
							],
							"uv": [
								52,
								339
							]
						},
						{
							"origin": [
								-18,
								10,
								-33
							],
							"size": [
								4,
								1,
								1.5
							],
							"pivot": [
								-16,
								5.5,
								-32.25
							],
							"rotation": [
								135,
								0,
								0
							],
							"uv": [
								90,
								333
							]
						},
						{
							"origin": [
								14,
								10,
								-33
							],
							"size": [
								4,
								1,
								1.5
							],
							"pivot": [
								16,
								5.5,
								-32.25
							],
							"rotation": [
								135,
								0,
								0
							],
							"uv": [
								70,
								331
							]
						},
						{
							"origin": [
								-18,
								10,
								-33
							],
							"size": [
								4,
								1,
								1.5
							],
							"pivot": [
								-16,
								5.5,
								-32.25
							],
							"rotation": [
								150,
								0,
								0
							],
							"uv": [
								140,
								333
							]
						},
						{
							"origin": [
								14,
								10,
								-33
							],
							"size": [
								4,
								1,
								1.5
							],
							"pivot": [
								16,
								5.5,
								-32.25
							],
							"rotation": [
								150,
								0,
								0
							],
							"uv": [
								60,
								331
							]
						},
						{
							"origin": [
								-18,
								10,
								-33
							],
							"size": [
								4,
								1,
								1.5
							],
							"pivot": [
								-16,
								5.5,
								-32.25
							],
							"rotation": [
								165,
								0,
								0
							],
							"uv": [
								120,
								333
							]
						},
						{
							"origin": [
								14,
								10,
								-33
							],
							"size": [
								4,
								1,
								1.5
							],
							"pivot": [
								16,
								5.5,
								-32.25
							],
							"rotation": [
								165,
								0,
								0
							],
							"uv": [
								50,
								331
							]
						}
					]
				},
				{
					"name": "leg1",
					"pivot": [
						0,
						5.5,
						21.75
					],
					"cubes": [
						{
							"origin": [
								-18,
								0,
								21
							],
							"size": [
								4,
								1,
								1.5
							],
							"uv": [
								60,
								335
							]
						},
						{
							"origin": [
								14,
								0,
								21
							],
							"size": [
								4,
								1,
								1.5
							],
							"uv": [
								80,
								333
							]
						},
						{
							"origin": [
								16,
								1,
								21
							],
							"size": [
								1,
								3,
								1.5
							],
							"uv": [
								80,
								339
							]
						},
						{
							"origin": [
								-17,
								1,
								21
							],
							"size": [
								1,
								3,
								1.5
							],
							"uv": [
								80,
								339
							]
						},
						{
							"origin": [
								-18,
								0,
								21
							],
							"size": [
								4,
								1,
								1.5
							],
							"pivot": [
								-16,
								5.5,
								21.75
							],
							"rotation": [
								15,
								0,
								0
							],
							"uv": [
								40,
								337
							]
						},
						{
							"origin": [
								14,
								0,
								21
							],
							"size": [
								4,
								1,
								1.5
							],
							"pivot": [
								16,
								5.5,
								21.75
							],
							"rotation": [
								15,
								0,
								0
							],
							"uv": [
								70,
								333
							]
						},
						{
							"origin": [
								-18,
								0,
								21
							],
							"size": [
								4,
								1,
								1.5
							],
							"pivot": [
								-16,
								5.5,
								21.75
							],
							"rotation": [
								30,
								0,
								0
							],
							"uv": [
								30,
								337
							]
						},
						{
							"origin": [
								14,
								0,
								21
							],
							"size": [
								4,
								1,
								1.5
							],
							"pivot": [
								16,
								5.5,
								21.75
							],
							"rotation": [
								30,
								0,
								0
							],
							"uv": [
								60,
								333
							]
						},
						{
							"origin": [
								-17,
								1,
								21
							],
							"size": [
								1,
								3,
								1.5
							],
							"pivot": [
								-16,
								5.5,
								21.75
							],
							"rotation": [
								45,
								0,
								0
							],
							"uv": [
								112,
								339
							]
						},
						{
							"origin": [
								16,
								1,
								21
							],
							"size": [
								1,
								3,
								1.5
							],
							"pivot": [
								17,
								5.5,
								21.75
							],
							"rotation": [
								45,
								0,
								0
							],
							"uv": [
								76,
								339
							]
						},
						{
							"origin": [
								-18,
								0,
								21
							],
							"size": [
								4,
								1,
								1.5
							],
							"pivot": [
								-16,
								5.5,
								21.75
							],
							"rotation": [
								45,
								0,
								0
							],
							"uv": [
								100,
								333
							]
						},
						{
							"origin": [
								14,
								0,
								21
							],
							"size": [
								4,
								1,
								1.5
							],
							"pivot": [
								16,
								5.5,
								21.75
							],
							"rotation": [
								45,
								0,
								0
							],
							"uv": [
								50,
								333
							]
						},
						{
							"origin": [
								-18,
								0,
								21
							],
							"size": [
								4,
								1,
								1.5
							],
							"pivot": [
								-16,
								5.5,
								21.75
							],
							"rotation": [
								60,
								0,
								0
							],
							"uv": [
								20,
								335
							]
						},
						{
							"origin": [
								14,
								0,
								21
							],
							"size": [
								4,
								1,
								1.5
							],
							"pivot": [
								16,
								5.5,
								21.75
							],
							"rotation": [
								60,
								0,
								0
							],
							"uv": [
								40,
								333
							]
						},
						{
							"origin": [
								-18,
								0,
								21
							],
							"size": [
								4,
								1,
								1.5
							],
							"pivot": [
								-16,
								5.5,
								21.75
							],
							"rotation": [
								75,
								0,
								0
							],
							"uv": [
								10,
								335
							]
						},
						{
							"origin": [
								14,
								0,
								21
							],
							"size": [
								4,
								1,
								1.5
							],
							"pivot": [
								16,
								5.5,
								21.75
							],
							"rotation": [
								75,
								0,
								0
							],
							"uv": [
								30,
								333
							]
						},
						{
							"origin": [
								-18,
								0,
								21
							],
							"size": [
								4,
								1,
								1.5
							],
							"pivot": [
								-16,
								5.5,
								21.75
							],
							"rotation": [
								90,
								0,
								0
							],
							"uv": [
								0,
								335
							]
						},
						{
							"origin": [
								14,
								0,
								21
							],
							"size": [
								4,
								1,
								1.5
							],
							"pivot": [
								16,
								5.5,
								21.75
							],
							"rotation": [
								90,
								0,
								0
							],
							"uv": [
								20,
								333
							]
						},
						{
							"origin": [
								-17,
								1,
								21
							],
							"size": [
								1,
								3,
								1.5
							],
							"pivot": [
								-16,
								5.5,
								21.75
							],
							"rotation": [
								90,
								0,
								0
							],
							"uv": [
								92,
								339
							]
						},
						{
							"origin": [
								16,
								1,
								21
							],
							"size": [
								1,
								3,
								1.5
							],
							"pivot": [
								17,
								5.5,
								21.75
							],
							"rotation": [
								90,
								0,
								0
							],
							"uv": [
								72,
								339
							]
						},
						{
							"origin": [
								-18,
								0,
								21
							],
							"size": [
								4,
								1,
								1.5
							],
							"pivot": [
								-16,
								5.5,
								21.75
							],
							"rotation": [
								105,
								0,
								0
							],
							"uv": [
								180,
								333
							]
						},
						{
							"origin": [
								14,
								0,
								21
							],
							"size": [
								4,
								1,
								1.5
							],
							"pivot": [
								16,
								5.5,
								21.75
							],
							"rotation": [
								105,
								0,
								0
							],
							"uv": [
								10,
								333
							]
						},
						{
							"origin": [
								-18,
								0,
								21
							],
							"size": [
								4,
								1,
								1.5
							],
							"pivot": [
								-16,
								5.5,
								21.75
							],
							"rotation": [
								120,
								0,
								0
							],
							"uv": [
								160,
								333
							]
						},
						{
							"origin": [
								14,
								0,
								21
							],
							"size": [
								4,
								1,
								1.5
							],
							"pivot": [
								16,
								5.5,
								21.75
							],
							"rotation": [
								120,
								0,
								0
							],
							"uv": [
								0,
								333
							]
						},
						{
							"origin": [
								-18,
								0,
								21
							],
							"size": [
								4,
								1,
								1.5
							],
							"pivot": [
								-16,
								5.5,
								21.75
							],
							"rotation": [
								135,
								0,
								0
							],
							"uv": [
								150,
								333
							]
						},
						{
							"origin": [
								14,
								0,
								21
							],
							"size": [
								4,
								1,
								1.5
							],
							"pivot": [
								16,
								5.5,
								21.75
							],
							"rotation": [
								135,
								0,
								0
							],
							"uv": [
								190,
								331
							]
						},
						{
							"origin": [
								-17,
								1,
								21
							],
							"size": [
								1,
								3,
								1.5
							],
							"pivot": [
								-16,
								5.5,
								21.75
							],
							"rotation": [
								135,
								0,
								0
							],
							"uv": [
								100,
								339
							]
						},
						{
							"origin": [
								16,
								1,
								21
							],
							"size": [
								1,
								3,
								1.5
							],
							"pivot": [
								17,
								5.5,
								21.75
							],
							"rotation": [
								135,
								0,
								0
							],
							"uv": [
								68,
								339
							]
						},
						{
							"origin": [
								-18,
								0,
								21
							],
							"size": [
								4,
								1,
								1.5
							],
							"pivot": [
								-16,
								5.5,
								21.75
							],
							"rotation": [
								150,
								0,
								0
							],
							"uv": [
								130,
								333
							]
						},
						{
							"origin": [
								14,
								0,
								21
							],
							"size": [
								4,
								1,
								1.5
							],
							"pivot": [
								16,
								5.5,
								21.75
							],
							"rotation": [
								150,
								0,
								0
							],
							"uv": [
								180,
								331
							]
						},
						{
							"origin": [
								-18,
								0,
								21
							],
							"size": [
								4,
								1,
								1.5
							],
							"pivot": [
								-16,
								5.5,
								21.75
							],
							"rotation": [
								165,
								0,
								0
							],
							"uv": [
								110,
								333
							]
						},
						{
							"origin": [
								14,
								0,
								21
							],
							"size": [
								4,
								1,
								1.5
							],
							"pivot": [
								16,
								5.5,
								21.75
							],
							"rotation": [
								165,
								0,
								0
							],
							"uv": [
								170,
								331
							]
						},
						{
							"origin": [
								-18,
								10,
								21
							],
							"size": [
								4,
								1,
								1.5
							],
							"uv": [
								50,
								337
							]
						},
						{
							"origin": [
								14,
								10,
								21
							],
							"size": [
								4,
								1,
								1.5
							],
							"uv": [
								160,
								331
							]
						},
						{
							"origin": [
								-18,
								3,
								21.5
							],
							"size": [
								1,
								5,
								0.5
							],
							"uv": [
								12,
								353
							]
						},
						{
							"origin": [
								17,
								3,
								21.5
							],
							"size": [
								1,
								5,
								0.5
							],
							"uv": [
								54,
								348
							]
						},
						{
							"origin": [
								-18,
								3,
								21.5
							],
							"size": [
								1,
								5,
								0.5
							],
							"pivot": [
								-17.5,
								5.5,
								21.75
							],
							"rotation": [
								20,
								0,
								0
							],
							"uv": [
								10,
								353
							]
						},
						{
							"origin": [
								17,
								3,
								21.5
							],
							"size": [
								1,
								5,
								0.5
							],
							"pivot": [
								17.5,
								5.5,
								21.75
							],
							"rotation": [
								20,
								0,
								0
							],
							"uv": [
								52,
								348
							]
						},
						{
							"origin": [
								-18,
								3,
								21.5
							],
							"size": [
								1,
								5,
								0.5
							],
							"pivot": [
								-17.5,
								5.5,
								21.75
							],
							"rotation": [
								10,
								0,
								0
							],
							"uv": [
								6,
								353
							]
						},
						{
							"origin": [
								17,
								3,
								21.5
							],
							"size": [
								1,
								5,
								0.5
							],
							"pivot": [
								17.5,
								5.5,
								21.75
							],
							"rotation": [
								10,
								0,
								0
							],
							"uv": [
								50,
								348
							]
						},
						{
							"origin": [
								-18,
								3,
								21.5
							],
							"size": [
								1,
								5,
								0.5
							],
							"pivot": [
								-17.5,
								5.5,
								21.75
							],
							"rotation": [
								30,
								0,
								0
							],
							"uv": [
								4,
								353
							]
						},
						{
							"origin": [
								17,
								3,
								21.5
							],
							"size": [
								1,
								5,
								0.5
							],
							"pivot": [
								17.5,
								5.5,
								21.75
							],
							"rotation": [
								30,
								0,
								0
							],
							"uv": [
								48,
								348
							]
						},
						{
							"origin": [
								-18,
								3,
								21.5
							],
							"size": [
								1,
								5,
								0.5
							],
							"pivot": [
								-17.5,
								5.5,
								21.75
							],
							"rotation": [
								50,
								0,
								0
							],
							"uv": [
								2,
								353
							]
						},
						{
							"origin": [
								17,
								3,
								21.5
							],
							"size": [
								1,
								5,
								0.5
							],
							"pivot": [
								17.5,
								5.5,
								21.75
							],
							"rotation": [
								50,
								0,
								0
							],
							"uv": [
								46,
								348
							]
						},
						{
							"origin": [
								-18,
								3,
								21.5
							],
							"size": [
								1,
								5,
								0.5
							],
							"pivot": [
								-17.5,
								5.5,
								21.75
							],
							"rotation": [
								70,
								0,
								0
							],
							"uv": [
								0,
								353
							]
						},
						{
							"origin": [
								17,
								3,
								21.5
							],
							"size": [
								1,
								5,
								0.5
							],
							"pivot": [
								17.5,
								5.5,
								21.75
							],
							"rotation": [
								70,
								0,
								0
							],
							"uv": [
								44,
								348
							]
						},
						{
							"origin": [
								-18,
								3,
								21.5
							],
							"size": [
								1,
								5,
								0.5
							],
							"pivot": [
								-17.5,
								5.5,
								21.75
							],
							"rotation": [
								90,
								0,
								0
							],
							"uv": [
								64,
								348
							]
						},
						{
							"origin": [
								17,
								3,
								21.5
							],
							"size": [
								1,
								5,
								0.5
							],
							"pivot": [
								17.5,
								5.5,
								21.75
							],
							"rotation": [
								90,
								0,
								0
							],
							"uv": [
								42,
								348
							]
						},
						{
							"origin": [
								-18,
								3,
								21.5
							],
							"size": [
								1,
								5,
								0.5
							],
							"pivot": [
								-17.5,
								5.5,
								21.75
							],
							"rotation": [
								110,
								0,
								0
							],
							"uv": [
								62,
								348
							]
						},
						{
							"origin": [
								17,
								3,
								21.5
							],
							"size": [
								1,
								5,
								0.5
							],
							"pivot": [
								17.5,
								5.5,
								21.75
							],
							"rotation": [
								110,
								0,
								0
							],
							"uv": [
								40,
								348
							]
						},
						{
							"origin": [
								-18,
								3,
								21.5
							],
							"size": [
								1,
								5,
								0.5
							],
							"pivot": [
								-17.5,
								5.5,
								21.75
							],
							"rotation": [
								130,
								0,
								0
							],
							"uv": [
								60,
								348
							]
						},
						{
							"origin": [
								17,
								3,
								21.5
							],
							"size": [
								1,
								5,
								0.5
							],
							"pivot": [
								17.5,
								5.5,
								21.75
							],
							"rotation": [
								130,
								0,
								0
							],
							"uv": [
								38,
								348
							]
						},
						{
							"origin": [
								-18,
								3,
								21.5
							],
							"size": [
								1,
								5,
								0.5
							],
							"pivot": [
								-17.5,
								5.5,
								21.75
							],
							"rotation": [
								150,
								0,
								0
							],
							"uv": [
								58,
								348
							]
						},
						{
							"origin": [
								17,
								3,
								21.5
							],
							"size": [
								1,
								5,
								0.5
							],
							"pivot": [
								17.5,
								5.5,
								21.75
							],
							"rotation": [
								150,
								0,
								0
							],
							"uv": [
								36,
								348
							]
						},
						{
							"origin": [
								-18,
								3,
								21.5
							],
							"size": [
								1,
								5,
								0.5
							],
							"pivot": [
								-17.5,
								5.5,
								21.75
							],
							"rotation": [
								170,
								0,
								0
							],
							"uv": [
								56,
								348
							]
						},
						{
							"origin": [
								17,
								3,
								21.5
							],
							"size": [
								1,
								5,
								0.5
							],
							"pivot": [
								17.5,
								5.5,
								21.75
							],
							"rotation": [
								170,
								0,
								0
							],
							"uv": [
								34,
								348
							]
						},
						{
							"origin": [
								-18,
								3,
								21.5
							],
							"size": [
								1,
								5,
								0.5
							],
							"pivot": [
								-17.5,
								5.5,
								21.75
							],
							"rotation": [
								40,
								0,
								0
							],
							"uv": [
								24,
								353
							]
						},
						{
							"origin": [
								17,
								3,
								21.5
							],
							"size": [
								1,
								5,
								0.5
							],
							"pivot": [
								17.5,
								5.5,
								21.75
							],
							"rotation": [
								40,
								0,
								0
							],
							"uv": [
								32,
								348
							]
						},
						{
							"origin": [
								-18,
								3,
								21.5
							],
							"size": [
								1,
								5,
								0.5
							],
							"pivot": [
								-17.5,
								5.5,
								21.75
							],
							"rotation": [
								60,
								0,
								0
							],
							"uv": [
								22,
								353
							]
						},
						{
							"origin": [
								17,
								3,
								21.5
							],
							"size": [
								1,
								5,
								0.5
							],
							"pivot": [
								17.5,
								5.5,
								21.75
							],
							"rotation": [
								60,
								0,
								0
							],
							"uv": [
								30,
								348
							]
						},
						{
							"origin": [
								-18,
								3,
								21.5
							],
							"size": [
								1,
								5,
								0.5
							],
							"pivot": [
								-17.5,
								5.5,
								21.75
							],
							"rotation": [
								80,
								0,
								0
							],
							"uv": [
								20,
								353
							]
						},
						{
							"origin": [
								17,
								3,
								21.5
							],
							"size": [
								1,
								5,
								0.5
							],
							"pivot": [
								17.5,
								5.5,
								21.75
							],
							"rotation": [
								80,
								0,
								0
							],
							"uv": [
								28,
								348
							]
						},
						{
							"origin": [
								-18,
								3,
								21.5
							],
							"size": [
								1,
								5,
								0.5
							],
							"pivot": [
								-17.5,
								5.5,
								21.75
							],
							"rotation": [
								100,
								0,
								0
							],
							"uv": [
								18,
								353
							]
						},
						{
							"origin": [
								17,
								3,
								21.5
							],
							"size": [
								1,
								5,
								0.5
							],
							"pivot": [
								17.5,
								5.5,
								21.75
							],
							"rotation": [
								100,
								0,
								0
							],
							"uv": [
								26,
								348
							]
						},
						{
							"origin": [
								-18,
								3,
								21.5
							],
							"size": [
								1,
								5,
								0.5
							],
							"pivot": [
								-17.5,
								5.5,
								21.75
							],
							"rotation": [
								120,
								0,
								0
							],
							"uv": [
								16,
								353
							]
						},
						{
							"origin": [
								17,
								3,
								21.5
							],
							"size": [
								1,
								5,
								0.5
							],
							"pivot": [
								17.5,
								5.5,
								21.75
							],
							"rotation": [
								120,
								0,
								0
							],
							"uv": [
								24,
								348
							]
						},
						{
							"origin": [
								-18,
								3,
								21.5
							],
							"size": [
								1,
								5,
								0.5
							],
							"pivot": [
								-17.5,
								5.5,
								21.75
							],
							"rotation": [
								140,
								0,
								0
							],
							"uv": [
								14,
								353
							]
						},
						{
							"origin": [
								17,
								3,
								21.5
							],
							"size": [
								1,
								5,
								0.5
							],
							"pivot": [
								17.5,
								5.5,
								21.75
							],
							"rotation": [
								140,
								0,
								0
							],
							"uv": [
								22,
								348
							]
						},
						{
							"origin": [
								-18,
								3,
								21.5
							],
							"size": [
								1,
								5,
								0.5
							],
							"pivot": [
								-17.5,
								5.5,
								21.75
							],
							"rotation": [
								160,
								0,
								0
							],
							"uv": [
								8,
								353
							]
						},
						{
							"origin": [
								17,
								3,
								21.5
							],
							"size": [
								1,
								5,
								0.5
							],
							"pivot": [
								17.5,
								5.5,
								21.75
							],
							"rotation": [
								160,
								0,
								0
							],
							"uv": [
								20,
								348
							]
						},
						{
							"origin": [
								-17,
								7,
								21
							],
							"size": [
								1,
								3,
								1.5
							],
							"uv": [
								104,
								339
							]
						},
						{
							"origin": [
								16,
								7,
								21
							],
							"size": [
								1,
								3,
								1.5
							],
							"uv": [
								64,
								339
							]
						},
						{
							"origin": [
								-18,
								10,
								21
							],
							"size": [
								4,
								1,
								1.5
							],
							"pivot": [
								-16,
								5.5,
								21.75
							],
							"rotation": [
								15,
								0,
								0
							],
							"uv": [
								50,
								335
							]
						},
						{
							"origin": [
								14,
								10,
								21
							],
							"size": [
								4,
								1,
								1.5
							],
							"pivot": [
								16,
								5.5,
								21.75
							],
							"rotation": [
								15,
								0,
								0
							],
							"uv": [
								150,
								331
							]
						},
						{
							"origin": [
								-18,
								10,
								21
							],
							"size": [
								4,
								1,
								1.5
							],
							"pivot": [
								-16,
								5.5,
								21.75
							],
							"rotation": [
								30,
								0,
								0
							],
							"uv": [
								40,
								335
							]
						},
						{
							"origin": [
								14,
								10,
								21
							],
							"size": [
								4,
								1,
								1.5
							],
							"pivot": [
								16,
								5.5,
								21.75
							],
							"rotation": [
								30,
								0,
								0
							],
							"uv": [
								140,
								331
							]
						},
						{
							"origin": [
								-18,
								10,
								21
							],
							"size": [
								4,
								1,
								1.5
							],
							"pivot": [
								-16,
								5.5,
								21.75
							],
							"rotation": [
								45,
								0,
								0
							],
							"uv": [
								30,
								335
							]
						},
						{
							"origin": [
								14,
								10,
								21
							],
							"size": [
								4,
								1,
								1.5
							],
							"pivot": [
								16,
								5.5,
								21.75
							],
							"rotation": [
								45,
								0,
								0
							],
							"uv": [
								130,
								331
							]
						},
						{
							"origin": [
								-17,
								7,
								21
							],
							"size": [
								1,
								3,
								1.5
							],
							"pivot": [
								-16,
								5.5,
								21.75
							],
							"rotation": [
								45,
								0,
								0
							],
							"uv": [
								96,
								339
							]
						},
						{
							"origin": [
								16,
								7,
								21
							],
							"size": [
								1,
								3,
								1.5
							],
							"pivot": [
								17,
								5.5,
								21.75
							],
							"rotation": [
								45,
								0,
								0
							],
							"uv": [
								60,
								339
							]
						},
						{
							"origin": [
								-18,
								10,
								21
							],
							"size": [
								4,
								1,
								1.5
							],
							"pivot": [
								-16,
								5.5,
								21.75
							],
							"rotation": [
								60,
								0,
								0
							],
							"uv": [
								20,
								337
							]
						},
						{
							"origin": [
								14,
								10,
								21
							],
							"size": [
								4,
								1,
								1.5
							],
							"pivot": [
								16,
								5.5,
								21.75
							],
							"rotation": [
								60,
								0,
								0
							],
							"uv": [
								120,
								331
							]
						},
						{
							"origin": [
								-18,
								10,
								21
							],
							"size": [
								4,
								1,
								1.5
							],
							"pivot": [
								-16,
								5.5,
								21.75
							],
							"rotation": [
								75,
								0,
								0
							],
							"uv": [
								10,
								337
							]
						},
						{
							"origin": [
								14,
								10,
								21
							],
							"size": [
								4,
								1,
								1.5
							],
							"pivot": [
								16,
								5.5,
								21.75
							],
							"rotation": [
								75,
								0,
								0
							],
							"uv": [
								110,
								331
							]
						},
						{
							"origin": [
								-18,
								10,
								21
							],
							"size": [
								4,
								1,
								1.5
							],
							"pivot": [
								-16,
								5.5,
								21.75
							],
							"rotation": [
								90,
								0,
								0
							],
							"uv": [
								0,
								337
							]
						},
						{
							"origin": [
								14,
								10,
								21
							],
							"size": [
								4,
								1,
								1.5
							],
							"pivot": [
								16,
								5.5,
								21.75
							],
							"rotation": [
								90,
								0,
								0
							],
							"uv": [
								100,
								331
							]
						},
						{
							"origin": [
								-17,
								7,
								21
							],
							"size": [
								1,
								3,
								1.5
							],
							"pivot": [
								-16,
								5.5,
								21.75
							],
							"rotation": [
								90,
								0,
								0
							],
							"uv": [
								88,
								339
							]
						},
						{
							"origin": [
								16,
								7,
								21
							],
							"size": [
								1,
								3,
								1.5
							],
							"pivot": [
								17,
								5.5,
								21.75
							],
							"rotation": [
								90,
								0,
								0
							],
							"uv": [
								56,
								339
							]
						},
						{
							"origin": [
								-18,
								10,
								21
							],
							"size": [
								4,
								1,
								1.5
							],
							"pivot": [
								-16,
								5.5,
								21.75
							],
							"rotation": [
								105,
								0,
								0
							],
							"uv": [
								190,
								333
							]
						},
						{
							"origin": [
								14,
								10,
								21
							],
							"size": [
								4,
								1,
								1.5
							],
							"pivot": [
								16,
								5.5,
								21.75
							],
							"rotation": [
								105,
								0,
								0
							],
							"uv": [
								90,
								331
							]
						},
						{
							"origin": [
								-18,
								10,
								21
							],
							"size": [
								4,
								1,
								1.5
							],
							"pivot": [
								-16,
								5.5,
								21.75
							],
							"rotation": [
								120,
								0,
								0
							],
							"uv": [
								170,
								333
							]
						},
						{
							"origin": [
								14,
								10,
								21
							],
							"size": [
								4,
								1,
								1.5
							],
							"pivot": [
								16,
								5.5,
								21.75
							],
							"rotation": [
								120,
								0,
								0
							],
							"uv": [
								80,
								331
							]
						},
						{
							"origin": [
								-17,
								7,
								21
							],
							"size": [
								1,
								3,
								1.5
							],
							"pivot": [
								-16,
								5.5,
								21.75
							],
							"rotation": [
								135,
								0,
								0
							],
							"uv": [
								108,
								339
							]
						},
						{
							"origin": [
								16,
								7,
								21
							],
							"size": [
								1,
								3,
								1.5
							],
							"pivot": [
								17,
								5.5,
								21.75
							],
							"rotation": [
								135,
								0,
								0
							],
							"uv": [
								52,
								339
							]
						},
						{
							"origin": [
								-18,
								10,
								21
							],
							"size": [
								4,
								1,
								1.5
							],
							"pivot": [
								-16,
								5.5,
								21.75
							],
							"rotation": [
								135,
								0,
								0
							],
							"uv": [
								90,
								333
							]
						},
						{
							"origin": [
								14,
								10,
								21
							],
							"size": [
								4,
								1,
								1.5
							],
							"pivot": [
								16,
								5.5,
								21.75
							],
							"rotation": [
								135,
								0,
								0
							],
							"uv": [
								70,
								331
							]
						},
						{
							"origin": [
								-18,
								10,
								21
							],
							"size": [
								4,
								1,
								1.5
							],
							"pivot": [
								-16,
								5.5,
								21.75
							],
							"rotation": [
								150,
								0,
								0
							],
							"uv": [
								140,
								333
							]
						},
						{
							"origin": [
								14,
								10,
								21
							],
							"size": [
								4,
								1,
								1.5
							],
							"pivot": [
								16,
								5.5,
								21.75
							],
							"rotation": [
								150,
								0,
								0
							],
							"uv": [
								60,
								331
							]
						},
						{
							"origin": [
								-18,
								10,
								21
							],
							"size": [
								4,
								1,
								1.5
							],
							"pivot": [
								-16,
								5.5,
								21.75
							],
							"rotation": [
								165,
								0,
								0
							],
							"uv": [
								120,
								333
							]
						},
						{
							"origin": [
								14,
								10,
								21
							],
							"size": [
								4,
								1,
								1.5
							],
							"pivot": [
								16,
								5.5,
								21.75
							],
							"rotation": [
								165,
								0,
								0
							],
							"uv": [
								50,
								331
							]
						}
					]
				}
			]
		}
	]
}