{
	"format_version": "1.12.0",
	"minecraft:geometry": [
		{
			"description": {
				"identifier": "geometry.honda_accord_2019",
				"texture_width": 512,
				"texture_height": 512,
				"visible_bounds_width": 8,
				"visible_bounds_height": 5,
				"visible_bounds_offset": [
					0,
					1.5,
					0
				]
			},
			"bones": [
				{
					"name": "body",
					"pivot": [
						0,
						2,
						0
					],
					"cubes": [
						{
							"origin": [
								-20,
								5,
								-23
							],
							"size": [
								40,
								3,
								44
							],
							"uv": [
								0,
								0
							]
						},
						{
							"origin": [
								-18.17769,
								35.91946,
								-51.00377
							],
							"size": [
								36.3,
								9,
								1
							],
							"pivot": [
								0.12231,
								10.91946,
								-29.00377
							],
							"rotation": [
								-85,
								0,
								0
							],
							"uv": [
								224,
								256
							]
						},
						{
							"origin": [
								-18.09021,
								48.46027,
								-41.62157
							],
							"size": [
								36.3,
								7,
								1
							],
							"pivot": [
								0.20979,
								23.46027,
								-19.62157
							],
							"rotation": [
								-112.5,
								0,
								0
							],
							"uv": [
								298,
								256
							]
						},
						{
							"origin": [
								-1.79021,
								50.46027,
								-44.62157
							],
							"size": [
								2,
								4,
								3
							],
							"pivot": [
								0.20979,
								23.46027,
								-19.62157
							],
							"rotation": [
								-112.5,
								0,
								0
							],
							"uv": [
								240,
								373
							]
						},
						{
							"origin": [
								-18.09021,
								55.98806,
								-39.75263
							],
							"size": [
								36.3,
								16,
								0
							],
							"pivot": [
								0.20979,
								26.98806,
								-17.75263
							],
							"rotation": [
								-120,
								0,
								0
							],
							"uv": [
								204,
								227
							]
						},
						{
							"origin": [
								-18.13555,
								65.95386,
								-36.25936
							],
							"size": [
								36.3,
								5,
								0
							],
							"pivot": [
								0.16445,
								24.95386,
								-14.25936
							],
							"rotation": [
								-120,
								0,
								0
							],
							"uv": [
								0,
								274
							]
						},
						{
							"origin": [
								-18.31437,
								43.46247,
								-47.4474
							],
							"size": [
								36.3,
								9,
								1
							],
							"pivot": [
								-0.01437,
								18.46247,
								-25.4474
							],
							"rotation": [
								-100,
								0,
								0
							],
							"uv": [
								150,
								256
							]
						},
						{
							"origin": [
								-18.14217,
								25.96558,
								-43.21834
							],
							"size": [
								36.3,
								5,
								1
							],
							"pivot": [
								0.15783,
								0.96558,
								-21.21834
							],
							"rotation": [
								-60,
								0,
								0
							],
							"uv": [
								0,
								268
							]
						},
						{
							"origin": [
								-17.76027,
								23.40565,
								-47.46858
							],
							"size": [
								36,
								5,
								0
							],
							"pivot": [
								0.23973,
								-1.59435,
								-25.46858
							],
							"rotation": [
								-60,
								0,
								0
							],
							"uv": [
								0,
								279
							]
						},
						{
							"origin": [
								-1.84217,
								26.96558,
								-42.21834
							],
							"size": [
								2,
								1,
								3
							],
							"pivot": [
								0.15783,
								0.96558,
								-21.21834
							],
							"rotation": [
								-60,
								0,
								0
							],
							"uv": [
								18,
								389
							]
						},
						{
							"origin": [
								-4,
								28.55404,
								-7.70168
							],
							"size": [
								6,
								3,
								1
							],
							"uv": [
								94,
								369
							]
						},
						{
							"origin": [
								-20,
								8,
								-21
							],
							"size": [
								2,
								11,
								42
							],
							"uv": [
								0,
								53
							]
						},
						{
							"origin": [
								-20,
								8,
								-23
							],
							"size": [
								40,
								11,
								2
							],
							"uv": [
								176,
								182
							]
						},
						{
							"origin": [
								-18,
								9,
								-23
							],
							"size": [
								36,
								9,
								2
							],
							"pivot": [
								0,
								17.5,
								-22
							],
							"rotation": [
								52.5,
								0,
								0
							],
							"uv": [
								0,
								256
							]
						},
						{
							"origin": [
								-15,
								18,
								-50
							],
							"size": [
								30,
								3,
								27
							],
							"uv": [
								168,
								0
							]
						},
						{
							"origin": [
								-15,
								16.73743,
								-54.244
							],
							"size": [
								29,
								3,
								3
							],
							"pivot": [
								-1.76937,
								18.23743,
								-52.744
							],
							"rotation": [
								50,
								0,
								0
							],
							"uv": [
								64,
								293
							]
						},
						{
							"origin": [
								-15,
								17.7109,
								-52.63978
							],
							"size": [
								29,
								3,
								3
							],
							"pivot": [
								-1,
								19.2109,
								-51.13978
							],
							"rotation": [
								12.5,
								0,
								0
							],
							"uv": [
								0,
								307
							]
						},
						{
							"origin": [
								-17.2793,
								17.53185,
								-50
							],
							"size": [
								3,
								3,
								27
							],
							"pivot": [
								-15.7793,
								19.03185,
								-32.5
							],
							"rotation": [
								0,
								0,
								-20
							],
							"uv": [
								218,
								197
							]
						},
						{
							"origin": [
								14.2793,
								17.53185,
								-50
							],
							"size": [
								3,
								3,
								27
							],
							"pivot": [
								15.7793,
								19.03185,
								-32.5
							],
							"rotation": [
								0,
								0,
								20
							],
							"uv": [
								158,
								197
							]
						},
						{
							"origin": [
								-19.38675,
								17.31511,
								-50
							],
							"size": [
								3,
								2,
								27
							],
							"pivot": [
								-17.88675,
								17.81511,
								-32.5
							],
							"rotation": [
								0,
								0,
								-40
							],
							"uv": [
								60,
								227
							]
						},
						{
							"origin": [
								-18.16873,
								18.64818,
								-51.433
							],
							"size": [
								3,
								2,
								3
							],
							"pivot": [
								-15.13664,
								17.8626,
								-50.933
							],
							"rotation": [
								12.5,
								-15,
								-42.5
							],
							"uv": [
								76,
								380
							]
						},
						{
							"origin": [
								16.88142,
								17.11979,
								-53.12133
							],
							"size": [
								3,
								2,
								3
							],
							"pivot": [
								17.38142,
								18.11979,
								-51.62133
							],
							"rotation": [
								37.5,
								-67.5,
								0
							],
							"uv": [
								64,
								380
							]
						},
						{
							"origin": [
								14.72617,
								18.39962,
								-52.2286
							],
							"size": [
								3,
								2,
								3
							],
							"pivot": [
								15.22617,
								19.39962,
								-50.7286
							],
							"rotation": [
								20,
								-67.5,
								0
							],
							"uv": [
								52,
								380
							]
						},
						{
							"origin": [
								-16.05677,
								18.452,
								-51.51243
							],
							"size": [
								2,
								2,
								3
							],
							"pivot": [
								-15.02468,
								17.66642,
								-51.01243
							],
							"rotation": [
								5,
								-15,
								-20
							],
							"uv": [
								8,
								389
							]
						},
						{
							"origin": [
								-19.19814,
								19.08499,
								-52.12707
							],
							"size": [
								3,
								2,
								3
							],
							"pivot": [
								-15.16605,
								18.29941,
								-49.62707
							],
							"rotation": [
								32.5,
								-35,
								-50
							],
							"uv": [
								40,
								380
							]
						},
						{
							"origin": [
								11.22628,
								18.92412,
								-50.21846
							],
							"size": [
								3,
								2,
								3
							],
							"pivot": [
								15.25837,
								14.13854,
								-47.71846
							],
							"rotation": [
								37.5,
								-45,
								0
							],
							"uv": [
								28,
								380
							]
						},
						{
							"origin": [
								12.96636,
								17.92809,
								-48.95854
							],
							"size": [
								3,
								2,
								3
							],
							"pivot": [
								16.99845,
								13.14251,
								-49.45854
							],
							"rotation": [
								15,
								-45,
								0
							],
							"uv": [
								16,
								380
							]
						},
						{
							"origin": [
								-16,
								17.96227,
								-53.08249
							],
							"size": [
								1,
								3,
								1
							],
							"pivot": [
								-15.5,
								19.06495,
								-51.58249
							],
							"rotation": [
								-80,
								0,
								0
							],
							"uv": [
								84,
								393
							]
						},
						{
							"origin": [
								14,
								17.96227,
								-53.08249
							],
							"size": [
								1.5,
								3,
								1
							],
							"pivot": [
								15,
								19.06495,
								-51.58249
							],
							"rotation": [
								-80,
								0,
								0
							],
							"uv": [
								84,
								389
							]
						},
						{
							"origin": [
								-16,
								16.85441,
								-54.5654
							],
							"size": [
								1,
								3,
								1
							],
							"pivot": [
								-15.5,
								17.85441,
								-53.0654
							],
							"rotation": [
								-40,
								0,
								0
							],
							"uv": [
								80,
								393
							]
						},
						{
							"origin": [
								14,
								16.85441,
								-54.5654
							],
							"size": [
								1.5,
								3,
								1
							],
							"pivot": [
								15,
								17.85441,
								-53.0654
							],
							"rotation": [
								-40,
								0,
								0
							],
							"uv": [
								80,
								389
							]
						},
						{
							"origin": [
								-15.80603,
								17.56356,
								-53.35454
							],
							"size": [
								1,
								2,
								1
							],
							"pivot": [
								-15.30603,
								18.56356,
								-51.85454
							],
							"rotation": [
								-72.5,
								-47.5,
								-25
							],
							"uv": [
								100,
								389
							]
						},
						{
							"origin": [
								16.38675,
								17.31511,
								-50
							],
							"size": [
								3,
								2,
								27
							],
							"pivot": [
								17.88675,
								17.81511,
								-32.5
							],
							"rotation": [
								0,
								0,
								40
							],
							"uv": [
								0,
								227
							]
						},
						{
							"origin": [
								17.83637,
								16.71846,
								-23.61836
							],
							"size": [
								2,
								16,
								2
							],
							"pivot": [
								18.83637,
								20.42557,
								-22.82547
							],
							"rotation": [
								-45,
								-10,
								10
							],
							"uv": [
								128,
								316
							]
						},
						{
							"origin": [
								-19.83637,
								16.71846,
								-23.61836
							],
							"size": [
								2,
								16,
								2
							],
							"pivot": [
								-18.83637,
								20.42557,
								-22.82547
							],
							"rotation": [
								-45,
								10,
								-10
							],
							"uv": [
								120,
								316
							]
						},
						{
							"origin": [
								-17.76027,
								16.99806,
								-23.74256
							],
							"size": [
								36,
								16,
								0
							],
							"pivot": [
								-16.76027,
								20.70517,
								-22.94967
							],
							"rotation": [
								-45,
								0,
								0
							],
							"uv": [
								120,
								227
							]
						},
						{
							"origin": [
								17.72402,
								28.52209,
								-15.53057
							],
							"size": [
								2,
								10,
								2
							],
							"pivot": [
								18.72402,
								28.52209,
								-14.03057
							],
							"rotation": [
								-60,
								-5,
								10
							],
							"uv": [
								48,
								358
							]
						},
						{
							"origin": [
								-19.75138,
								28.51727,
								-15.48364
							],
							"size": [
								2,
								10,
								2
							],
							"pivot": [
								-18.75138,
								28.51727,
								-13.98364
							],
							"rotation": [
								-60,
								5,
								-10
							],
							"uv": [
								40,
								358
							]
						},
						{
							"origin": [
								18.03026,
								29.75099,
								-2.49323
							],
							"size": [
								2,
								9,
								2
							],
							"pivot": [
								19.03026,
								34.25099,
								-1.49323
							],
							"rotation": [
								-85,
								0,
								10
							],
							"uv": [
								94,
								358
							]
						},
						{
							"origin": [
								-20.05761,
								29.74617,
								-2.4463
							],
							"size": [
								2,
								9,
								2
							],
							"pivot": [
								-19.05761,
								34.24617,
								-1.4463
							],
							"rotation": [
								-85,
								0,
								-10
							],
							"uv": [
								86,
								358
							]
						},
						{
							"origin": [
								18.05636,
								29.36273,
								6.18128
							],
							"size": [
								2,
								9,
								2
							],
							"pivot": [
								19.05636,
								33.86273,
								7.18128
							],
							"rotation": [
								-100,
								1.25,
								10
							],
							"uv": [
								78,
								358
							]
						},
						{
							"origin": [
								-20.08371,
								29.35791,
								6.22821
							],
							"size": [
								2,
								9,
								2
							],
							"pivot": [
								-19.08371,
								33.85791,
								7.22821
							],
							"rotation": [
								-100,
								-1.25,
								-10
							],
							"uv": [
								70,
								358
							]
						},
						{
							"origin": [
								17.9831,
								28.28399,
								13.67384
							],
							"size": [
								2,
								7,
								2
							],
							"pivot": [
								18.9831,
								31.78399,
								14.67384
							],
							"rotation": [
								-112.5,
								3.75,
								10
							],
							"uv": [
								8,
								380
							]
						},
						{
							"origin": [
								-20.01046,
								28.27917,
								13.72078
							],
							"size": [
								2,
								7,
								2
							],
							"pivot": [
								-19.01046,
								31.77917,
								14.72078
							],
							"rotation": [
								-112.5,
								-3.75,
								-10
							],
							"uv": [
								0,
								380
							]
						},
						{
							"origin": [
								17.82729,
								15.43303,
								25.43332
							],
							"size": [
								2,
								21,
								2
							],
							"pivot": [
								18.82729,
								25.43303,
								26.43332
							],
							"rotation": [
								-120,
								5,
								10
							],
							"uv": [
								172,
								293
							]
						},
						{
							"origin": [
								-19.85465,
								15.4282,
								25.48025
							],
							"size": [
								2,
								21,
								2
							],
							"pivot": [
								-18.85465,
								25.4282,
								26.48025
							],
							"rotation": [
								-120,
								-5,
								-10
							],
							"uv": [
								164,
								293
							]
						},
						{
							"origin": [
								-20,
								37.22903,
								9.12954
							],
							"size": [
								2,
								14,
								1
							],
							"pivot": [
								0,
								33.22903,
								11.62954
							],
							"rotation": [
								-142.5,
								0,
								0
							],
							"uv": [
								6,
								358
							]
						},
						{
							"origin": [
								-20,
								18.22903,
								2.12954
							],
							"size": [
								2,
								17,
								1
							],
							"pivot": [
								0,
								34.22903,
								-0.37046
							],
							"rotation": [
								-12.5,
								0,
								0
							],
							"uv": [
								46,
								334
							]
						},
						{
							"origin": [
								18,
								37.22903,
								9.12954
							],
							"size": [
								2,
								14,
								1
							],
							"pivot": [
								0,
								33.22903,
								11.62954
							],
							"rotation": [
								-142.5,
								0,
								0
							],
							"uv": [
								0,
								358
							]
						},
						{
							"origin": [
								18,
								18.22903,
								2.12954
							],
							"size": [
								2,
								17,
								1
							],
							"pivot": [
								0,
								34.22903,
								-0.37046
							],
							"rotation": [
								-12.5,
								0,
								0
							],
							"uv": [
								40,
								334
							]
						},
						{
							"origin": [
								-20,
								5,
								-42
							],
							"size": [
								40,
								13,
								2
							],
							"uv": [
								92,
								182
							]
						},
						{
							"origin": [
								-20,
								5,
								-50
							],
							"size": [
								1,
								13,
								3
							],
							"uv": [
								32,
								334
							]
						},
						{
							"origin": [
								19,
								5,
								-50
							],
							"size": [
								1,
								13,
								3
							],
							"uv": [
								24,
								334
							]
						},
						{
							"origin": [
								-19.46404,
								5,
								-52.69448
							],
							"size": [
								1,
								13,
								3
							],
							"pivot": [
								-18.96404,
								11.5,
								-51.19448
							],
							"rotation": [
								0,
								-22.5,
								0
							],
							"uv": [
								16,
								334
							]
						},
						{
							"origin": [
								18.46404,
								5,
								-52.69448
							],
							"size": [
								1,
								13,
								3
							],
							"pivot": [
								18.96404,
								11.5,
								-51.19448
							],
							"rotation": [
								0,
								22.5,
								0
							],
							"uv": [
								8,
								334
							]
						},
						{
							"origin": [
								-17.93774,
								5,
								-54.97875
							],
							"size": [
								1,
								13,
								3
							],
							"pivot": [
								-17.43774,
								11.5,
								-53.47875
							],
							"rotation": [
								0,
								-45,
								0
							],
							"uv": [
								0,
								334
							]
						},
						{
							"origin": [
								16.93774,
								5,
								-54.97875
							],
							"size": [
								1,
								13,
								3
							],
							"pivot": [
								17.43774,
								11.5,
								-53.47875
							],
							"rotation": [
								0,
								45,
								0
							],
							"uv": [
								152,
								316
							]
						},
						{
							"origin": [
								-20,
								5,
								-47
							],
							"size": [
								40,
								13,
								5
							],
							"uv": [
								190,
								135
							]
						},
						{
							"origin": [
								-16.76937,
								5,
								-54.89296
							],
							"size": [
								33.5,
								13,
								5
							],
							"uv": [
								82,
								197
							]
						},
						{
							"origin": [
								-16,
								5,
								-40
							],
							"size": [
								32,
								13,
								16
							],
							"uv": [
								0,
								135
							]
						},
						{
							"origin": [
								-16,
								5,
								23
							],
							"size": [
								32,
								13,
								16
							],
							"uv": [
								224,
								106
							]
						},
						{
							"origin": [
								-20,
								5,
								21
							],
							"size": [
								40,
								16,
								2
							],
							"uv": [
								0,
								164
							]
						},
						{
							"origin": [
								-20,
								8,
								40
							],
							"size": [
								40,
								13,
								3
							],
							"inflate": 0.001,
							"uv": [
								280,
								135
							]
						},
						{
							"origin": [
								-20,
								19,
								43
							],
							"size": [
								40,
								2,
								2
							],
							"uv": [
								120,
								243
							]
						},
						{
							"origin": [
								-20,
								5,
								-24
							],
							"size": [
								40,
								12,
								1
							],
							"uv": [
								0,
								197
							]
						},
						{
							"origin": [
								-20,
								5,
								39
							],
							"size": [
								40,
								12,
								1
							],
							"uv": [
								260,
								182
							]
						},
						{
							"origin": [
								-20,
								17,
								-40
							],
							"size": [
								40,
								1,
								17
							],
							"uv": [
								88,
								74
							]
						},
						{
							"origin": [
								20,
								17,
								-25
							],
							"size": [
								3,
								2,
								2
							],
							"uv": [
								52,
								393
							]
						},
						{
							"origin": [
								-23,
								17,
								-25
							],
							"size": [
								3,
								2,
								2
							],
							"uv": [
								52,
								389
							]
						},
						{
							"origin": [
								22.57738,
								17,
								-25.09369
							],
							"size": [
								6,
								4,
								2
							],
							"pivot": [
								22.57738,
								19,
								-24.09369
							],
							"rotation": [
								0,
								-25,
								0
							],
							"uv": [
								256,
								352
							]
						},
						{
							"origin": [
								-28.57738,
								17,
								-25.09369
							],
							"size": [
								6,
								4,
								2
							],
							"pivot": [
								-22.57738,
								19,
								-24.09369
							],
							"rotation": [
								0,
								25,
								0
							],
							"uv": [
								240,
								352
							]
						},
						{
							"origin": [
								-20,
								17,
								23
							],
							"size": [
								40,
								4,
								17
							],
							"inflate": 0.001,
							"uv": [
								88,
								53
							]
						},
						{
							"origin": [
								-20,
								16,
								-40
							],
							"size": [
								40,
								1,
								16
							],
							"uv": [
								112,
								106
							]
						},
						{
							"origin": [
								-20,
								16,
								23
							],
							"size": [
								40,
								1,
								16
							],
							"uv": [
								0,
								106
							]
						},
						{
							"origin": [
								18,
								8,
								-21
							],
							"size": [
								2,
								11,
								42
							],
							"uv": [
								282,
								0
							]
						},
						{
							"origin": [
								1,
								8,
								-12
							],
							"size": [
								17,
								3,
								11
							],
							"uv": [
								0,
								293
							]
						},
						{
							"origin": [
								-18,
								8,
								6
							],
							"size": [
								36,
								3,
								11
							],
							"uv": [
								96,
								135
							]
						},
						{
							"origin": [
								-18,
								8,
								-12
							],
							"size": [
								17,
								3,
								11
							],
							"uv": [
								122,
								268
							]
						},
						{
							"origin": [
								-2,
								8,
								-21
							],
							"size": [
								4,
								5,
								20
							],
							"uv": [
								74,
								268
							]
						},
						{
							"origin": [
								-2,
								13,
								-8
							],
							"size": [
								4,
								2,
								3
							],
							"uv": [
								56,
								358
							]
						},
						{
							"origin": [
								0,
								13,
								-12
							],
							"size": [
								1,
								1,
								5
							],
							"pivot": [
								0.5,
								13.5,
								-7.5
							],
							"rotation": [
								-25,
								0,
								0
							],
							"uv": [
								108,
								358
							]
						},
						{
							"origin": [
								-1,
								12,
								-13
							],
							"size": [
								1,
								5,
								1
							],
							"pivot": [
								-0.5,
								12.5,
								-12.5
							],
							"rotation": [
								20,
								0,
								0
							],
							"uv": [
								62,
								389
							]
						},
						{
							"origin": [
								1,
								10,
								-2
							],
							"size": [
								17,
								11,
								1
							],
							"pivot": [
								11.5,
								12,
								-2
							],
							"rotation": [
								-20,
								0,
								0
							],
							"uv": [
								128,
								293
							]
						},
						{
							"origin": [
								-18,
								10,
								16
							],
							"size": [
								36,
								11,
								1
							],
							"pivot": [
								11.5,
								12,
								16
							],
							"rotation": [
								-20,
								0,
								0
							],
							"uv": [
								76,
								256
							]
						},
						{
							"origin": [
								-18,
								10,
								-2
							],
							"size": [
								17,
								11,
								1
							],
							"pivot": [
								-7.5,
								12,
								-2
							],
							"rotation": [
								-20,
								0,
								0
							],
							"uv": [
								64,
								299
							]
						},
						{
							"origin": [
								6,
								20,
								1
							],
							"size": [
								8,
								7,
								1
							],
							"uv": [
								102,
								324
							]
						},
						{
							"origin": [
								6,
								20,
								19
							],
							"size": [
								8,
								7,
								1
							],
							"uv": [
								84,
								324
							]
						},
						{
							"origin": [
								-13,
								20,
								1
							],
							"size": [
								8,
								7,
								1
							],
							"uv": [
								102,
								316
							]
						},
						{
							"origin": [
								-13,
								20,
								19
							],
							"size": [
								8,
								7,
								1
							],
							"uv": [
								84,
								316
							]
						},
						{
							"origin": [
								1,
								10,
								-5
							],
							"size": [
								4,
								11,
								3
							],
							"inflate": -0.01,
							"pivot": [
								11.5,
								12,
								-2
							],
							"rotation": [
								-20,
								0,
								0
							],
							"uv": [
								70,
								316
							]
						},
						{
							"origin": [
								-18,
								10,
								-5
							],
							"size": [
								4,
								11,
								3
							],
							"inflate": -0.01,
							"pivot": [
								-7.5,
								12,
								-2
							],
							"rotation": [
								-20,
								0,
								0
							],
							"uv": [
								42,
								316
							]
						},
						{
							"origin": [
								-18,
								10,
								13
							],
							"size": [
								4,
								11,
								3
							],
							"inflate": -0.01,
							"pivot": [
								-7.5,
								12,
								16
							],
							"rotation": [
								-20,
								0,
								0
							],
							"uv": [
								14,
								316
							]
						},
						{
							"origin": [
								14,
								10,
								-5
							],
							"size": [
								4,
								11,
								3
							],
							"inflate": -0.01,
							"pivot": [
								11.5,
								12,
								-2
							],
							"rotation": [
								-20,
								0,
								0
							],
							"uv": [
								56,
								316
							]
						},
						{
							"origin": [
								14,
								10,
								13
							],
							"size": [
								4,
								11,
								3
							],
							"inflate": -0.01,
							"pivot": [
								11.5,
								12,
								16
							],
							"rotation": [
								-20,
								0,
								0
							],
							"uv": [
								0,
								316
							]
						},
						{
							"origin": [
								-5,
								10,
								-5
							],
							"size": [
								4,
								11,
								3
							],
							"inflate": -0.01,
							"pivot": [
								-7.5,
								12,
								-2
							],
							"rotation": [
								-20,
								0,
								0
							],
							"uv": [
								28,
								316
							]
						},
						{
							"origin": [
								-20,
								13.20096,
								-35.51795
							],
							"size": [
								40,
								2,
								6
							],
							"pivot": [
								-19.5,
								4.70096,
								-37.51795
							],
							"rotation": [
								30,
								0,
								0
							],
							"uv": [
								0,
								182
							]
						},
						{
							"origin": [
								-20,
								13.20096,
								27.48205
							],
							"size": [
								40,
								2,
								6
							],
							"pivot": [
								-19.5,
								4.70096,
								25.48205
							],
							"rotation": [
								30,
								0,
								0
							],
							"uv": [
								176,
								164
							]
						},
						{
							"origin": [
								-20,
								18.20096,
								-32.8218
							],
							"size": [
								40,
								2,
								6
							],
							"pivot": [
								-19.5,
								9.70096,
								-34.8218
							],
							"rotation": [
								-30,
								0,
								0
							],
							"uv": [
								84,
								172
							]
						},
						{
							"origin": [
								-20,
								18.20096,
								32.1782
							],
							"size": [
								40,
								2,
								6
							],
							"pivot": [
								-19.5,
								9.70096,
								30.1782
							],
							"rotation": [
								-30,
								0,
								0
							],
							"uv": [
								84,
								164
							]
						}
					]
				},
				{
					"name": "steer",
					"parent": "body",
					"pivot": [
						10,
						16,
						-19
					],
					"rotation": [
						27.5,
						0,
						0
					],
					"cubes": [
						{
							"origin": [
								6.70096,
								13.11603,
								-15
							],
							"size": [
								1,
								2,
								1
							],
							"inflate": 0.01,
							"pivot": [
								7.20096,
								14.11603,
								-14.5
							],
							"rotation": [
								0,
								0,
								-30
							],
							"uv": [
								88,
								392
							]
						},
						{
							"origin": [
								6.26795,
								14.73205,
								-15
							],
							"size": [
								1,
								2,
								1
							],
							"inflate": 0.01,
							"uv": [
								88,
								389
							]
						},
						{
							"origin": [
								12.26314,
								20.34808,
								-15
							],
							"size": [
								2,
								1,
								1
							],
							"inflate": 0.01,
							"pivot": [
								13.26314,
								13.84808,
								-14.5
							],
							"rotation": [
								0,
								0,
								-60
							],
							"uv": [
								68,
								391
							]
						},
						{
							"origin": [
								9,
								18.4641,
								-15
							],
							"size": [
								2,
								1,
								1
							],
							"inflate": 0.01,
							"uv": [
								68,
								395
							]
						},
						{
							"origin": [
								7.38397,
								18.03109,
								-15
							],
							"size": [
								2,
								1,
								1
							],
							"inflate": 0.01,
							"pivot": [
								8.38397,
								18.53109,
								-14.5
							],
							"rotation": [
								0,
								0,
								-30
							],
							"uv": [
								68,
								393
							]
						},
						{
							"origin": [
								11.11603,
								17.53109,
								-15
							],
							"size": [
								1,
								2,
								1
							],
							"inflate": 0.01,
							"pivot": [
								11.61603,
								18.53109,
								-14.5
							],
							"rotation": [
								0,
								0,
								-60
							],
							"uv": [
								92,
								392
							]
						},
						{
							"origin": [
								12.29904,
								16.34808,
								-15
							],
							"size": [
								1,
								2,
								1
							],
							"inflate": 0.01,
							"pivot": [
								12.79904,
								17.34808,
								-14.5
							],
							"rotation": [
								0,
								0,
								-30
							],
							"uv": [
								96,
								389
							]
						},
						{
							"origin": [
								12.73205,
								14.73205,
								-15
							],
							"size": [
								1,
								2,
								1
							],
							"inflate": 0.01,
							"uv": [
								96,
								392
							]
						},
						{
							"origin": [
								11.79904,
								13.61603,
								-15
							],
							"size": [
								2,
								1,
								1
							],
							"inflate": 0.01,
							"pivot": [
								12.79904,
								14.11603,
								-14.5
							],
							"rotation": [
								0,
								0,
								-60
							],
							"uv": [
								74,
								389
							]
						},
						{
							"origin": [
								10.61603,
								12.43301,
								-15
							],
							"size": [
								2,
								1,
								1
							],
							"inflate": 0.01,
							"pivot": [
								11.61603,
								12.93301,
								-14.5
							],
							"rotation": [
								0,
								0,
								-30
							],
							"uv": [
								74,
								391
							]
						},
						{
							"origin": [
								9,
								12,
								-15
							],
							"size": [
								2,
								1,
								1
							],
							"inflate": 0.01,
							"uv": [
								74,
								393
							]
						},
						{
							"origin": [
								7.88397,
								11.93301,
								-15
							],
							"size": [
								1,
								2,
								1
							],
							"inflate": 0.01,
							"pivot": [
								8.38397,
								12.93301,
								-14.5
							],
							"rotation": [
								0,
								0,
								-60
							],
							"uv": [
								92,
								389
							]
						},
						{
							"origin": [
								9,
								14.6,
								-20
							],
							"size": [
								2,
								2,
								6
							],
							"uv": [
								136,
								316
							]
						},
						{
							"origin": [
								11,
								15.6,
								-15
							],
							"size": [
								2,
								1,
								1
							],
							"uv": [
								68,
								389
							]
						},
						{
							"origin": [
								7,
								15.6,
								-15
							],
							"size": [
								2,
								1,
								1
							],
							"uv": [
								62,
								395
							]
						}
					]
				},
				{
					"name": "leg0",
					"pivot": [
						-18.5,
						7.5,
						-31.9235
					],
					"cubes": [
						{
							"origin": [
								-20,
								0,
								-34
							],
							"size": [
								4,
								2,
								4
							],
							"uv": [
								224,
								352
							]
						},
						{
							"origin": [
								-20,
								6,
								-33.5
							],
							"size": [
								4,
								3,
								3
							],
							"uv": [
								26,
								364
							]
						},
						{
							"origin": [
								16,
								6,
								-33.5
							],
							"size": [
								4,
								3,
								3
							],
							"uv": [
								26,
								358
							]
						},
						{
							"origin": [
								16,
								0,
								-34
							],
							"size": [
								4,
								2,
								4
							],
							"uv": [
								208,
								352
							]
						},
						{
							"origin": [
								-19,
								1,
								-33
							],
							"size": [
								2,
								6,
								2
							],
							"pivot": [
								-18.5,
								7.5,
								-32
							],
							"rotation": [
								-105,
								0,
								0
							],
							"uv": [
								0,
								389
							]
						},
						{
							"origin": [
								17,
								1,
								-33
							],
							"size": [
								2,
								6,
								2
							],
							"pivot": [
								17.5,
								7.5,
								-32
							],
							"rotation": [
								-105,
								0,
								0
							],
							"uv": [
								200,
								380
							]
						},
						{
							"origin": [
								-19,
								1,
								-33
							],
							"size": [
								2,
								6,
								2
							],
							"pivot": [
								-18.5,
								7.5,
								-32
							],
							"rotation": [
								-40,
								0,
								0
							],
							"uv": [
								192,
								380
							]
						},
						{
							"origin": [
								17,
								1,
								-33
							],
							"size": [
								2,
								6,
								2
							],
							"pivot": [
								17.5,
								7.5,
								-32
							],
							"rotation": [
								-40,
								0,
								0
							],
							"uv": [
								184,
								380
							]
						},
						{
							"origin": [
								-19,
								1,
								-33
							],
							"size": [
								2,
								6,
								2
							],
							"pivot": [
								-18.5,
								7.5,
								-32
							],
							"rotation": [
								42.5,
								0,
								0
							],
							"uv": [
								176,
								380
							]
						},
						{
							"origin": [
								17,
								1,
								-33
							],
							"size": [
								2,
								6,
								2
							],
							"pivot": [
								17.5,
								7.5,
								-32
							],
							"rotation": [
								42.5,
								0,
								0
							],
							"uv": [
								168,
								380
							]
						},
						{
							"origin": [
								-19,
								1,
								-33
							],
							"size": [
								2,
								6,
								2
							],
							"pivot": [
								-18.5,
								7.5,
								-32
							],
							"rotation": [
								105,
								0,
								0
							],
							"uv": [
								160,
								380
							]
						},
						{
							"origin": [
								17,
								1,
								-33
							],
							"size": [
								2,
								6,
								2
							],
							"pivot": [
								17.5,
								7.5,
								-32
							],
							"rotation": [
								105,
								0,
								0
							],
							"uv": [
								152,
								380
							]
						},
						{
							"origin": [
								-18,
								1,
								-33
							],
							"size": [
								1,
								6,
								2
							],
							"pivot": [
								-18.5,
								7.5,
								-32
							],
							"rotation": [
								180,
								0,
								0
							],
							"uv": [
								46,
								389
							]
						},
						{
							"origin": [
								18,
								1,
								-33
							],
							"size": [
								1,
								6,
								2
							],
							"pivot": [
								17.5,
								7.5,
								-32
							],
							"rotation": [
								180,
								0,
								0
							],
							"uv": [
								40,
								389
							]
						},
						{
							"origin": [
								-20,
								13.01214,
								-33.84699
							],
							"size": [
								4,
								2,
								4
							],
							"uv": [
								192,
								352
							]
						},
						{
							"origin": [
								16,
								13.01214,
								-33.84699
							],
							"size": [
								4,
								2,
								4
							],
							"uv": [
								176,
								352
							]
						},
						{
							"origin": [
								-20,
								0.93301,
								-30.51795
							],
							"size": [
								4,
								2,
								4
							],
							"pivot": [
								-18.5,
								1.43301,
								-28.51795
							],
							"rotation": [
								30,
								0,
								0
							],
							"uv": [
								160,
								352
							]
						},
						{
							"origin": [
								16,
								0.93301,
								-30.51795
							],
							"size": [
								4,
								2,
								4
							],
							"pivot": [
								17.5,
								1.43301,
								-28.51795
							],
							"rotation": [
								30,
								0,
								0
							],
							"uv": [
								144,
								352
							]
						},
						{
							"origin": [
								-20,
								12.07913,
								-37.32905
							],
							"size": [
								4,
								2,
								4
							],
							"pivot": [
								-18.5,
								13.57913,
								-35.32905
							],
							"rotation": [
								30,
								0,
								0
							],
							"uv": [
								128,
								352
							]
						},
						{
							"origin": [
								16,
								12.07913,
								-37.32905
							],
							"size": [
								4,
								2,
								4
							],
							"pivot": [
								17.5,
								13.57913,
								-35.32905
							],
							"rotation": [
								30,
								0,
								0
							],
							"uv": [
								112,
								352
							]
						},
						{
							"origin": [
								-20,
								3.48205,
								-27.96891
							],
							"size": [
								4,
								2,
								4
							],
							"pivot": [
								-18.5,
								3.98205,
								-25.96891
							],
							"rotation": [
								60,
								0,
								0
							],
							"uv": [
								96,
								352
							]
						},
						{
							"origin": [
								16,
								3.48205,
								-27.96891
							],
							"size": [
								4,
								2,
								4
							],
							"pivot": [
								17.5,
								3.98205,
								-25.96891
							],
							"rotation": [
								60,
								0,
								0
							],
							"uv": [
								80,
								352
							]
						},
						{
							"origin": [
								-20,
								9.53009,
								-39.87808
							],
							"size": [
								4,
								2,
								4
							],
							"pivot": [
								-18.5,
								11.03009,
								-37.87808
							],
							"rotation": [
								60,
								0,
								0
							],
							"uv": [
								64,
								352
							]
						},
						{
							"origin": [
								16,
								9.53009,
								-39.87808
							],
							"size": [
								4,
								2,
								4
							],
							"pivot": [
								17.5,
								11.03009,
								-37.87808
							],
							"rotation": [
								60,
								0,
								0
							],
							"uv": [
								48,
								352
							]
						},
						{
							"origin": [
								-20,
								5.4641,
								-26.5359
							],
							"size": [
								4,
								4,
								2
							],
							"uv": [
								228,
								373
							]
						},
						{
							"origin": [
								16,
								5.4641,
								-26.5359
							],
							"size": [
								4,
								4,
								2
							],
							"uv": [
								216,
								373
							]
						},
						{
							"origin": [
								-20,
								5.54804,
								-39.3111
							],
							"size": [
								4,
								4,
								2
							],
							"uv": [
								204,
								373
							]
						},
						{
							"origin": [
								16,
								5.54804,
								-39.3111
							],
							"size": [
								4,
								4,
								2
							],
							"uv": [
								192,
								373
							]
						},
						{
							"origin": [
								-20,
								9.00725,
								-27.4029
							],
							"size": [
								4,
								4,
								2
							],
							"pivot": [
								-18.5,
								11.00725,
								-25.9029
							],
							"rotation": [
								27.5,
								0,
								0
							],
							"uv": [
								180,
								373
							]
						},
						{
							"origin": [
								16,
								9.00725,
								-27.4029
							],
							"size": [
								4,
								4,
								2
							],
							"pivot": [
								17.5,
								11.00725,
								-25.9029
							],
							"rotation": [
								27.5,
								0,
								0
							],
							"uv": [
								168,
								373
							]
						},
						{
							"origin": [
								-20,
								2.0049,
								-38.44409
							],
							"size": [
								4,
								4,
								2
							],
							"pivot": [
								-18.5,
								4.0049,
								-37.94409
							],
							"rotation": [
								27.5,
								0,
								0
							],
							"uv": [
								156,
								373
							]
						},
						{
							"origin": [
								16,
								2.0049,
								-38.44409
							],
							"size": [
								4,
								4,
								2
							],
							"pivot": [
								17.5,
								4.0049,
								-37.94409
							],
							"rotation": [
								27.5,
								0,
								0
							],
							"uv": [
								144,
								373
							]
						},
						{
							"origin": [
								-20,
								11.57913,
								-29.86494
							],
							"size": [
								4,
								4,
								2
							],
							"pivot": [
								-18.5,
								13.57913,
								-28.36494
							],
							"rotation": [
								60,
								0,
								0
							],
							"uv": [
								132,
								373
							]
						},
						{
							"origin": [
								16,
								11.57913,
								-29.86494
							],
							"size": [
								4,
								4,
								2
							],
							"pivot": [
								17.5,
								13.57913,
								-28.36494
							],
							"rotation": [
								60,
								0,
								0
							],
							"uv": [
								120,
								373
							]
						},
						{
							"origin": [
								-20,
								-0.56699,
								-35.98205
							],
							"size": [
								4,
								4,
								2
							],
							"pivot": [
								-18.5,
								1.43301,
								-35.48205
							],
							"rotation": [
								60,
								0,
								0
							],
							"uv": [
								108,
								373
							]
						},
						{
							"origin": [
								16,
								-0.56699,
								-35.98205
							],
							"size": [
								4,
								4,
								2
							],
							"pivot": [
								17.5,
								1.43301,
								-35.48205
							],
							"rotation": [
								60,
								0,
								0
							],
							"uv": [
								96,
								373
							]
						}
					]
				},
				{
					"name": "leg1",
					"pivot": [
						-18.5,
						7.5,
						31.0765
					],
					"cubes": [
						{
							"origin": [
								-20,
								0,
								29
							],
							"size": [
								4,
								2,
								4
							],
							"uv": [
								32,
								352
							]
						},
						{
							"origin": [
								-20,
								6,
								29.5
							],
							"size": [
								4,
								3,
								3
							],
							"uv": [
								12,
								364
							]
						},
						{
							"origin": [
								16,
								6,
								29.5
							],
							"size": [
								4,
								3,
								3
							],
							"uv": [
								12,
								358
							]
						},
						{
							"origin": [
								16,
								0,
								29
							],
							"size": [
								4,
								2,
								4
							],
							"uv": [
								16,
								352
							]
						},
						{
							"origin": [
								-19,
								1,
								30
							],
							"size": [
								2,
								6,
								2
							],
							"pivot": [
								-18.5,
								7.5,
								31
							],
							"rotation": [
								-105,
								0,
								0
							],
							"uv": [
								144,
								380
							]
						},
						{
							"origin": [
								17,
								1,
								30
							],
							"size": [
								2,
								6,
								2
							],
							"pivot": [
								17.5,
								7.5,
								31
							],
							"rotation": [
								-105,
								0,
								0
							],
							"uv": [
								136,
								380
							]
						},
						{
							"origin": [
								-19,
								1,
								30
							],
							"size": [
								2,
								6,
								2
							],
							"pivot": [
								-18.5,
								7.5,
								31
							],
							"rotation": [
								-40,
								0,
								0
							],
							"uv": [
								128,
								380
							]
						},
						{
							"origin": [
								17,
								1,
								30
							],
							"size": [
								2,
								6,
								2
							],
							"pivot": [
								17.5,
								7.5,
								31
							],
							"rotation": [
								-40,
								0,
								0
							],
							"uv": [
								120,
								380
							]
						},
						{
							"origin": [
								-19,
								1,
								30
							],
							"size": [
								2,
								6,
								2
							],
							"pivot": [
								-18.5,
								7.5,
								31
							],
							"rotation": [
								42.5,
								0,
								0
							],
							"uv": [
								112,
								380
							]
						},
						{
							"origin": [
								17,
								1,
								30
							],
							"size": [
								2,
								6,
								2
							],
							"pivot": [
								17.5,
								7.5,
								31
							],
							"rotation": [
								42.5,
								0,
								0
							],
							"uv": [
								104,
								380
							]
						},
						{
							"origin": [
								-19,
								1,
								30
							],
							"size": [
								2,
								6,
								2
							],
							"pivot": [
								-18.5,
								7.5,
								31
							],
							"rotation": [
								105,
								0,
								0
							],
							"uv": [
								96,
								380
							]
						},
						{
							"origin": [
								17,
								1,
								30
							],
							"size": [
								2,
								6,
								2
							],
							"pivot": [
								17.5,
								7.5,
								31
							],
							"rotation": [
								105,
								0,
								0
							],
							"uv": [
								88,
								380
							]
						},
						{
							"origin": [
								-18,
								1,
								30
							],
							"size": [
								1,
								6,
								2
							],
							"pivot": [
								-18.5,
								7.5,
								31
							],
							"rotation": [
								180,
								0,
								0
							],
							"uv": [
								34,
								389
							]
						},
						{
							"origin": [
								18,
								1,
								30
							],
							"size": [
								1,
								6,
								2
							],
							"pivot": [
								17.5,
								7.5,
								31
							],
							"rotation": [
								180,
								0,
								0
							],
							"uv": [
								28,
								389
							]
						},
						{
							"origin": [
								-20,
								13.01214,
								29.15301
							],
							"size": [
								4,
								2,
								4
							],
							"uv": [
								0,
								352
							]
						},
						{
							"origin": [
								16,
								13.01214,
								29.15301
							],
							"size": [
								4,
								2,
								4
							],
							"uv": [
								84,
								346
							]
						},
						{
							"origin": [
								-20,
								0.93301,
								32.48205
							],
							"size": [
								4,
								2,
								4
							],
							"pivot": [
								-18.5,
								1.43301,
								34.48205
							],
							"rotation": [
								30,
								0,
								0
							],
							"uv": [
								84,
								340
							]
						},
						{
							"origin": [
								16,
								0.93301,
								32.48205
							],
							"size": [
								4,
								2,
								4
							],
							"pivot": [
								17.5,
								1.43301,
								34.48205
							],
							"rotation": [
								30,
								0,
								0
							],
							"uv": [
								84,
								334
							]
						},
						{
							"origin": [
								-20,
								12.07913,
								25.67095
							],
							"size": [
								4,
								2,
								4
							],
							"pivot": [
								-18.5,
								13.57913,
								27.67095
							],
							"rotation": [
								30,
								0,
								0
							],
							"uv": [
								68,
								346
							]
						},
						{
							"origin": [
								16,
								12.07913,
								25.67095
							],
							"size": [
								4,
								2,
								4
							],
							"pivot": [
								17.5,
								13.57913,
								27.67095
							],
							"rotation": [
								30,
								0,
								0
							],
							"uv": [
								68,
								340
							]
						},
						{
							"origin": [
								-20,
								3.48205,
								35.03109
							],
							"size": [
								4,
								2,
								4
							],
							"pivot": [
								-18.5,
								3.98205,
								37.03109
							],
							"rotation": [
								60,
								0,
								0
							],
							"uv": [
								68,
								334
							]
						},
						{
							"origin": [
								16,
								3.48205,
								35.03109
							],
							"size": [
								4,
								2,
								4
							],
							"pivot": [
								17.5,
								3.98205,
								37.03109
							],
							"rotation": [
								60,
								0,
								0
							],
							"uv": [
								52,
								346
							]
						},
						{
							"origin": [
								-20,
								9.53009,
								23.12192
							],
							"size": [
								4,
								2,
								4
							],
							"pivot": [
								-18.5,
								11.03009,
								25.12192
							],
							"rotation": [
								60,
								0,
								0
							],
							"uv": [
								52,
								340
							]
						},
						{
							"origin": [
								16,
								9.53009,
								23.12192
							],
							"size": [
								4,
								2,
								4
							],
							"pivot": [
								17.5,
								11.03009,
								25.12192
							],
							"rotation": [
								60,
								0,
								0
							],
							"uv": [
								52,
								334
							]
						},
						{
							"origin": [
								-20,
								5.4641,
								36.4641
							],
							"size": [
								4,
								4,
								2
							],
							"uv": [
								84,
								373
							]
						},
						{
							"origin": [
								16,
								5.4641,
								36.4641
							],
							"size": [
								4,
								4,
								2
							],
							"uv": [
								72,
								373
							]
						},
						{
							"origin": [
								-20,
								5.54804,
								23.6889
							],
							"size": [
								4,
								4,
								2
							],
							"uv": [
								60,
								373
							]
						},
						{
							"origin": [
								16,
								5.54804,
								23.6889
							],
							"size": [
								4,
								4,
								2
							],
							"uv": [
								48,
								373
							]
						},
						{
							"origin": [
								-20,
								9.00725,
								35.5971
							],
							"size": [
								4,
								4,
								2
							],
							"pivot": [
								-18.5,
								11.00725,
								37.0971
							],
							"rotation": [
								27.5,
								0,
								0
							],
							"uv": [
								36,
								373
							]
						},
						{
							"origin": [
								16,
								9.00725,
								35.5971
							],
							"size": [
								4,
								4,
								2
							],
							"pivot": [
								17.5,
								11.00725,
								37.0971
							],
							"rotation": [
								27.5,
								0,
								0
							],
							"uv": [
								24,
								373
							]
						},
						{
							"origin": [
								-20,
								2.0049,
								24.55591
							],
							"size": [
								4,
								4,
								2
							],
							"pivot": [
								-18.5,
								4.0049,
								25.05591
							],
							"rotation": [
								27.5,
								0,
								0
							],
							"uv": [
								12,
								373
							]
						},
						{
							"origin": [
								16,
								2.0049,
								24.55591
							],
							"size": [
								4,
								4,
								2
							],
							"pivot": [
								17.5,
								4.0049,
								25.05591
							],
							"rotation": [
								27.5,
								0,
								0
							],
							"uv": [
								0,
								373
							]
						},
						{
							"origin": [
								-20,
								11.57913,
								33.13506
							],
							"size": [
								4,
								4,
								2
							],
							"pivot": [
								-18.5,
								13.57913,
								34.63506
							],
							"rotation": [
								60,
								0,
								0
							],
							"uv": [
								132,
								358
							]
						},
						{
							"origin": [
								16,
								11.57913,
								33.13506
							],
							"size": [
								4,
								4,
								2
							],
							"pivot": [
								17.5,
								13.57913,
								34.63506
							],
							"rotation": [
								60,
								0,
								0
							],
							"uv": [
								120,
								364
							]
						},
						{
							"origin": [
								-20,
								-0.56699,
								27.01795
							],
							"size": [
								4,
								4,
								2
							],
							"pivot": [
								-18.5,
								1.43301,
								27.51795
							],
							"rotation": [
								60,
								0,
								0
							],
							"uv": [
								120,
								358
							]
						},
						{
							"origin": [
								16,
								-0.56699,
								27.01795
							],
							"size": [
								4,
								4,
								2
							],
							"pivot": [
								17.5,
								1.43301,
								27.51795
							],
							"rotation": [
								60,
								0,
								0
							],
							"uv": [
								108,
								364
							]
						}
					]
				}
			]
		}
	]
}