{
	"format_version": "1.12.0",
	"minecraft:geometry": [
		{
			"description": {
				"identifier": "geometry.opel_astra",
				"texture_width": 512,
				"texture_height": 512,
				"visible_bounds_width": 8,
				"visible_bounds_height": 6,
				"visible_bounds_offset": [
					0,
					1,
					0
				]
			},
			"bones": [
				{
					"name": "body",
					"pivot": [
						0,
						0,
						-4
					],
					"cubes": [
						{
							"origin": [
								-18,
								29.98675,
								-3.52661
							],
							"size": [
								36,
								1,
								21
							],
							"pivot": [
								0,
								30.48675,
								-4.02661
							],
							"rotation": [
								-5,
								0,
								0
							],
							"uv": [
								124,
								0
							]
						},
						{
							"origin": [
								-18,
								29.98675,
								0.47339
							],
							"size": [
								36,
								1,
								21
							],
							"pivot": [
								0,
								30.48675,
								-4.02661
							],
							"rotation": [
								-5,
								0,
								0
							],
							"uv": [
								124,
								0
							]
						},
						{
							"origin": [
								-18,
								28.36915,
								17.27069
							],
							"size": [
								36,
								1,
								2
							],
							"pivot": [
								0,
								28.86915,
								16.77069
							],
							"rotation": [
								-25,
								0,
								0
							],
							"uv": [
								152,
								133
							]
						},
						{
							"origin": [
								-18,
								27.7966,
								19.04133
							],
							"size": [
								36,
								1,
								2
							],
							"pivot": [
								0,
								28.2966,
								18.54133
							],
							"rotation": [
								-47.5,
								0,
								0
							],
							"uv": [
								76,
								133
							]
						},
						{
							"origin": [
								-18,
								26.55151,
								19.47153
							],
							"size": [
								36,
								1,
								2
							],
							"pivot": [
								0,
								28.05151,
								18.97153
							],
							"rotation": [
								27.5,
								0,
								0
							],
							"uv": [
								76,
								133
							]
						},
						{
							"origin": [
								16,
								26.59004,
								20.45809
							],
							"size": [
								2,
								1,
								12
							],
							"inflate": 0.001,
							"pivot": [
								0,
								27.09004,
								19.95809
							],
							"rotation": [
								-70,
								0,
								0
							],
							"uv": [
								0,
								186
							]
						},
						{
							"origin": [
								-18,
								26.59004,
								20.45809
							],
							"size": [
								2,
								1,
								12
							],
							"inflate": 0.001,
							"pivot": [
								-34,
								27.09004,
								19.95809
							],
							"rotation": [
								-70,
								0,
								0
							],
							"uv": [
								184,
								164
							]
						},
						{
							"origin": [
								-16,
								26.59004,
								20.45809
							],
							"size": [
								32,
								1,
								12
							],
							"inflate": 0.001,
							"pivot": [
								-34,
								27.09004,
								19.95809
							],
							"rotation": [
								-70,
								0,
								0
							],
							"uv": [
								377,
								137
							]
						},
						{
							"origin": [
								-18,
								2,
								-20
							],
							"size": [
								36,
								1,
								26
							],
							"uv": [
								0,
								0
							]
						},
						{
							"origin": [
								-15,
								2,
								-33
							],
							"size": [
								30,
								10,
								13
							],
							"uv": [
								96,
								27
							]
						},
						{
							"origin": [
								-15,
								2,
								7
							],
							"size": [
								30,
								7,
								13
							],
							"uv": [
								182,
								27
							]
						},
						{
							"origin": [
								-15,
								9,
								6
							],
							"size": [
								30,
								1,
								13
							],
							"uv": [
								268,
								27
							]
						},
						{
							"origin": [
								-15,
								10,
								12
							],
							"size": [
								30,
								2,
								7
							],
							"uv": [
								154,
								68
							]
						},
						{
							"origin": [
								-15,
								10,
								11
							],
							"size": [
								30,
								1,
								1
							],
							"uv": [
								0,
								154
							]
						},
						{
							"origin": [
								-17,
								3,
								-7
							],
							"size": [
								34,
								7,
								8
							],
							"inflate": 0.001,
							"uv": [
								82,
								50
							]
						},
						{
							"origin": [
								-2,
								3,
								-15
							],
							"size": [
								4,
								8,
								15
							],
							"inflate": 0.001,
							"uv": [
								74,
								141
							]
						},
						{
							"origin": [
								-15.999,
								9.35386,
								-17.34411
							],
							"size": [
								18,
								5,
								4.5
							],
							"pivot": [
								0.001,
								11.35386,
								-13.84411
							],
							"rotation": [
								-50,
								0,
								0
							],
							"uv": [
								76,
								164
							]
						},
						{
							"origin": [
								-1.999,
								6.36154,
								-13.34108
							],
							"size": [
								4,
								2,
								5.5
							],
							"pivot": [
								0.001,
								6.36154,
								0.15892
							],
							"rotation": [
								-20,
								0,
								0
							],
							"uv": [
								70,
								196
							]
						},
						{
							"origin": [
								2.001,
								9.35386,
								-17.34411
							],
							"size": [
								15,
								5,
								4.5
							],
							"inflate": 0.001,
							"pivot": [
								0.001,
								11.35386,
								-13.84411
							],
							"rotation": [
								-50,
								0,
								0
							],
							"uv": [
								76,
								173
							]
						},
						{
							"origin": [
								-16.999,
								10.96378,
								-16.79661
							],
							"size": [
								34,
								5,
								3
							],
							"inflate": 0.001,
							"uv": [
								228,
								68
							]
						},
						{
							"origin": [
								-17,
								10,
								-1
							],
							"size": [
								34,
								7,
								2
							],
							"inflate": 0.001,
							"uv": [
								152,
								84
							]
						},
						{
							"origin": [
								-14,
								12,
								11
							],
							"size": [
								28,
								7,
								2
							],
							"inflate": 0.001,
							"pivot": [
								-2,
								12,
								5
							],
							"rotation": [
								-17.5,
								0,
								0
							],
							"uv": [
								0,
								145
							]
						},
						{
							"origin": [
								-18,
								2,
								6
							],
							"size": [
								36,
								7,
								1
							],
							"uv": [
								78,
								84
							]
						},
						{
							"origin": [
								-18,
								9,
								6
							],
							"size": [
								1,
								3,
								2
							],
							"inflate": 0.001,
							"uv": [
								108,
								231
							]
						},
						{
							"origin": [
								17,
								9,
								6
							],
							"size": [
								1,
								3,
								2
							],
							"uv": [
								102,
								231
							]
						},
						{
							"origin": [
								-18,
								9,
								-33
							],
							"size": [
								36,
								3,
								1
							],
							"inflate": 0.001,
							"uv": [
								0,
								137
							]
						},
						{
							"origin": [
								-18,
								9,
								19
							],
							"size": [
								36,
								3,
								1
							],
							"inflate": 0.001,
							"uv": [
								228,
								133
							]
						},
						{
							"origin": [
								-18,
								9,
								-21
							],
							"size": [
								36,
								3,
								1
							],
							"inflate": 0.001,
							"uv": [
								302,
								133
							]
						},
						{
							"origin": [
								-18,
								10.3,
								17.998
							],
							"size": [
								36,
								1.7,
								1
							],
							"inflate": 0.001,
							"uv": [
								0,
								143
							]
						},
						{
							"origin": [
								-18,
								10.3,
								-22.002
							],
							"size": [
								36,
								1.7,
								1
							],
							"inflate": 0.001,
							"uv": [
								0,
								141
							]
						},
						{
							"origin": [
								-18,
								10.3,
								7.998
							],
							"size": [
								1,
								1.7,
								1
							],
							"inflate": 0.001,
							"uv": [
								42,
								242
							]
						},
						{
							"origin": [
								17,
								10.3,
								7.998
							],
							"size": [
								1,
								1.7,
								1
							],
							"uv": [
								42,
								240
							]
						},
						{
							"origin": [
								-18,
								10.3,
								-32.002
							],
							"size": [
								36,
								1.7,
								1
							],
							"inflate": 0.001,
							"uv": [
								148,
								139
							]
						},
						{
							"origin": [
								-18,
								11,
								9
							],
							"size": [
								1,
								1,
								1
							],
							"uv": [
								38,
								242
							]
						},
						{
							"origin": [
								17,
								11,
								9
							],
							"size": [
								1,
								1,
								1
							],
							"uv": [
								38,
								240
							]
						},
						{
							"origin": [
								-18,
								11,
								-31
							],
							"size": [
								36,
								1,
								1
							],
							"inflate": 0.001,
							"uv": [
								148,
								137
							]
						},
						{
							"origin": [
								-18,
								11,
								17
							],
							"size": [
								36,
								1,
								1
							],
							"inflate": 0.001,
							"uv": [
								74,
								137
							]
						},
						{
							"origin": [
								-18,
								11,
								-23
							],
							"size": [
								36,
								1,
								1
							],
							"inflate": 0.001,
							"uv": [
								74,
								139
							]
						},
						{
							"origin": [
								-18,
								2,
								20
							],
							"size": [
								36,
								10,
								3
							],
							"inflate": 0.001,
							"uv": [
								76,
								68
							]
						},
						{
							"origin": [
								-18,
								12,
								11
							],
							"size": [
								4,
								1,
								12
							],
							"uv": [
								152,
								164
							]
						},
						{
							"origin": [
								14,
								12,
								11
							],
							"size": [
								4,
								1,
								12
							],
							"uv": [
								120,
								164
							]
						},
						{
							"origin": [
								-18,
								12,
								6
							],
							"size": [
								1,
								1,
								5
							],
							"uv": [
								60,
								210
							]
						},
						{
							"origin": [
								17,
								12,
								6
							],
							"size": [
								1,
								1,
								5
							],
							"inflate": 0.001,
							"uv": [
								60,
								204
							]
						},
						{
							"origin": [
								-18,
								12,
								-32
							],
							"size": [
								36,
								1,
								12
							],
							"inflate": 0.001,
							"uv": [
								0,
								27
							]
						},
						{
							"origin": [
								-18,
								13,
								-27
							],
							"size": [
								36,
								1,
								7
							],
							"inflate": 0.001,
							"uv": [
								246,
								50
							]
						},
						{
							"origin": [
								-18,
								14,
								-23
							],
							"size": [
								36,
								1,
								3
							],
							"inflate": 0.001,
							"uv": [
								0,
								84
							]
						},
						{
							"origin": [
								-18,
								29.45311,
								-7.25339
							],
							"size": [
								36,
								1,
								2
							],
							"pivot": [
								0,
								29.95311,
								-5.75339
							],
							"rotation": [
								20,
								0,
								0
							],
							"uv": [
								0,
								133
							]
						},
						{
							"origin": [
								-18,
								29.86204,
								-5.39052
							],
							"size": [
								36,
								1,
								2
							],
							"pivot": [
								0,
								30.36204,
								-3.89052
							],
							"rotation": [
								10,
								0,
								0
							],
							"uv": [
								162,
								101
							]
						},
						{
							"origin": [
								-18,
								28.70551,
								-8.89556
							],
							"size": [
								36,
								1,
								2
							],
							"pivot": [
								0,
								29.20551,
								-7.39556
							],
							"rotation": [
								40,
								0,
								0
							],
							"uv": [
								162,
								98
							]
						},
						{
							"origin": [
								-1,
								25.70551,
								-8.89556
							],
							"size": [
								2,
								3,
								1
							],
							"pivot": [
								1,
								29.20551,
								-7.39556
							],
							"rotation": [
								40,
								0,
								0
							],
							"uv": [
								108,
								236
							]
						},
						{
							"origin": [
								-3,
								25.85203,
								-8.49301
							],
							"size": [
								6,
								1,
								3
							],
							"pivot": [
								0,
								27.35203,
								-6.49301
							],
							"rotation": [
								75,
								0,
								0
							],
							"uv": [
								132,
								192
							]
						},
						{
							"origin": [
								-18,
								3,
								-20
							],
							"size": [
								36,
								13,
								5
							],
							"uv": [
								0,
								50
							]
						},
						{
							"origin": [
								-18,
								2,
								23
							],
							"size": [
								36,
								14,
								2
							],
							"inflate": 0.001,
							"uv": [
								0,
								68
							]
						},
						{
							"origin": [
								-18,
								13,
								6
							],
							"size": [
								1,
								4,
								18
							],
							"uv": [
								38,
								164
							]
						},
						{
							"origin": [
								-18,
								17,
								22
							],
							"size": [
								1,
								3,
								1
							],
							"uv": [
								22,
								240
							]
						},
						{
							"origin": [
								17,
								17,
								22
							],
							"size": [
								1,
								3,
								1
							],
							"uv": [
								18,
								240
							]
						},
						{
							"origin": [
								-18,
								17,
								21
							],
							"size": [
								1,
								5.7,
								1
							],
							"uv": [
								118,
								231
							]
						},
						{
							"origin": [
								17,
								17,
								21
							],
							"size": [
								1,
								5.7,
								1
							],
							"uv": [
								114,
								231
							]
						},
						{
							"origin": [
								-18,
								17,
								20
							],
							"size": [
								1,
								8.7,
								1
							],
							"uv": [
								12,
								231
							]
						},
						{
							"origin": [
								17,
								17,
								20
							],
							"size": [
								1,
								8.7,
								1
							],
							"uv": [
								8,
								231
							]
						},
						{
							"origin": [
								-18,
								17,
								19
							],
							"size": [
								1,
								10.2,
								1
							],
							"uv": [
								66,
								219
							]
						},
						{
							"origin": [
								17,
								17,
								19
							],
							"size": [
								1,
								10.2,
								1
							],
							"uv": [
								62,
								219
							]
						},
						{
							"origin": [
								-18,
								17,
								18
							],
							"size": [
								1,
								11.2,
								1
							],
							"uv": [
								28,
								219
							]
						},
						{
							"origin": [
								17,
								17,
								18
							],
							"size": [
								1,
								11.2,
								1
							],
							"uv": [
								24,
								219
							]
						},
						{
							"origin": [
								-18,
								17,
								1
							],
							"size": [
								1,
								13,
								1
							],
							"uv": [
								56,
								204
							]
						},
						{
							"origin": [
								-18,
								16,
								14
							],
							"size": [
								1,
								13,
								1
							],
							"inflate": -0.001,
							"pivot": [
								0,
								22.5,
								14.5
							],
							"rotation": [
								-25,
								0,
								0
							],
							"uv": [
								52,
								204
							]
						},
						{
							"origin": [
								-18,
								16,
								17
							],
							"size": [
								1,
								4,
								2
							],
							"inflate": -0.001,
							"pivot": [
								0,
								18,
								17.5
							],
							"rotation": [
								-50,
								0,
								0
							],
							"uv": [
								82,
								231
							]
						},
						{
							"origin": [
								-18,
								25,
								17
							],
							"size": [
								1,
								3,
								2
							],
							"inflate": 0.001,
							"pivot": [
								0,
								27,
								17.5
							],
							"rotation": [
								55,
								0,
								0
							],
							"uv": [
								96,
								231
							]
						},
						{
							"origin": [
								-18,
								25.48281,
								14.91676
							],
							"size": [
								1,
								16,
								2
							],
							"inflate": 0.001,
							"pivot": [
								0,
								27.48281,
								15.41676
							],
							"rotation": [
								85,
								0,
								0
							],
							"uv": [
								94,
								186
							]
						},
						{
							"origin": [
								-18,
								28.19736,
								-6.40114
							],
							"size": [
								1,
								2,
								8
							],
							"inflate": 0.001,
							"uv": [
								70,
								186
							]
						},
						{
							"origin": [
								-18,
								28.19736,
								-7.40114
							],
							"size": [
								1,
								1,
								1
							],
							"inflate": 0.001,
							"uv": [
								34,
								242
							]
						},
						{
							"origin": [
								17,
								28.19736,
								-7.40114
							],
							"size": [
								1,
								1,
								1
							],
							"inflate": 0.001,
							"uv": [
								34,
								240
							]
						},
						{
							"origin": [
								17,
								25.48281,
								14.91676
							],
							"size": [
								1,
								16,
								2
							],
							"inflate": 0.001,
							"pivot": [
								35,
								27.48281,
								15.41676
							],
							"rotation": [
								85,
								0,
								0
							],
							"uv": [
								88,
								186
							]
						},
						{
							"origin": [
								17,
								28.19736,
								-6.40114
							],
							"size": [
								1,
								2,
								8
							],
							"inflate": 0.001,
							"uv": [
								52,
								186
							]
						},
						{
							"origin": [
								17,
								17,
								1
							],
							"size": [
								1,
								13,
								1
							],
							"uv": [
								48,
								204
							]
						},
						{
							"origin": [
								17,
								16,
								14
							],
							"size": [
								1,
								13,
								1
							],
							"inflate": -0.001,
							"pivot": [
								0,
								22.5,
								14.5
							],
							"rotation": [
								-25,
								0,
								0
							],
							"uv": [
								44,
								204
							]
						},
						{
							"origin": [
								17,
								16,
								17
							],
							"size": [
								1,
								4,
								2
							],
							"inflate": -0.001,
							"pivot": [
								0,
								18,
								17.5
							],
							"rotation": [
								-50,
								0,
								0
							],
							"uv": [
								76,
								231
							]
						},
						{
							"origin": [
								17,
								25,
								17
							],
							"size": [
								1,
								3,
								2
							],
							"inflate": 0.001,
							"pivot": [
								0,
								27,
								17.5
							],
							"rotation": [
								55,
								0,
								0
							],
							"uv": [
								90,
								231
							]
						},
						{
							"origin": [
								-18,
								3,
								-15
							],
							"size": [
								1,
								14,
								21
							],
							"uv": [
								118,
								98
							]
						},
						{
							"origin": [
								17,
								13,
								6
							],
							"size": [
								1,
								4,
								18
							],
							"uv": [
								0,
								164
							]
						},
						{
							"origin": [
								17,
								3,
								-15
							],
							"size": [
								1,
								14,
								21
							],
							"uv": [
								74,
								98
							]
						},
						{
							"origin": [
								17.5,
								15,
								-3
							],
							"size": [
								1,
								1,
								2
							],
							"uv": [
								68,
								235
							]
						},
						{
							"origin": [
								-18.5,
								15,
								-3
							],
							"size": [
								1,
								1,
								2
							],
							"uv": [
								68,
								235
							]
						},
						{
							"origin": [
								17.5,
								15,
								4
							],
							"size": [
								1,
								1,
								2
							],
							"uv": [
								68,
								235
							]
						},
						{
							"origin": [
								-18.5,
								15,
								4
							],
							"size": [
								1,
								1,
								2
							],
							"uv": [
								68,
								235
							]
						},
						{
							"origin": [
								-18,
								16.98686,
								-18.68301
							],
							"size": [
								2,
								14,
								1
							],
							"pivot": [
								-17,
								11.48686,
								-18.18301
							],
							"rotation": [
								-30,
								0,
								0
							],
							"uv": [
								38,
								204
							]
						},
						{
							"origin": [
								-18,
								16.48686,
								-17.81699
							],
							"size": [
								2,
								16,
								1
							],
							"pivot": [
								-17,
								10.98686,
								-17.31699
							],
							"rotation": [
								-30,
								0,
								0
							],
							"uv": [
								126,
								186
							]
						},
						{
							"origin": [
								16,
								16.48686,
								-17.81699
							],
							"size": [
								2,
								16,
								1
							],
							"pivot": [
								17,
								10.98686,
								-17.31699
							],
							"rotation": [
								-30,
								0,
								0
							],
							"uv": [
								120,
								186
							]
						},
						{
							"origin": [
								16,
								16.98686,
								-18.68301
							],
							"size": [
								2,
								14,
								1
							],
							"pivot": [
								17,
								11.48686,
								-18.18301
							],
							"rotation": [
								-30,
								0,
								0
							],
							"uv": [
								32,
								204
							]
						},
						{
							"origin": [
								-16,
								16.98686,
								-18.68301
							],
							"size": [
								32,
								14,
								1
							],
							"pivot": [
								17,
								11.48686,
								-18.18301
							],
							"rotation": [
								-30,
								0,
								0
							],
							"uv": [
								376,
								122
							]
						},
						{
							"origin": [
								-18,
								2,
								-37
							],
							"size": [
								36,
								10,
								4
							],
							"inflate": 0.005,
							"uv": [
								166,
								50
							]
						},
						{
							"origin": [
								-18,
								7.53109,
								19.1
							],
							"size": [
								36,
								4,
								1
							],
							"inflate": -0.001,
							"pivot": [
								-16.5,
								9.03109,
								20.7141
							],
							"rotation": [
								30,
								0,
								0
							],
							"uv": [
								0,
								98
							]
						},
						{
							"origin": [
								-18,
								7.53109,
								-20.9
							],
							"size": [
								36,
								4,
								1
							],
							"inflate": -0.001,
							"pivot": [
								-16.5,
								9.03109,
								-19.2859
							],
							"rotation": [
								30,
								0,
								0
							],
							"uv": [
								296,
								93
							]
						},
						{
							"origin": [
								-18,
								11.50513,
								16.99926
							],
							"size": [
								36,
								4,
								1
							],
							"inflate": -0.001,
							"pivot": [
								-16.5,
								12.00513,
								18.99926
							],
							"rotation": [
								60,
								0,
								0
							],
							"uv": [
								222,
								93
							]
						},
						{
							"origin": [
								-18,
								11.50513,
								-23.00074
							],
							"size": [
								36,
								4,
								1
							],
							"inflate": -0.001,
							"pivot": [
								-16.5,
								12.00513,
								-21.00074
							],
							"rotation": [
								60,
								0,
								0
							],
							"uv": [
								148,
								93
							]
						},
						{
							"origin": [
								-18,
								8.83717,
								-32.44039
							],
							"size": [
								36,
								4,
								1
							],
							"inflate": -0.001,
							"pivot": [
								-16.5,
								9.33717,
								-30.44039
							],
							"rotation": [
								-60,
								0,
								0
							],
							"uv": [
								74,
								93
							]
						},
						{
							"origin": [
								-18,
								6,
								6.584
							],
							"size": [
								4,
								4,
								1
							],
							"inflate": 0.001,
							"pivot": [
								-16.5,
								7.53109,
								8.88397
							],
							"rotation": [
								-30,
								0,
								0
							],
							"uv": [
								52,
								224
							]
						},
						{
							"origin": [
								14,
								6,
								6.584
							],
							"size": [
								4,
								4,
								1
							],
							"inflate": 0.001,
							"pivot": [
								-16.5,
								7.53109,
								8.88397
							],
							"rotation": [
								-30,
								0,
								0
							],
							"uv": [
								32,
								219
							]
						},
						{
							"origin": [
								-18,
								8.06084,
								8.30157
							],
							"size": [
								3,
								4,
								1
							],
							"inflate": 0.001,
							"pivot": [
								-16.5,
								9.59193,
								10.60154
							],
							"rotation": [
								-60,
								0,
								0
							],
							"uv": [
								88,
								224
							]
						},
						{
							"origin": [
								-15,
								8.06084,
								8.30157
							],
							"size": [
								1,
								4,
								2
							],
							"inflate": -0.001,
							"pivot": [
								-16.5,
								9.59193,
								10.60154
							],
							"rotation": [
								-60,
								0,
								0
							],
							"uv": [
								22,
								231
							]
						},
						{
							"origin": [
								15,
								8.06084,
								8.30157
							],
							"size": [
								3,
								4,
								1
							],
							"inflate": 0.001,
							"pivot": [
								-16.5,
								9.59193,
								10.60154
							],
							"rotation": [
								-60,
								0,
								0
							],
							"uv": [
								88,
								219
							]
						},
						{
							"origin": [
								14,
								8.06084,
								8.30157
							],
							"size": [
								1,
								4,
								2
							],
							"inflate": -0.001,
							"pivot": [
								-16.5,
								9.59193,
								10.60154
							],
							"rotation": [
								-60,
								0,
								0
							],
							"uv": [
								16,
								231
							]
						},
						{
							"origin": [
								-18,
								6,
								-33.416
							],
							"size": [
								36,
								4,
								1
							],
							"inflate": -0.001,
							"pivot": [
								-16.5,
								7.53109,
								-31.11603
							],
							"rotation": [
								-30,
								0,
								0
							],
							"uv": [
								0,
								93
							]
						}
					]
				},
				{
					"name": "glasspanes",
					"parent": "body",
					"pivot": [
						0,
						0,
						0
					],
					"cubes": [
						{
							"origin": [
								18,
								27.19736,
								-7.40114
							],
							"size": [
								0,
								1,
								9
							],
							"inflate": 0.001,
							"uv": [
								33,
								22
							]
						},
						{
							"origin": [
								-18,
								27.19736,
								-7.40114
							],
							"size": [
								0,
								1,
								9
							],
							"inflate": 0.001,
							"uv": [
								33,
								22
							]
						},
						{
							"origin": [
								18,
								25.48281,
								13.91676
							],
							"size": [
								0,
								17,
								1
							],
							"inflate": 0.001,
							"pivot": [
								35,
								27.48281,
								15.41676
							],
							"rotation": [
								85,
								0,
								0
							],
							"uv": [
								88,
								186
							]
						},
						{
							"origin": [
								-18,
								25.48281,
								13.91676
							],
							"size": [
								0,
								17,
								1
							],
							"inflate": 0.001,
							"pivot": [
								-1,
								27.48281,
								15.41676
							],
							"rotation": [
								85,
								0,
								0
							],
							"uv": [
								88,
								186
							]
						},
						{
							"origin": [
								17.999,
								17.001,
								-12.999
							],
							"size": [
								0,
								1,
								30
							],
							"inflate": 0.001,
							"uv": [
								18,
								0
							]
						},
						{
							"origin": [
								-18.001,
								17.001,
								-12.999
							],
							"size": [
								0,
								1,
								30
							],
							"inflate": 0.001,
							"uv": [
								18,
								0
							]
						},
						{
							"origin": [
								18,
								17,
								17
							],
							"size": [
								0,
								11.2,
								1
							],
							"uv": [
								24,
								219
							]
						},
						{
							"origin": [
								-18,
								17,
								17
							],
							"size": [
								0,
								11.2,
								1
							],
							"uv": [
								24,
								219
							]
						},
						{
							"origin": [
								-18,
								17,
								-14
							],
							"size": [
								0,
								10.2,
								31
							],
							"uv": [
								377,
								82
							]
						},
						{
							"origin": [
								18,
								17,
								-14
							],
							"size": [
								0,
								10.2,
								31
							],
							"uv": [
								377,
								82
							]
						}
					]
				},
				{
					"name": "steer",
					"parent": "body",
					"pivot": [
						7.97663,
						13.99504,
						-12.34737
					],
					"rotation": [
						-50,
						0,
						0
					],
					"cubes": [
						{
							"origin": [
								4.001,
								15.07627,
								-10.38044
							],
							"size": [
								1,
								1,
								1
							],
							"uv": [
								26,
								242
							]
						},
						{
							"origin": [
								6.32984,
								15.07627,
								-11.75812
							],
							"size": [
								1,
								1,
								4
							],
							"inflate": -0.001,
							"pivot": [
								6.12273,
								15.57627,
								-9.96523
							],
							"rotation": [
								0,
								45,
								0
							],
							"uv": [
								42,
								219
							]
						},
						{
							"origin": [
								4.001,
								15.07627,
								-15.38044
							],
							"size": [
								1,
								1,
								1
							],
							"uv": [
								26,
								240
							]
						},
						{
							"origin": [
								8.25795,
								15.07627,
								-12.75812
							],
							"size": [
								1,
								1,
								4
							],
							"inflate": -0.001,
							"pivot": [
								8.46505,
								15.57627,
								-9.96523
							],
							"rotation": [
								0,
								-45,
								0
							],
							"uv": [
								32,
								224
							]
						},
						{
							"origin": [
								5.001,
								15.07627,
								-9.38044
							],
							"size": [
								2,
								1,
								1
							],
							"uv": [
								6,
								242
							]
						},
						{
							"origin": [
								7.001,
								15.07627,
								-8.38044
							],
							"size": [
								2,
								1,
								1
							],
							"uv": [
								12,
								242
							]
						},
						{
							"origin": [
								9.001,
								15.07627,
								-9.38044
							],
							"size": [
								2,
								1,
								1
							],
							"uv": [
								6,
								240
							]
						},
						{
							"origin": [
								11.001,
								15.07627,
								-10.38044
							],
							"size": [
								1,
								1,
								1
							],
							"uv": [
								30,
								242
							]
						},
						{
							"origin": [
								12.001,
								15.07627,
								-14.38044
							],
							"size": [
								1,
								1,
								4
							],
							"uv": [
								52,
								219
							]
						},
						{
							"origin": [
								4.001,
								15.07627,
								-13.38044
							],
							"size": [
								8,
								1,
								2
							],
							"uv": [
								100,
								186
							]
						},
						{
							"origin": [
								7.001,
								15.07627,
								-11.38044
							],
							"size": [
								2,
								1,
								3
							],
							"uv": [
								70,
								219
							]
						},
						{
							"origin": [
								11.001,
								15.07627,
								-15.38044
							],
							"size": [
								1,
								1,
								1
							],
							"uv": [
								30,
								240
							]
						},
						{
							"origin": [
								9.001,
								15.07627,
								-16.38044
							],
							"size": [
								2,
								1,
								1
							],
							"uv": [
								0,
								242
							]
						},
						{
							"origin": [
								5.001,
								15.07627,
								-16.38044
							],
							"size": [
								2,
								1,
								1
							],
							"uv": [
								0,
								240
							]
						},
						{
							"origin": [
								3.001,
								15.07627,
								-14.38044
							],
							"size": [
								1,
								1,
								4
							],
							"uv": [
								42,
								224
							]
						},
						{
							"origin": [
								7.001,
								15.07627,
								-17.38044
							],
							"size": [
								2,
								1,
								1
							],
							"inflate": 0.001,
							"uv": [
								12,
								240
							]
						},
						{
							"origin": [
								7.001,
								14.07627,
								-13.38044
							],
							"size": [
								2,
								1,
								2
							],
							"inflate": 0.001,
							"uv": [
								82,
								237
							]
						}
					]
				},
				{
					"name": "bone",
					"parent": "body",
					"pivot": [
						-0.0001,
						15.92251,
						-14.73425
					],
					"cubes": [
						{
							"origin": [
								-18.0001,
								10.52788,
								-36.66677
							],
							"size": [
								36,
								2,
								2.3
							],
							"inflate": 0.001,
							"pivot": [
								-0.0001,
								11.52788,
								-35.66677
							],
							"rotation": [
								25.5,
								0,
								0
							],
							"uv": [
								224,
								84
							]
						},
						{
							"origin": [
								-18.0001,
								11.46043,
								-34.61251
							],
							"size": [
								36,
								2,
								2
							],
							"inflate": 0.001,
							"pivot": [
								-0.0001,
								12.46043,
								-33.61251
							],
							"rotation": [
								23,
								0,
								0
							],
							"uv": [
								224,
								88
							]
						},
						{
							"origin": [
								-18.0001,
								14.42251,
								-33.23425
							],
							"size": [
								36,
								2,
								18
							],
							"inflate": 0.001,
							"pivot": [
								-0.0001,
								15.92251,
								-18.73425
							],
							"rotation": [
								10.5,
								0,
								0
							],
							"uv": [
								238,
								0
							]
						}
					]
				},
				{
					"name": "leg0",
					"pivot": [
						0,
						5.5981,
						-26.5
					],
					"cubes": [
						{
							"origin": [
								-18,
								0,
								-28
							],
							"size": [
								3,
								1,
								3
							],
							"uv": [
								12,
								227
							]
						},
						{
							"origin": [
								-18,
								1,
								-28
							],
							"size": [
								3,
								1,
								3
							],
							"uv": [
								12,
								227
							]
						},
						{
							"origin": [
								15,
								0,
								-28
							],
							"size": [
								3,
								1,
								3
							],
							"uv": [
								12,
								223
							]
						},
						{
							"origin": [
								15,
								1,
								-28
							],
							"size": [
								3,
								1,
								3
							],
							"uv": [
								12,
								223
							]
						},
						{
							"origin": [
								-18,
								0.43301,
								-30.61603
							],
							"size": [
								3,
								1,
								3
							],
							"pivot": [
								-16.5,
								0.93301,
								-28.61603
							],
							"rotation": [
								-30,
								0,
								0
							],
							"uv": [
								12,
								219
							]
						},
						{
							"origin": [
								-18,
								1.43301,
								-30.61603
							],
							"size": [
								3,
								1,
								3
							],
							"pivot": [
								-16.5,
								0.93301,
								-28.61603
							],
							"rotation": [
								-30,
								0,
								0
							],
							"uv": [
								12,
								219
							]
						},
						{
							"origin": [
								15,
								0.43301,
								-30.61603
							],
							"size": [
								3,
								1,
								3
							],
							"pivot": [
								15.5,
								0.93301,
								-28.61603
							],
							"rotation": [
								-30,
								0,
								0
							],
							"uv": [
								0,
								227
							]
						},
						{
							"origin": [
								15,
								1.43301,
								-30.61603
							],
							"size": [
								3,
								1,
								3
							],
							"pivot": [
								15.5,
								0.93301,
								-28.61603
							],
							"rotation": [
								-30,
								0,
								0
							],
							"uv": [
								0,
								227
							]
						},
						{
							"origin": [
								-18,
								2.11603,
								-32.66506
							],
							"size": [
								3,
								1,
								3
							],
							"pivot": [
								-16.5,
								2.61603,
								-30.66506
							],
							"rotation": [
								-60,
								0,
								0
							],
							"uv": [
								0,
								223
							]
						},
						{
							"origin": [
								-18,
								3.11603,
								-32.66506
							],
							"size": [
								3,
								1,
								3
							],
							"pivot": [
								-16.5,
								2.61603,
								-30.66506
							],
							"rotation": [
								-60,
								0,
								0
							],
							"uv": [
								0,
								223
							]
						},
						{
							"origin": [
								15,
								2.11603,
								-32.66506
							],
							"size": [
								3,
								1,
								3
							],
							"pivot": [
								15.5,
								2.61603,
								-30.66506
							],
							"rotation": [
								-60,
								0,
								0
							],
							"uv": [
								0,
								219
							]
						},
						{
							"origin": [
								15,
								3.11603,
								-32.66506
							],
							"size": [
								3,
								1,
								3
							],
							"pivot": [
								15.5,
								2.61603,
								-30.66506
							],
							"rotation": [
								-60,
								0,
								0
							],
							"uv": [
								0,
								219
							]
						},
						{
							"origin": [
								-18,
								10.19615,
								-28
							],
							"size": [
								3,
								1,
								3
							],
							"uv": [
								84,
								212
							]
						},
						{
							"origin": [
								-18,
								9.19615,
								-28
							],
							"size": [
								3,
								1,
								3
							],
							"uv": [
								84,
								212
							]
						},
						{
							"origin": [
								15,
								10.19615,
								-28
							],
							"size": [
								3,
								1,
								3
							],
							"uv": [
								84,
								208
							]
						},
						{
							"origin": [
								15,
								9.19615,
								-28
							],
							"size": [
								3,
								1,
								3
							],
							"uv": [
								84,
								208
							]
						},
						{
							"origin": [
								-18,
								4.09808,
								-21.90192
							],
							"size": [
								3,
								3,
								1
							],
							"uv": [
								68,
								235
							]
						},
						{
							"origin": [
								-18,
								4.09808,
								-22.90192
							],
							"size": [
								3,
								3,
								1
							],
							"uv": [
								68,
								235
							]
						},
						{
							"origin": [
								-18,
								5.09808,
								-31.10192
							],
							"size": [
								3,
								1,
								5.2
							],
							"inflate": -0.001,
							"pivot": [
								-16.5,
								5.59808,
								-26.50192
							],
							"rotation": [
								-25,
								0,
								0
							],
							"uv": [
								16,
								210
							]
						},
						{
							"origin": [
								15,
								5.09808,
								-31.10192
							],
							"size": [
								3,
								1,
								5.2
							],
							"inflate": -0.001,
							"pivot": [
								16.5,
								5.59808,
								-26.50192
							],
							"rotation": [
								-25,
								0,
								0
							],
							"uv": [
								16,
								210
							]
						},
						{
							"origin": [
								-18,
								5.09808,
								-31.10192
							],
							"size": [
								3,
								1,
								5.2
							],
							"inflate": -0.001,
							"pivot": [
								-16.5,
								5.59808,
								-26.50192
							],
							"rotation": [
								-150,
								0,
								0
							],
							"uv": [
								132,
								186
							]
						},
						{
							"origin": [
								15,
								5.09808,
								-31.10192
							],
							"size": [
								3,
								1,
								5.2
							],
							"inflate": -0.001,
							"pivot": [
								16.5,
								5.59808,
								-26.50192
							],
							"rotation": [
								-150,
								0,
								0
							],
							"uv": [
								132,
								186
							]
						},
						{
							"origin": [
								-18,
								4.09808,
								-28.10192
							],
							"size": [
								1,
								3,
								3.2
							],
							"inflate": 0.09,
							"uv": [
								80,
								225
							]
						},
						{
							"origin": [
								17,
								4.09808,
								-28.10192
							],
							"size": [
								1,
								3,
								3.2
							],
							"inflate": 0.09,
							"uv": [
								70,
								223
							]
						},
						{
							"origin": [
								-18,
								6.281,
								-27.10192
							],
							"size": [
								3,
								4,
								1.2
							],
							"inflate": -0.001,
							"uv": [
								0,
								231
							]
						},
						{
							"origin": [
								15,
								6.281,
								-27.10192
							],
							"size": [
								3,
								4,
								1.2
							],
							"inflate": -0.001,
							"uv": [
								0,
								231
							]
						},
						{
							"origin": [
								-18,
								5.09808,
								-32.10192
							],
							"size": [
								3,
								1,
								5.2
							],
							"inflate": -0.001,
							"pivot": [
								-16.5,
								5.59808,
								-26.50192
							],
							"rotation": [
								45,
								0,
								0
							],
							"uv": [
								16,
								204
							]
						},
						{
							"origin": [
								15,
								5.09808,
								-32.10192
							],
							"size": [
								3,
								1,
								5.2
							],
							"inflate": -0.001,
							"pivot": [
								16.5,
								5.59808,
								-26.50192
							],
							"rotation": [
								45,
								0,
								0
							],
							"uv": [
								132,
								196
							]
						},
						{
							"origin": [
								-18,
								5.09808,
								-32.10192
							],
							"size": [
								3,
								1,
								5.2
							],
							"inflate": -0.001,
							"pivot": [
								-16.5,
								5.59808,
								-26.50192
							],
							"rotation": [
								135,
								0,
								0
							],
							"uv": [
								0,
								210
							]
						},
						{
							"origin": [
								15,
								5.09808,
								-32.10192
							],
							"size": [
								3,
								1,
								5.2
							],
							"inflate": -0.001,
							"pivot": [
								16.5,
								5.59808,
								-26.50192
							],
							"rotation": [
								135,
								0,
								0
							],
							"uv": [
								0,
								210
							]
						},
						{
							"origin": [
								15,
								4.09808,
								-21.90193
							],
							"size": [
								3,
								3,
								1
							],
							"uv": [
								28,
								231
							]
						},
						{
							"origin": [
								15,
								4.09808,
								-22.90193
							],
							"size": [
								3,
								3,
								1
							],
							"uv": [
								28,
								231
							]
						},
						{
							"origin": [
								-18,
								4.09808,
								-32.09808
							],
							"size": [
								3,
								3,
								1
							],
							"uv": [
								68,
								231
							]
						},
						{
							"origin": [
								-18,
								4.09808,
								-31.09808
							],
							"size": [
								3,
								3,
								1
							],
							"uv": [
								68,
								231
							]
						},
						{
							"origin": [
								15,
								4.09808,
								-32.09808
							],
							"size": [
								3,
								3,
								1
							],
							"uv": [
								60,
								235
							]
						},
						{
							"origin": [
								15,
								4.09808,
								-31.09808
							],
							"size": [
								3,
								3,
								1
							],
							"uv": [
								60,
								235
							]
						},
						{
							"origin": [
								-18,
								6.03109,
								-32.11603
							],
							"size": [
								3,
								3,
								1
							],
							"pivot": [
								-16.5,
								6.53109,
								-30.11603
							],
							"rotation": [
								-30,
								0,
								0
							],
							"uv": [
								60,
								231
							]
						},
						{
							"origin": [
								-18,
								6.03109,
								-31.11603
							],
							"size": [
								3,
								3,
								1
							],
							"pivot": [
								-16.5,
								6.53109,
								-30.11603
							],
							"rotation": [
								-30,
								0,
								0
							],
							"uv": [
								60,
								231
							]
						},
						{
							"origin": [
								15,
								6.03109,
								-32.11603
							],
							"size": [
								3,
								3,
								1
							],
							"pivot": [
								15.5,
								6.53109,
								-30.11603
							],
							"rotation": [
								-30,
								0,
								0
							],
							"uv": [
								52,
								235
							]
						},
						{
							"origin": [
								15,
								6.03109,
								-31.11603
							],
							"size": [
								3,
								3,
								1
							],
							"pivot": [
								15.5,
								6.53109,
								-30.11603
							],
							"rotation": [
								-30,
								0,
								0
							],
							"uv": [
								52,
								235
							]
						},
						{
							"origin": [
								-18,
								7.7141,
								-31.16506
							],
							"size": [
								3,
								3,
								1
							],
							"pivot": [
								-16.5,
								8.2141,
								-29.16506
							],
							"rotation": [
								-60,
								0,
								0
							],
							"uv": [
								52,
								231
							]
						},
						{
							"origin": [
								-18,
								7.7141,
								-30.16506
							],
							"size": [
								3,
								3,
								1
							],
							"pivot": [
								-16.5,
								8.2141,
								-29.16506
							],
							"rotation": [
								-60,
								0,
								0
							],
							"uv": [
								52,
								231
							]
						},
						{
							"origin": [
								15,
								7.7141,
								-31.16506
							],
							"size": [
								3,
								3,
								1
							],
							"pivot": [
								15.5,
								8.2141,
								-29.16506
							],
							"rotation": [
								-60,
								0,
								0
							],
							"uv": [
								44,
								235
							]
						},
						{
							"origin": [
								15,
								7.7141,
								-30.16506
							],
							"size": [
								3,
								3,
								1
							],
							"pivot": [
								15.5,
								8.2141,
								-29.16506
							],
							"rotation": [
								-60,
								0,
								0
							],
							"uv": [
								44,
								235
							]
						},
						{
							"origin": [
								-18,
								7.53109,
								-22.2859
							],
							"size": [
								3,
								3,
								1
							],
							"pivot": [
								-16.5,
								8.03109,
								-20.2859
							],
							"rotation": [
								30,
								0,
								0
							],
							"uv": [
								44,
								231
							]
						},
						{
							"origin": [
								-18,
								7.53109,
								-23.2859
							],
							"size": [
								3,
								3,
								1
							],
							"pivot": [
								-16.5,
								8.03109,
								-20.2859
							],
							"rotation": [
								30,
								0,
								0
							],
							"uv": [
								44,
								231
							]
						},
						{
							"origin": [
								15,
								7.53109,
								-22.2859
							],
							"size": [
								3,
								3,
								1
							],
							"pivot": [
								15.5,
								8.03109,
								-20.2859
							],
							"rotation": [
								30,
								0,
								0
							],
							"uv": [
								36,
								235
							]
						},
						{
							"origin": [
								15,
								7.53109,
								-23.2859
							],
							"size": [
								3,
								3,
								1
							],
							"pivot": [
								15.5,
								8.03109,
								-20.2859
							],
							"rotation": [
								30,
								0,
								0
							],
							"uv": [
								36,
								235
							]
						},
						{
							"origin": [
								-18,
								10.31218,
								-24.33494
							],
							"size": [
								3,
								3,
								1
							],
							"pivot": [
								-16.5,
								10.81218,
								-22.33494
							],
							"rotation": [
								60,
								0,
								0
							],
							"uv": [
								36,
								231
							]
						},
						{
							"origin": [
								-18,
								10.31218,
								-25.33494
							],
							"size": [
								3,
								3,
								1
							],
							"pivot": [
								-16.5,
								10.81218,
								-22.33494
							],
							"rotation": [
								60,
								0,
								0
							],
							"uv": [
								36,
								231
							]
						},
						{
							"origin": [
								15,
								10.31218,
								-24.33494
							],
							"size": [
								3,
								3,
								1
							],
							"pivot": [
								15.5,
								10.81218,
								-22.33494
							],
							"rotation": [
								60,
								0,
								0
							],
							"uv": [
								28,
								235
							]
						},
						{
							"origin": [
								15,
								10.31218,
								-25.33494
							],
							"size": [
								3,
								3,
								1
							],
							"pivot": [
								15.5,
								10.81218,
								-22.33494
							],
							"rotation": [
								60,
								0,
								0
							],
							"uv": [
								28,
								235
							]
						},
						{
							"origin": [
								-18,
								0.93301,
								-25.51795
							],
							"size": [
								3,
								1,
								3
							],
							"pivot": [
								-16.5,
								1.43301,
								-23.51795
							],
							"rotation": [
								30,
								0,
								0
							],
							"uv": [
								84,
								204
							]
						},
						{
							"origin": [
								-18,
								1.93301,
								-26.31795
							],
							"size": [
								3,
								1,
								3
							],
							"pivot": [
								-16.5,
								1.43301,
								-23.51795
							],
							"rotation": [
								30,
								0,
								0
							],
							"uv": [
								84,
								204
							]
						},
						{
							"origin": [
								15,
								0.93301,
								-25.51795
							],
							"size": [
								3,
								1,
								3
							],
							"pivot": [
								15.5,
								1.43301,
								-23.51795
							],
							"rotation": [
								30,
								0,
								0
							],
							"uv": [
								72,
								212
							]
						},
						{
							"origin": [
								15,
								1.93301,
								-26.31795
							],
							"size": [
								3,
								1,
								3
							],
							"pivot": [
								15.5,
								1.43301,
								-23.51795
							],
							"rotation": [
								30,
								0,
								0
							],
							"uv": [
								72,
								212
							]
						},
						{
							"origin": [
								-18,
								2.98205,
								-23.83494
							],
							"size": [
								3,
								1,
								3
							],
							"pivot": [
								-16.5,
								3.48205,
								-21.83494
							],
							"rotation": [
								60,
								0,
								0
							],
							"uv": [
								72,
								208
							]
						},
						{
							"origin": [
								-18,
								3.98205,
								-23.83494
							],
							"size": [
								3,
								1,
								3
							],
							"pivot": [
								-16.5,
								3.48205,
								-21.83494
							],
							"rotation": [
								60,
								0,
								0
							],
							"uv": [
								72,
								208
							]
						},
						{
							"origin": [
								15,
								2.98205,
								-23.83494
							],
							"size": [
								3,
								1,
								3
							],
							"pivot": [
								15.5,
								3.48205,
								-21.83494
							],
							"rotation": [
								60,
								0,
								0
							],
							"uv": [
								72,
								204
							]
						},
						{
							"origin": [
								15,
								3.98205,
								-23.83494
							],
							"size": [
								3,
								1,
								3
							],
							"pivot": [
								15.5,
								3.48205,
								-21.83494
							],
							"rotation": [
								60,
								0,
								0
							],
							"uv": [
								72,
								204
							]
						}
					]
				},
				{
					"name": "leg1",
					"pivot": [
						0,
						5.5981,
						13.5
					],
					"cubes": [
						{
							"origin": [
								-18,
								0,
								12
							],
							"size": [
								3,
								1,
								3
							],
							"uv": [
								12,
								227
							]
						},
						{
							"origin": [
								-18,
								1,
								12
							],
							"size": [
								3,
								1,
								3
							],
							"uv": [
								12,
								227
							]
						},
						{
							"origin": [
								15,
								0,
								12
							],
							"size": [
								3,
								1,
								3
							],
							"uv": [
								12,
								223
							]
						},
						{
							"origin": [
								15,
								1,
								12
							],
							"size": [
								3,
								1,
								3
							],
							"uv": [
								12,
								223
							]
						},
						{
							"origin": [
								-18,
								0.43301,
								9.38397
							],
							"size": [
								3,
								1,
								3
							],
							"pivot": [
								-16.5,
								0.93301,
								11.38397
							],
							"rotation": [
								-30,
								0,
								0
							],
							"uv": [
								12,
								219
							]
						},
						{
							"origin": [
								-18,
								1.43301,
								9.38397
							],
							"size": [
								3,
								1,
								3
							],
							"pivot": [
								-16.5,
								0.93301,
								11.38397
							],
							"rotation": [
								-30,
								0,
								0
							],
							"uv": [
								12,
								219
							]
						},
						{
							"origin": [
								15,
								0.43301,
								9.38397
							],
							"size": [
								3,
								1,
								3
							],
							"pivot": [
								15.5,
								0.93301,
								11.38397
							],
							"rotation": [
								-30,
								0,
								0
							],
							"uv": [
								0,
								227
							]
						},
						{
							"origin": [
								15,
								1.43301,
								9.38397
							],
							"size": [
								3,
								1,
								3
							],
							"pivot": [
								15.5,
								0.93301,
								11.38397
							],
							"rotation": [
								-30,
								0,
								0
							],
							"uv": [
								0,
								227
							]
						},
						{
							"origin": [
								-18,
								2.11603,
								7.33494
							],
							"size": [
								3,
								1,
								3
							],
							"pivot": [
								-16.5,
								2.61603,
								9.33494
							],
							"rotation": [
								-60,
								0,
								0
							],
							"uv": [
								0,
								223
							]
						},
						{
							"origin": [
								-18,
								3.11603,
								7.33494
							],
							"size": [
								3,
								1,
								3
							],
							"pivot": [
								-16.5,
								2.61603,
								9.33494
							],
							"rotation": [
								-60,
								0,
								0
							],
							"uv": [
								0,
								223
							]
						},
						{
							"origin": [
								15,
								2.11603,
								7.33494
							],
							"size": [
								3,
								1,
								3
							],
							"pivot": [
								15.5,
								2.61603,
								9.33494
							],
							"rotation": [
								-60,
								0,
								0
							],
							"uv": [
								0,
								219
							]
						},
						{
							"origin": [
								15,
								3.11603,
								7.33494
							],
							"size": [
								3,
								1,
								3
							],
							"pivot": [
								15.5,
								2.61603,
								9.33494
							],
							"rotation": [
								-60,
								0,
								0
							],
							"uv": [
								0,
								219
							]
						},
						{
							"origin": [
								-18,
								10.19615,
								12
							],
							"size": [
								3,
								1,
								3
							],
							"uv": [
								84,
								212
							]
						},
						{
							"origin": [
								-18,
								9.19615,
								12
							],
							"size": [
								3,
								1,
								3
							],
							"uv": [
								84,
								212
							]
						},
						{
							"origin": [
								15,
								10.19615,
								12
							],
							"size": [
								3,
								1,
								3
							],
							"uv": [
								84,
								208
							]
						},
						{
							"origin": [
								15,
								9.19615,
								12
							],
							"size": [
								3,
								1,
								3
							],
							"uv": [
								84,
								208
							]
						},
						{
							"origin": [
								-18,
								4.09808,
								18.09808
							],
							"size": [
								3,
								3,
								1
							],
							"uv": [
								68,
								235
							]
						},
						{
							"origin": [
								-18,
								4.09808,
								17.09808
							],
							"size": [
								3,
								3,
								1
							],
							"uv": [
								68,
								235
							]
						},
						{
							"origin": [
								-18,
								5.09808,
								8.89808
							],
							"size": [
								3,
								1,
								5.2
							],
							"inflate": -0.001,
							"pivot": [
								-16.5,
								5.59808,
								13.49808
							],
							"rotation": [
								-25,
								0,
								0
							],
							"uv": [
								16,
								210
							]
						},
						{
							"origin": [
								15,
								5.09808,
								8.89808
							],
							"size": [
								3,
								1,
								5.2
							],
							"inflate": -0.001,
							"pivot": [
								16.5,
								5.59808,
								13.49808
							],
							"rotation": [
								-25,
								0,
								0
							],
							"uv": [
								16,
								210
							]
						},
						{
							"origin": [
								-18,
								5.09808,
								8.89808
							],
							"size": [
								3,
								1,
								5.2
							],
							"inflate": -0.001,
							"pivot": [
								-16.5,
								5.59808,
								13.49808
							],
							"rotation": [
								-150,
								0,
								0
							],
							"uv": [
								132,
								186
							]
						},
						{
							"origin": [
								15,
								5.09808,
								8.89808
							],
							"size": [
								3,
								1,
								5.2
							],
							"inflate": -0.001,
							"pivot": [
								16.5,
								5.59808,
								13.49808
							],
							"rotation": [
								-150,
								0,
								0
							],
							"uv": [
								132,
								186
							]
						},
						{
							"origin": [
								-18,
								4.09808,
								11.89808
							],
							"size": [
								1,
								3,
								3.2
							],
							"inflate": 0.09,
							"uv": [
								80,
								225
							]
						},
						{
							"origin": [
								17,
								4.09808,
								11.89808
							],
							"size": [
								1,
								3,
								3.2
							],
							"inflate": 0.09,
							"uv": [
								70,
								223
							]
						},
						{
							"origin": [
								-18,
								6.281,
								12.89808
							],
							"size": [
								3,
								4,
								1.2
							],
							"inflate": -0.001,
							"uv": [
								0,
								231
							]
						},
						{
							"origin": [
								15,
								6.281,
								12.89808
							],
							"size": [
								3,
								4,
								1.2
							],
							"inflate": -0.001,
							"uv": [
								0,
								231
							]
						},
						{
							"origin": [
								-18,
								5.09808,
								7.89808
							],
							"size": [
								3,
								1,
								5.2
							],
							"inflate": -0.001,
							"pivot": [
								-16.5,
								5.59808,
								13.49808
							],
							"rotation": [
								45,
								0,
								0
							],
							"uv": [
								16,
								204
							]
						},
						{
							"origin": [
								15,
								5.09808,
								7.89808
							],
							"size": [
								3,
								1,
								5.2
							],
							"inflate": -0.001,
							"pivot": [
								16.5,
								5.59808,
								13.49808
							],
							"rotation": [
								45,
								0,
								0
							],
							"uv": [
								132,
								196
							]
						},
						{
							"origin": [
								-18,
								5.09808,
								7.89808
							],
							"size": [
								3,
								1,
								5.2
							],
							"inflate": -0.001,
							"pivot": [
								-16.5,
								5.59808,
								13.49808
							],
							"rotation": [
								135,
								0,
								0
							],
							"uv": [
								0,
								210
							]
						},
						{
							"origin": [
								15,
								5.09808,
								7.89808
							],
							"size": [
								3,
								1,
								5.2
							],
							"inflate": -0.001,
							"pivot": [
								16.5,
								5.59808,
								13.49808
							],
							"rotation": [
								135,
								0,
								0
							],
							"uv": [
								0,
								210
							]
						},
						{
							"origin": [
								15,
								4.09808,
								18.09807
							],
							"size": [
								3,
								3,
								1
							],
							"uv": [
								28,
								231
							]
						},
						{
							"origin": [
								15,
								4.09808,
								17.09807
							],
							"size": [
								3,
								3,
								1
							],
							"uv": [
								28,
								231
							]
						},
						{
							"origin": [
								-18,
								4.09808,
								7.90192
							],
							"size": [
								3,
								3,
								1
							],
							"uv": [
								68,
								231
							]
						},
						{
							"origin": [
								-18,
								4.09808,
								8.90192
							],
							"size": [
								3,
								3,
								1
							],
							"uv": [
								68,
								231
							]
						},
						{
							"origin": [
								15,
								4.09808,
								7.90192
							],
							"size": [
								3,
								3,
								1
							],
							"uv": [
								60,
								235
							]
						},
						{
							"origin": [
								15,
								4.09808,
								8.90192
							],
							"size": [
								3,
								3,
								1
							],
							"uv": [
								60,
								235
							]
						},
						{
							"origin": [
								-18,
								6.03109,
								7.88397
							],
							"size": [
								3,
								3,
								1
							],
							"pivot": [
								-16.5,
								6.53109,
								9.88397
							],
							"rotation": [
								-30,
								0,
								0
							],
							"uv": [
								60,
								231
							]
						},
						{
							"origin": [
								-18,
								6.03109,
								8.88397
							],
							"size": [
								3,
								3,
								1
							],
							"pivot": [
								-16.5,
								6.53109,
								9.88397
							],
							"rotation": [
								-30,
								0,
								0
							],
							"uv": [
								60,
								231
							]
						},
						{
							"origin": [
								15,
								6.03109,
								7.88397
							],
							"size": [
								3,
								3,
								1
							],
							"pivot": [
								15.5,
								6.53109,
								9.88397
							],
							"rotation": [
								-30,
								0,
								0
							],
							"uv": [
								52,
								235
							]
						},
						{
							"origin": [
								15,
								6.03109,
								8.88397
							],
							"size": [
								3,
								3,
								1
							],
							"pivot": [
								15.5,
								6.53109,
								9.88397
							],
							"rotation": [
								-30,
								0,
								0
							],
							"uv": [
								52,
								235
							]
						},
						{
							"origin": [
								-18,
								7.7141,
								8.83494
							],
							"size": [
								3,
								3,
								1
							],
							"pivot": [
								-16.5,
								8.2141,
								10.83494
							],
							"rotation": [
								-60,
								0,
								0
							],
							"uv": [
								52,
								231
							]
						},
						{
							"origin": [
								-18,
								7.7141,
								9.83494
							],
							"size": [
								3,
								3,
								1
							],
							"pivot": [
								-16.5,
								8.2141,
								10.83494
							],
							"rotation": [
								-60,
								0,
								0
							],
							"uv": [
								52,
								231
							]
						},
						{
							"origin": [
								15,
								7.7141,
								8.83494
							],
							"size": [
								3,
								3,
								1
							],
							"pivot": [
								15.5,
								8.2141,
								10.83494
							],
							"rotation": [
								-60,
								0,
								0
							],
							"uv": [
								44,
								235
							]
						},
						{
							"origin": [
								15,
								7.7141,
								9.83494
							],
							"size": [
								3,
								3,
								1
							],
							"pivot": [
								15.5,
								8.2141,
								10.83494
							],
							"rotation": [
								-60,
								0,
								0
							],
							"uv": [
								44,
								235
							]
						},
						{
							"origin": [
								-18,
								7.53109,
								17.7141
							],
							"size": [
								3,
								3,
								1
							],
							"pivot": [
								-16.5,
								8.03109,
								19.7141
							],
							"rotation": [
								30,
								0,
								0
							],
							"uv": [
								44,
								231
							]
						},
						{
							"origin": [
								-18,
								7.53109,
								16.7141
							],
							"size": [
								3,
								3,
								1
							],
							"pivot": [
								-16.5,
								8.03109,
								19.7141
							],
							"rotation": [
								30,
								0,
								0
							],
							"uv": [
								44,
								231
							]
						},
						{
							"origin": [
								15,
								7.53109,
								17.7141
							],
							"size": [
								3,
								3,
								1
							],
							"pivot": [
								15.5,
								8.03109,
								19.7141
							],
							"rotation": [
								30,
								0,
								0
							],
							"uv": [
								36,
								235
							]
						},
						{
							"origin": [
								15,
								7.53109,
								16.7141
							],
							"size": [
								3,
								3,
								1
							],
							"pivot": [
								15.5,
								8.03109,
								19.7141
							],
							"rotation": [
								30,
								0,
								0
							],
							"uv": [
								36,
								235
							]
						},
						{
							"origin": [
								-18,
								10.31218,
								15.66506
							],
							"size": [
								3,
								3,
								1
							],
							"pivot": [
								-16.5,
								10.81218,
								17.66506
							],
							"rotation": [
								60,
								0,
								0
							],
							"uv": [
								36,
								231
							]
						},
						{
							"origin": [
								-18,
								10.31218,
								14.66506
							],
							"size": [
								3,
								3,
								1
							],
							"pivot": [
								-16.5,
								10.81218,
								17.66506
							],
							"rotation": [
								60,
								0,
								0
							],
							"uv": [
								36,
								231
							]
						},
						{
							"origin": [
								15,
								10.31218,
								15.66506
							],
							"size": [
								3,
								3,
								1
							],
							"pivot": [
								15.5,
								10.81218,
								17.66506
							],
							"rotation": [
								60,
								0,
								0
							],
							"uv": [
								28,
								235
							]
						},
						{
							"origin": [
								15,
								10.31218,
								14.66506
							],
							"size": [
								3,
								3,
								1
							],
							"pivot": [
								15.5,
								10.81218,
								17.66506
							],
							"rotation": [
								60,
								0,
								0
							],
							"uv": [
								28,
								235
							]
						},
						{
							"origin": [
								-18,
								0.93301,
								14.48205
							],
							"size": [
								3,
								1,
								3
							],
							"pivot": [
								-16.5,
								1.43301,
								16.48205
							],
							"rotation": [
								30,
								0,
								0
							],
							"uv": [
								84,
								204
							]
						},
						{
							"origin": [
								-18,
								1.93301,
								13.68205
							],
							"size": [
								3,
								1,
								3
							],
							"pivot": [
								-16.5,
								1.43301,
								16.48205
							],
							"rotation": [
								30,
								0,
								0
							],
							"uv": [
								84,
								204
							]
						},
						{
							"origin": [
								15,
								0.93301,
								14.48205
							],
							"size": [
								3,
								1,
								3
							],
							"pivot": [
								15.5,
								1.43301,
								16.48205
							],
							"rotation": [
								30,
								0,
								0
							],
							"uv": [
								72,
								212
							]
						},
						{
							"origin": [
								15,
								1.93301,
								13.68205
							],
							"size": [
								3,
								1,
								3
							],
							"pivot": [
								15.5,
								1.43301,
								16.48205
							],
							"rotation": [
								30,
								0,
								0
							],
							"uv": [
								72,
								212
							]
						},
						{
							"origin": [
								-18,
								2.98205,
								16.16506
							],
							"size": [
								3,
								1,
								3
							],
							"pivot": [
								-16.5,
								3.48205,
								18.16506
							],
							"rotation": [
								60,
								0,
								0
							],
							"uv": [
								72,
								208
							]
						},
						{
							"origin": [
								-18,
								3.98205,
								16.16506
							],
							"size": [
								3,
								1,
								3
							],
							"pivot": [
								-16.5,
								3.48205,
								18.16506
							],
							"rotation": [
								60,
								0,
								0
							],
							"uv": [
								72,
								208
							]
						},
						{
							"origin": [
								15,
								2.98205,
								16.16506
							],
							"size": [
								3,
								1,
								3
							],
							"pivot": [
								15.5,
								3.48205,
								18.16506
							],
							"rotation": [
								60,
								0,
								0
							],
							"uv": [
								72,
								204
							]
						},
						{
							"origin": [
								15,
								3.98205,
								16.16506
							],
							"size": [
								3,
								1,
								3
							],
							"pivot": [
								15.5,
								3.48205,
								18.16506
							],
							"rotation": [
								60,
								0,
								0
							],
							"uv": [
								72,
								204
							]
						}
					]
				}
			]
		}
	]
}