{
	"format_version": "1.12.0",
	"minecraft:geometry": [
		{
			"description": {
				"identifier": "geometry.opel_corsa",
				"texture_width": 304,
				"texture_height": 304,
				"visible_bounds_width": 7,
				"visible_bounds_height": 4.5,
				"visible_bounds_offset": [
					0,
					0.75,
					0
				]
			},
			"bones": [
				{
					"name": "body",
					"pivot": [
						0,
						-2,
						0
					],
					"cubes": [
						{
							"origin": [
								-17,
								2,
								-14
							],
							"size": [
								34,
								1,
								33
							],
							"uv": [
								0,
								0
							]
						},
						{
							"origin": [
								-17,
								30.31114,
								-0.68227
							],
							"size": [
								34,
								1,
								24
							],
							"uv": [
								134,
								0
							]
						},
						{
							"origin": [
								-16.5,
								16,
								-14
							],
							"size": [
								0,
								15,
								48
							],
							"uv": [
								164,
								130
							]
						},
						{
							"origin": [
								16.5,
								16,
								-14
							],
							"size": [
								0,
								15,
								48
							],
							"uv": [
								164,
								130
							]
						},
						{
							"origin": [
								-17,
								31.80307,
								-3.40925
							],
							"size": [
								34,
								1,
								3
							],
							"pivot": [
								-2,
								31.80307,
								10.59075
							],
							"rotation": [
								7.5,
								0,
								0
							],
							"uv": [
								74,
								139
							]
						},
						{
							"origin": [
								-17,
								29.1993,
								28.45223
							],
							"size": [
								34,
								1,
								2
							],
							"pivot": [
								0,
								29.1993,
								29.45223
							],
							"rotation": [
								-20,
								0,
								0
							],
							"uv": [
								136,
								149
							]
						},
						{
							"origin": [
								-17,
								29.72195,
								26.40066
							],
							"size": [
								34,
								1,
								2.3
							],
							"pivot": [
								0,
								29.72195,
								27.40066
							],
							"rotation": [
								-10,
								0,
								0
							],
							"uv": [
								136,
								146
							]
						},
						{
							"origin": [
								-17,
								30.05864,
								23.17009
							],
							"size": [
								34,
								1,
								3.3
							],
							"pivot": [
								0,
								30.05864,
								25.17009
							],
							"rotation": [
								-7.5,
								0,
								0
							],
							"uv": [
								0,
								139
							]
						},
						{
							"origin": [
								-17,
								34.19043,
								-8.17535
							],
							"size": [
								34,
								1,
								2
							],
							"pivot": [
								0,
								34.69043,
								4.32465
							],
							"rotation": [
								25,
								0,
								0
							],
							"uv": [
								0,
								156
							]
						},
						{
							"origin": [
								-1,
								32.19043,
								-8.17535
							],
							"size": [
								2,
								2,
								1
							],
							"pivot": [
								0,
								34.69043,
								4.32465
							],
							"rotation": [
								25,
								0,
								0
							],
							"uv": [
								58,
								290
							]
						},
						{
							"origin": [
								-1,
								26.59082,
								-7.05942
							],
							"size": [
								2,
								2,
								1
							],
							"pivot": [
								0,
								28.59082,
								-5.55942
							],
							"rotation": [
								75,
								0,
								0
							],
							"uv": [
								58,
								287
							]
						},
						{
							"origin": [
								-3,
								25.25955,
								-8.41712
							],
							"size": [
								6,
								1,
								4
							],
							"pivot": [
								0,
								28.25955,
								-5.91712
							],
							"rotation": [
								75,
								0,
								0
							],
							"uv": [
								80,
								211
							]
						},
						{
							"origin": [
								-17,
								31.34195,
								-5.44457
							],
							"size": [
								34,
								1,
								2
							],
							"pivot": [
								0,
								31.84195,
								7.05543
							],
							"rotation": [
								7.5,
								0,
								0
							],
							"uv": [
								0,
								153
							]
						},
						{
							"origin": [
								-17,
								16.12752,
								-34.38401
							],
							"size": [
								34,
								1,
								18
							],
							"inflate": -0.001,
							"pivot": [
								0,
								16.62752,
								-17.38401
							],
							"rotation": [
								13.9,
								0,
								0
							],
							"uv": [
								0,
								34
							]
						},
						{
							"origin": [
								-17,
								13.37237,
								-10.83781
							],
							"size": [
								1,
								17,
								1
							],
							"pivot": [
								-16,
								24.37237,
								-9.83781
							],
							"rotation": [
								-35,
								0,
								0
							],
							"uv": [
								32,
								236
							]
						},
						{
							"origin": [
								-17,
								16,
								-12
							],
							"size": [
								1,
								7,
								1
							],
							"uv": [
								54,
								287
							]
						},
						{
							"origin": [
								-23,
								16,
								-12
							],
							"size": [
								6,
								4,
								1
							],
							"pivot": [
								-17,
								18,
								-11.5
							],
							"rotation": [
								0,
								30,
								0
							],
							"uv": [
								76,
								236
							]
						},
						{
							"origin": [
								17,
								16,
								-12
							],
							"size": [
								6,
								4,
								1
							],
							"pivot": [
								17,
								18,
								-11.5
							],
							"rotation": [
								0,
								-30,
								0
							],
							"uv": [
								62,
								247
							]
						},
						{
							"origin": [
								16,
								13.37237,
								-10.83781
							],
							"size": [
								1,
								17,
								1
							],
							"pivot": [
								17,
								24.37237,
								-9.83781
							],
							"rotation": [
								-35,
								0,
								0
							],
							"uv": [
								28,
								236
							]
						},
						{
							"origin": [
								16,
								16,
								-12
							],
							"size": [
								1,
								7,
								1
							],
							"uv": [
								50,
								287
							]
						},
						{
							"origin": [
								-17,
								2,
								-16
							],
							"size": [
								34,
								15,
								4
							],
							"uv": [
								88,
								105
							]
						},
						{
							"origin": [
								-17,
								16,
								-18
							],
							"size": [
								34,
								1,
								2
							],
							"uv": [
								74,
								143
							]
						},
						{
							"origin": [
								-16,
								16,
								-12
							],
							"size": [
								32,
								1,
								1
							],
							"uv": [
								0,
								159
							]
						},
						{
							"origin": [
								-16,
								12.28007,
								-9.73667
							],
							"size": [
								32,
								5,
								2
							],
							"pivot": [
								-1,
								9.78007,
								-8.73667
							],
							"rotation": [
								25,
								0,
								0
							],
							"uv": [
								148,
								139
							]
						},
						{
							"origin": [
								-17,
								3,
								-12
							],
							"size": [
								1,
								13,
								31
							],
							"uv": [
								64,
								61
							]
						},
						{
							"origin": [
								-17,
								13,
								19
							],
							"size": [
								1,
								3,
								15
							],
							"uv": [
								64,
								179
							]
						},
						{
							"origin": [
								16,
								13,
								19
							],
							"size": [
								1,
								3,
								15
							],
							"uv": [
								32,
								179
							]
						},
						{
							"origin": [
								-17,
								2,
								34
							],
							"size": [
								34,
								14.5,
								1
							],
							"uv": [
								232,
								124
							]
						},
						{
							"origin": [
								16,
								13,
								33
							],
							"size": [
								1,
								3,
								1
							],
							"uv": [
								74,
								291
							]
						},
						{
							"origin": [
								-17,
								12,
								24
							],
							"size": [
								4,
								1,
								10
							],
							"uv": [
								96,
								190
							]
						},
						{
							"origin": [
								-17,
								12,
								-26
							],
							"size": [
								4,
								1,
								5
							],
							"uv": [
								0,
								219
							]
						},
						{
							"origin": [
								-17,
								2,
								33
							],
							"size": [
								4,
								10,
								1
							],
							"uv": [
								62,
								236
							]
						},
						{
							"origin": [
								13,
								2,
								33
							],
							"size": [
								4,
								10,
								1
							],
							"uv": [
								52,
								236
							]
						},
						{
							"origin": [
								13,
								12,
								24
							],
							"size": [
								4,
								1,
								10
							],
							"uv": [
								96,
								179
							]
						},
						{
							"origin": [
								13,
								12,
								-27
							],
							"size": [
								4,
								1,
								6
							],
							"uv": [
								40,
								205
							]
						},
						{
							"origin": [
								12,
								2,
								19
							],
							"size": [
								1,
								11,
								15
							],
							"uv": [
								0,
								179
							]
						},
						{
							"origin": [
								12,
								2,
								-32
							],
							"size": [
								1,
								11,
								15
							],
							"uv": [
								72,
								153
							]
						},
						{
							"origin": [
								-16,
								3,
								12
							],
							"size": [
								32,
								7,
								7
							],
							"uv": [
								0,
								124
							]
						},
						{
							"origin": [
								-16,
								3,
								-1
							],
							"size": [
								32,
								7,
								7
							],
							"uv": [
								164,
								105
							]
						},
						{
							"origin": [
								-2,
								3,
								-14
							],
							"size": [
								4,
								8,
								18
							],
							"uv": [
								242,
								93
							]
						},
						{
							"origin": [
								-16,
								10,
								17
							],
							"size": [
								32,
								5,
								2
							],
							"uv": [
								68,
								146
							]
						},
						{
							"origin": [
								-16,
								10,
								4
							],
							"size": [
								32,
								5,
								2
							],
							"uv": [
								0,
								146
							]
						},
						{
							"origin": [
								4,
								15,
								17
							],
							"size": [
								8,
								4,
								2
							],
							"uv": [
								80,
								205
							]
						},
						{
							"origin": [
								-12,
								15,
								17
							],
							"size": [
								8,
								4,
								2
							],
							"uv": [
								60,
								205
							]
						},
						{
							"origin": [
								4,
								15,
								4
							],
							"size": [
								8,
								4,
								2
							],
							"uv": [
								60,
								211
							]
						},
						{
							"origin": [
								-12,
								15,
								4
							],
							"size": [
								8,
								4,
								2
							],
							"uv": [
								40,
								212
							]
						},
						{
							"origin": [
								-12,
								2,
								19
							],
							"size": [
								24,
								8,
								15
							],
							"uv": [
								128,
								61
							]
						},
						{
							"origin": [
								-13,
								2,
								19
							],
							"size": [
								1,
								11,
								15
							],
							"uv": [
								104,
								153
							]
						},
						{
							"origin": [
								-13,
								2,
								-32
							],
							"size": [
								25,
								11,
								16
							],
							"uv": [
								200,
								34
							]
						},
						{
							"origin": [
								-17,
								13,
								-30
							],
							"size": [
								34,
								1,
								14
							],
							"uv": [
								104,
								34
							]
						},
						{
							"origin": [
								-17,
								14,
								-26
							],
							"size": [
								34,
								1,
								10
							],
							"uv": [
								0,
								105
							]
						},
						{
							"origin": [
								-17,
								15,
								-22
							],
							"size": [
								34,
								1,
								6
							],
							"uv": [
								152,
								124
							]
						},
						{
							"origin": [
								-17,
								8,
								-17
							],
							"size": [
								4,
								5,
								1
							],
							"uv": [
								78,
								274
							]
						},
						{
							"origin": [
								13,
								8,
								-17
							],
							"size": [
								4,
								5,
								1
							],
							"uv": [
								44,
								274
							]
						},
						{
							"origin": [
								-17,
								8,
								-32
							],
							"size": [
								4,
								5,
								2
							],
							"inflate": -0.01,
							"uv": [
								0,
								254
							]
						},
						{
							"origin": [
								13,
								8,
								-32
							],
							"size": [
								4,
								5,
								2
							],
							"inflate": -0.001,
							"uv": [
								76,
								241
							]
						},
						{
							"origin": [
								-17,
								9,
								-18
							],
							"size": [
								4,
								4,
								1
							],
							"uv": [
								130,
								274
							]
						},
						{
							"origin": [
								13,
								9,
								-18
							],
							"size": [
								4,
								4,
								1
							],
							"uv": [
								108,
								274
							]
						},
						{
							"origin": [
								-17,
								9,
								-31
							],
							"size": [
								4,
								4,
								2
							],
							"uv": [
								152,
								261
							]
						},
						{
							"origin": [
								13,
								9,
								-31
							],
							"size": [
								4,
								4,
								2
							],
							"uv": [
								140,
								261
							]
						},
						{
							"origin": [
								-17,
								11,
								-19
							],
							"size": [
								4,
								2,
								1
							],
							"uv": [
								20,
								287
							]
						},
						{
							"origin": [
								13,
								11,
								-19
							],
							"size": [
								4,
								2,
								1
							],
							"uv": [
								10,
								291
							]
						},
						{
							"origin": [
								-17,
								11,
								-30
							],
							"size": [
								4,
								2,
								2
							],
							"uv": [
								66,
								274
							]
						},
						{
							"origin": [
								13,
								11,
								-30
							],
							"size": [
								4,
								2,
								2
							],
							"uv": [
								54,
								274
							]
						},
						{
							"origin": [
								-17,
								12,
								-21
							],
							"size": [
								4,
								1,
								2
							],
							"uv": [
								118,
								277
							]
						},
						{
							"origin": [
								13,
								12,
								-21
							],
							"size": [
								4,
								1,
								2
							],
							"uv": [
								118,
								274
							]
						},
						{
							"origin": [
								-17,
								12,
								-29
							],
							"size": [
								4,
								1,
								3
							],
							"uv": [
								164,
								261
							]
						},
						{
							"origin": [
								13,
								12,
								-29
							],
							"size": [
								4,
								1,
								3
							],
							"uv": [
								126,
								261
							]
						},
						{
							"origin": [
								-17,
								2,
								-34
							],
							"size": [
								34,
								11,
								3
							],
							"uv": [
								78,
								124
							]
						},
						{
							"origin": [
								-17,
								11.31699,
								21.45096
							],
							"size": [
								4,
								1,
								3
							],
							"inflate": 0.0001,
							"pivot": [
								-14,
								11.81699,
								22.95096
							],
							"rotation": [
								30,
								0,
								0
							],
							"uv": [
								56,
								267
							]
						},
						{
							"origin": [
								-17,
								11.31699,
								-28.54904
							],
							"size": [
								4,
								1,
								3
							],
							"pivot": [
								-14,
								11.81699,
								-27.04904
							],
							"rotation": [
								30,
								0,
								0
							],
							"uv": [
								28,
								267
							]
						},
						{
							"origin": [
								-17,
								11.31699,
								-21.45096
							],
							"size": [
								4,
								1,
								3
							],
							"pivot": [
								-14,
								11.81699,
								-19.95096
							],
							"rotation": [
								-30,
								0,
								0
							],
							"uv": [
								0,
								267
							]
						},
						{
							"origin": [
								13,
								11.31699,
								-21.45096
							],
							"size": [
								4,
								1,
								3
							],
							"pivot": [
								16,
								11.81699,
								-19.95096
							],
							"rotation": [
								-30,
								0,
								0
							],
							"uv": [
								178,
								261
							]
						},
						{
							"origin": [
								-17,
								11.31699,
								29.54904
							],
							"size": [
								4,
								1,
								3
							],
							"inflate": 0.0001,
							"pivot": [
								-14,
								11.81699,
								31.04904
							],
							"rotation": [
								-30,
								0,
								0
							],
							"uv": [
								206,
								261
							]
						},
						{
							"origin": [
								13,
								11.31699,
								29.54904
							],
							"size": [
								4,
								1,
								3
							],
							"inflate": 0.0001,
							"pivot": [
								16,
								11.81699,
								31.04904
							],
							"rotation": [
								-30,
								0,
								0
							],
							"uv": [
								192,
								261
							]
						},
						{
							"origin": [
								13,
								11.31699,
								21.45096
							],
							"size": [
								4,
								1,
								3
							],
							"inflate": 0.0001,
							"pivot": [
								16,
								11.81699,
								22.95096
							],
							"rotation": [
								30,
								0,
								0
							],
							"uv": [
								42,
								267
							]
						},
						{
							"origin": [
								13,
								11.31699,
								-28.54904
							],
							"size": [
								4,
								1,
								3
							],
							"pivot": [
								16,
								11.81699,
								-27.04904
							],
							"rotation": [
								30,
								0,
								0
							],
							"uv": [
								14,
								267
							]
						},
						{
							"origin": [
								-17,
								9.45096,
								17.58494
							],
							"size": [
								4,
								1,
								5
							],
							"inflate": 0.0001,
							"pivot": [
								-14,
								9.95096,
								21.08494
							],
							"rotation": [
								60,
								0,
								0
							],
							"uv": [
								18,
								225
							]
						},
						{
							"origin": [
								-17,
								9.45096,
								-32.41506
							],
							"size": [
								4,
								1,
								5
							],
							"pivot": [
								-14,
								9.95096,
								-28.91506
							],
							"rotation": [
								60,
								0,
								0
							],
							"uv": [
								0,
								225
							]
						},
						{
							"origin": [
								13,
								9.45096,
								-32.41506
							],
							"size": [
								4,
								1,
								5
							],
							"pivot": [
								16,
								9.95096,
								-28.91506
							],
							"rotation": [
								60,
								0,
								0
							],
							"uv": [
								100,
								205
							]
						},
						{
							"origin": [
								-17,
								7.71891,
								-20.58494
							],
							"size": [
								4,
								1,
								5
							],
							"pivot": [
								-14,
								8.21891,
								-17.08494
							],
							"rotation": [
								-60,
								0,
								0
							],
							"uv": [
								118,
								205
							]
						},
						{
							"origin": [
								13,
								7.71891,
								-20.58494
							],
							"size": [
								4,
								1,
								5
							],
							"pivot": [
								16,
								8.21891,
								-17.08494
							],
							"rotation": [
								-60,
								0,
								0
							],
							"uv": [
								100,
								211
							]
						},
						{
							"origin": [
								-17,
								7.71891,
								30.41506
							],
							"size": [
								4,
								1,
								4
							],
							"inflate": 0.0001,
							"pivot": [
								-14,
								8.21891,
								33.91506
							],
							"rotation": [
								-60,
								0,
								0
							],
							"uv": [
								36,
								241
							]
						},
						{
							"origin": [
								13,
								7.71891,
								30.41506
							],
							"size": [
								4,
								1,
								4
							],
							"pivot": [
								16,
								8.21891,
								33.91506
							],
							"rotation": [
								-60,
								0,
								0
							],
							"uv": [
								36,
								236
							]
						},
						{
							"origin": [
								13,
								9.45096,
								17.58494
							],
							"size": [
								4,
								1,
								5
							],
							"inflate": 0.0001,
							"pivot": [
								16,
								9.95096,
								21.08494
							],
							"rotation": [
								60,
								0,
								0
							],
							"uv": [
								18,
								219
							]
						},
						{
							"origin": [
								-17,
								2,
								19
							],
							"size": [
								4,
								6,
								1
							],
							"uv": [
								20,
								274
							]
						},
						{
							"origin": [
								-17,
								2,
								-31
							],
							"size": [
								4,
								6,
								1
							],
							"uv": [
								0,
								274
							]
						},
						{
							"origin": [
								-17,
								2,
								-17
							],
							"size": [
								4,
								6,
								1
							],
							"uv": [
								192,
								267
							]
						},
						{
							"origin": [
								13,
								2,
								-17
							],
							"size": [
								4,
								6,
								1
							],
							"uv": [
								182,
								267
							]
						},
						{
							"origin": [
								13,
								2,
								19
							],
							"size": [
								4,
								6,
								1
							],
							"uv": [
								10,
								274
							]
						},
						{
							"origin": [
								13,
								2,
								-31
							],
							"size": [
								4,
								6,
								1
							],
							"uv": [
								202,
								267
							]
						},
						{
							"origin": [
								13,
								8,
								19
							],
							"size": [
								4,
								5,
								1
							],
							"uv": [
								98,
								274
							]
						},
						{
							"origin": [
								-17,
								8,
								19
							],
							"size": [
								4,
								5,
								1
							],
							"uv": [
								88,
								274
							]
						},
						{
							"origin": [
								13,
								9,
								20
							],
							"size": [
								4,
								4,
								1
							],
							"uv": [
								162,
								274
							]
						},
						{
							"origin": [
								-17,
								9,
								20
							],
							"size": [
								4,
								4,
								1
							],
							"uv": [
								140,
								274
							]
						},
						{
							"origin": [
								13,
								11,
								21
							],
							"size": [
								4,
								2,
								1
							],
							"uv": [
								40,
								287
							]
						},
						{
							"origin": [
								-17,
								11,
								21
							],
							"size": [
								4,
								2,
								1
							],
							"uv": [
								30,
								290
							]
						},
						{
							"origin": [
								-17,
								11,
								32
							],
							"size": [
								4,
								2,
								1
							],
							"uv": [
								30,
								287
							]
						},
						{
							"origin": [
								13,
								11,
								32
							],
							"size": [
								4,
								2,
								1
							],
							"uv": [
								20,
								290
							]
						},
						{
							"origin": [
								13,
								12,
								22
							],
							"size": [
								4,
								1,
								2
							],
							"uv": [
								150,
								277
							]
						},
						{
							"origin": [
								-17,
								12,
								22
							],
							"size": [
								4,
								1,
								2
							],
							"uv": [
								150,
								274
							]
						},
						{
							"origin": [
								-17,
								16,
								4
							],
							"size": [
								1,
								15,
								2
							],
							"uv": [
								54,
								219
							]
						},
						{
							"origin": [
								-17,
								16,
								18
							],
							"size": [
								1,
								15,
								2
							],
							"uv": [
								36,
								219
							]
						},
						{
							"origin": [
								-17,
								15.70454,
								30.1334
							],
							"size": [
								1,
								14,
								2
							],
							"pivot": [
								-16.5,
								25.20454,
								31.1334
							],
							"rotation": [
								17.5,
								0,
								0
							],
							"uv": [
								22,
								236
							]
						},
						{
							"origin": [
								16,
								15.70454,
								30.1334
							],
							"size": [
								1,
								14,
								2
							],
							"pivot": [
								16.5,
								25.20454,
								31.1334
							],
							"rotation": [
								17.5,
								0,
								0
							],
							"uv": [
								16,
								236
							]
						},
						{
							"origin": [
								16,
								16,
								4
							],
							"size": [
								1,
								15,
								2
							],
							"uv": [
								48,
								219
							]
						},
						{
							"origin": [
								16,
								16,
								18
							],
							"size": [
								1,
								15,
								2
							],
							"uv": [
								42,
								219
							]
						},
						{
							"origin": [
								16,
								3,
								-12
							],
							"size": [
								1,
								13,
								31
							],
							"uv": [
								0,
								61
							]
						}
					]
				},
				{
					"name": "steer",
					"parent": "body",
					"pivot": [
						8,
						15.69674,
						-6.32
					],
					"cubes": [
						{
							"origin": [
								5,
								15.28007,
								-6.73667
							],
							"size": [
								6,
								1,
								1
							],
							"pivot": [
								-1,
								9.78007,
								-5.73667
							],
							"rotation": [
								25,
								0,
								0
							],
							"uv": [
								30,
								274
							]
						},
						{
							"origin": [
								7,
								15.28007,
								-7.73667
							],
							"size": [
								2,
								1,
								1
							],
							"pivot": [
								-1,
								9.78007,
								-5.73667
							],
							"rotation": [
								25,
								0,
								0
							],
							"uv": [
								58,
								293
							]
						},
						{
							"origin": [
								4,
								15.28007,
								-6.73667
							],
							"size": [
								1,
								3,
								1
							],
							"pivot": [
								-1,
								9.78007,
								-5.73667
							],
							"rotation": [
								25,
								0,
								0
							],
							"uv": [
								64,
								291
							]
						},
						{
							"origin": [
								5,
								18.28007,
								-6.73667
							],
							"size": [
								2,
								1,
								1
							],
							"pivot": [
								-1,
								9.78007,
								-5.73667
							],
							"rotation": [
								25,
								0,
								0
							],
							"uv": [
								68,
								287
							]
						},
						{
							"origin": [
								7,
								19.28007,
								-6.73667
							],
							"size": [
								2,
								1,
								1
							],
							"pivot": [
								-1,
								9.78007,
								-5.73667
							],
							"rotation": [
								25,
								0,
								0
							],
							"uv": [
								74,
								289
							]
						},
						{
							"origin": [
								9,
								18.28007,
								-6.73667
							],
							"size": [
								2,
								1,
								1
							],
							"pivot": [
								-1,
								9.78007,
								-5.73667
							],
							"rotation": [
								25,
								0,
								0
							],
							"uv": [
								68,
								289
							]
						},
						{
							"origin": [
								11,
								15.28007,
								-6.73667
							],
							"size": [
								1,
								3,
								1
							],
							"pivot": [
								-1,
								9.78007,
								-5.73667
							],
							"rotation": [
								25,
								0,
								0
							],
							"uv": [
								64,
								287
							]
						},
						{
							"origin": [
								11,
								13.28007,
								-6.73667
							],
							"size": [
								1,
								2,
								1
							],
							"pivot": [
								-1,
								9.78007,
								-5.73667
							],
							"rotation": [
								25,
								0,
								0
							],
							"uv": [
								80,
								287
							]
						},
						{
							"origin": [
								9,
								12.28007,
								-6.73667
							],
							"size": [
								2,
								1,
								1
							],
							"pivot": [
								-1,
								9.78007,
								-5.73667
							],
							"rotation": [
								25,
								0,
								0
							],
							"uv": [
								68,
								291
							]
						},
						{
							"origin": [
								7,
								11.28007,
								-6.73667
							],
							"size": [
								2,
								1,
								1
							],
							"pivot": [
								-1,
								9.78007,
								-5.73667
							],
							"rotation": [
								25,
								0,
								0
							],
							"uv": [
								74,
								287
							]
						},
						{
							"origin": [
								5,
								12.28007,
								-6.73667
							],
							"size": [
								2,
								1,
								1
							],
							"pivot": [
								-1,
								9.78007,
								-5.73667
							],
							"rotation": [
								25,
								0,
								0
							],
							"uv": [
								68,
								293
							]
						},
						{
							"origin": [
								4,
								13.28007,
								-6.73667
							],
							"size": [
								1,
								2,
								1
							],
							"pivot": [
								-1,
								9.78007,
								-5.73667
							],
							"rotation": [
								25,
								0,
								0
							],
							"uv": [
								80,
								290
							]
						}
					]
				},
				{
					"name": "leg0",
					"pivot": [
						-15,
						5.5981,
						-23.5
					],
					"cubes": [
						{
							"origin": [
								-17,
								0,
								-25
							],
							"size": [
								4,
								1,
								3
							],
							"uv": [
								168,
								267
							]
						},
						{
							"origin": [
								13,
								0,
								-25
							],
							"size": [
								4,
								1,
								3
							],
							"uv": [
								112,
								261
							]
						},
						{
							"origin": [
								-17,
								10.19615,
								-25
							],
							"size": [
								4,
								1,
								3
							],
							"uv": [
								98,
								267
							]
						},
						{
							"origin": [
								-16,
								9.19615,
								-26
							],
							"size": [
								3,
								1,
								5
							],
							"uv": [
								0,
								248
							]
						},
						{
							"origin": [
								13,
								9.19615,
								-26
							],
							"size": [
								3,
								1,
								5
							],
							"uv": [
								92,
								219
							]
						},
						{
							"origin": [
								-16,
								1,
								-26
							],
							"size": [
								3,
								1.1962,
								5
							],
							"uv": [
								0,
								242
							]
						},
						{
							"origin": [
								13,
								1,
								-26
							],
							"size": [
								3,
								1.1962,
								5
							],
							"uv": [
								0,
								236
							]
						},
						{
							"origin": [
								-16,
								2.19615,
								-27
							],
							"size": [
								3,
								7,
								7
							],
							"uv": [
								20,
								205
							]
						},
						{
							"origin": [
								13,
								2.19615,
								-27
							],
							"size": [
								3,
								7,
								7
							],
							"uv": [
								0,
								205
							]
						},
						{
							"origin": [
								13,
								10.19615,
								-25
							],
							"size": [
								4,
								1,
								3
							],
							"uv": [
								70,
								261
							]
						},
						{
							"origin": [
								-17,
								0.93301,
								-27.48205
							],
							"size": [
								4,
								1,
								3
							],
							"pivot": [
								-15,
								1.43301,
								-26.48205
							],
							"rotation": [
								-30,
								0,
								0
							],
							"uv": [
								126,
								267
							]
						},
						{
							"origin": [
								13,
								0.93301,
								-27.48205
							],
							"size": [
								4,
								1,
								3
							],
							"pivot": [
								-15,
								1.43301,
								-26.48205
							],
							"rotation": [
								-30,
								0,
								0
							],
							"uv": [
								56,
								261
							]
						},
						{
							"origin": [
								-17,
								9.26314,
								-22.51795
							],
							"size": [
								4,
								1,
								3
							],
							"pivot": [
								-15,
								9.76314,
								-20.51795
							],
							"rotation": [
								-30,
								0,
								0
							],
							"uv": [
								84,
								267
							]
						},
						{
							"origin": [
								13,
								9.26314,
								-22.51795
							],
							"size": [
								4,
								1,
								3
							],
							"pivot": [
								-15,
								9.76314,
								-20.51795
							],
							"rotation": [
								-30,
								0,
								0
							],
							"uv": [
								42,
								261
							]
						},
						{
							"origin": [
								-17,
								2.98205,
								-29.16506
							],
							"size": [
								4,
								1,
								3
							],
							"pivot": [
								-15,
								3.48205,
								-28.16506
							],
							"rotation": [
								-60,
								0,
								0
							],
							"uv": [
								112,
								267
							]
						},
						{
							"origin": [
								13,
								2.98205,
								-29.16506
							],
							"size": [
								4,
								1,
								3
							],
							"pivot": [
								-15,
								3.48205,
								-28.16506
							],
							"rotation": [
								-60,
								0,
								0
							],
							"uv": [
								28,
								261
							]
						},
						{
							"origin": [
								-17,
								7.2141,
								-20.83494
							],
							"size": [
								4,
								1,
								3
							],
							"pivot": [
								-15,
								7.7141,
								-18.83494
							],
							"rotation": [
								-60,
								0,
								0
							],
							"uv": [
								70,
								267
							]
						},
						{
							"origin": [
								13,
								7.2141,
								-20.83494
							],
							"size": [
								4,
								1,
								3
							],
							"pivot": [
								-15,
								7.7141,
								-18.83494
							],
							"rotation": [
								-60,
								0,
								0
							],
							"uv": [
								14,
								261
							]
						},
						{
							"origin": [
								-17,
								4.09808,
								-18.90192
							],
							"size": [
								4,
								3,
								1
							],
							"uv": [
								10,
								287
							]
						},
						{
							"origin": [
								-16,
								3.09808,
								-20.00002
							],
							"size": [
								3,
								5,
								1.0981
							],
							"uv": [
								136,
								281
							]
						},
						{
							"origin": [
								13,
								3.09808,
								-20.00002
							],
							"size": [
								3,
								5,
								1.0981
							],
							"uv": [
								120,
								281
							]
						},
						{
							"origin": [
								13,
								4.09808,
								-18.90192
							],
							"size": [
								4,
								3,
								1
							],
							"uv": [
								174,
								281
							]
						},
						{
							"origin": [
								-17,
								4.09808,
								-29.09808
							],
							"size": [
								4,
								3,
								1
							],
							"uv": [
								0,
								291
							]
						},
						{
							"origin": [
								-16,
								3.09808,
								-28.09808
							],
							"size": [
								3,
								5,
								1.0981
							],
							"uv": [
								128,
								281
							]
						},
						{
							"origin": [
								13,
								3.09808,
								-28.09808
							],
							"size": [
								3,
								5,
								1.0981
							],
							"uv": [
								112,
								281
							]
						},
						{
							"origin": [
								13,
								4.09808,
								-29.09808
							],
							"size": [
								4,
								3,
								1
							],
							"uv": [
								164,
								281
							]
						},
						{
							"origin": [
								-17,
								7.53109,
								-28.7141
							],
							"size": [
								4,
								3,
								1
							],
							"pivot": [
								-15,
								8.03109,
								-29.7141
							],
							"rotation": [
								-30,
								0,
								0
							],
							"uv": [
								0,
								287
							]
						},
						{
							"origin": [
								13,
								7.53109,
								-28.7141
							],
							"size": [
								4,
								3,
								1
							],
							"pivot": [
								-15,
								8.03109,
								-29.7141
							],
							"rotation": [
								-30,
								0,
								0
							],
							"uv": [
								154,
								281
							]
						},
						{
							"origin": [
								-17,
								10.31218,
								-26.66506
							],
							"size": [
								4,
								3,
								1
							],
							"pivot": [
								-15,
								10.81218,
								-27.66506
							],
							"rotation": [
								-60,
								0,
								0
							],
							"uv": [
								184,
								281
							]
						},
						{
							"origin": [
								13,
								10.31218,
								-26.66506
							],
							"size": [
								4,
								3,
								1
							],
							"pivot": [
								-15,
								10.81218,
								-27.66506
							],
							"rotation": [
								-60,
								0,
								0
							],
							"uv": [
								144,
								281
							]
						},
						{
							"origin": [
								-17,
								0.43301,
								-22.38397
							],
							"size": [
								4,
								1,
								3
							],
							"pivot": [
								-15,
								0.93301,
								-21.38397
							],
							"rotation": [
								30,
								0,
								0
							],
							"uv": [
								154,
								267
							]
						},
						{
							"origin": [
								13,
								0.43301,
								-22.38397
							],
							"size": [
								4,
								1,
								3
							],
							"pivot": [
								-15,
								0.93301,
								-21.38397
							],
							"rotation": [
								30,
								0,
								0
							],
							"uv": [
								84,
								261
							]
						},
						{
							"origin": [
								-17,
								2.11603,
								-20.33494
							],
							"size": [
								4,
								1,
								3
							],
							"pivot": [
								-15,
								2.61603,
								-19.33494
							],
							"rotation": [
								60,
								0,
								0
							],
							"uv": [
								140,
								267
							]
						},
						{
							"origin": [
								13,
								2.11603,
								-20.33494
							],
							"size": [
								4,
								1,
								3
							],
							"pivot": [
								-15,
								2.61603,
								-19.33494
							],
							"rotation": [
								60,
								0,
								0
							],
							"uv": [
								98,
								261
							]
						}
					]
				},
				{
					"name": "leg1",
					"pivot": [
						-15,
						5.5981,
						26.5
					],
					"cubes": [
						{
							"origin": [
								-17,
								0,
								25
							],
							"size": [
								4,
								1,
								3
							],
							"uv": [
								0,
								261
							]
						},
						{
							"origin": [
								13,
								0,
								25
							],
							"size": [
								4,
								1,
								3
							],
							"uv": [
								208,
								254
							]
						},
						{
							"origin": [
								-17,
								10.19615,
								25
							],
							"size": [
								4,
								1,
								3
							],
							"uv": [
								194,
								254
							]
						},
						{
							"origin": [
								-16,
								9.19615,
								24
							],
							"size": [
								3,
								1,
								5
							],
							"uv": [
								76,
								225
							]
						},
						{
							"origin": [
								13,
								9.19615,
								24
							],
							"size": [
								3,
								1,
								5
							],
							"uv": [
								76,
								219
							]
						},
						{
							"origin": [
								-16,
								1,
								24
							],
							"size": [
								3,
								1.1962,
								5
							],
							"uv": [
								60,
								225
							]
						},
						{
							"origin": [
								13,
								1,
								24
							],
							"size": [
								3,
								1.1962,
								5
							],
							"uv": [
								60,
								219
							]
						},
						{
							"origin": [
								-16,
								2.19615,
								23
							],
							"size": [
								3,
								7,
								7
							],
							"uv": [
								144,
								179
							]
						},
						{
							"origin": [
								13,
								2.19615,
								23
							],
							"size": [
								3,
								7,
								7
							],
							"uv": [
								124,
								179
							]
						},
						{
							"origin": [
								13,
								10.19615,
								25
							],
							"size": [
								4,
								1,
								3
							],
							"uv": [
								180,
								254
							]
						},
						{
							"origin": [
								-17,
								0.93301,
								22.51795
							],
							"size": [
								4,
								1,
								3
							],
							"pivot": [
								-15,
								1.43301,
								23.51795
							],
							"rotation": [
								-30,
								0,
								0
							],
							"uv": [
								166,
								254
							]
						},
						{
							"origin": [
								13,
								0.93301,
								22.51795
							],
							"size": [
								4,
								1,
								3
							],
							"pivot": [
								-15,
								1.43301,
								23.51795
							],
							"rotation": [
								-30,
								0,
								0
							],
							"uv": [
								152,
								254
							]
						},
						{
							"origin": [
								-17,
								9.26314,
								27.48205
							],
							"size": [
								4,
								1,
								3
							],
							"pivot": [
								-15,
								9.76314,
								29.48205
							],
							"rotation": [
								-30,
								0,
								0
							],
							"uv": [
								138,
								254
							]
						},
						{
							"origin": [
								13,
								9.26314,
								27.48205
							],
							"size": [
								4,
								1,
								3
							],
							"pivot": [
								-15,
								9.76314,
								29.48205
							],
							"rotation": [
								-30,
								0,
								0
							],
							"uv": [
								124,
								254
							]
						},
						{
							"origin": [
								-17,
								2.98205,
								20.83494
							],
							"size": [
								4,
								1,
								3
							],
							"pivot": [
								-15,
								3.48205,
								21.83494
							],
							"rotation": [
								-60,
								0,
								0
							],
							"uv": [
								110,
								254
							]
						},
						{
							"origin": [
								13,
								2.98205,
								20.83494
							],
							"size": [
								4,
								1,
								3
							],
							"pivot": [
								-15,
								3.48205,
								21.83494
							],
							"rotation": [
								-60,
								0,
								0
							],
							"uv": [
								96,
								254
							]
						},
						{
							"origin": [
								-17,
								7.2141,
								29.16506
							],
							"size": [
								4,
								1,
								3
							],
							"pivot": [
								-15,
								7.7141,
								31.16506
							],
							"rotation": [
								-60,
								0,
								0
							],
							"uv": [
								82,
								254
							]
						},
						{
							"origin": [
								13,
								7.2141,
								29.16506
							],
							"size": [
								4,
								1,
								3
							],
							"pivot": [
								-15,
								7.7141,
								31.16506
							],
							"rotation": [
								-60,
								0,
								0
							],
							"uv": [
								68,
								254
							]
						},
						{
							"origin": [
								-17,
								4.09808,
								31.09808
							],
							"size": [
								4,
								3,
								1
							],
							"uv": [
								102,
								281
							]
						},
						{
							"origin": [
								-16,
								3.09808,
								29.99998
							],
							"size": [
								3,
								5,
								1.0981
							],
							"uv": [
								94,
								281
							]
						},
						{
							"origin": [
								13,
								3.09808,
								29.99998
							],
							"size": [
								3,
								5,
								1.0981
							],
							"uv": [
								86,
								281
							]
						},
						{
							"origin": [
								13,
								4.09808,
								31.09808
							],
							"size": [
								4,
								3,
								1
							],
							"uv": [
								76,
								281
							]
						},
						{
							"origin": [
								-17,
								4.09808,
								20.90192
							],
							"size": [
								4,
								3,
								1
							],
							"uv": [
								66,
								281
							]
						},
						{
							"origin": [
								-16,
								3.09808,
								21.90192
							],
							"size": [
								3,
								5,
								1.0981
							],
							"uv": [
								58,
								281
							]
						},
						{
							"origin": [
								13,
								3.09808,
								21.90192
							],
							"size": [
								3,
								5,
								1.0981
							],
							"uv": [
								50,
								281
							]
						},
						{
							"origin": [
								13,
								4.09808,
								20.90192
							],
							"size": [
								4,
								3,
								1
							],
							"uv": [
								40,
								281
							]
						},
						{
							"origin": [
								-17,
								7.53109,
								21.2859
							],
							"size": [
								4,
								3,
								1
							],
							"pivot": [
								-15,
								8.03109,
								20.2859
							],
							"rotation": [
								-30,
								0,
								0
							],
							"uv": [
								30,
								281
							]
						},
						{
							"origin": [
								13,
								7.53109,
								21.2859
							],
							"size": [
								4,
								3,
								1
							],
							"pivot": [
								-15,
								8.03109,
								20.2859
							],
							"rotation": [
								-30,
								0,
								0
							],
							"uv": [
								20,
								281
							]
						},
						{
							"origin": [
								-17,
								10.31218,
								23.33494
							],
							"size": [
								4,
								3,
								1
							],
							"pivot": [
								-15,
								10.81218,
								22.33494
							],
							"rotation": [
								-60,
								0,
								0
							],
							"uv": [
								10,
								281
							]
						},
						{
							"origin": [
								13,
								10.31218,
								23.33494
							],
							"size": [
								4,
								3,
								1
							],
							"pivot": [
								-15,
								10.81218,
								22.33494
							],
							"rotation": [
								-60,
								0,
								0
							],
							"uv": [
								0,
								281
							]
						},
						{
							"origin": [
								-17,
								0.43301,
								27.61603
							],
							"size": [
								4,
								1,
								3
							],
							"pivot": [
								-15,
								0.93301,
								28.61603
							],
							"rotation": [
								30,
								0,
								0
							],
							"uv": [
								54,
								254
							]
						},
						{
							"origin": [
								13,
								0.43301,
								27.61603
							],
							"size": [
								4,
								1,
								3
							],
							"pivot": [
								-15,
								0.93301,
								28.61603
							],
							"rotation": [
								30,
								0,
								0
							],
							"uv": [
								40,
								254
							]
						},
						{
							"origin": [
								-17,
								2.11603,
								29.66506
							],
							"size": [
								4,
								1,
								3
							],
							"pivot": [
								-15,
								2.61603,
								30.66506
							],
							"rotation": [
								60,
								0,
								0
							],
							"uv": [
								26,
								254
							]
						},
						{
							"origin": [
								13,
								2.11603,
								29.66506
							],
							"size": [
								4,
								1,
								3
							],
							"pivot": [
								-15,
								2.61603,
								30.66506
							],
							"rotation": [
								60,
								0,
								0
							],
							"uv": [
								12,
								254
							]
						}
					]
				}
			]
		}
	]
}