{
	"format_version": "1.8.0",
	"animations": {
		"animation.metro_subway_carrier2.move": {
			"loop": true,
			"animation_length": 1,
			"bones": {
				"wheel0": {
					"rotation": {
						"0.0": [0, 0, 0],
						"1.0": [360, 0, 0]
					}
				},
				"wheel1": {
					"rotation": {
						"0.0": [0, 0, 0],
						"1.0": [360, 0, 0]
					}
				},
				"wheel2": {
					"rotation": {
						"0.0": [0, 0, 0],
						"1.0": [360, 0, 0]
					}
				},
				"wheel3": {
					"rotation": {
						"0.0": [0, 0, 0],
						"1.0": [360, 0, 0]
					}
				}
			}
		}
	}
}