{
	"format_version": "1.8.0",
	"animations": {
		"animation.player.bike_standby.ride": {
			"loop": true,
			"bones": {
				"waist": {
					"rotation": [
						22.5,
						0,
						0
					]
				},
				"leftArm": {
					"rotation": [
						-35,
						0,
						0
					]
				},
				"leftSleeve": {
					"rotation": [
						0,
						0,
						0
					]
				},
				"rightArm": {
					"rotation": [
						-35,
						0,
						0
					]
				},
				"leftLeg": {
					"rotation": [
						65,
						10,
						0
					]
				},
				"rightLeg": {
					"rotation": [
						65,
						-10,
						0
					]
				},
				"root": {
					"position": [
						0,
						-1,
						2
					]
				},
				"rightSleeve": {
					"rotation": [
						0,
						0,
						0
					]
				}
			}
		},
		"animation.player.bike_move.ride": {
			"loop": true,
			"animation_length": 1,
			"bones": {
				"waist": {
					"rotation": {
						"0.0": [
							22.5,
							0,
							0
						],
						"0.24": [
							22.5,
							2.5,
							12.5
						],
						"0.48": [
							22.5,
							0,
							0
						],
						"0.72": [
							22.5,
							0,
							-17.5
						],
						"1.0": [
							22.5,
							0,
							0
						]
					},
					"position": [
						0,
						0,
						0
					]
				},
				"leftArm": {
					"rotation": {
						"0.0": [
							-45,
							0,
							0
						],
						"0.2": [
							-45,
							4.17,
							0
						],
						"0.44": [
							-45,
							0,
							0
						],
						"0.72": [
							-45,
							7.5,
							15
						],
						"1.0": [
							-45,
							0,
							0
						]
					},
					"position": {
						"0.0": [
							0,
							0,
							0
						],
						"0.2": [
							0,
							-1,
							1
						],
						"0.44": [
							0,
							0,
							0
						],
						"0.72": [
							0,
							-2,
							-2
						],
						"1.0": [
							0,
							0,
							0
						]
					}
				},
				"leftSleeve": {
					"rotation": [
						0,
						0,
						0
					]
				},
				"rightArm": {
					"rotation": {
						"0.0": [
							-45,
							0,
							0
						],
						"0.2": [
							-45,
							-7.5,
							-15
						],
						"0.44": [
							-45,
							0,
							0
						],
						"0.72": [
							-45,
							-7.5,
							7.5
						],
						"1.0": [
							-45,
							0,
							0
						]
					},
					"position": {
						"0.0": [
							0,
							0,
							0
						],
						"0.2": [
							0,
							-1,
							-1
						],
						"0.44": [
							0,
							0,
							0
						],
						"0.72": [
							0,
							-1,
							1
						],
						"1.0": [
							0,
							0,
							0
						]
					}
				},
				"leftLeg": {
					"rotation": [
						65,
						0,
						0
					],
					"position": {
						"0.0": [
							0,
							0,
							0
						],
						"0.2": [
							0,
							-3,
							0
						],
						"0.44": [
							0,
							0,
							0
						],
						"0.72": [
							0,
							2,
							0
						],
						"1.0": [
							0,
							0,
							0
						]
					}
				},
				"rightLeg": {
					"rotation": [
						65,
						0,
						0
					],
					"position": {
						"0.0": [
							0,
							0,
							0
						],
						"0.2": [
							0,
							2,
							0
						],
						"0.44": [
							0,
							0,
							0
						],
						"0.72": [
							0,
							-2,
							0
						],
						"1.0": [
							0,
							0,
							0
						]
					}
				},
				"root": {
					"position": [
						0,
						-1,
						2
					]
				}
			}
		}
	}
}