{
	"format_version": "1.8.0",
	"animations": {
		"animation.player.motor.ride": {
			"loop": true,
			"bones": {
				"waist": {
					"rotation": [
						12.5,
						0,
						"math.max(-28,math.min(28,query.yaw_speed*0.5))*-query.modified_move_speed*0.7"
					]
				},
				"leftArm": {
					"rotation": [
						-20,
						0,
						0
					]
				},
				"rightArm": {
					"rotation": [
						-20,
						0,
						0
					]
				},
				"leftLeg": {
					"rotation": [
						45,
						0,
						"-15+math.max(-28,math.min(28,query.yaw_speed*0.5))*-query.modified_move_speed*0.7"
					]
				},
				"rightLeg": {
					"rotation": [
						45,
						0,
						"15+math.max(-28,math.min(28,query.yaw_speed*0.5))*-query.modified_move_speed*0.7"
					]
				},
				"root": {
					"rotation": [
						0,
						0,
						"math.max(-28,math.min(28,query.yaw_speed*0.5))*-query.modified_move_speed*0.7"
					]
				}
			}
		}
	}
}