{
	"format_version": "1.8.0",
	"animations": {
		"animation.player.in_moving_hoverboard": {
			"loop": true,
			"bones": {
				"root": {
					"position": [
						0,
						2,
						-2
					]
				},
				"leftArm": {
					"rotation": [
						32.5,
						0,
						-10
					]
				},
				"rightArm": {
					"rotation": [
						32.5,
						0,
						10
					]
				},
				"leftLeg": {
					"rotation": [
						75,
						0,
						-10
					]
				},
				"rightLeg": {
					"rotation": [
						75,
						0,
						10
					]
				},
				"rightSleeve": {
					"rotation": [
						0,
						0,
						0
					]
				}
			}
		},
		"animation.player.hoverboard.ride": {
			"loop": true,
			"bones": {
				"root": {
					"position": [
						0,
						2,
						-2
					]
				},
				"leftArm": {
					"rotation": [
						60,
						0,
						-10
					]
				},
				"rightArm": {
					"rotation": [
						57.5,
						0,
						10
					]
				},
				"leftLeg": {
					"rotation": [
						75,
						0,
						-10
					]
				},
				"rightLeg": {
					"rotation": [
						75,
						0,
						10
					]
				},
				"body": {
					"rotation": [
						10,
						0,
						0
					],
					"position": [
						0,
						0,
						-1
					]
				},
				"leftSleeve": {
					"rotation": [
						0,
						0,
						0
					]
				},
				"rightSleeve": {
					"rotation": [
						0,
						0,
						0
					]
				},
				"waist": {
					"position": [
						0,
						0,
						-1
					]
				}
			}
		}
	}
}