{
	"format_version": "1.10.0",
	"animation_controllers": {
		"controller.animation.ambulance.horn": {
			"initial_state": "default",
			"states": {
				"default": {
					"transitions": [
						{
							"honk": "query.has_rider&&query.can_power_jump"
						}
					],
					"on_entry": [
						"/function ambulance_sound"
					]
				},
				"honk": {
					"transitions": [
						{
							"default": "query.has_rider&&!query.can_power_jump"
						}
					],
					"on_entry": [
						"/function ambulance_sound"
					]
				}
			}
		}
	}
}