{
    "format_version": "1.10.0",
    "animation_controllers": {
        "controller.animation.motorcycle.ride": {
            "states": {
                "default": {
                    "transitions": [
                        {
                            "riding": "(1.0)"
                        }
                    ],
                    "on_entry": [
                        "/function player_ride_scooter",
                        "/replaceitem entity @a[r=2] slot.hotbar 1 simple_vehicles:horn_section 1 0 {\"item_lock\":{\"mode\":\"lock_in_slot\"}}"
                    ],
                    "on_exit": [
                        "/replaceitem entity @a[r=2] slot.hotbar 1 air"
                    ]
                },
                "riding": {
                    "transitions": [
                        {
                            "default": "query.has_rider"
                        }
                    ],
                    "on_entry": [
                        "/function player_ride_scooter",
                        "/replaceitem entity @a[r=2] slot.hotbar 1 simple_vehicles:horn_section 1 0 {\"item_lock\":{\"mode\":\"lock_in_slot\"}}"
                    ],
                    "on_exit": [
                        "/replaceitem entity @a[r=2] slot.hotbar 1 air"
                    ]
                }
            }
        }        
    }
}