{
	"format_version": "1.10.0",
	"animation_controllers": {
		"controller.animation.attack": {
			"states": {
				"default": {
					"transitions": [
						{
							"tank_shoot": "(query.get_equipped_item_name=='missile')&&query.is_using_item>0"
						}
					]
				},
				"tank_shoot": {
					"transitions": [
						{
							"default": "1"
						}
					],
					"on_entry": [
						"/replaceitem entity @e[type=simple_ehicles:tank,tag=riding,c=1] slot.weapon.mainhand 0 simple_vehicles:tank_attack"
					]
				}
			}
		}
	}
}