{
"namespace": "how_to_play",

  "how_to_play_screen@how_to_play_common.screen_base": {
    "$selector_stack_panel": "how_to_play.selector_stack_panel",
    "$section_content_panels": "how_to_play.section_content_panels",
    "$header_safezone_control": "common_store.store_top_bar_filler",
    "$header_bar_control": "common_store.store_top_bar",    
    "$is_full_screen_layout": true
  },

  "selector_stack_panel": {
    "type": "stack_panel",
    "anchor_from": "top_left",
    "anchor_to": "top_left",
    "orientation": "vertical",
    "$default_selector_toggle_index": 2,
    "controls": [
      {
        "how_to_play_selector_pane": {
          "type": "stack_panel",
          "controls": [
            {
              "padding_0": {
                "type": "panel",
                "size": [ 0, 6 ]
              }
            },
            { 
              "simveh_information_category@how_to_play_common.topic_category": { 
                "$category": "info" 
              }
            },
            { 
              "simveh_info_button@how_to_play.simveh_info_button": { 
                "$toggle_group_forced_index": 0 
              } 
            },
            { 
              "simveh_welcome_button@how_to_play.simveh_welcome_button": { 
                "$toggle_group_forced_index": 1 
              } 
            },
            { 
              "simveh_credits_button@how_to_play.simveh_credits_button": { 
                "$toggle_group_forced_index": 2 
              } 
            },
            { 
              "simveh_vehicles_category@how_to_play_common.topic_category": { 
                "$category": "vehicles" 
              }
            },
            { 
              "simveh_cars_button@how_to_play.simveh_cars_button": { 
                "$toggle_group_forced_index": 3 
              } 
            },
            { 
              "simveh_public_commuter_button@how_to_play.simveh_public_commuter_button": { 
                "$toggle_group_forced_index": 4 
              } 
            },
            { 
              "simveh_public_service_button@how_to_play.simveh_public_service_button": { 
                "$toggle_group_forced_index": 5 
              } 
            },
            { 
              "simveh_flying_button@how_to_play.simveh_flying_button": { 
                "$toggle_group_forced_index": 6 
              } 
            },
            { 
              "simveh_sea_button@how_to_play.simveh_sea_button": { 
                "$toggle_group_forced_index": 7 
              } 
            },
            { 
              "simveh_aquatic_button@how_to_play.simveh_aquatic_button": { 
                "$toggle_group_forced_index": 8 
              } 
            },
            { 
              "simveh_luxury_button@how_to_play.simveh_luxury_button": { 
                "$toggle_group_forced_index": 9 
              } 
            }
          ]
        }
      }
    ]
  },

  "section_content_panels": {
    "type": "stack_panel",
    "anchor_from": "top_left",
    "anchor_to": "top_left",
    "size": [ "100% - 5px", "100%c + 5px" ],
    "offset": [ 2, 0 ],
    "controls": [
      {
        "general_tips_sections": {
          "type": "stack_panel",
          "controls": [
            { 
              "section_contents_header@how_to_play_common.section_contents_header": { }
            },
            { 
              "simveh_info_section@how_to_play.simveh_info_section": { } 
            },
            { 
              "simveh_welcome_section@how_to_play.simveh_welcome_section": { } 
            },
            { 
              "simveh_credits_section@how_to_play.simveh_credits_section": { } 
            },
            { 
              "simveh_cars_section@how_to_play.simveh_cars_section": { } 
            },
            { 
              "simveh_public_commuter_section@how_to_play.simveh_public_commuter_section": { } 
            },
            { 
              "simveh_public_service_section@how_to_play.simveh_public_service_section": { } 
            },
            { 
              "simveh_flying_section@how_to_play.simveh_flying_section": { } 
            },
            { 
              "simveh_sea_section@how_to_play.simveh_sea_section": { } 
            },
            { 
              "simveh_aquatic_section@how_to_play.simveh_aquatic_section": { } 
            },
            { 
              "simveh_luxury_section@how_to_play.simveh_luxury_section": { } 
            },
            {
              "section_contents_footer@how_to_play_common.section_contents_footer": {
              }
            }            
          ]
        }
      }
    ]
  },
  "simveh_info_button@how_to_play_common.section_toggle_button": { "$section_topic": "simvehInfo" },
  "simveh_info_section@how_to_play_common.main_sections": {
    "bindings": [
      {
        "binding_type": "view",
        "source_control_name": "simveh_info_button_toggle",
        "source_property_name": "#toggle_state",
        "target_property_name": "#visible"
      }
    ],
    "controls": [
	    {
		    "image_1@how_to_play_common.image": {
          "texture": "textures/simeh_ui/thumbnail" 
		    }
	    },
      {
	      "paragraph_1@how_to_play_common.paragraph": {
         "$text": "Welcome to Simple Vehicles Add-on Guide and this is the area where you can learn how to use the vehicles" 
		    } 
      },
      { "padding_1@how_to_play_common.padding": {} },      
      {
	      "paragraph_2@how_to_play_common.paragraph": {
         "$text": "Addon Information\nSize: 3.00 MB\nVersion: 2.0.0 - The Enhanced Creativity Update\n Available on MCPEDL Website and MCPE Addons App\n\n\n\n© 2019 - 2020 RMPlaysMC YT Any Unauthorize distribution, renting ,selling, and sharing is strictly prohibited and punishable by law" 
		    } 
      }      
    ]
  },
  "simveh_welcome_button@how_to_play_common.section_toggle_button": { "$section_topic": "simveh_welcome" },
  "simveh_welcome_section@how_to_play_common.main_sections": {
    "bindings": [
      {
        "binding_type": "view",
        "source_control_name": "simveh_welcome_button_toggle",
        "source_property_name": "#toggle_state",
        "target_property_name": "#visible"
      }
    ],
    "controls": [
      {
	      "header_1@how_to_play_common.header": {
          "$text": "About The Addon" 
		    } 
	    },
      {
	      "paragraph_1@how_to_play_common.paragraph": {
          "$text": "Sup, It's me RMPlaysMC YT and thanks to downloading the content and I hope you may like it \n\nThis Addon was started since March 2019 because I already try some of vehicle addons and Now I made this just for you and everybody\n\nThis Addon is Suitiable for:\n-Creative Maps\n-Adventure\n-Role-Play Maps\nAnd more.." 
		    } 
      }
    ]
  },
  "simveh_credits_button@how_to_play_common.section_toggle_button": { "$section_topic": "simveh_credits" },
  "simveh_credits_section@how_to_play_common.main_sections": {
    "bindings": [
      {
        "binding_type": "view",
        "source_control_name": "simveh_credits_button_toggle",
        "source_property_name": "#toggle_state",
        "target_property_name": "#visible"
      }
    ],
    "controls": [
      {
        "header_1@how_to_play_common.header": {
          "$text": "Credits" 
		    }
	    },
	    {
		    "image_1@how_to_play_common.image": {
          "texture": "textures/ui/icon_template" 
		    } 
	    },
      { 
	      "paragraph_1@how_to_play_common.paragraph": {
          "$text": "Creator: RMPlaysMC YT\nCo-Creator: ChrisJoyCraft14\n\nSpecial Thanks to all and You to help me for the add-on creations \nSpecial Thanks To:\n-Topsangtheman - Suggesting An Ice Cream Truck\n-MCPEDL to appreciating some of my post\nAnd YOU..." 
		    } 
	    }
    ]
  },
  "simveh_cars_button@how_to_play_common.section_toggle_button": { "$section_topic": "simveh_cars" },
  "simveh_cars_section@how_to_play_common.main_sections": {
    "bindings": [
      {
        "binding_type": "view",
        "source_control_name": "simveh_cars_button_toggle",
        "source_property_name": "#toggle_state",
        "target_property_name": "#visible"
      }
    ],
    "controls": [
      {
	      "header_1how_to_play_common.header": {
          "$text": "howtoplay.header.cars" 
		    } 
	    },
	    {
		    "image_1@how_to_play_common.image": {
          "texture": "textures/ui/esd" 
		    } 
	    },
      { 
	      "paragraph_1@how_to_play_common.paragraph": {
          "$text": "guide.cars.paragraph0" 
		    } 
	    }
    ]
  },
  "simveh_public_commuter_button@how_to_play_common.section_toggle_button": { "$section_topic": "simveh_public_commuter" },
  "simveh_public_commuter_section@how_to_play_common.main_sections": {
    "bindings": [
      {
        "binding_type": "view",
        "source_control_name": "simveh_public_commuter_button_toggle",
        "source_property_name": "#toggle_state",
        "target_property_name": "#visible"
      }
    ],
    "controls": [
      {
	      "header_1@how_to_play_common.header": {
          "$text": "guide.header.title0" 
		    } 
	    },
	    {
		    "image_1@how_to_play_common.image": {
          "texture": "textures/ui/icon_template" 
		  } 
	    },
      { 
	      "paragraph_1@how_to_play_common.paragraph": {
          "$text": "fgbgxfcbcb" 
		    } 
	    }
    ]
  },
  "simveh_public_service_button@how_to_play_common.section_toggle_button": { "$section_topic": "simveh_public_service" },
  "simveh_public_service_section@how_to_play_common.main_sections": {
    "bindings": [
      {
        "binding_type": "view",
        "source_control_name": "simveh_public_service_button_toggle",
        "source_property_name": "#toggle_state",
        "target_property_name": "#visible"
      }
    ],
    "controls": [
      {
	      "header_1@how_to_play_common.header": {
          "$text": "guide.header.title0" 
		    } 
	    },
	    {
		    "image_1@how_to_play_common.image": {
            "texture": "textures/ui/icon_template" 
		    } 
	    },
      { 
	      "paragraph_1@how_to_play_common.paragraph": {
          "$text": "sfggd" 
		    } 
	    }
    ]
  },
  "simveh_flying_button@how_to_play_common.section_toggle_button": { "$section_topic": "simveh_flying" },
  "simveh_flying_section@how_to_play_common.main_sections": {
    "bindings": [
      {
        "binding_type": "view",
        "source_control_name": "simveh_flying_button_button_toggle",
        "source_property_name": "#toggle_state",
        "target_property_name": "#visible"
      }
    ],
    "controls": [
      {
	      "header_1@how_to_play_common.header": {
          "$text": "guide.header.title0" 
		    } 
	    },
	    {
		    "image_1@how_to_play_common.image": {
          "texture": "textures/ui/icon_template" 
		    } 
	    },
      {
	      "paragraph_1@how_to_play_common.paragraph": {
          "$text": "fgbgxfcbcb" 
		    } 
      },
      {
	      "paragraph_2@how_to_play_common.paragraph": {
          "$text": "xbc" 
		    } 
	    }      
    ]
  },
  "simveh_sea_button@how_to_play_common.section_toggle_button": { "$section_topic": "simveh_sea" },
  "simveh_sea_section@how_to_play_common.main_sections": {
    "bindings": [
      {
        "binding_type": "view",
        "source_control_name": "simveh_sea_button_button_toggle",
        "source_property_name": "#toggle_state",
        "target_property_name": "#visible"
      }
    ],
    "controls": [
      {
	      "header_1@how_to_play_common.header": {
          "$text": "guide.header.title0" 
		    } 
	    },
	    {
		    "image_1@how_to_play_common.image": {
          "texture": "textures/ui/icon_template" 
		    } 
	    },
      { 
	      "paragraph_1@how_to_play_common.paragraph": {
          "$text": "add" 
		    } 
	    }
    ]
  },
  "simveh_aquatic_button@how_to_play_common.section_toggle_button": { "$section_topic": "simveh_aquatic" },
  "simveh_aquatic_section@how_to_play_common.main_sections": {
    "bindings": [
      {
        "binding_type": "view",
        "source_control_name": "simveh_aquatic_button_button_toggle",
        "source_property_name": "#toggle_state",
        "target_property_name": "#visible"
      }
    ],
    "controls": [
      {
	      "header_1@how_to_play_common.header": {
          "$text": "guide.header.title0" 
		    } 
	    },
	    {
		    "image_1@how_to_play_common.image": {
          "texture": "textures/ui/icon_template" 
		    } 
	    },
      { 
	      "paragraph_1@how_to_play_common.paragraph": {
          "$text": "add" 
		    } 
	    }
    ]
  },
  "simveh_luxury_button@how_to_play_common.section_toggle_button": { "$section_topic": "simveh_luxury" },
  "simveh_luxury_section@how_to_play_common.main_sections": {
    "bindings": [
      {
        "binding_type": "view",
        "source_control_name": "simveh_luxury_button_button_toggle",
        "source_property_name": "#toggle_state",
        "target_property_name": "#visible"
      }
    ],
    "controls": [
      {
	      "header_1y@how_to_play_common.header": {
          "$text": "guide.header.title0" 
		    } 
	    },
	    {
		    "image_1@how_to_play_common.image": {
          "texture": "textures/ui/icon_template" 
		    } 
	    },
      { 
	      "paragraph_1@how_to_play_common.paragraph": {
          "$text": "luxury" 
		    } 
	    }
    ]
  }
}