{
	"format_version": "1.12.0",
	"minecraft:geometry": [
		{
			"description": {
				"identifier": "geometry.bus_body",
				"texture_width": 1024,
				"texture_height": 1024,
				"visible_bounds_width": 9,
				"visible_bounds_height": 6.5,
				"visible_bounds_offset": [
					0,
					0.75,
					0
				]
			},
			"bones": [
				{
					"name": "root",
					"pivot": [
						0,
						0,
						0
					]
				},
				{
					"name": "waist",
					"parent": "root",
					"pivot": [
						0,
						12,
						0
					]
				},
				{
					"name": "body",
					"parent": "waist",
					"pivot": [
						0,
						24,
						0
					]
				},
				{
					"name": "head",
					"parent": "body",
					"pivot": [
						0,
						24,
						0
					]
				},
				{
					"name": "hat",
					"parent": "head",
					"pivot": [
						0,
						24,
						0
					]
				},
				{
					"name": "cape",
					"parent": "body",
					"pivot": [
						0,
						24,
						3
					]
				},
				{
					"name": "leftArm",
					"parent": "body",
					"pivot": [
						5,
						22,
						0
					]
				},
				{
					"name": "leftSleeve",
					"parent": "leftArm",
					"pivot": [
						5,
						22,
						0
					]
				},
				{
					"name": "leftItem",
					"parent": "leftArm",
					"pivot": [
						6,
						15,
						1
					]
				},
				{
					"name": "rightArm",
					"parent": "body",
					"pivot": [
						-5,
						22,
						0
					]
				},
				{
					"name": "rightSleeve",
					"parent": "rightArm",
					"pivot": [
						-5,
						22,
						0
					]
				},
				{
					"name": "rightItem",
					"parent": "rightArm",
					"pivot": [
						-6,
						15,
						1
					],
					"locators": {
						"lead_hold": [
							-6,
							15,
							1
						]
					}
				},
				{
					"name": "bus_body",
					"parent": "rightArm",
					"pivot": [
						0,
						0,
						0
					],
					"cubes": [
						{
							"origin": [
								-22,
								4,
								-57
							],
							"size": [
								44,
								44,
								120
							],
							"inflate": 0.1,
							"uv": [
								0,
								0
							]
						},
						{
							"origin": [
								-22,
								42,
								-59
							],
							"size": [
								44,
								8,
								2
							],
							"uv": [
								364,
								464
							]
						},
						{
							"origin": [
								-22,
								41,
								-58
							],
							"size": [
								44,
								8,
								2
							],
							"inflate": -0.1,
							"uv": [
								272,
								474
							]
						},
						{
							"origin": [
								-22,
								41,
								-57
							],
							"size": [
								44,
								8,
								2
							],
							"inflate": -0.5,
							"uv": [
								272,
								464
							]
						},
						{
							"origin": [
								-21,
								40,
								-67
							],
							"size": [
								3,
								3,
								10
							],
							"uv": [
								306,
								642
							]
						},
						{
							"origin": [
								18,
								39,
								-68
							],
							"size": [
								3,
								3,
								10
							],
							"uv": [
								306,
								642
							]
						},
						{
							"origin": [
								-21,
								39,
								-68
							],
							"size": [
								3,
								3,
								10
							],
							"uv": [
								306,
								642
							]
						},
						{
							"origin": [
								17,
								34,
								-69
							],
							"size": [
								5,
								7,
								1
							],
							"uv": [
								0,
								719
							]
						},
						{
							"origin": [
								-22,
								34,
								-69
							],
							"size": [
								5,
								7,
								1
							],
							"uv": [
								0,
								719
							]
						},
						{
							"origin": [
								18,
								40,
								-67
							],
							"size": [
								3,
								3,
								10
							],
							"uv": [
								280,
								642
							]
						}
					]
				},
				{
					"name": "body0",
					"parent": "bus_body",
					"pivot": [
						0,
						0,
						0
					],
					"cubes": [
						{
							"origin": [
								-18,
								4,
								-57
							],
							"size": [
								36,
								4,
								120
							],
							"uv": [
								0,
								165
							]
						},
						{
							"origin": [
								-22,
								4,
								-49
							],
							"size": [
								4,
								4,
								14
							],
							"uv": [
								146,
								613
							]
						},
						{
							"origin": [
								-22,
								4,
								-1
							],
							"size": [
								4,
								4,
								16
							],
							"uv": [
								0,
								584
							]
						},
						{
							"origin": [
								-18,
								8,
								-33
							],
							"size": [
								36,
								4,
								32
							],
							"uv": [
								148,
								404
							]
						},
						{
							"origin": [
								-18,
								8,
								15
							],
							"size": [
								36,
								4,
								48
							],
							"uv": [
								230,
								289
							]
						},
						{
							"origin": [
								-18,
								12,
								59
							],
							"size": [
								36,
								12,
								4
							],
							"uv": [
								424,
								488
							]
						},
						{
							"origin": [
								-6,
								8,
								-49
							],
							"size": [
								24,
								4,
								16
							],
							"uv": [
								344,
								488
							]
						},
						{
							"origin": [
								-12,
								8,
								-49
							],
							"size": [
								6,
								4,
								16
							],
							"uv": [
								328,
								550
							]
						},
						{
							"origin": [
								-12,
								8,
								-1
							],
							"size": [
								6,
								4,
								16
							],
							"uv": [
								284,
								550
							]
						},
						{
							"origin": [
								-6,
								12,
								-49
							],
							"size": [
								24,
								3,
								32
							],
							"uv": [
								372,
								404
							]
						},
						{
							"origin": [
								-18,
								12,
								-33
							],
							"size": [
								12,
								3,
								16
							],
							"uv": [
								0,
								550
							]
						},
						{
							"origin": [
								-18,
								12,
								-17
							],
							"size": [
								36,
								3,
								16
							],
							"uv": [
								0,
								464
							]
						},
						{
							"origin": [
								-6,
								8,
								-1
							],
							"size": [
								24,
								4,
								16
							],
							"uv": [
								264,
								488
							]
						},
						{
							"origin": [
								4,
								13,
								-43
							],
							"size": [
								14,
								6,
								8
							],
							"uv": [
								40,
								584
							]
						},
						{
							"origin": [
								-18,
								12,
								-13
							],
							"size": [
								12,
								6,
								8
							],
							"uv": [
								106,
								613
							]
						},
						{
							"origin": [
								4,
								12,
								-27
							],
							"size": [
								12,
								6,
								6
							],
							"uv": [
								0,
								703
							]
						},
						{
							"origin": [
								-17.9,
								12,
								-27
							],
							"size": [
								12,
								6,
								6
							],
							"uv": [
								0,
								703
							]
						},
						{
							"origin": [
								6,
								12,
								-13
							],
							"size": [
								12,
								6,
								8
							],
							"uv": [
								66,
								627
							]
						},
						{
							"origin": [
								6,
								12,
								4
							],
							"size": [
								12,
								6,
								8
							],
							"uv": [
								66,
								613
							]
						},
						{
							"origin": [
								6,
								12,
								23
							],
							"size": [
								12,
								6,
								8
							],
							"uv": [
								26,
								627
							]
						},
						{
							"origin": [
								-18,
								12,
								47
							],
							"size": [
								36,
								6,
								8
							],
							"uv": [
								0,
								488
							]
						},
						{
							"origin": [
								-18,
								12,
								23
							],
							"size": [
								12,
								6,
								8
							],
							"uv": [
								26,
								613
							]
						},
						{
							"origin": [
								4,
								13,
								-35
							],
							"size": [
								14,
								20,
								4
							],
							"uv": [
								372,
								550
							]
						},
						{
							"origin": [
								-18,
								12,
								-5
							],
							"size": [
								12,
								20,
								4
							],
							"uv": [
								212,
								584
							]
						},
						{
							"origin": [
								-17.9,
								12,
								-21
							],
							"size": [
								12,
								20,
								4
							],
							"uv": [
								212,
								584
							]
						},
						{
							"origin": [
								4,
								12,
								-21
							],
							"size": [
								12,
								20,
								4
							],
							"uv": [
								212,
								584
							]
						},
						{
							"origin": [
								6,
								12,
								-5
							],
							"size": [
								12,
								20,
								4
							],
							"uv": [
								180,
								584
							]
						},
						{
							"origin": [
								6,
								12,
								12
							],
							"size": [
								12,
								20,
								4
							],
							"uv": [
								148,
								584
							]
						},
						{
							"origin": [
								6,
								12,
								31
							],
							"size": [
								12,
								20,
								4
							],
							"uv": [
								116,
								584
							]
						},
						{
							"origin": [
								-18,
								12,
								55
							],
							"size": [
								36,
								20,
								4
							],
							"uv": [
								192,
								464
							]
						},
						{
							"origin": [
								-18,
								12,
								31
							],
							"size": [
								12,
								20,
								4
							],
							"uv": [
								84,
								584
							]
						},
						{
							"origin": [
								-18,
								8,
								-57
							],
							"size": [
								36,
								11,
								8
							],
							"uv": [
								104,
								464
							]
						},
						{
							"origin": [
								0,
								12,
								-54
							],
							"size": [
								17,
								11,
								5
							],
							"uv": [
								44,
								698
							]
						},
						{
							"origin": [
								-18,
								40,
								-57
							],
							"size": [
								36,
								4,
								8
							],
							"uv": [
								176,
								488
							]
						},
						{
							"origin": [
								-18,
								40,
								55
							],
							"size": [
								36,
								4,
								8
							],
							"uv": [
								88,
								488
							]
						},
						{
							"origin": [
								-22,
								44,
								-57
							],
							"size": [
								44,
								4,
								120
							],
							"uv": [
								328,
								0
							]
						},
						{
							"origin": [
								-17,
								45,
								12
							],
							"size": [
								34,
								4,
								40
							],
							"uv": [
								0,
								404
							]
						},
						{
							"origin": [
								-17,
								45,
								-40
							],
							"size": [
								34,
								4,
								40
							],
							"uv": [
								230,
								341
							]
						},
						{
							"origin": [
								-15,
								46,
								-39
							],
							"size": [
								30,
								4,
								38
							],
							"uv": [
								378,
								343
							]
						},
						{
							"origin": [
								-15,
								46,
								13
							],
							"size": [
								30,
								4,
								38
							],
							"uv": [
								378,
								343
							]
						},
						{
							"origin": [
								18,
								4,
								-57
							],
							"size": [
								4,
								20,
								22
							],
							"uv": [
								0,
								508
							]
						},
						{
							"origin": [
								17.999,
								4,
								-35
							],
							"size": [
								4,
								15,
								20
							],
							"uv": [
								288,
								508
							]
						},
						{
							"origin": [
								18.01,
								4,
								24
							],
							"size": [
								4,
								15,
								20
							],
							"uv": [
								240,
								508
							]
						},
						{
							"origin": [
								-21.999,
								4,
								-35
							],
							"size": [
								4,
								15,
								20
							],
							"uv": [
								192,
								508
							]
						},
						{
							"origin": [
								-22.01,
								4,
								24
							],
							"size": [
								4,
								15,
								20
							],
							"uv": [
								144,
								508
							]
						},
						{
							"origin": [
								-22,
								4,
								-57
							],
							"size": [
								4,
								20,
								8
							],
							"uv": [
								242,
								613
							]
						},
						{
							"origin": [
								18,
								4,
								-16
							],
							"size": [
								4,
								20,
								40
							],
							"uv": [
								284,
								404
							]
						},
						{
							"origin": [
								-22,
								4,
								-15
							],
							"size": [
								4,
								20,
								14
							],
							"uv": [
								248,
								550
							]
						},
						{
							"origin": [
								-22,
								19,
								-35
							],
							"size": [
								4,
								5,
								20
							],
							"uv": [
								200,
								550
							]
						},
						{
							"origin": [
								-22,
								19,
								24
							],
							"size": [
								4,
								5,
								20
							],
							"uv": [
								152,
								550
							]
						},
						{
							"origin": [
								18,
								19,
								-35
							],
							"size": [
								4,
								5,
								20
							],
							"uv": [
								104,
								550
							]
						},
						{
							"origin": [
								18,
								19,
								24
							],
							"size": [
								4,
								5,
								20
							],
							"uv": [
								56,
								550
							]
						},
						{
							"origin": [
								-22,
								4,
								44
							],
							"size": [
								4,
								20,
								19
							],
							"uv": [
								98,
								508
							]
						},
						{
							"origin": [
								-22,
								24,
								54
							],
							"size": [
								4,
								20,
								9
							],
							"uv": [
								0,
								613
							]
						},
						{
							"origin": [
								-22,
								24,
								-57
							],
							"size": [
								4,
								16,
								8
							],
							"uv": [
								0,
								642
							]
						},
						{
							"origin": [
								18,
								24,
								-57
							],
							"size": [
								4,
								16,
								8
							],
							"uv": [
								266,
								613
							]
						},
						{
							"origin": [
								-22,
								40,
								-57
							],
							"size": [
								4,
								4,
								111
							],
							"uv": [
								0,
								289
							]
						},
						{
							"origin": [
								18,
								40,
								-57
							],
							"size": [
								4,
								4,
								111
							],
							"uv": [
								312,
								165
							]
						},
						{
							"origin": [
								18,
								24,
								54
							],
							"size": [
								4,
								20,
								9
							],
							"uv": [
								334,
								584
							]
						},
						{
							"origin": [
								-22,
								4,
								15
							],
							"size": [
								4,
								20,
								9
							],
							"uv": [
								308,
								584
							]
						},
						{
							"origin": [
								-22,
								24,
								15
							],
							"size": [
								4,
								16,
								3
							],
							"uv": [
								262,
								666
							]
						},
						{
							"origin": [
								18,
								24,
								15
							],
							"size": [
								4,
								16,
								3
							],
							"uv": [
								248,
								666
							]
						},
						{
							"origin": [
								-22,
								24,
								35
							],
							"size": [
								4,
								16,
								1
							],
							"uv": [
								10,
								685
							]
						},
						{
							"origin": [
								18,
								24,
								35
							],
							"size": [
								4,
								16,
								1
							],
							"uv": [
								0,
								685
							]
						},
						{
							"origin": [
								-22,
								24,
								-4
							],
							"size": [
								4,
								16,
								3
							],
							"uv": [
								234,
								666
							]
						},
						{
							"origin": [
								-22,
								24,
								-35
							],
							"size": [
								4,
								16,
								3
							],
							"uv": [
								220,
								666
							]
						},
						{
							"origin": [
								-10,
								9,
								-35
							],
							"size": [
								4,
								16,
								3
							],
							"uv": [
								220,
								666
							]
						},
						{
							"origin": [
								-18,
								22,
								-35
							],
							"size": [
								8,
								3,
								3
							],
							"uv": [
								220,
								666
							]
						},
						{
							"origin": [
								-18,
								15,
								-35
							],
							"size": [
								8,
								3,
								3
							],
							"uv": [
								220,
								666
							]
						},
						{
							"origin": [
								-18,
								12,
								-35
							],
							"size": [
								8,
								3,
								3
							],
							"uv": [
								220,
								666
							]
						},
						{
							"origin": [
								-18,
								9,
								-35
							],
							"size": [
								8,
								3,
								3
							],
							"uv": [
								220,
								666
							]
						},
						{
							"origin": [
								-18,
								8,
								-35
							],
							"size": [
								8,
								3,
								3
							],
							"uv": [
								220,
								666
							]
						},
						{
							"origin": [
								18,
								24,
								-33
							],
							"size": [
								4,
								16,
								3
							],
							"uv": [
								206,
								666
							]
						},
						{
							"origin": [
								-22,
								24,
								-14
							],
							"size": [
								4,
								16,
								1
							],
							"uv": [
								306,
								666
							]
						},
						{
							"origin": [
								18,
								24,
								-14
							],
							"size": [
								4,
								16,
								1
							],
							"uv": [
								296,
								666
							]
						},
						{
							"origin": [
								-22,
								24,
								-24
							],
							"size": [
								4,
								16,
								1
							],
							"uv": [
								286,
								666
							]
						},
						{
							"origin": [
								-22,
								34,
								-23
							],
							"size": [
								4,
								1,
								9
							],
							"uv": [
								166,
								666
							]
						},
						{
							"origin": [
								18,
								34,
								-23
							],
							"size": [
								4,
								1,
								9
							],
							"uv": [
								140,
								666
							]
						},
						{
							"origin": [
								18,
								24,
								-24
							],
							"size": [
								4,
								16,
								1
							],
							"uv": [
								276,
								666
							]
						},
						{
							"origin": [
								18,
								24,
								-4
							],
							"size": [
								4,
								16,
								3
							],
							"uv": [
								192,
								666
							]
						},
						{
							"origin": [
								18,
								4,
								44
							],
							"size": [
								4,
								20,
								19
							],
							"uv": [
								52,
								508
							]
						}
					]
				},
				{
					"name": "dashboard",
					"parent": "bus_body",
					"pivot": [
						0,
						21.5,
						-55
					],
					"rotation": [
						70,
						0,
						0
					],
					"cubes": [
						{
							"origin": [
								-1,
								11.12061,
								-53.31596
							],
							"size": [
								19,
								11,
								2
							],
							"uv": [
								0,
								728
							]
						},
						{
							"origin": [
								-1,
								13.12061,
								-55.31596
							],
							"size": [
								19,
								8,
								2
							],
							"uv": [
								42,
								729
							]
						},
						{
							"origin": [
								13,
								12.12061,
								-48.31596
							],
							"size": [
								1,
								8,
								1
							],
							"uv": [
								0,
								741
							]
						},
						{
							"origin": [
								5,
								12.12061,
								-48.31596
							],
							"size": [
								1,
								8,
								1
							],
							"uv": [
								0,
								741
							]
						},
						{
							"origin": [
								6,
								20.12061,
								-48.31596
							],
							"size": [
								7,
								1,
								1
							],
							"uv": [
								0,
								750
							]
						},
						{
							"origin": [
								6,
								11.12061,
								-48.31596
							],
							"size": [
								7,
								1,
								1
							],
							"uv": [
								0,
								750
							]
						},
						{
							"origin": [
								6,
								13.12061,
								-48.31596
							],
							"size": [
								7,
								1,
								1
							],
							"uv": [
								0,
								750
							]
						},
						{
							"origin": [
								6,
								17.12061,
								-48.31596
							],
							"size": [
								7,
								1,
								1
							],
							"uv": [
								0,
								750
							]
						},
						{
							"origin": [
								6,
								16.12061,
								-48.31596
							],
							"size": [
								7,
								1,
								1
							],
							"uv": [
								0,
								750
							]
						},
						{
							"origin": [
								6,
								15.12061,
								-48.31596
							],
							"size": [
								7,
								1,
								1
							],
							"uv": [
								0,
								750
							]
						},
						{
							"origin": [
								8,
								15.12061,
								-51.31596
							],
							"size": [
								3,
								1,
								5
							],
							"uv": [
								0,
								753
							]
						},
						{
							"origin": [
								8,
								16.12061,
								-51.31596
							],
							"size": [
								3,
								1,
								5
							],
							"uv": [
								0,
								753
							]
						},
						{
							"origin": [
								6,
								14.12061,
								-48.31596
							],
							"size": [
								7,
								1,
								1
							],
							"uv": [
								0,
								750
							]
						}
					]
				},
				{
					"name": "jacket",
					"parent": "body",
					"pivot": [
						0,
						24,
						0
					]
				},
				{
					"name": "leftLeg",
					"parent": "root",
					"pivot": [
						1.9,
						12,
						0
					]
				},
				{
					"name": "leftPants",
					"parent": "leftLeg",
					"pivot": [
						1.9,
						12,
						0
					]
				},
				{
					"name": "rightLeg",
					"parent": "root",
					"pivot": [
						-1.9,
						12,
						0
					]
				},
				{
					"name": "rightPants",
					"parent": "rightLeg",
					"pivot": [
						-1.9,
						12,
						0
					]
				}
			]
		}
	]
}