{
	"format_version": "1.12.0",
	"minecraft:geometry": [
		{
			"description": {
				"identifier": "geometry.car_body",
				"texture_width": 512,
				"texture_height": 256,
				"visible_bounds_width": 11,
				"visible_bounds_height": 4.5,
				"visible_bounds_offset": [
					0,
					0.75,
					0
				]
			},
			"bones": [
				{
					"name": "root",
					"pivot": [
						0,
						0,
						0
					]
				},
				{
					"name": "waist",
					"parent": "root",
					"pivot": [
						0,
						12,
						0
					]
				},
				{
					"name": "body",
					"parent": "waist",
					"pivot": [
						0,
						24,
						0
					]
				},
				{
					"name": "head",
					"parent": "body",
					"pivot": [
						0,
						24,
						0
					]
				},
				{
					"name": "hat",
					"parent": "head",
					"pivot": [
						0,
						24,
						0
					]
				},
				{
					"name": "cape",
					"parent": "body",
					"pivot": [
						0,
						24,
						3
					]
				},
				{
					"name": "leftArm",
					"parent": "body",
					"pivot": [
						5,
						22,
						0
					]
				},
				{
					"name": "leftSleeve",
					"parent": "leftArm",
					"pivot": [
						5,
						22,
						0
					]
				},
				{
					"name": "leftItem",
					"parent": "leftArm",
					"pivot": [
						6,
						15,
						1
					]
				},
				{
					"name": "rightArm",
					"parent": "body",
					"pivot": [
						-5,
						22,
						0
					]
				},
				{
					"name": "rightSleeve",
					"parent": "rightArm",
					"pivot": [
						-5,
						22,
						0
					]
				},
				{
					"name": "rightItem",
					"parent": "rightArm",
					"pivot": [
						-6,
						15,
						1
					],
					"locators": {
						"lead_hold": [
							-6,
							15,
							1
						]
					}
				},
				{
					"name": "car_body",
					"parent": "rightArm",
					"pivot": [
						0,
						2,
						9
					],
					"cubes": [
						{
							"origin": [
								-18,
								6,
								-16
							],
							"size": [
								36,
								2,
								36
							],
							"uv": [
								152,
								148
							]
						},
						{
							"origin": [
								-18,
								4,
								-16
							],
							"size": [
								36,
								2,
								36
							],
							"uv": [
								152,
								148
							]
						},
						{
							"origin": [
								4,
								8,
								-6
							],
							"size": [
								11,
								4,
								10
							],
							"uv": [
								154,
								83
							]
						},
						{
							"origin": [
								-15,
								8,
								-6
							],
							"size": [
								11,
								4,
								10
							],
							"uv": [
								154,
								83
							]
						},
						{
							"origin": [
								-18,
								8,
								10
							],
							"size": [
								36,
								4,
								10
							],
							"uv": [
								128,
								111
							]
						},
						{
							"origin": [
								-3,
								8,
								-16
							],
							"size": [
								6,
								6,
								19
							],
							"uv": [
								136,
								204
							]
						},
						{
							"origin": [
								-4,
								8,
								-6
							],
							"size": [
								8,
								5,
								9
							],
							"uv": [
								84,
								242
							]
						},
						{
							"origin": [
								-18,
								13,
								-17
							],
							"size": [
								36,
								7,
								3
							],
							"pivot": [
								0,
								16.5,
								-14.5
							],
							"rotation": [
								30,
								0,
								0
							],
							"uv": [
								186,
								219
							]
						},
						{
							"origin": [
								4,
								12,
								2
							],
							"size": [
								11,
								12,
								2
							],
							"pivot": [
								9.5,
								13,
								3
							],
							"rotation": [
								-20,
								0,
								0
							],
							"uv": [
								128,
								83
							]
						},
						{
							"origin": [
								-15,
								12,
								2
							],
							"size": [
								11,
								12,
								2
							],
							"pivot": [
								-9.5,
								13,
								3
							],
							"rotation": [
								-20,
								0,
								0
							],
							"uv": [
								128,
								83
							]
						},
						{
							"origin": [
								-18,
								12,
								18
							],
							"size": [
								36,
								12,
								2
							],
							"pivot": [
								0,
								11,
								19
							],
							"rotation": [
								-20,
								0,
								0
							],
							"uv": [
								128,
								97
							]
						},
						{
							"origin": [
								18,
								4,
								-16
							],
							"size": [
								2,
								14,
								36
							],
							"uv": [
								240,
								70
							]
						},
						{
							"origin": [
								-20,
								4,
								-16
							],
							"size": [
								2,
								14,
								36
							],
							"uv": [
								316,
								70
							]
						},
						{
							"origin": [
								-20,
								4,
								20
							],
							"size": [
								40,
								14,
								28
							],
							"uv": [
								0,
								187
							]
						},
						{
							"origin": [
								-2,
								31.43687,
								-9.02849
							],
							"size": [
								4,
								3,
								1
							],
							"uv": [
								0,
								0
							]
						},
						{
							"origin": [
								-4,
								29.43687,
								-9.02849
							],
							"size": [
								8,
								4,
								1
							],
							"pivot": [
								0,
								30.93687,
								-8.52849
							],
							"rotation": [
								-30,
								0,
								0
							],
							"uv": [
								220,
								120
							]
						},
						{
							"origin": [
								-20,
								18,
								-24
							],
							"size": [
								40,
								2,
								8
							],
							"uv": [
								224,
								59
							]
						},
						{
							"origin": [
								-26,
								20,
								-19
							],
							"size": [
								7,
								4,
								2
							],
							"pivot": [
								-19.5,
								21,
								-18
							],
							"rotation": [
								0,
								22.5,
								0
							],
							"uv": [
								320,
								63
							]
						},
						{
							"origin": [
								19,
								20,
								-19
							],
							"size": [
								7,
								4,
								2
							],
							"pivot": [
								19.5,
								21,
								-18
							],
							"rotation": [
								0,
								-22.5,
								0
							],
							"uv": [
								338,
								63
							]
						},
						{
							"origin": [
								-20,
								18,
								-46
							],
							"size": [
								40,
								2,
								22
							],
							"pivot": [
								0,
								19,
								-24
							],
							"rotation": [
								5,
								0,
								0
							],
							"uv": [
								176,
								0
							]
						},
						{
							"origin": [
								14,
								4,
								-38
							],
							"size": [
								6,
								11,
								19
							],
							"inflate": -0.01,
							"uv": [
								462,
								39
							]
						},
						{
							"origin": [
								14,
								4,
								24
							],
							"size": [
								6,
								11,
								19
							],
							"inflate": -0.01,
							"uv": [
								462,
								39
							]
						},
						{
							"origin": [
								-20,
								4,
								-38
							],
							"size": [
								6,
								11,
								19
							],
							"inflate": -0.01,
							"uv": [
								462,
								39
							],
							"mirror": true
						},
						{
							"origin": [
								-20,
								4,
								24
							],
							"size": [
								6,
								11,
								19
							],
							"inflate": -0.01,
							"uv": [
								462,
								39
							],
							"mirror": true
						},
						{
							"origin": [
								-20,
								4,
								-46
							],
							"size": [
								40,
								14,
								30
							],
							"uv": [
								0,
								0
							]
						}
					]
				},
				{
					"name": "bump",
					"parent": "car_body",
					"pivot": [
						0,
						0,
						0
					],
					"cubes": [
						{
							"origin": [
								-21,
								3,
								44
							],
							"size": [
								42,
								5,
								5
							],
							"inflate": 0.1,
							"uv": [
								116,
								246
							]
						},
						{
							"origin": [
								-21,
								10,
								44
							],
							"size": [
								42,
								1,
								5
							],
							"inflate": 0.1,
							"uv": [
								212,
								249
							]
						},
						{
							"origin": [
								-21,
								3,
								-47
							],
							"size": [
								42,
								5,
								5
							],
							"inflate": 0.1,
							"uv": [
								117,
								246
							]
						}
					]
				},
				{
					"name": "front",
					"parent": "car_body",
					"pivot": [
						0,
						10.43687,
						29.97151
					],
					"cubes": [
						{
							"origin": [
								-16,
								55.43687,
								3.97151
							],
							"size": [
								32,
								0,
								17
							],
							"pivot": [
								0,
								10.43687,
								29.97151
							],
							"rotation": [
								50,
								0,
								0
							],
							"uv": [
								291,
								186
							]
						},
						{
							"origin": [
								-19,
								53.43687,
								-2.02849
							],
							"size": [
								3,
								2,
								25
							],
							"pivot": [
								0,
								10.43687,
								29.97151
							],
							"rotation": [
								50,
								0,
								0
							],
							"uv": [
								168,
								42
							]
						},
						{
							"origin": [
								-16,
								53.43687,
								20.97151
							],
							"size": [
								32,
								2,
								2
							],
							"pivot": [
								0,
								10.43687,
								29.97151
							],
							"rotation": [
								50,
								0,
								0
							],
							"uv": [
								204,
								26
							]
						},
						{
							"origin": [
								16,
								53.43687,
								-2.02849
							],
							"size": [
								3,
								2,
								25
							],
							"pivot": [
								0,
								10.43687,
								29.97151
							],
							"rotation": [
								50,
								0,
								0
							],
							"uv": [
								112,
								42
							]
						},
						{
							"origin": [
								-16,
								53.43687,
								1.97151
							],
							"size": [
								32,
								2,
								2
							],
							"pivot": [
								0,
								10.43687,
								29.97151
							],
							"rotation": [
								50,
								0,
								0
							],
							"uv": [
								136,
								26
							]
						}
					]
				},
				{
					"name": "top",
					"parent": "car_body",
					"pivot": [
						0,
						-2,
						0
					],
					"cubes": [
						{
							"origin": [
								-19,
								32,
								-9
							],
							"size": [
								38,
								2,
								26
							],
							"uv": [
								0,
								69
							]
						},
						{
							"origin": [
								18,
								18,
								23
							],
							"size": [
								1,
								9,
								13
							],
							"uv": [
								28,
								97
							]
						},
						{
							"origin": [
								16,
								15.2308,
								5.07299
							],
							"size": [
								3,
								2,
								25
							],
							"pivot": [
								0,
								9.2308,
								34.07299
							],
							"rotation": [
								-40,
								0,
								0
							],
							"uv": [
								46,
								97
							]
						},
						{
							"origin": [
								-16,
								17.2308,
								8.07299
							],
							"size": [
								32,
								0,
								20
							],
							"pivot": [
								0,
								9.2308,
								34.07299
							],
							"rotation": [
								-40,
								0,
								0
							],
							"uv": [
								288,
								203
							]
						},
						{
							"origin": [
								-19,
								15.87359,
								5.30694
							],
							"size": [
								3,
								2,
								25
							],
							"pivot": [
								0,
								9.87359,
								33.30694
							],
							"rotation": [
								-40,
								0,
								0
							],
							"uv": [
								0,
								42
							]
						},
						{
							"origin": [
								-16,
								15.2308,
								5.07299
							],
							"size": [
								32,
								2,
								3
							],
							"pivot": [
								0,
								9.2308,
								34.07299
							],
							"rotation": [
								-40,
								0,
								0
							],
							"uv": [
								109,
								12
							]
						},
						{
							"origin": [
								-16,
								15.2308,
								28.07299
							],
							"size": [
								32,
								2,
								2
							],
							"pivot": [
								0,
								9.2308,
								34.07299
							],
							"rotation": [
								-40,
								0,
								0
							],
							"uv": [
								110,
								8
							]
						},
						{
							"origin": [
								-19,
								18,
								23
							],
							"size": [
								1,
								9,
								13
							],
							"uv": [
								0,
								97
							]
						},
						{
							"origin": [
								-18.99,
								18,
								-22
							],
							"size": [
								0,
								14,
								45
							],
							"uv": [
								299,
								122
							]
						},
						{
							"origin": [
								-19,
								18,
								4
							],
							"size": [
								1,
								14,
								2
							],
							"uv": [
								0,
								119
							]
						},
						{
							"origin": [
								18,
								18,
								4
							],
							"size": [
								1,
								14,
								2
							],
							"uv": [
								6,
								119
							]
						},
						{
							"origin": [
								18.99,
								18,
								-22
							],
							"size": [
								0,
								14,
								45
							],
							"uv": [
								299,
								122
							]
						},
						{
							"origin": [
								-18.99,
								14.87359,
								5.30694
							],
							"size": [
								0,
								1,
								10
							],
							"pivot": [
								0,
								9.87359,
								33.30694
							],
							"rotation": [
								-40,
								0,
								0
							],
							"uv": [
								0,
								42
							]
						},
						{
							"origin": [
								18.99,
								14.87359,
								5.30694
							],
							"size": [
								0,
								1,
								10
							],
							"pivot": [
								38,
								9.87359,
								33.30694
							],
							"rotation": [
								-40,
								0,
								0
							],
							"uv": [
								0,
								42
							]
						},
						{
							"origin": [
								-18.99,
								52.43687,
								-2.02849
							],
							"size": [
								0,
								1,
								25
							],
							"pivot": [
								0,
								10.43687,
								29.97151
							],
							"rotation": [
								50,
								0,
								0
							],
							"uv": [
								462,
								152
							]
						},
						{
							"origin": [
								18.99,
								52.43687,
								-2.02849
							],
							"size": [
								0,
								1,
								25
							],
							"pivot": [
								38,
								10.43687,
								29.97151
							],
							"rotation": [
								50,
								0,
								0
							],
							"uv": [
								462,
								152
							]
						}
					]
				},
				{
					"name": "steering_wheel",
					"parent": "car_body",
					"pivot": [
						9,
						18.43301,
						-12.15192
					],
					"rotation": [
						30,
						0,
						0
					],
					"cubes": [
						{
							"origin": [
								12,
								16.43301,
								-12.65192
							],
							"size": [
								1,
								4,
								1
							],
							"uv": [
								509,
								0
							]
						},
						{
							"origin": [
								6,
								18.43301,
								-12.65192
							],
							"size": [
								6,
								1,
								1
							],
							"uv": [
								509,
								0
							]
						},
						{
							"origin": [
								8,
								15.43301,
								-12.65192
							],
							"size": [
								2,
								3,
								1
							],
							"uv": [
								509,
								0
							]
						},
						{
							"origin": [
								11,
								20.43301,
								-12.65192
							],
							"size": [
								1,
								1,
								1
							],
							"uv": [
								509,
								0
							]
						},
						{
							"origin": [
								7,
								21.43301,
								-12.65192
							],
							"size": [
								4,
								1,
								1
							],
							"uv": [
								509,
								0
							]
						},
						{
							"origin": [
								6,
								20.43301,
								-12.65192
							],
							"size": [
								1,
								1,
								1
							],
							"uv": [
								509,
								0
							]
						},
						{
							"origin": [
								5,
								16.43301,
								-12.65192
							],
							"size": [
								1,
								4,
								1
							],
							"uv": [
								509,
								0
							]
						},
						{
							"origin": [
								6,
								15.43301,
								-12.65192
							],
							"size": [
								1,
								1,
								1
							],
							"uv": [
								509,
								0
							]
						},
						{
							"origin": [
								7,
								14.43301,
								-12.65192
							],
							"size": [
								4,
								1,
								1
							],
							"uv": [
								509,
								0
							]
						},
						{
							"origin": [
								11,
								15.43301,
								-12.65192
							],
							"size": [
								1,
								1,
								1
							],
							"uv": [
								509,
								0
							]
						}
					]
				},
				{
					"name": "jacket",
					"parent": "body",
					"pivot": [
						0,
						24,
						0
					]
				},
				{
					"name": "leftLeg",
					"parent": "root",
					"pivot": [
						1.9,
						12,
						0
					]
				},
				{
					"name": "leftPants",
					"parent": "leftLeg",
					"pivot": [
						1.9,
						12,
						0
					]
				},
				{
					"name": "rightLeg",
					"parent": "root",
					"pivot": [
						-1.9,
						12,
						0
					]
				},
				{
					"name": "rightPants",
					"parent": "rightLeg",
					"pivot": [
						-1.9,
						12,
						0
					]
				}
			]
		}
	]
}