{
	"format_version": "1.12.0",
	"minecraft:geometry": [
		{
			"description": {
				"identifier": "geometry.large_engine",
				"texture_width": 128,
				"texture_height": 128,
				"visible_bounds_width": 4,
				"visible_bounds_height": 4.5,
				"visible_bounds_offset": [
					0,
					0.75,
					0
				]
			},
			"bones": [
				{
					"name": "root",
					"pivot": [
						0,
						0,
						0
					]
				},
				{
					"name": "waist",
					"parent": "root",
					"pivot": [
						0,
						12,
						0
					]
				},
				{
					"name": "body",
					"parent": "waist",
					"pivot": [
						0,
						24,
						0
					]
				},
				{
					"name": "head",
					"parent": "body",
					"pivot": [
						0,
						24,
						0
					]
				},
				{
					"name": "hat",
					"parent": "head",
					"pivot": [
						0,
						24,
						0
					]
				},
				{
					"name": "cape",
					"parent": "body",
					"pivot": [
						0,
						24,
						3
					]
				},
				{
					"name": "leftArm",
					"parent": "body",
					"pivot": [
						5,
						22,
						0
					]
				},
				{
					"name": "leftSleeve",
					"parent": "leftArm",
					"pivot": [
						5,
						22,
						0
					]
				},
				{
					"name": "leftItem",
					"parent": "leftArm",
					"pivot": [
						6,
						15,
						1
					]
				},
				{
					"name": "rightArm",
					"parent": "body",
					"pivot": [
						-5,
						22,
						0
					]
				},
				{
					"name": "rightSleeve",
					"parent": "rightArm",
					"pivot": [
						-5,
						22,
						0
					]
				},
				{
					"name": "rightItem",
					"parent": "rightArm",
					"pivot": [
						-6,
						15,
						1
					],
					"locators": {
						"lead_hold": [
							-6,
							15,
							1
						]
					}
				},
				{
					"name": "large_engine",
					"parent": "rightItem",
					"pivot": [
						-6,
						15,
						1
					],
					"cubes": [
						{
							"origin": [
								-10,
								8,
								-14
							],
							"size": [
								8,
								10,
								16
							],
							"uv": [
								57,
								0
							]
						},
						{
							"origin": [
								-10,
								9,
								-16
							],
							"size": [
								8,
								8,
								2
							],
							"uv": [
								0,
								52
							]
						},
						{
							"origin": [
								-12,
								18,
								-14
							],
							"size": [
								12,
								2,
								16
							],
							"uv": [
								0,
								0
							]
						},
						{
							"origin": [
								-14,
								9.65685,
								-14
							],
							"size": [
								8,
								8,
								16
							],
							"pivot": [
								-10,
								13.65685,
								-3.5
							],
							"rotation": [
								0,
								0,
								45
							],
							"uv": [
								49,
								27
							]
						},
						{
							"origin": [
								-18,
								10.65685,
								-2
							],
							"size": [
								8,
								3,
								3
							],
							"pivot": [
								-10,
								13.65685,
								-3.5
							],
							"rotation": [
								0,
								0,
								45
							],
							"uv": [
								46,
								63
							]
						},
						{
							"origin": [
								-18,
								10.65685,
								-6
							],
							"size": [
								8,
								3,
								3
							],
							"pivot": [
								-10,
								13.65685,
								-3.5
							],
							"rotation": [
								0,
								0,
								45
							],
							"uv": [
								23,
								63
							]
						},
						{
							"origin": [
								-18,
								10.65685,
								-13
							],
							"size": [
								8,
								3,
								3
							],
							"pivot": [
								-10,
								13.65685,
								-3.5
							],
							"rotation": [
								0,
								0,
								45
							],
							"uv": [
								0,
								63
							]
						},
						{
							"origin": [
								-18,
								10.65685,
								-13
							],
							"size": [
								2,
								3,
								3
							],
							"inflate": 0.1,
							"pivot": [
								-10,
								13.65685,
								-3.5
							],
							"rotation": [
								0,
								0,
								45
							],
							"uv": [
								0,
								69
							]
						},
						{
							"origin": [
								-18,
								10.65685,
								-13
							],
							"size": [
								8,
								3,
								3
							],
							"pivot": [
								-10,
								13.65685,
								-3.5
							],
							"rotation": [
								0,
								0,
								45
							],
							"uv": [
								0,
								63
							]
						},
						{
							"origin": [
								-6,
								9.65685,
								-14
							],
							"size": [
								8,
								8,
								16
							],
							"pivot": [
								-2,
								13.65685,
								-3.5
							],
							"rotation": [
								0,
								0,
								-45
							],
							"uv": [
								0,
								27
							]
						},
						{
							"origin": [
								-3,
								10.65685,
								-2
							],
							"size": [
								8,
								3,
								3
							],
							"pivot": [
								-2,
								13.65685,
								-3.5
							],
							"rotation": [
								0,
								0,
								-45
							],
							"uv": [
								67,
								52
							]
						},
						{
							"origin": [
								-3,
								10.65685,
								-6
							],
							"size": [
								8,
								3,
								3
							],
							"pivot": [
								-2,
								13.65685,
								-3.5
							],
							"rotation": [
								0,
								0,
								-45
							],
							"uv": [
								44,
								52
							]
						},
						{
							"origin": [
								-3,
								10.65685,
								-13
							],
							"size": [
								8,
								3,
								3
							],
							"pivot": [
								-2,
								13.65685,
								-3.5
							],
							"rotation": [
								0,
								0,
								-45
							],
							"uv": [
								21,
								52
							]
						}
					]
				},
				{
					"name": "jacket",
					"parent": "root",
					"pivot": [
						0,
						24,
						0
					]
				},
				{
					"name": "leftLeg",
					"parent": "root",
					"pivot": [
						1.9,
						12,
						0
					]
				},
				{
					"name": "leftPants",
					"parent": "leftLeg",
					"pivot": [
						1.9,
						12,
						0
					]
				},
				{
					"name": "rightLeg",
					"parent": "root",
					"pivot": [
						-1.9,
						12,
						0
					]
				},
				{
					"name": "rightPants",
					"parent": "rightLeg",
					"pivot": [
						-1.9,
						12,
						0
					]
				},
				{
					"name": "bodypart1",
					"pivot": [
						-6,
						17,
						-5.5
					],
					"rotation": [
						45,
						0,
						0
					]
				}
			]
		}
	]
}