{
	"format_version": "1.12.0",
	"minecraft:geometry": [
		{
			"description": {
				"identifier": "geometry.wheels",
				"texture_width": 64,
				"texture_height": 64,
				"visible_bounds_width": 3,
				"visible_bounds_height": 4.5,
				"visible_bounds_offset": [
					0,
					0.75,
					0
				]
			},
			"bones": [
				{
					"name": "root",
					"pivot": [
						0,
						0,
						0
					]
				},
				{
					"name": "waist",
					"parent": "root",
					"pivot": [
						0,
						12,
						0
					]
				},
				{
					"name": "body",
					"parent": "waist",
					"pivot": [
						0,
						24,
						0
					]
				},
				{
					"name": "head",
					"parent": "body",
					"pivot": [
						0,
						24,
						0
					]
				},
				{
					"name": "hat",
					"parent": "head",
					"pivot": [
						0,
						24,
						0
					]
				},
				{
					"name": "cape",
					"parent": "body",
					"pivot": [
						0,
						24,
						3
					]
				},
				{
					"name": "leftArm",
					"parent": "body",
					"pivot": [
						5,
						22,
						0
					]
				},
				{
					"name": "leftSleeve",
					"parent": "leftArm",
					"pivot": [
						5,
						22,
						0
					]
				},
				{
					"name": "leftItem",
					"parent": "leftArm",
					"pivot": [
						6,
						15,
						1
					]
				},
				{
					"name": "rightArm",
					"parent": "body",
					"pivot": [
						-5,
						22,
						0
					]
				},
				{
					"name": "rightSleeve",
					"parent": "rightArm",
					"pivot": [
						-5,
						22,
						0
					]
				},
				{
					"name": "wheels",
					"parent": "rightSleeve",
					"pivot": [
						-6,
						16.4641,
						-10
					],
					"cubes": [
						{
							"origin": [
								-8,
								14.4641,
								-17.4641
							],
							"size": [
								4,
								4,
								1
							],
							"uv": [
								20,
								48
							]
						},
						{
							"origin": [
								-8,
								14.4641,
								-3.5359
							],
							"size": [
								4,
								4,
								1
							],
							"uv": [
								40,
								43
							]
						},
						{
							"origin": [
								-8,
								17.94615,
								-4.46891
							],
							"size": [
								4,
								4,
								1
							],
							"pivot": [
								-6,
								19.94615,
								-3.96891
							],
							"rotation": [
								30,
								0,
								0
							],
							"uv": [
								30,
								43
							]
						},
						{
							"origin": [
								-8,
								20.49519,
								-7.01795
							],
							"size": [
								4,
								4,
								1
							],
							"pivot": [
								-6,
								22.49519,
								-6.51795
							],
							"rotation": [
								60,
								0,
								0
							],
							"uv": [
								20,
								43
							]
						},
						{
							"origin": [
								-8,
								17.94615,
								-16.53109
							],
							"size": [
								4,
								4,
								1
							],
							"pivot": [
								-6,
								19.94615,
								-16.03109
							],
							"rotation": [
								-30,
								0,
								0
							],
							"uv": [
								10,
								48
							]
						},
						{
							"origin": [
								-8,
								20.49519,
								-13.98205
							],
							"size": [
								4,
								4,
								1
							],
							"pivot": [
								-6,
								22.49519,
								-13.48205
							],
							"rotation": [
								-60,
								0,
								0
							],
							"uv": [
								0,
								48
							]
						},
						{
							"origin": [
								-8,
								22.9282,
								-12
							],
							"size": [
								4,
								1,
								4
							],
							"uv": [
								16,
								34
							]
						},
						{
							"origin": [
								-8,
								9,
								-12
							],
							"size": [
								4,
								1,
								4
							],
							"uv": [
								32,
								29
							]
						},
						{
							"origin": [
								-8,
								9.93301,
								-8.51795
							],
							"size": [
								4,
								1,
								4
							],
							"pivot": [
								-6,
								10.43301,
								-6.51795
							],
							"rotation": [
								30,
								0,
								0
							],
							"uv": [
								16,
								29
							]
						},
						{
							"origin": [
								-8,
								12.48205,
								-5.96891
							],
							"size": [
								4,
								1,
								4
							],
							"pivot": [
								-6,
								12.98205,
								-3.96891
							],
							"rotation": [
								60,
								0,
								0
							],
							"uv": [
								0,
								29
							]
						},
						{
							"origin": [
								-8,
								9.93301,
								-15.48205
							],
							"size": [
								4,
								1,
								4
							],
							"pivot": [
								-6,
								10.43301,
								-13.48205
							],
							"rotation": [
								-30,
								0,
								0
							],
							"uv": [
								0,
								34
							]
						},
						{
							"origin": [
								-8,
								12.48205,
								-18.03109
							],
							"size": [
								4,
								1,
								4
							],
							"pivot": [
								-6,
								12.98205,
								-16.03109
							],
							"rotation": [
								-60,
								0,
								0
							],
							"uv": [
								48,
								29
							]
						},
						{
							"origin": [
								-8,
								11.4641,
								-15
							],
							"size": [
								4,
								10,
								10
							],
							"inflate": -0.01,
							"uv": [
								0,
								0
							]
						},
						{
							"origin": [
								-8,
								12.4641,
								-16
							],
							"size": [
								4,
								8,
								1
							],
							"inflate": -0.01,
							"uv": [
								42,
								34
							]
						},
						{
							"origin": [
								-8,
								14.4641,
								-17
							],
							"size": [
								4,
								4,
								1
							],
							"inflate": -0.01,
							"uv": [
								10,
								43
							]
						},
						{
							"origin": [
								-8,
								14.4641,
								-4
							],
							"size": [
								4,
								4,
								1
							],
							"inflate": -0.01,
							"uv": [
								0,
								43
							]
						},
						{
							"origin": [
								-8,
								12.4641,
								-5
							],
							"size": [
								4,
								8,
								1
							],
							"inflate": -0.01,
							"uv": [
								32,
								34
							]
						},
						{
							"origin": [
								-8,
								21.4641,
								-14
							],
							"size": [
								4,
								1,
								8
							],
							"inflate": -0.01,
							"uv": [
								0,
								20
							]
						},
						{
							"origin": [
								-8,
								10.4641,
								-14
							],
							"size": [
								4,
								1,
								8
							],
							"inflate": -0.01,
							"uv": [
								28,
								0
							]
						},
						{
							"origin": [
								-8,
								22.4641,
								-12
							],
							"size": [
								4,
								1,
								4
							],
							"inflate": -0.01,
							"uv": [
								40,
								20
							]
						},
						{
							"origin": [
								-8,
								9.4641,
								-12
							],
							"size": [
								4,
								1,
								4
							],
							"inflate": -0.01,
							"uv": [
								24,
								20
							]
						}
					]
				},
				{
					"name": "rightItem",
					"parent": "rightArm",
					"pivot": [
						-6,
						15,
						1
					],
					"locators": {
						"lead_hold": [
							-6,
							15,
							1
						]
					}
				},
				{
					"name": "jacket",
					"parent": "body",
					"pivot": [
						0,
						24,
						0
					]
				},
				{
					"name": "leftLeg",
					"parent": "root",
					"pivot": [
						1.9,
						12,
						0
					]
				},
				{
					"name": "leftPants",
					"parent": "leftLeg",
					"pivot": [
						1.9,
						12,
						0
					]
				},
				{
					"name": "rightLeg",
					"parent": "root",
					"pivot": [
						-1.9,
						12,
						0
					]
				},
				{
					"name": "rightPants",
					"parent": "rightLeg",
					"pivot": [
						-1.9,
						12,
						0
					]
				}
			]
		}
	]
}