{
	"format_version": "1.12.0",
	"minecraft:geometry": [
		{
			"description": {
				"identifier": "geometry.wrench",
				"texture_width": 32,
				"texture_height": 32,
				"visible_bounds_width": 3,
				"visible_bounds_height": 4.5,
				"visible_bounds_offset": [
					0,
					0.75,
					0
				]
			},
			"bones": [
				{
					"name": "root",
					"pivot": [
						0,
						0,
						0
					]
				},
				{
					"name": "waist",
					"parent": "root",
					"pivot": [
						0,
						12,
						0
					]
				},
				{
					"name": "body",
					"parent": "waist",
					"pivot": [
						0,
						24,
						0
					]
				},
				{
					"name": "head",
					"parent": "body",
					"pivot": [
						0,
						24,
						0
					]
				},
				{
					"name": "hat",
					"parent": "head",
					"pivot": [
						0,
						24,
						0
					]
				},
				{
					"name": "cape",
					"parent": "body",
					"pivot": [
						0,
						24,
						3
					]
				},
				{
					"name": "leftArm",
					"parent": "body",
					"pivot": [
						5,
						22,
						0
					]
				},
				{
					"name": "leftSleeve",
					"parent": "leftArm",
					"pivot": [
						5,
						22,
						0
					]
				},
				{
					"name": "leftItem",
					"parent": "leftArm",
					"pivot": [
						6,
						15,
						1
					]
				},
				{
					"name": "rightArm",
					"parent": "body",
					"pivot": [
						-5,
						22,
						0
					]
				},
				{
					"name": "rightSleeve",
					"parent": "rightArm",
					"pivot": [
						-5,
						22,
						0
					]
				},
				{
					"name": "wrench",
					"parent": "rightSleeve",
					"pivot": [
						-5.66667,
						15.16667,
						-0.97222
					],
					"cubes": [
						{
							"origin": [
								-7,
								12,
								-13
							],
							"size": [
								2,
								2,
								7
							],
							"uv": [
								0,
								0
							]
						},
						{
							"origin": [
								-7,
								12,
								-15
							],
							"size": [
								2,
								2,
								7
							],
							"uv": [
								0,
								0
							]
						},
						{
							"origin": [
								-7,
								13,
								-7
							],
							"size": [
								2,
								2,
								2
							],
							"uv": [
								16,
								21
							]
						},
						{
							"origin": [
								-7,
								13,
								-17
							],
							"size": [
								2,
								2,
								2
							],
							"uv": [
								16,
								13
							]
						},
						{
							"origin": [
								-7,
								11,
								-7
							],
							"size": [
								2,
								2,
								2
							],
							"uv": [
								24,
								13
							]
						},
						{
							"origin": [
								-7,
								11,
								-17
							],
							"size": [
								2,
								2,
								2
							],
							"uv": [
								8,
								13
							]
						},
						{
							"origin": [
								-7,
								14,
								-6
							],
							"size": [
								2,
								2,
								2
							],
							"uv": [
								8,
								21
							]
						},
						{
							"origin": [
								-7,
								14,
								-18
							],
							"size": [
								2,
								2,
								2
							],
							"uv": [
								0,
								13
							]
						},
						{
							"origin": [
								-7,
								10,
								-6
							],
							"size": [
								2,
								2,
								2
							],
							"uv": [
								0,
								17
							]
						},
						{
							"origin": [
								-7,
								10,
								-18
							],
							"size": [
								2,
								2,
								2
							],
							"uv": [
								24,
								9
							]
						},
						{
							"origin": [
								-7,
								15,
								-5
							],
							"size": [
								2,
								2,
								2
							],
							"uv": [
								0,
								21
							]
						},
						{
							"origin": [
								-7,
								15,
								-21
							],
							"size": [
								2,
								2,
								2
							],
							"uv": [
								0,
								9
							]
						},
						{
							"origin": [
								-7,
								9,
								-5
							],
							"size": [
								2,
								2,
								2
							],
							"uv": [
								8,
								17
							]
						},
						{
							"origin": [
								-7,
								9,
								-21
							],
							"size": [
								2,
								2,
								2
							],
							"uv": [
								8,
								9
							]
						},
						{
							"origin": [
								-7,
								15,
								-3
							],
							"size": [
								2,
								2,
								2
							],
							"uv": [
								24,
								17
							]
						},
						{
							"origin": [
								-7,
								15,
								-19
							],
							"size": [
								2,
								2,
								2
							],
							"uv": [
								18,
								0
							]
						},
						{
							"origin": [
								-7,
								9,
								-3
							],
							"size": [
								2,
								2,
								2
							],
							"uv": [
								16,
								17
							]
						},
						{
							"origin": [
								-7,
								9,
								-19
							],
							"size": [
								2,
								2,
								2
							],
							"uv": [
								16,
								9
							]
						}
					]
				},
				{
					"name": "bodypart1",
					"parent": "wrench",
					"pivot": [
						-6,
						17,
						-5.5
					],
					"rotation": [
						45,
						0,
						0
					]
				},
				{
					"name": "rightItem",
					"parent": "rightArm",
					"pivot": [
						-6,
						15,
						1
					],
					"locators": {
						"lead_hold": [
							-6,
							15,
							1
						]
					}
				},
				{
					"name": "jacket",
					"parent": "body",
					"pivot": [
						0,
						24,
						0
					]
				},
				{
					"name": "leftLeg",
					"parent": "root",
					"pivot": [
						1.9,
						12,
						0
					]
				},
				{
					"name": "leftPants",
					"parent": "leftLeg",
					"pivot": [
						1.9,
						12,
						0
					]
				},
				{
					"name": "rightLeg",
					"parent": "root",
					"pivot": [
						-1.9,
						12,
						0
					]
				},
				{
					"name": "rightPants",
					"parent": "rightLeg",
					"pivot": [
						-1.9,
						12,
						0
					]
				}
			]
		}
	]
}