{
	"format_version": "1.13.0",
	"minecraft:entity": {
		"description": {
			"identifier": "simple_vehicles:helicopter",
			"is_spawnable": true,
			"is_summonable": true,
			"is_experimental": false,
			"scripts": {
				"animate": [
					"cmd",
					"move",
					"dura",
					"bridge_execute_commands",
					"fly",
					"remove_effect"
				]
			},
			"animations": {
				"cmd": "controller.animation.helicopter_cmd",
				"move": "controller.animation.helicopter_move",
				"dura": "controller.animation.car_durability",
				"bridge_execute_commands": "controller.animation.bridge_m5.execute_commands",
				"fly": "controller.animation.helicopter.fly2",
				"remove_effect": "controller.animation.c_sled.remove_effect"
			}
		},
		"component_groups": {
			"minecraft:ranger": {
				"minecraft:is_tamed": {},
				"minecraft:rideable": {
					"seat_count": 1,
					"crouching_skip_interact": true,
					"family_types": [
						"player"
					],
					"interact_text": "Drive",
					"seats": [
						{
                            "position": [0.5, 0.6, 0.4]
						}
					]
				}
			},
			"minecraft:bugfixer": {
				"minecraft:timer": {
					"time": [
						0.1,
						0.1
					],
					"looping": false,
					"time_down_event": {
						"event": "minecraft:bugfix",
						"target": "self"
					}
				}
			},
			"minecraft:horse_saddled": {
				"minecraft:movement": {
					"value": 0.42
				},
				"minecraft:input_ground_controlled": {},
				"minecraft:can_power_jump": {},
				"minecraft:behavior.player_ride_tamed": {}
			},
			"rmplaysmcyt:black": {
				"minecraft:variant": {
					"value": 0
				}
			},
			"rmplaysmcyt:white": {
				"minecraft:variant": {
					"value": 1
				}
			},
			"rmplaysmcyt:orange": {
				"minecraft:variant": {
					"value": 2
				}
			},
			"rmplaysmcyt:magenta": {
				"minecraft:variant": {
					"value": 3
				}
			},
			"rmplaysmcyt:light_blue": {
				"minecraft:variant": {
					"value": 4
				}
			},
			"rmplaysmcyt:yellow": {
				"minecraft:variant": {
					"value": 5
				}
			},
			"rmplaysmcyt:lime": {
				"minecraft:variant": {
					"value": 6
				}
			},
			"rmplaysmcyt:pink": {
				"minecraft:variant": {
					"value": 7
				}
			},
			"rmplaysmcyt:gray": {
				"minecraft:variant": {
					"value": 8
				}
			},
			"rmplaysmcyt:silver": {
				"minecraft:variant": {
					"value": 9
				}
			},
			"rmplaysmcyt:cyan": {
				"minecraft:variant": {
					"value": 10
				}
			},
			"rmplaysmcyt:purple": {
				"minecraft:variant": {
					"value": 11
				}
			},
			"rmplaysmcyt:blue": {
				"minecraft:variant": {
					"value": 12
				}
			},
			"rmplaysmcyt:brown": {
				"minecraft:variant": {
					"value": 13
				}
			},
			"rmplaysmcyt:green": {
				"minecraft:variant": {
					"value": 14
				}
			},
			"rmplaysmcyt:red": {
				"minecraft:variant": {
					"value": 15
				}
			},
			"tame": {
				"minecraft:interact": {
					"interactions": [
						{
							"interact_text": "fill.oil",
							"on_interact": {
								"event": "fill",
								"filters": {
									"all_of": [
										{
											"test": "is_family",
											"subject": "other",
											"value": "player"
										},
										{
											"test": "has_equipment",
											"subject": "other",
											"value": "coal"
										}
									]
								}
							},
							"use_item": true
						},
						{
							"on_interact": {
								"filters": {
									"all_of": [
										{
											"all_of": [
												{
													"test": "has_equipment",
													"subject": "other",
													"domain": "hand",
													"value": "simple_vehicles:black_spray"
												}
											]
										},
										{
											"test": "is_family",
											"subject": "other",
											"value": "player"
										},
										{
											"test": "has_ability",
											"subject": "other",
											"value": "instabuild"
										}
									]
								},
								"event": "rmplaysmcyt:turn_black"
							},
							"use_item": true,
							"interact_text": "Paint on it!"
						},
						{
							"on_interact": {
								"filters": {
									"all_of": [
										{
											"all_of": [
												{
													"test": "has_equipment",
													"subject": "other",
													"domain": "hand",
													"value": "simple_vehicles:white_spray"
												}
											]
										},
										{
											"test": "is_family",
											"subject": "other",
											"value": "player"
										},
										{
											"test": "has_ability",
											"subject": "other",
											"value": "instabuild"
										}
									]
								},
								"event": "rmplaysmcyt:turn_white"
							},
							"use_item": true,
							"interact_text": "Paint on it!"
						},
						{
							"on_interact": {
								"filters": {
									"all_of": [
										{
											"all_of": [
												{
													"test": "has_equipment",
													"subject": "other",
													"domain": "hand",
													"value": "simple_vehicles:orange_spray"
												}
											]
										},
										{
											"test": "is_family",
											"subject": "other",
											"value": "player"
										},
										{
											"test": "has_ability",
											"subject": "other",
											"value": "instabuild"
										}
									]
								},
								"event": "rmplaysmcyt:turn_orange"
							},
							"use_item": true,
							"interact_text": "Paint on it!"
						},
						{
							"on_interact": {
								"filters": {
									"all_of": [
										{
											"all_of": [
												{
													"test": "has_equipment",
													"subject": "other",
													"domain": "hand",
													"value": "simple_vehicles:magenta_spray"
												}
											]
										},
										{
											"test": "is_family",
											"subject": "other",
											"value": "player"
										},
										{
											"test": "has_ability",
											"subject": "other",
											"value": "instabuild"
										}
									]
								},
								"event": "rmplaysmcyt:turn_magenta"
							},
							"use_item": true,
							"interact_text": "Paint on it!"
						},
						{
							"on_interact": {
								"filters": {
									"all_of": [
										{
											"all_of": [
												{
													"test": "has_equipment",
													"subject": "other",
													"domain": "hand",
													"value": "simple_vehicles:light_blue_spray"
												}
											]
										},
										{
											"test": "is_family",
											"subject": "other",
											"value": "player"
										},
										{
											"test": "has_ability",
											"subject": "other",
											"value": "instabuild"
										}
									]
								},
								"event": "rmplaysmcyt:turn_light_blue"
							},
							"use_item": true,
							"interact_text": "Paint on it!"
						},
						{
							"on_interact": {
								"filters": {
									"all_of": [
										{
											"all_of": [
												{
													"test": "has_equipment",
													"subject": "other",
													"domain": "hand",
													"value": "simple_vehicles:yellow_spray"
												}
											]
										},
										{
											"test": "is_family",
											"subject": "other",
											"value": "player"
										},
										{
											"test": "has_ability",
											"subject": "other",
											"value": "instabuild"
										}
									]
								},
								"event": "rmplaysmcyt:turn_yellow"
							},
							"use_item": true,
							"interact_text": "Paint on it!"
						},
						{
							"on_interact": {
								"filters": {
									"all_of": [
										{
											"all_of": [
												{
													"test": "has_equipment",
													"subject": "other",
													"domain": "hand",
													"value": "simple_vehicles:lime_spray"
												}
											]
										},
										{
											"test": "is_family",
											"subject": "other",
											"value": "player"
										},
										{
											"test": "has_ability",
											"subject": "other",
											"value": "instabuild"
										}
									]
								},
								"event": "rmplaysmcyt:turn_lime"
							},
							"use_item": true,
							"interact_text": "Paint on it!"
						},
						{
							"on_interact": {
								"filters": {
									"all_of": [
										{
											"all_of": [
												{
													"test": "has_equipment",
													"subject": "other",
													"domain": "hand",
													"value": "simple_vehicles:pink_spray"
												}
											]
										},
										{
											"test": "is_family",
											"subject": "other",
											"value": "player"
										},
										{
											"test": "has_ability",
											"subject": "other",
											"value": "instabuild"
										}
									]
								},
								"event": "rmplaysmcyt:turn_pink"
							},
							"use_item": true,
							"interact_text": "Paint on it!"
						},
						{
							"on_interact": {
								"filters": {
									"all_of": [
										{
											"all_of": [
												{
													"test": "has_equipment",
													"subject": "other",
													"domain": "hand",
													"value": "simple_vehicles:gray_spray"
												}
											]
										},
										{
											"test": "is_family",
											"subject": "other",
											"value": "player"
										},
										{
											"test": "has_ability",
											"subject": "other",
											"value": "instabuild"
										}
									]
								},
								"event": "rmplaysmcyt:turn_gray"
							},
							"use_item": true,
							"interact_text": "Paint on it!"
						},
						{
							"on_interact": {
								"filters": {
									"all_of": [
										{
											"all_of": [
												{
													"test": "has_equipment",
													"subject": "other",
													"domain": "hand",
													"value": "simple_vehicles:silver_spray"
												}
											]
										},
										{
											"test": "is_family",
											"subject": "other",
											"value": "player"
										},
										{
											"test": "has_ability",
											"subject": "other",
											"value": "instabuild"
										}
									]
								},
								"event": "rmplaysmcyt:turn_silver"
							},
							"use_item": true,
							"interact_text": "Paint on it!"
						},
						{
							"on_interact": {
								"filters": {
									"all_of": [
										{
											"all_of": [
												{
													"test": "has_equipment",
													"subject": "other",
													"domain": "hand",
													"value": "simple_vehicles:cyan_spray"
												}
											]
										},
										{
											"test": "is_family",
											"subject": "other",
											"value": "player"
										},
										{
											"test": "has_ability",
											"subject": "other",
											"value": "instabuild"
										}
									]
								},
								"event": "rmplaysmcyt:turn_cyan"
							},
							"use_item": true,
							"interact_text": "Paint on it!"
						},
						{
							"on_interact": {
								"filters": {
									"all_of": [
										{
											"all_of": [
												{
													"test": "has_equipment",
													"subject": "other",
													"domain": "hand",
													"value": "simple_vehicles:purple_spray"
												}
											]
										},
										{
											"test": "is_family",
											"subject": "other",
											"value": "player"
										},
										{
											"test": "has_ability",
											"subject": "other",
											"value": "instabuild"
										}
									]
								},
								"event": "rmplaysmcyt:turn_purple"
							},
							"use_item": true,
							"interact_text": "Paint on it!"
						},
						{
							"on_interact": {
								"filters": {
									"all_of": [
										{
											"all_of": [
												{
													"test": "has_equipment",
													"subject": "other",
													"domain": "hand",
													"value": "simple_vehicles:blue_spray"
												}
											]
										},
										{
											"test": "is_family",
											"subject": "other",
											"value": "player"
										},
										{
											"test": "has_ability",
											"subject": "other",
											"value": "instabuild"
										}
									]
								},
								"event": "rmplaysmcyt:turn_blue"
							},
							"use_item": true,
							"interact_text": "Paint on it!"
						},
						{
							"on_interact": {
								"filters": {
									"all_of": [
										{
											"all_of": [
												{
													"test": "has_equipment",
													"subject": "other",
													"domain": "hand",
													"value": "simple_vehicles:brown_spray"
												}
											]
										},
										{
											"test": "is_family",
											"subject": "other",
											"value": "player"
										},
										{
											"test": "has_ability",
											"subject": "other",
											"value": "instabuild"
										}
									]
								},
								"event": "rmplaysmcyt:turn_brown"
							},
							"use_item": true,
							"interact_text": "Paint on it!"
						},
						{
							"on_interact": {
								"filters": {
									"all_of": [
										{
											"all_of": [
												{
													"test": "has_equipment",
													"subject": "other",
													"domain": "hand",
													"value": "simple_vehicles:green_spray"
												}
											]
										},
										{
											"test": "is_family",
											"subject": "other",
											"value": "player"
										},
										{
											"test": "has_ability",
											"subject": "other",
											"value": "instabuild"
										}
									]
								},
								"event": "rmplaysmcyt:turn_green"
							},
							"use_item": true,
							"interact_text": "Paint on it!"
						},
						{
							"on_interact": {
								"filters": {
									"all_of": [
										{
											"all_of": [
												{
													"test": "has_equipment",
													"subject": "other",
													"domain": "hand",
													"value": "simple_vehicles:red_spray"
												}
											]
										},
										{
											"test": "is_family",
											"subject": "other",
											"value": "player"
										},
										{
											"test": "has_ability",
											"subject": "other",
											"value": "instabuild"
										}
									]
								},
								"event": "rmplaysmcyt:turn_red"
							},
							"use_item": true,
							"interact_text": "Paint on it!"
						}
					]
				},
				"minecraft:loot": {
					"table": "loot_tables/m5_Tame.json"
				}
			},
			"bridge:execute_command_id_1": {
				"minecraft:skin_id": {
					"value": 1
				}
			},
			"bridge:execute_no_command": {
				"minecraft:skin_id": {
					"value": 0
				}
			}
		},
		"components": {
			"minecraft:scale": {
				"value": 1.0
			},
			"minecraft:tameable": {
				"probability": 1,
				"tame_items": [
				    "minecraft:saddle",
					"coal"
				],
				"tame_event": {
					"event": "minecraft:on_tame",
					"target": "self"
				}
			},
				"minecraft:interact": {
					"interactions": [
						{
							"interact_text": "fill.oil",
							"on_interact": {
								"event": "fill",
								"filters": {
									"all_of": [
										{
											"test": "is_family",
											"subject": "other",
											"value": "player"
										},
										{
											"test": "has_equipment",
											"subject": "other",
											"value": "coal"
										}
									]
								}
							},
							"use_item": true
						},
						{
							"on_interact": {
								"filters": {
									"all_of": [
										{
											"all_of": [
												{
													"test": "has_equipment",
													"subject": "other",
													"domain": "hand",
													"value": "simple_vehicles:black_spray"
												}
											]
										},
										{
											"test": "is_family",
											"subject": "other",
											"value": "player"
										},
										{
											"test": "has_ability",
											"subject": "other",
											"value": "instabuild"
										}
									]
								},
								"event": "rmplaysmcyt:turn_black"
							},
							"use_item": true,
							"interact_text": "Paint on it!"
						},
						{
							"on_interact": {
								"filters": {
									"all_of": [
										{
											"all_of": [
												{
													"test": "has_equipment",
													"subject": "other",
													"domain": "hand",
													"value": "simple_vehicles:white_spray"
												}
											]
										},
										{
											"test": "is_family",
											"subject": "other",
											"value": "player"
										},
										{
											"test": "has_ability",
											"subject": "other",
											"value": "instabuild"
										}
									]
								},
								"event": "rmplaysmcyt:turn_white"
							},
							"use_item": true,
							"interact_text": "Paint on it!"
						},
						{
							"on_interact": {
								"filters": {
									"all_of": [
										{
											"all_of": [
												{
													"test": "has_equipment",
													"subject": "other",
													"domain": "hand",
													"value": "simple_vehicles:orange_spray"
												}
											]
										},
										{
											"test": "is_family",
											"subject": "other",
											"value": "player"
										},
										{
											"test": "has_ability",
											"subject": "other",
											"value": "instabuild"
										}
									]
								},
								"event": "rmplaysmcyt:turn_orange"
							},
							"use_item": true,
							"interact_text": "Paint on it!"
						},
						{
							"on_interact": {
								"filters": {
									"all_of": [
										{
											"all_of": [
												{
													"test": "has_equipment",
													"subject": "other",
													"domain": "hand",
													"value": "simple_vehicles:magenta_spray"
												}
											]
										},
										{
											"test": "is_family",
											"subject": "other",
											"value": "player"
										},
										{
											"test": "has_ability",
											"subject": "other",
											"value": "instabuild"
										}
									]
								},
								"event": "rmplaysmcyt:turn_magenta"
							},
							"use_item": true,
							"interact_text": "Paint on it!"
						},
						{
							"on_interact": {
								"filters": {
									"all_of": [
										{
											"all_of": [
												{
													"test": "has_equipment",
													"subject": "other",
													"domain": "hand",
													"value": "simple_vehicles:light_blue_spray"
												}
											]
										},
										{
											"test": "is_family",
											"subject": "other",
											"value": "player"
										},
										{
											"test": "has_ability",
											"subject": "other",
											"value": "instabuild"
										}
									]
								},
								"event": "rmplaysmcyt:turn_light_blue"
							},
							"use_item": true,
							"interact_text": "Paint on it!"
						},
						{
							"on_interact": {
								"filters": {
									"all_of": [
										{
											"all_of": [
												{
													"test": "has_equipment",
													"subject": "other",
													"domain": "hand",
													"value": "simple_vehicles:yellow_spray"
												}
											]
										},
										{
											"test": "is_family",
											"subject": "other",
											"value": "player"
										},
										{
											"test": "has_ability",
											"subject": "other",
											"value": "instabuild"
										}
									]
								},
								"event": "rmplaysmcyt:turn_yellow"
							},
							"use_item": true,
							"interact_text": "Paint on it!"
						},
						{
							"on_interact": {
								"filters": {
									"all_of": [
										{
											"all_of": [
												{
													"test": "has_equipment",
													"subject": "other",
													"domain": "hand",
													"value": "simple_vehicles:lime_spray"
												}
											]
										},
										{
											"test": "is_family",
											"subject": "other",
											"value": "player"
										},
										{
											"test": "has_ability",
											"subject": "other",
											"value": "instabuild"
										}
									]
								},
								"event": "rmplaysmcyt:turn_lime"
							},
							"use_item": true,
							"interact_text": "Paint on it!"
						},
						{
							"on_interact": {
								"filters": {
									"all_of": [
										{
											"all_of": [
												{
													"test": "has_equipment",
													"subject": "other",
													"domain": "hand",
													"value": "simple_vehicles:pink_spray"
												}
											]
										},
										{
											"test": "is_family",
											"subject": "other",
											"value": "player"
										},
										{
											"test": "has_ability",
											"subject": "other",
											"value": "instabuild"
										}
									]
								},
								"event": "rmplaysmcyt:turn_pink"
							},
							"use_item": true,
							"interact_text": "Paint on it!"
						},
						{
							"on_interact": {
								"filters": {
									"all_of": [
										{
											"all_of": [
												{
													"test": "has_equipment",
													"subject": "other",
													"domain": "hand",
													"value": "simple_vehicles:gray_spray"
												}
											]
										},
										{
											"test": "is_family",
											"subject": "other",
											"value": "player"
										},
										{
											"test": "has_ability",
											"subject": "other",
											"value": "instabuild"
										}
									]
								},
								"event": "rmplaysmcyt:turn_gray"
							},
							"use_item": true,
							"interact_text": "Paint on it!"
						},
						{
							"on_interact": {
								"filters": {
									"all_of": [
										{
											"all_of": [
												{
													"test": "has_equipment",
													"subject": "other",
													"domain": "hand",
													"value": "simple_vehicles:silver_spray"
												}
											]
										},
										{
											"test": "is_family",
											"subject": "other",
											"value": "player"
										},
										{
											"test": "has_ability",
											"subject": "other",
											"value": "instabuild"
										}
									]
								},
								"event": "rmplaysmcyt:turn_silver"
							},
							"use_item": true,
							"interact_text": "Paint on it!"
						},
						{
							"on_interact": {
								"filters": {
									"all_of": [
										{
											"all_of": [
												{
													"test": "has_equipment",
													"subject": "other",
													"domain": "hand",
													"value": "simple_vehicles:cyan_spray"
												}
											]
										},
										{
											"test": "is_family",
											"subject": "other",
											"value": "player"
										},
										{
											"test": "has_ability",
											"subject": "other",
											"value": "instabuild"
										}
									]
								},
								"event": "rmplaysmcyt:turn_cyan"
							},
							"use_item": true,
							"interact_text": "Paint on it!"
						},
						{
							"on_interact": {
								"filters": {
									"all_of": [
										{
											"all_of": [
												{
													"test": "has_equipment",
													"subject": "other",
													"domain": "hand",
													"value": "simple_vehicles:purple_spray"
												}
											]
										},
										{
											"test": "is_family",
											"subject": "other",
											"value": "player"
										},
										{
											"test": "has_ability",
											"subject": "other",
											"value": "instabuild"
										}
									]
								},
								"event": "rmplaysmcyt:turn_purple"
							},
							"use_item": true,
							"interact_text": "Paint on it!"
						},
						{
							"on_interact": {
								"filters": {
									"all_of": [
										{
											"all_of": [
												{
													"test": "has_equipment",
													"subject": "other",
													"domain": "hand",
													"value": "simple_vehicles:blue_spray"
												}
											]
										},
										{
											"test": "is_family",
											"subject": "other",
											"value": "player"
										},
										{
											"test": "has_ability",
											"subject": "other",
											"value": "instabuild"
										}
									]
								},
								"event": "rmplaysmcyt:turn_blue"
							},
							"use_item": true,
							"interact_text": "Paint on it!"
						},
						{
							"on_interact": {
								"filters": {
									"all_of": [
										{
											"all_of": [
												{
													"test": "has_equipment",
													"subject": "other",
													"domain": "hand",
													"value": "simple_vehicles:brown_spray"
												}
											]
										},
										{
											"test": "is_family",
											"subject": "other",
											"value": "player"
										},
										{
											"test": "has_ability",
											"subject": "other",
											"value": "instabuild"
										}
									]
								},
								"event": "rmplaysmcyt:turn_brown"
							},
							"use_item": true,
							"interact_text": "Paint on it!"
						},
						{
							"on_interact": {
								"filters": {
									"all_of": [
										{
											"all_of": [
												{
													"test": "has_equipment",
													"subject": "other",
													"domain": "hand",
													"value": "simple_vehicles:green_spray"
												}
											]
										},
										{
											"test": "is_family",
											"subject": "other",
											"value": "player"
										},
										{
											"test": "has_ability",
											"subject": "other",
											"value": "instabuild"
										}
									]
								},
								"event": "rmplaysmcyt:turn_green"
							},
							"use_item": true,
							"interact_text": "Paint on it!"
						},
						{
							"on_interact": {
								"filters": {
									"all_of": [
										{
											"all_of": [
												{
													"test": "has_equipment",
													"subject": "other",
													"domain": "hand",
													"value": "simple_vehicles:red_spray"
												}
											]
										},
										{
											"test": "is_family",
											"subject": "other",
											"value": "player"
										},
										{
											"test": "has_ability",
											"subject": "other",
											"value": "instabuild"
										}
									]
								},
								"event": "rmplaysmcyt:turn_red"
							},
							"use_item": true,
							"interact_text": "Paint on it!"
						}
					]
				},
			"minecraft:equippable": {
				"slots": [
					{
						"slot": 0,
						"item": "simple_vehicles:key",
						"accepted_items": [
							"simple_vehicles:key"
						],
						"on_equip": {
							"event": "minecraft:horse_saddled"
						},
						"on_unequip": {
							"event": "minecraft:horse_unsaddled"
						}
					}
				]
			},
			"minecraft:type_family": {
				"family": [
					"helicopter",
					"simple_vehicles",
					"vehicles"
				]
			},
			"minecraft:breathable": {
				"totalSupply": 15,
				"suffocateTime": 0
			},
			"minecraft:collision_box": {
				"width": 2,
				"height": 2
			},
			"minecraft:health": {
				"value": {
					"range_min": 100,
					"range_max": 100
				}
			},
			"minecraft:inventory": {
				"inventory_size": 15,
				"container_type": "horse",
				"private": false
			},
			"minecraft:movement": {
				"value": {
					"range_min": 0.0,
					"range_max": 0.0
				}
			},
			"minecraft:loot": {
				"table": "loot_tables/entities/helicopter.json"
			},
			"minecraft:navigation.walk": {
				"can_path_over_water": true,
				"avoid_water": false,
				"avoid_damage_blocks": true
			},
			"minecraft:movement.basic": {},
			"minecraft:jump.static": {},
			"minecraft:nameable": {},
			"minecraft:horse.jump_strength": {
				"value": {
					"range_min": 0.4,
					"range_max": 1
				}
			},
			"minecraft:balloonable": {},
			"minecraft:behavior.float": {
				"priority": 0
			},
			"minecraft:is_chested": {},
			"minecraft:physics": {}
		},
		"events": {
			"minecraft:entity_spawned": {
				"sequence": [
					{
						"randomize": [
							{
								"weight": 10,
								"add": {
									"component_groups": [
										"minecraft:ranger",
										"tame"
									]
								}
							}
						]
					},
					{
						"randomize": [
							{
								"add": {
									"component_groups": [
										"rmplaysmcyt:black"
									]
								}
							},
							{
								"add": {
									"component_groups": [
										"rmplaysmcyt:white"
									]
								}
							},
							{
								"add": {
									"component_groups": [
										"rmplaysmcyt:orange"
									]
								}
							},
							{
								"add": {
									"component_groups": [
										"rmplaysmcyt:magenta"
									]
								}
							},
							{
								"add": {
									"component_groups": [
										"rmplaysmcyt:light_blue"
									]
								}
							},
							{
								"add": {
									"component_groups": [
										"rmplaysmcyt:yellow"
									]
								}
							},
							{
								"add": {
									"component_groups": [
										"rmplaysmcyt:lime"
									]
								}
							},
							{
								"add": {
									"component_groups": [
										"rmplaysmcyt:pink"
									]
								}
							},
							{
								"add": {
									"component_groups": [
										"rmplaysmcyt:gray"
									]
								}
							},
							{
								"add": {
									"component_groups": [
										"rmplaysmcyt:silver"
									]
								}
							},
							{
								"add": {
									"component_groups": [
										"rmplaysmcyt:cyan"
									]
								}
							},
							{
								"add": {
									"component_groups": [
										"rmplaysmcyt:purple"
									]
								}
							},
							{
								"add": {
									"component_groups": [
										"rmplaysmcyt:blue"
									]
								}
							},
							{
								"add": {
									"component_groups": [
										"rmplaysmcyt:brown"
									]
								}
							},
							{
								"add": {
									"component_groups": [
										"rmplaysmcyt:green"
									]
								}
							},
							{
								"add": {
									"component_groups": [
										"rmplaysmcyt:red"
									]
								}
							}
						]
					}
				]
			},
			"minecraft:horse_saddled": {
				"add": {
					"component_groups": [
						"minecraft:horse_saddled",
						"tame"
					]
				}
			},
			"minecraft:horse_unsaddled": {
				"add": {
					"component_groups": [
						"minecraft:bugfixer"
					]
				},
				"remove": {
					"component_groups": [
						"minecraft:horse_saddled"
					]
				}
			},
			"minecraft:bugfix": {
				"add": {
					"component_groups": [
						"minecraft:ranger"
					]
				},
				"remove": {
					"component_groups": [
						"minecraft:bugfixer"
					]
				}
			},
			"minecraft:on_tame": {
				"add": {
					"component_groups": [
						"tame"
					]
				}
			},
			"fill": {
				"add": {
					"component_groups": [
						"bridge:execute_command_id_1"
					]
				}
			},
			"bridge:remove_command_id_1": {
				"add": {
					"component_groups": [
						"bridge:execute_no_command"
					]
				},
				"remove": {
					"component_groups": [
						"bridge:execute_command_id_1"
					]
				}
			},
			"rmplaysmcyt:turn_black": {
				"add": {
					"component_groups": [
						"rmplaysmcyt:black"
					]
				}
			},
			"rmplaysmcyt:turn_white": {
				"add": {
					"component_groups": [
						"rmplaysmcyt:white"
					]
				}
			},
			"rmplaysmcyt:turn_orange": {
				"add": {
					"component_groups": [
						"rmplaysmcyt:orange"
					]
				}
			},
			"rmplaysmcyt:turn_magenta": {
				"add": {
					"component_groups": [
						"rmplaysmcyt:magenta"
					]
				}
			},
			"rmplaysmcyt:turn_light_blue": {
				"add": {
					"component_groups": [
						"rmplaysmcyt:light_blue"
					]
				}
			},
			"rmplaysmcyt:turn_yellow": {
				"add": {
					"component_groups": [
						"rmplaysmcyt:yellow"
					]
				}
			},
			"rmplaysmcyt:turn_pink": {
				"add": {
					"component_groups": [
						"rmplaysmcyt:pink"
					]
				}
			},
			"rmplaysmcyt:turn_gray": {
				"add": {
					"component_groups": [
						"rmplaysmcyt:gray"
					]
				}
			},
			"rmplaysmcyt:turn_silver": {
				"add": {
					"component_groups": [
						"rmplaysmcyt:silver"
					]
				}
			},
			"rmplaysmcyt:turn_cyan": {
				"add": {
					"component_groups": [
						"rmplaysmcyt:cyan"
					]
				}
			},
			"rmplaysmcyt:turn_purple": {
				"add": {
					"component_groups": [
						"rmplaysmcyt:purple"
					]
				}
			},
			"rmplaysmcyt:turn_blue": {
				"add": {
					"component_groups": [
						"rmplaysmcyt:blue"
					]
				}
			},
			"rmplaysmcyt:turn_brown": {
				"add": {
					"component_groups": [
						"rmplaysmcyt:brown"
					]
				}
			},
			"rmplaysmcyt:turn_green": {
				"add": {
					"component_groups": [
						"rmplaysmcyt:green"
					]
				}
			},
			"rmplaysmcyt:turn_red": {
				"add": {
					"component_groups": [
						"rmplaysmcyt:red"
					]
				}
			},
			"rmplaysmcyt:turn_lime": {
				"add": {
					"component_groups": [
						"rmplaysmcyt:lime"
					]
				}
			}
		}
	}
}