{
	"format_version": "1.10.0",
	"minecraft:entity": {
		"description": {
			"identifier": "simple_vehicles:tank",
			"is_spawnable": true,
			"is_summonable": true,
			"is_experimental": false,
            "scripts": {
                "animate": [
                    "weapon",
                    "rider"
                ]
            },
            "animations": {
                "weapon": "controller.animation.tank_weapon",
                "rider": "controller.animation.tank_rider"
            }
		},
		"component_groups": {
			"simple_vehicle:ready": {
				"minecraft:interact": [
					{
						"on_interact": {
							"filters": {
								"all_of": [
                                    {
                                        "test": "is_family",
                                        "subject": "other",
                                        "value": "player"
                                    },
									{
										"test": "is_riding",
										"subject": "other",
										"value": true
									}
                                ]
							},
							"target": "self",
							"event": "simple_vehicle:cooldown"
						},
						"play_sounds": "random.explode",
						"use_item": false,
						"interact_text": "§lFIRE",
						"spawn_entities": "simple_vehicles:missile"
					}
				]
			},
			"simple_vehicle:cooldown": {
				"minecraft:spawn_entity": {
					"entities": {
						"min_wait_time": 0.1,
						"max_wait_time": 0.4,
						"spawn_entity": "simple_vehicles:missile",
						"single_use": true
					}
				},
				"minecraft:timer": {
					"duration": 1,
					"time_down_event": {
						"event": "simple_vehicle:ready",
						"target": "self"
					}
				}
			}
		},
		"components": {
			"minecraft:type_family": {
				"family": [
					"tank",
					"simple_vehicles"
				]
			},
			"minecraft:collision_box": {
				"width": 4,
				"height": 2.3
			},
			"minecraft:scale": {
				"value": 1
			},
			"minecraft:fall_damage": {
				"value": 0
			},
			"minecraft:is_stackable": {},
			"minecraft:push_through": {
				"value": 1
			},
			"minecraft:health": {
				"value": {
					"range_min": 40,
					"range_max": 40
				}
			},
            "minecraft:attack": {
                "damage": 3
            },
      "minecraft:behavior.melee_attack": {
        "track_target": false,
        "speed_multiplier": 1
      },
            "minecraft:behavior.nearest_attackable_target": {
        "priority": 2,
        "must_see": true,
        "reselect_targets": true,
        "within_radius": 25.0,
        "must_see_forget_duration": 17.0,
        "entity_types": [
          {
            "filters": {
              "any_of": [
                {
                  "test": "is_family",
                  "subject": "other",
                  "value": "mob"
                },
                {
                  "test": "is_family",
                  "subject": "other",
                  "value": "spider"
                },
                {
                  "test": "is_family",
                  "subject": "other",
                  "value": "zombie"
                }
              ]
            },
            "max_dist": 30
          }
          ]
      },
			"minecraft:movement.basic": {},
			"minecraft:jump.static": {},
			"minecraft:nameable": {},
			"minecraft:movement": {
				"value": 0.2
			},
			"minecraft:damage_sensor": [
				{
					"on_damage": {
						"filters": {
							"test": "is_riding",
							"subject": "player"
						}
					},
					"deals_damage": false
				}
			],
			"minecraft:fire_immune": true,
			"minecraft:rideable": {
				"seat_count": 1,
				"rider_can_interact": true,
				"crouching_skip_interact": true,
				"family_types": [
					"player"
				],
				"interact_text": "Ride Tank",
				"seats": {
					"position": [
						0,
						1.2,
						0
					]
				}
			},
			"minecraft:knockback_resistance": {
				"value": 1
			},
			"minecraft:physics": {
				"has_gravity": true
			},
			"minecraft:input_ground_controlled": {},
			"minecraft:loot": {
				"table": "loot_tables/entities/simple_vehicles/tank.json"
			}
		},
		"events": {
			"minecraft:entity_spawned": {
				"add": {
					"component_groups": [
						"simple_vehicle:ready"
					]
				}
			},
			"simple_vehicle:spawn": {
				"remove": {
					"component_groups": [
						"simple_vehicle:ready"
					]
				}
			},
			"simple_vehicle:cooldown": {
				"add": {
					"component_groups": [
						"simple_vehicle:cooldown"
					]
				},
				"remove": {
					"component_groups": [
						"simple_vehicle:ready"
					]
				}
			},
			"simple_vehicle:ready": {
				"add": {
					"component_groups": [
						"simple_vehicle:ready"
					]
				},
				"remove": {
					"component_groups": [
						"simple_vehicle:cooldown"
					]
				}
			}
		}
	}
}