{
	"format_version": "1.10.0",
	"minecraft:client_entity": {
		"description": {
			"identifier": "simple_vehicles:honda_accord_2019",
			"materials": {
				"default": "entity_emissive_alpha"
			},
			"textures": {
				"black": "textures/entity/honda_accord_2019/honda_accord_2019_black",
				"white": "textures/entity/honda_accord_2019",
				"red": "textures/entity/honda_accord_2019/honda_accord_2019_red",
				"green": "textures/entity/honda_accord_2019/honda_accord_2019_green",
				"blue": "textures/entity/honda_accord_2019/honda_accord_2019_blue"
			},
			"geometry": {
				"default": "geometry.honda_accord_2019"
			},
			"spawn_egg": {
				"texture": "honda_accord_2019",
				"texture_index": 0
			},
			"render_controllers": [
				"controller.render.honda_accord_2019"
			],
			"animations": {
				"move": "animation.cadillac_dts_2010.move",
				"turn": "animation.honda_accord_2019.turn",
				"general": "controller.animation.vehicle.v_turn"
			},
			"scripts": {
				"animate": [
					{
						"move": "query.modified_distance_moved"
					},
					"general"
				]
			}
		}
	}
}