{
	"format_version": "1.10.0",
	"minecraft:client_entity": {
		"description": {
			"identifier": "simple_vehicles:volkswagen_beetle",
			"materials": {
				"default": "aspire"
			},
			"geometry": {
				"default": "geometry.VW_Beetle"
			},
			"textures": {
				"black": "textures/entity/VW_Beetle",
				"white": "textures/entity/vm_beetle/VW_Beetle_white",
				"orange": "textures/entity/vm_beetle/VW_Beetle_orange",
				"magenta": "textures/entity/vm_beetle/VW_Beetle_magenta",
				"light_blue": "textures/entity/vm_beetle/VW_Beetle_light_blue",
				"yellow": "textures/entity/vm_beetle/VW_Beetle_yellow",
				"lime": "textures/entity/vm_beetle/VW_Beetle_lime",
				"pink": "textures/entity/vm_beetle/VW_Beetle_pink",
				"gray": "textures/entity/vm_beetle/VW_Beetle_gray",
				"silver": "textures/entity/vm_beetle/VW_Beetle_silver",
				"cyan": "textures/entity/vm_beetle/VW_Beetle_cyan",
				"purple": "textures/entity/vm_beetle/VW_Beetle_purple",
				"blue": "textures/entity/vm_beetle/VW_Beetle_blue",
				"brown": "textures/entity/vm_beetle/VW_Beetle_brown",
				"green": "textures/entity/vm_beetle/VW_Beetle_green",
				"red": "textures/entity/vm_beetle/VW_Beetle_red"
			},
			"spawn_egg": {
				"texture": "volkswagen_beetle",
				"texture_index": 0
			},
			"animations": {
				"move": "animation.vw_beetle.move",
				"turn": "animation.vw_beetle.turn",
				"general": "controller.animation.vehicle.v_turn"
			},
			"render_controllers": [
				"controller.render.simple_car"
			],
			"scripts": {
				"animate": [
					{
						"move": "query.modified_distance_moved"
					},
					"general"
				]
			}
		}
	}
}