{
  "namespace": "how_to_play",
  "how_to_play_screen@how_to_play_common.screen_base": {
    "$selector_stack_panel": "how_to_play.selector_stack_panel",
    "$section_content_panels": "how_to_play.section_content_panels",
    "$header_safezone_control": "common_store.store_top_bar_filler",
    "$header_bar_control": "common_store.store_top_bar",    
    "$is_full_screen_layout": true
  },
  "selector_stack_panel": {
    "type": "stack_panel",
    "anchor_from": "top_left",
    "anchor_to": "top_left",
    "orientation": "vertical",
    "$default_selector_toggle_index": 0,
    "controls": [
      {
        "how_to_play_selector_pane": {
          "type": "stack_panel",
          "controls": [
            {
              "padding_0": {
                "type": "panel",
                "size": [ 0, 6 ]
              }
            },
            {
              "link@common_buttons.hyperlink_button": {
                "size": [ "100%", 30 ],
                "$button_text": "Try It Now...",
                "property_bag": {
                  "#hyperlink": "https://mcpedl.com/simple-vehicles-add-on/"
                }
              }
            },
            { "simple_vehicles_category@how_to_play_common.topic_category": { "$category": "simple_vehicles" } },
            { "addon_info_button@how_to_play.addon_info_button": { "$toggle_group_forced_index": 0 } },
            { "credit_button@how_to_play.credit_button": { "$toggle_group_forced_index": 1 } },
            {
              "padding_1@how_to_play_common.padding": {
                "size": [ 0, 10 ]
              }
            }
          ]
        }
      }
    ]
  },

  "section_content_panels": {
    "type": "stack_panel",
    "anchor_from": "top_left",
    "anchor_to": "top_left",
    "size": [ "100% - 5px", "100%c + 5px" ],
    "offset": [ 2, 0 ],
    "controls": [
      {
        "general_tips_sections": {
          "type": "stack_panel",
          "controls": [
            { "section_contents_header@how_to_play_common.section_contents_header": { }},
            { "addon_info_section@how_to_play.addon_info_section": { } },
            { "credit_section@how_to_play.credit_section": { } },
            {
              "section_contents_footer@how_to_play_common.section_contents_footer": { }
            }
          ]
        }
      }
    ]
  },

   "addon_info_button@how_to_play_common.section_toggle_button": {
    "$section_topic": "addon_info"
  },
  "addon_info_section@how_to_play_common.main_sections": {
    "bindings": [
      {
        "binding_type": "view",
        "source_control_name": "addon_info_button_toggle",
        "source_property_name": "#toggle_state",
        "target_property_name": "#visible"
      }
    ],
    "controls": [
	{ "image_0@how_to_play_common.image": { "texture": "textures/ui_images/pic_1" } },
      { 
        "header_0@how_to_play_common.header": {
          "$text": "About the Addon" 
        } 
      },
      { 
        "padding_0@how_to_play_common.padding": {} 
      },
      { 
        "padding_1@how_to_play_common.padding": { } 
      },
      { 
        "feature_1@how_to_play_common.paragraph": {
          "$text": "simveh.help1.info1" } 
      },
      { 
        "feature_2@how_to_play_common.paragraph": {
          "$text": "simveh.help1.info2" } 
      },
      { 
        "feature_3@how_to_play_common.paragraph": {
          "$text": "simveh.help1.info3" } 
      },
      { 
        "feature_4@how_to_play_common.paragraph": {
          "$text": "simveh.help1.info4" } 
      },
      { 
        "feature_5@how_to_play_common.paragraph": {
          "$text": "simveh.help1.info5" } 
      },
      { 
        "feature_6@how_to_play_common.paragraph": {
          "$text": "simveh.help1.info6" } 
      },
      { 
        "padding_2@how_to_play_common.padding": { }
      },
      { 
        "header_1@how_to_play_common.header": {
          "$text": "Addon Information" 
        } 
      },
      { "padding_3@how_to_play_common.padding": { } },
      {
        "paragraph_2@how_to_play_common.paragraph": {
          "$text": "Version 1.7.0 - The Rainbow Update [Phase 1] \nSize: 19.7 MB (Both Resources and Bahvaior Pack)\nCreated by: RMPlaysMC YT(SharpStatue888)\nAvailability: \n-§2MCPEDL \n-§3MCPECORE\n§r© 2019 - 2021 RMPlaysMC YT All rights Reserved" 
        }
      },
      { 
        "header_2@how_to_play_common.header": {
          "$text": "License" 
        } 
      },
      { "padding_4@how_to_play_common.padding": { } },
      { 
        "paragraph_3@how_to_play_common.paragraph": {
          "$text": "Simple Vehicles Addon © 2021 by Ronnel Mitra is licensed under Attribution 4.0 International. To view a copy of this license, visit http://creativecommons.org/licenses/by/4.0/" }
      }
    ]
  },
   "credit_button@how_to_play_common.section_toggle_button": {
    "$section_topic": "credit"
  },
  "credit_section@how_to_play_common.main_sections": {
    "bindings": [
      {
        "binding_type": "view",
        "source_control_name": "credit_button_toggle",
        "source_property_name": "#toggle_state",
        "target_property_name": "#visible"
      }
    ],
    "controls": [
////Developers and Thanks for the People Who Support my works and efforts
      { "header_0@how_to_play_common.header": {
         "$text": "tempone.header.title0" } },
      { "image_0@how_to_play_common.image": { "texture": "textures/ui_images/creator" } },
      { "paragraph_0@how_to_play_common.paragraph": {
         "$text": "dakon.tempone.text0" } },
      { 
        "developer_0@how_to_play_common.paragraph": {
        "$text": "- Topsangtheman" } 
      },
      { 
        "developer_1@how_to_play_common.paragraph": {
        "$text": "- TMSFireBoy" } 
      },
      { 
        "developer_2@how_to_play_common.paragraph": {
        "$text": "- LilCraftYT" } 
      },
      { 
        "developer_3@how_to_play_common.paragraph": {
        "$text": "- GachaPauloPlayz" } 
      },
      { 
        "developer_4@how_to_play_common.paragraph": {
        "$text": "- ShinerBrine290" } 
      },
      { 
        "developer_5@how_to_play_common.paragraph": {
        "$text": "- MrSenpaiPlaysMC" } 
      },
      { 
        "developer_6@how_to_play_common.paragraph": {
        "$text": "- NssDmcl" } 
      },
      { 
        "developer_7@how_to_play_common.paragraph": {
        "$text": "- Chrislynne Joy" } 
      },
      { 
        "developer_8@how_to_play_common.paragraph": {
        "$text": "- Albert A." } 
      },
      { 
        "developer_9@how_to_play_common.paragraph": {
        "$text": "- mikkkeeyyyy29" } 
      },
      { 
        "developer_10@how_to_play_common.paragraph": {
        "$text": "- ivon825 - For Permitted me to use his boat component" } 
      },
      { 
        "developer_11@how_to_play_common.paragraph": {
        "$text": "- My Families, Realatives, Friends in Real Life and from Online" } 
      },
      { 
        "developer_12@how_to_play_common.paragraph": {
        "$text": "- And §4§lYOU§r Thank you to try this addon" }
      },
////Social
      { "header_1@how_to_play_common.header": {"$text": "Social Media" } },
      {"social_0@how_to_play_common.paragraph": {"$text": "You can contact me on my social media accounts below:" }},
      {"social_1@how_to_play_common.paragraph": {"$text": "- Facebook: Ronnel Sarile Mitra" }},
      {"social_2@how_to_play_common.paragraph": {"$text": "- Twitter: @rmplaysmc_yt" }},
      {"social_3@how_to_play_common.paragraph": {"$text": "- Instagram: @rmplaysmc_yt" }},
      {"social_4@how_to_play_common.paragraph": {"$text": "- YouTube: RMPlaysMC YT" }},
      {"social_5@how_to_play_common.paragraph": { "$text": "- Discord: RMPlaysMC YT #9360" }}
     ]
   }
}