{
	"format_version": "1.10.0",
	"minecraft:client_entity": {
		"description": {
			"identifier": "simple_vehicles:grummanllv",
			"materials": {
				"default": "aspire"
			},
			"textures": {
				"default": "textures/entity/grummanllv"
			},
			"geometry": {
				"default": "geometry.grummanllv"
			},
			"animations": {
				"move": "animation.grummanllv.move"
			},
			"scripts": {
				"animate": [
					{
						"move": "query.modified_move_speed"
					}
				]
			},
			"render_controllers": [
				"controller.render.corolla"
			],
			"spawn_egg": {
				"texture": "grummanllv",
				"texture_index": 0
			}
		}
	}
}