{
    "format_version": "1.10.0",
    "minecraft:client_entity": {
        "description": {
            "identifier": "simple_vehicles:metro_rail_loco",
            "materials": {
                "default": "entity_alphatest"
            },
            "geometry": {
                "default": "geometry.metro_subway_loco2"
            },
            "textures": {
                "default": "textures/entity/metro_subway_loco2"
            },
            "animations": {
                "move": "animation.metro_subway_carrier2.move"
            },
            "scripts": {
                "animate": [
                    {
                        "move": "query.modified_move_speed"
                    }
                ]
            },
            "render_controllers": [
                "controller.render.corolla"
            ],
            "spawn_egg": {
				"texture": "metrorail_loco",
				"texture_index": 0
            }
        }
    }
}