{
    "format_version": "1.10.0",
    "minecraft:client_entity": {
        "description": {
            "identifier":"simple_vehicles:motorcycle",
            "materials": {
                "default": "aspire"
            },
            "textures": {
                "default": "textures/entity/motorcycle"
            },
            "geometry": {
                "default": "geometry.motorcycle"
            },
            "render_controllers": [
                "controller.render.corolla"
            ],
            "spawn_egg": {
				"texture": "motorcycle",
				"texture_index": 0
            },
            "animations": {
                "move": "animation.motorcycle.move"
            },
            "scripts": {
                "animate": [
                    {
                        "move": "query.modified_move_speed"
                    }
                ]
            }
        }
    }
}