{
	"format_version": "1.10.0",
	"minecraft:client_entity": {
		"description": {
			"identifier": "simple_vehicles:rancher",
			"materials": {
				"default": "witch"
			},
			"textures": {
				"default": "textures/entity/rancher"
			},
			"geometry": {
				"default": "geometry.rancher"
			},
			"spawn_egg": {
				"texture": "rancher",
				"texture_index": 0
			},
			"animations": {
				"move": "animation.rancher.move"
			},
			"scripts": {
				"animate": [
					{
						"move": "query.modified_move_speed"
					}
				]
			},
			"render_controllers": [
				"controller.render.corolla"
			]
		}
	}
}