{
	"format_version": "1.8.0",
	"minecraft:client_entity": {
		"description": {
			"identifier": "simple_vehicles:ae86",
			"materials": {
				"default": "aspire"
			},
			"textures": {
				"classic": "textures/entity/ae86",
				"donut": "textures/entity/ae86/ae86_donut_paint_white_livery",
				"doraemon": "textures/entity/ae86/ae86_Doraemon",
				"mushroom": "textures/entity/ae86/ae86_mushroom_from_mario"
			},
			"geometry": {
				"default": "geometry.ae86"
			},
			"spawn_egg": {
				"texture": "ae86_spawn_egg",
				"texture_index": 0
			},
			"animations": {
				"move": "animation.ambulance.move",
				"turn": "animation.ae86.turn",
				"climb": "animation.ae86.climb"
			},
			"animation_controllers": [
				{
					"move": "controller.animation.vehicles.move"
				},
				{
					"v_turn": "controller.animation.vehicle.v_turn"
				},
				{
					"climb": "controller.animation.ae86.climb"
				}
			],
			"render_controllers": [
				"controller.render.ae86"
			]
		}
	}
}