{
	"format_version": "1.8.0",
	"minecraft:client_entity": {
		"description": {
			"identifier": "simple_vehicles:ambulance",
			"materials": {
				"default": "aspire"
			},
			"textures": {
				"default": "textures/entity/ambulance"
			},
			"geometry": {
				"default": "geometry.ambulance"
			},
			"spawn_egg": {
				"texture": "ambulance_spawn_egg",
				"texture_index": 0
			},
			"animations": {
				"move": "animation.ambulance.move",
				"turn": "animation.ambulance.turn"
			},
			"animation_controllers": [
				{
					"move": "controller.animation.vehicles.move"
				},
				{
					"turn": "controller.animation.vehicle.v_turn"
				}
			],
			"render_controllers": [
				"controller.render.ambulance"
			]
		}
	}
}