{
	"format_version": "1.10.0",
	"minecraft:client_entity": {
		"description": {
			"identifier": "simple_vehicles:bus",
			"materials": {
				"default": "aspire"
			},
			"geometry": {
				"default": "geometry.bus"
			},
			"textures": {
				"black": "textures/entity/bus/bus_black",
				"white": "textures/entity/bus/bus_white",
				"orange": "textures/entity/bus/bus_orange",
				"magenta": "textures/entity/bus/bus_magenta",
				"light_blue": "textures/entity/bus/bus_light_blue",
				"yellow": "textures/entity/bus/bus_yellow",
				"lime": "textures/entity/bus/bus_lime",
				"pink": "textures/entity/bus/bus_pink",
				"gray": "textures/entity/bus",
				"silver": "textures/entity/bus/bus_silver",
				"cyan": "textures/entity/bus/bus_cyan",
				"purple": "textures/entity/bus/bus_purple",
				"blue": "textures/entity/bus/bus_blue",
				"brown": "textures/entity/bus/bus_brown",
				"green": "textures/entity/bus/bus_green",
				"red": "textures/entity/bus/bus_red"
			},
			"spawn_egg": {
				"texture": "bus_v1_spawn_egg",
				"texture_index": 2
			},
			"animations": {
				"move": "animation.car_v2.move",
				"look_at_target_car": "animation.car.look_at_target"
			},
			"scripts": {
				"animate": [
					{
						"move": "query.modified_move_speed"
					},
					"look_at_target_car"
				]
			},
			"render_controllers": [
				"controller.render.bus_colors"
			]
		}
	}
}