{
	"format_version": "1.10.0",
	"minecraft:client_entity": {
		"description": {
			"identifier": "simple_vehicles:car_lowrider",
			"materials": {
				"default": "aspire"
			},
			"textures": {
				"default": "textures/entity/car_lowrider"
			},
			"geometry": {
				"default": "geometry.car_lowrider"
			},
			"spawn_egg": {
				"texture": "lowrider_spawn_egg",
				"texture_index": 0
			},
			"animations": {
				"move": "animation.car_lowrider.move",
				"turn": "animation.car_lowrider.turn",
				"general": "controller.animation.vehicle.v_turn"
			},
			"render_controllers": [
				"controller.render.corolla"
			],
			"scripts": {
				"animate": [
					{
						"move": "query.modified_move_speed"
					}
				]
			}
		}
	}
}