{
	"format_version": "1.8.0",
	"minecraft:client_entity": {
		"description": {
			"identifier": "simple_vehicles:mini_bus",
			"materials": {
				"default": "witch"
			},
			"textures": {
				"default": "textures/entity/mini_bus"
			},
			"geometry": {
				"default": "geometry.mini_bus"
			},
			"spawn_egg": {
				"texture": "minibus_spawn_egg",
				"texture_index": 0
			},
			"animations": {
				"move": "animation.vehicles.move",
				"turn": "animation.mini_bus.turn"
			},
			"animation_controllers": [
				{
					"move": "controller.animation.vehicles.move"
				},
				{
					"v_turn": "controller.animation.vehicle.v_turn"
				}
			],
			"render_controllers": [
				"controller.render.mini_bus"
			]
		}
	}
}