{
	"format_version": "1.8.0",
	"minecraft:client_entity": {
		"description": {
			"identifier": "simple_vehicles:motor_bike",
			"materials": {
				"default": "witch"
			},
			"textures": {
				"black": "textures/entity/motor/motor_black",
				"white": "textures/entity/motor/motor_white",
				"orange": "textures/entity/motor/motor_orange",
				"magenta": "textures/entity/motor/motor_magenta",
				"light_blue": "textures/entity/motor/motor_light_blue",
				"yellow": "textures/entity/motor/motor_yellow",
				"lime": "textures/entity/motor/motor_lime",
				"pink": "textures/entity/motor/motor_pink",
				"gray": "textures/entity/motor/motor_gray",
				"silver": "textures/entity/motor/motor_silver",
				"cyan": "textures/entity/motor/motor_cyan",
				"purple": "textures/entity/motor/motor_purple",
				"blue": "textures/entity/motor",
				"brown": "textures/entity/motor/motor_brown",
				"green": "textures/entity/motor/motor_green",
				"red": "textures/entity/motor/motor_red"
			},
			"geometry": {
				"default": "geometry.motor"
			},
			"animations": {
				"move": "animation.vehicles.move",
				"turn": "animation.motor.turn"
			},
			"animation_controllers": [
				{
					"move": "controller.animation.vehicles.move"
				},
				{
					"turn": "controller.animation.motor.turn"
				}
			],
			"render_controllers": [
				"controller.render.bus_colors"
			],
			"spawn_egg": {
				"texture": "motorbike_spawn_egg",
				"texture_index": 0
			}
		}
	}
}