{
	"format_version": "1.8.0",
	"minecraft:client_entity": {
		"description": {
			"identifier": "simple_vehicles:ford_mustang_blue",
			"materials": {
				"default": "witch"
			},
			"textures": {
				"blue": "textures/entity/mustang",
				"red": "textures/entity/mustang/mustang_red"
			},
			"geometry": {
				"default": "geometry.mustang"
			},
			"animations": {
				"move": "animation.vehicles.move",
				"turn": "animation.mustang.turn"
			},
			"animation_controllers": [
				{
					"move": "controller.animation.vehicles.move"
				},
				{
					"v_turn": "controller.animation.vehicle.v_turn"
				}
			],
			"render_controllers": [
				"controller.render.mustang"
			],
			"spawn_egg": {
				"texture": "mustang_spawn_egg",
				"texture_index": 0
			}
		}
	}
}