{
	"format_version": "1.10.0",
	"minecraft:client_entity": {
		"description": {
			"identifier": "simple_vehicles:tank",
			"materials": {
				"default": "aspire"
			},
			"textures": {
				"default": "textures/entity/tank"
			},
			"geometry": {
				"default": "geometry.tank"
			},
			"render_controllers": [
				"controller.render.ambulance"
			],
			"spawn_egg": {
				"texture": "tank_spawn_egg",
				"texture_index": 0
			},
			"animations": {
				"look_at_target": "animation.tank.look_at_target"
			},
			"scripts": {
				"animate": [
					"look_at_target"
				]
			}
		}
	}
}