{
	"format_version": "1.8.0",
	"minecraft:client_entity": {
		"description": {
			"identifier": "simple_vehicles:taxi",
			"materials": {
				"default": "aspire"
			},
			"textures": {
				"black": "textures/entity/taxi/taxi_black",
				"white": "textures/entity/taxi/taxi_white",
				"orange": "textures/entity/taxi/taxi_orange",
				"magenta": "textures/entity/taxi/taxi_magenta",
				"light_blue": "textures/entity/taxi/taxi_light_blue",
				"yellow": "textures/entity/taxi",
				"lime": "textures/entity/taxi/taxi_lime",
				"pink": "textures/entity/taxi/taxi_pink",
				"gray": "textures/entity/taxi/taxi_gray",
				"silver": "textures/entity/taxi/taxi_silver",
				"cyan": "textures/entity/taxi/taxi_cyan",
				"purple": "textures/entity/taxi/taxi_purple",
				"blue": "textures/entity/taxi/taxi_blue",
				"brown": "textures/entity/taxi/taxi_brown",
				"green": "textures/entity/taxi/taxi_green",
				"red": "textures/entity/taxi/taxi_red"
			},
			"geometry": {
				"default": "geometry.taxi"
			},
			"animations": {
				"move": "animation.vehicles.move",
				"turn": "animation.taxi.turn"
			},
			"animation_controllers": [
				{
					"move": "controller.animation.vehicles.move"
				},
				{
					"v_turn": "controller.animation.vehicle.v_turn"
				}
			],
			"render_controllers": [
				"controller.render.simple_car"
			],
			"spawn_egg": {
				"texture": "taxi_spawn_egg",
				"texture_index": 0
			}
		}
	}
}