{
	"format_version": "1.8.0",
	"minecraft:client_entity": {
		"description": {
			"identifier": "simple_vehicles:volt_bike",
			"materials": {
				"default": "aspire"
			},
			"textures": {
				"default": "textures/entity/volt_bike"
			},
			"geometry": {
				"default": "geometry.volt_bike"
			},
			"spawn_egg": {
				"texture": "voltbike_spawn_egg",
				"texture_index": 0
			},
			"animations": {
				"move": "animation.volt_bike.move"
			},
			"animation_controllers": [
				{
					"move": "controller.animation.vehicles.move"
				}
			],
			"render_controllers": [
				"controller.render.corolla"
			]
		}
	}
}