{
	"format_version": "1.8.0",
	"minecraft:client_entity": {
		"description": {
			"identifier": "simple_vehicles:speedboat_two",
			"materials": {
				"default": "aspire"
			},
			"geometry": {
				"default": "geometry.speeboat_two"
			},
			"textures": {
				"red": "textures/entity/speeboat_two",
				"green": "textures/entity/speedboat_b/speeboat_two_green",
				"blue": "textures/entity/speedboat_b/speeboat_two_blue",
				"black": "textures/entity/speedboat_b/speeboat_two_black",
				"white": "textures/entity/speedboat_b/speeboat_two_white",
				"pink": "textures/entity/speedboat_b/speeboat_two_pink",
				"purple": "textures/entity/speedboat_b/speeboat_two_purple"
			},
			"spawn_egg": {
				"texture": "speedboat2",
				"texture_index": 0
			},
			"render_controllers": [
				"controller.render.speedboat_variant"
			]
		}
	}
}