{
	"format_version": "1.8.0",
	"animations": {
		"animation.vehicle_seller.general": {
			"loop": true,
			"bones": {
				"arms": {
					"position": [
						0,
						-1,
						-1
					],
					"rotation": [
						"-42.97-this",
						0,
						0
					]
				}
			}
		},
		"animation.vehicle_seller.move": {
			"loop": true,
			"anim_time_update": "query.modified_distance_moved",
			"bones": {
				"rightLeg": {
					"rotation": [
						"(math.cos(query.anim_time*38.17)*40)-this",
						"-this",
						0
					]
				},
				"leftLeg": {
					"rotation": [
						"(math.cos(query.anim_time*38.17+180)*40)-this",
						"-this",
						0
					]
				},
				"rightArm": {
					"rotation": [
						"(math.cos(query.anim_time*38.17+180)*40)-this",
						"-this",
						0
					]
				},
				"leftArm": {
					"rotation": [
						"(math.cos(query.anim_time*38.17)*40)-this",
						"-this",
						0
					]
				}
			}
		},
		"animation.vehicle_seller.raise_arms": {
			"loop": true,
			"bones": {
				"arms": {
					"rotation": [
						"variable.raise_arms*-15",
						0,
						0
					]
				}
			}
		},
		"animation.vehicle_seller.baby_transform": {
			"loop": true,
			"bones": {
				"head": {
					"scale": 1.5
				}
			}
		},
		"animation.vehicle_seller.general.v1.0": {
			"loop": true,
			"bones": {
				"arms": {
					"rotation": [
						"-42.97-this",
						0,
						0
					],
					"position": [
						0,
						"-3-this",
						"-1-this"
					]
				}
			}
		},
		"animation.vehicle_seller.get_in_bed": {
			"loop": true,
			"bones": {
				"body": {
					"rotation": [
						-90,
						0,
						0
					],
					"position": [
						0,
						1,
						-15
					]
				},
				"leftLeg": {
					"rotation": [
						-90,
						0,
						0
					],
					"position": [
						0,
						1,
						-15
					]
				},
				"rightLeg": {
					"rotation": [
						-90,
						0,
						0
					],
					"position": [
						0,
						1,
						-15
					]
				}
			}
		}
	}
}