{
	"format_version": "1.8.0",
	"animations": {
		"animation.helicopter.loop": {
			"loop": true,
			"animation_length": 2,
			"bones": {
				"propeller": {
					"rotation": {
						"0.0": [
							0,
							0,
							0
						],
						"2.0": [
							0,
							"360*8",
							0
						]
					}
				},
				"propeller2": {
					"rotation": {
						"0.0": [
							0,
							0,
							0
						],
						"2.0": [
							"360*8",
							0,
							0
						]
					}
				},
				"propeller0": {
					"rotation": {
						"0.0": [
							0,
							0,
							0
						],
						"2.0": [
							0,
							"360*10",
							0
						]
					}
				},
				"propeller1": {
					"rotation": {
						"0.0": [
							0,
							0,
							0
						],
						"2.0": [
							"360*10",
							0,
							0
						]
					}
				}
			}
		},
		"animation.helicopter.turn": {
			"loop": true,
			"bones": {
				"body": {
					"rotation": [
						0,
						0,
						"math.max(-28,math.min(28,query.yaw_speed*0.5))*-query.modified_move_speed*0.7"
					],
					"position": [
						0,
						0,
						0
					],
					"scale": 1
				}
			}
		}
	}
}