{
	"format_version": "1.8.0",
	"animations": {
		"animation.motor.move": {
			"loop": true,
			"animation_length": 1,
			"anim_time_update": "query.modified_distance_moved",
			"bones": {
				"leg0": {
					"rotation": {
						"0.0": [
							0,
							0,
							0
						],
						"1.0": [
							"360*2",
							0,
							0
						]
					}
				},
				"leg1": {
					"rotation": {
						"0.0": [
							0,
							0,
							0
						],
						"1.0": [
							"360*2",
							0,
							0
						]
					}
				}
			}
		}
	}
}