{
	"format_version": "1.8.0",
	"animations": {
		"animation.tesla_truck.open": {
			"animation_length": 0.44,
			"bones": {
				"body3": {
					"position": {
						"0.0": [
							0,
							0,
							0
						],
						"0.4333": [
							-8,
							-8,
							10.19
						]
					},
					"scale": {
						"0.0": [
							1,
							1,
							1
						],
						"0.3167": [
							0,
							0,
							0
						]
					}
				}
			}
		},
		"animation.tesla_truck.move": {
			"loop": true,
			"animation_length": 1,
			"bones": {
				"leg0": {
					"rotation": {
						"0.0": [
							0,
							0,
							0
						],
						"1.0": [
							360,
							0,
							0
						]
					}
				},
				"leg2": {
					"rotation": {
						"0.0": [
							0,
							0,
							0
						],
						"1.0": [
							360,
							0,
							0
						]
					}
				},
				"leg1": {
					"rotation": {
						"0.0": [
							0,
							0,
							0
						],
						"1.0": [
							360,
							0,
							0
						]
					}
				},
				"leg3": {
					"rotation": {
						"0.0": [
							0,
							0,
							0
						],
						"1.0": [
							360,
							0,
							0
						]
					}
				}
			}
		},
		"animation.tesla_truck.turn": {
			"loop": true,
			"bones": {
				"steer": {
					"rotation": [
						0,
						0,
						"math.max(-28,math.min(28,query.yaw_speed*0.5))*-query.modified_move_speed*0.7"
					]
				}
			}
		}
	}
}