{
	"format_version": "1.8.0",
	"animations": {
		"animation.tractor.move": {
			"loop": true,
			"animation_length": 1,
			"bones": {
				"wheel0": {
					"rotation": {
						"0.0": [
							0,
							0,
							0
						],
						"1.0": [
							360,
							0,
							0
						]
					}
				},
				"wheel1": {
					"rotation": {
						"0.0": [
							0,
							0,
							0
						],
						"1.0": [
							360,
							0,
							0
						]
					}
				}
			},
			"anim_time_update": "query.modified_distance_moved"
		}
	}
}