{
	"resource_pack_name": "simple_vehicles",
	"texture_name": "atlas.items",
	"texture_data": {
		"vehicles": {
			"textures": [
				"textures/items/ambulance",
				"textures/items/auv_car",
				"textures/items/bus",
				"textures/items/bus_v2",
				"textures/items/car",
				"textures/items/offroad_car",
				"textures/items/fire_truck",
				"textures/items/helicopter",
				"textures/items/limo",
				"textures/items/mini_bus",
				"textures/items/motor",
				"textures/items/mustang",
				"textures/items/police_car",
				"textures/items/speedboat",
				"textures/items/taxi",
				"textures/items/truck",
				"textures/items/travis",
				"textures/items/corolla",
				"textures/items/c_sled",
				"textures/items/tesla_truck",
				"textures/items/hoverboard",
				"textures/items/jeep_ph",
				"textures/items/tractor",
				"textures/items/plane",
				"textures/items/lowrider",
				"textures/items/ae86",
				"textures/items/pajero",
				"textures/items/pick_up_truck",
				"textures/items/tank",
				"textures/items/van",
				"textures/items/volt_bike",
				"textures/items/ev_4",
				"textures/items/bike",

				"textures/items/modern_jeep_ph",
				"textures/items/ob_van",
				"textures/items/opel_crosa",
				"textures/items/opel_astral",

				"textures/items/vm_beetle",
				"textures/items/cadillac_dts_2010",
				"textures/items/honda_accord_2019",
				"textures/items/ice_cream_truck",

				"textures/items/hyundai_starex",
				"textures/items/hyundai_starex_casket",
				"textures/items/speedboat_b",
				
				"textures/items/container_van",
				"textures/items/century_luxury",
				"textures/items/hafei_zhongyi",
				"textures/items/van_v2",
				"textures/items/scooter",
				"textures/items/double_deck_bus",

				"textures/items/grummanllv",
				"textures/items/rancher",
				"textures/items/tricycle",
				"textures/items/jetmax",
				"textures/items/motorcycle",
				"textures/items/metro_rail_loco2",
				"textures/items/metro_rail_carrier2"
			]
		},
		"wrench": {
			"textures": "textures/items/wrench"
		},
		"key": {
			"textures": "textures/items/key"
		},
		"black_spray": {
			"textures" : "textures/items/spray_black"
		}
	}
}