{
	"format_version": "1.10.0",
	"particle_effect": {
		"description": {
			"identifier": "minecraft:arrow_spell_emitter",
			"basic_render_parameters": {
				"material": "particles_alpha",
				"texture": "textures/particle/particles"
			}
		},
		"components": {
			"minecraft:emitter_rate_instant": {
				"num_particles": 1
			},
			"minecraft:emitter_lifetime_once": {
				"active_time": 1
			},
			"minecraft:emitter_shape_point": {
				"direction": [
					"math.random(-1,1)",
					"math.random(-1,1)",
					"math.random(-1,1)"
				]
			},
			"minecraft:particle_lifetime_expression": {
				"max_lifetime": "math.random(0.3,1.5)"
			},
			"minecraft:particle_initial_speed": "(math.random(0,1)+math.random(0,1)+1)*0.3",
			"minecraft:particle_motion_dynamic": {
				"linear_acceleration": [
					"(variable.particle_random_1*2-1)-(variable.particle_age*0.4)*1.25",
					"1+(0.08*variable.particle_age)-(variable.particle_age*0.4)",
					"(variable.particle_random_2*2-1)-(variable.particle_age*0.4)*1.25"
				]
			},
			"minecraft:particle_appearance_billboard": {
				"size": [
					0.125,
					0.125
				],
				"facing_camera_mode": "lookat_xyz",
				"uv": {
					"texture_width": 128,
					"texture_height": 128,
					"flipbook": {
						"base_UV": [
							64,
							64
						],
						"size_UV": [
							8,
							8
						],
						"step_UV": [
							-8,
							0
						],
						"frames_per_second": 10,
						"max_frame": 8,
						"stretch_to_lifetime": true
					}
				}
			},
			"minecraft:particle_appearance_lighting": {},
			"minecraft:particle_appearance_tinting": {
				"color": [
					"Math.clamp(variable.color.r, 0, 1)",
					"Math.clamp(variable.color.g, 0, 1)",
					"Math.clamp(variable.color.b, 0, 1)",
					1
				]
			}
		}
	}
}