{
	"format_version": "1.10.0",
	"particle_effect": {
		"description": {
			"identifier": "minecraft:breaking_item_terrain",
			"basic_render_parameters": {
				"material": "particles_alpha",
				"texture": "atlas.terrain"
			}
		},
		"components": {
			"minecraft:emitter_rate_instant": {
				"num_particles": 1
			},
			"minecraft:emitter_lifetime_once": {
				"active_time": 0
			},
			"minecraft:emitter_shape_point": {
				"offset": [
					"math.random(-variable.emitter_radius,variable.emitter_radius)",
					"math.random(-variable.emitter_radius,variable.emitter_radius)",
					"math.random(-variable.emitter_radius,variable.emitter_radius)"
				],
				"direction": [
					"math.random(-1,1)",
					"math.random(0,1)",
					"math.random(-1,1)"
				]
			},
			"minecraft:particle_initial_speed": "math.random(1,4)*variable.speed_modifier",
			"minecraft:particle_lifetime_expression": {
				"max_lifetime": "0.2"
			},
			"minecraft:particle_motion_dynamic": {
				"linear_acceleration": [
					0,
					-9.8,
					0
				],
				"linear_drag_coefficient": 0.5
			},
			"minecraft:particle_motion_collision": {
				"coefficient_of_restitution": 0.1,
				"collision_drag": 5,
				"collision_radius": 0.1
			},
			"minecraft:particle_appearance_billboard": {
				"size": [
					"(variable.particle_random_1*0.04+0.04)*variable.size_modifier",
					"(variable.particle_random_1*0.04+0.04)*variable.size_modifier"
				],
				"facing_camera_mode": "lookat_xyz",
				"uv": {
					"texture_width": 1,
					"texture_height": 1,
					"uv": [
						"variable.emittertexturecoord.u+(variable.emittertexturesize.u/4)*(variable.particle_random_1*3)",
						"variable.emittertexturecoord.v+(variable.emittertexturesize.v/4)*(variable.particle_random_2*3)"
					],
					"uv_size": [
						"variable.emittertexturesize.u/4",
						"variable.emittertexturesize.v/4"
					]
				}
			},
			"minecraft:particle_appearance_lighting": {}
		}
	}
}