{
	"format_version": "1.10.0",
	"particle_effect": {
		"description": {
			"identifier": "minecraft:end_chest",
			"basic_render_parameters": {
				"material": "particles_alpha",
				"texture": "textures/particle/particles"
			}
		},
		"components": {
			"minecraft:emitter_rate_instant": {
				"num_particles": 1
			},
			"minecraft:emitter_lifetime_expression": {
				"activation_expression": 1,
				"expiration_expression": 1
			},
			"minecraft:emitter_shape_point": {
				"offset": [
					"variable.custom_random1=math.random(0,1);variable.custom_random2=math.random(0,1);return 0;",
					"variable.custom_random3=math.random(0,1);variable.custom_random4=math.random(0,1);return 0;",
					"variable.custom_random5=math.random(0,1);variable.custom_random6=math.random(0,1);return 0;"
				]
			},
			"minecraft:particle_lifetime_expression": {
				"max_lifetime": "math.random(2,2.45)"
			},
			"minecraft:particle_motion_parametric": {
				"relative_position": [
					"variable.alpha=variable.particle_age/variable.particle_lifetime;variable.distance=(1-(-1*(variable.alpha)+math.pow((variable.alpha),2)*2));variable.random_directionx=(math.round(variable.custom_random3)*2-1);return 0.25*variable.random_directionx+variable.custom_random2*variable.random_directionx*variable.distance;",
					"1+((variable.custom_random6-0.5)*0.125)*variable.distance-variable.alpha",
					"variable.random_directionz=(math.round(variable.custom_random5)*2-1);return 0.25*variable.random_directionz+variable.custom_random4*variable.random_directionz*variable.distance;"
				]
			},
			"minecraft:particle_appearance_billboard": {
				"size": [
					"(variable.particle_random_2*0.02+0.05)*(1-math.pow((1-(variable.particle_age/variable.particle_lifetime)),2))",
					"(variable.particle_random_2*0.02+0.05)*(1-math.pow((1-(variable.particle_age/variable.particle_lifetime)),2))"
				],
				"facing_camera_mode": "lookat_xyz",
				"uv": {
					"texture_width": 128,
					"texture_height": 128,
					"uv": [
						"math.round(variable.custom_random1*8)*8",
						0
					],
					"uv_size": [
						8,
						8
					]
				}
			},
			"minecraft:particle_appearance_tinting": {
				"color": [
					"variable.particle_random_1 * 0.6 + 0.4",
					"(variable.particle_random_1 * 0.6 + 0.4) * 0.3",
					"(variable.particle_random_1 * 0.6 + 0.4) * 0.9",
					1
				]
			}
		}
	}
}