{
	"format_version": "1.10.0",
	"particle_effect": {
		"description": {
			"identifier": "minecraft:water_wake_particle",
			"basic_render_parameters": {
				"material": "particles_alpha",
				"texture": "textures/particle/particles"
			}
		},
		"components": {
			"minecraft:emitter_rate_instant": {
				"num_particles": 1
			},
			"minecraft:emitter_lifetime_once": {},
			"minecraft:emitter_shape_point": {
				"direction": [
					"variable.direction.x",
					"variable.direction.y",
					"variable.direction.z"
				]
			},
			"minecraft:particle_initial_speed": 3,
			"minecraft:particle_lifetime_expression": {
				"max_lifetime": "math.random(0.4,2)"
			},
			"minecraft:particle_motion_dynamic": {
				"linear_acceleration": [
					2,
					"variable.particle_random_1*4+2",
					2
				],
				"linear_drag_coefficient": 19.6
			},
			"minecraft:particle_appearance_billboard": {
				"size": [
					"variable.particle_life=3-variable.particle_lifetime;return variable.particle_life*0.1;",
					"variable.particle_life*0.1"
				],
				"facing_camera_mode": "lookat_xyz",
				"uv": {
					"texture_width": 128,
					"texture_height": 128,
					"uv": [
						"24+math.mod(math.round(60-(variable.particle_lifetime*20)),4)*8",
						8
					],
					"uv_size": [
						8,
						8
					]
				}
			}
		}
	}
}