{
	"format_version": "1.10.0",
	"particle_effect": {
		"description": {
			"identifier": "minecraft:water_drip_particle",
			"basic_render_parameters": {
				"material": "particles_alpha",
				"texture": "textures/particle/particles"
			}
		},
		"events": {
			"splash": {
				"particle_effect": {
					"effect": "minecraft:rain_splash_particle",
					"type": "particle"
				}
			}
		},
		"components": {
			"minecraft:emitter_rate_manual": {
				"max_particles": 50
			},
			"minecraft:emitter_lifetime_expression": {
				"activation_expression": 1,
				"expiration_expression": 0
			},
			"minecraft:emitter_shape_point": {
				"offset": [
					0,
					0.1,
					0
				]
			},
			"minecraft:particle_initialization": {
				"per_update_expression": "variable.stuck_time=2;",
				"per_render_expression": "variable.stuck_time=2;"
			},
			"minecraft:particle_initial_speed": 0,
			"minecraft:particle_lifetime_expression": {
				"max_lifetime": 5
			},
			"minecraft:particle_motion_dynamic": {
				"linear_acceleration": [
					0,
					-19.6,
					0
				],
				"linear_drag_coefficient": "variable.stuck_time=2;return variable.particle_age<variable.stuck_time?277:0.01;"
			},
			"minecraft:particle_motion_collision": {
				"expire_on_contact": true,
				"collision_radius": 0.01,
				"events": [
					{
						"event": "splash",
						"min_speed": 0.5
					},
					{
						"event": "splash",
						"min_speed": 0.5
					},
					{
						"event": "splash",
						"min_speed": 0.5
					}
				]
			},
			"minecraft:particle_appearance_billboard": {
				"size": [
					0.15,
					0.15
				],
				"facing_camera_mode": "lookat_xyz",
				"uv": {
					"texture_width": 128,
					"texture_height": 128,
					"uv": [
						8,
						56
					],
					"uv_size": [
						8,
						8
					]
				}
			},
			"minecraft:particle_appearance_tinting": {
				"color": [
					0.2,
					0.3,
					1
				]
			},
			"minecraft:particle_appearance_lighting": {}
		}
	}
}