{
	"format_version": "1.8.0",
	"animations": {
		"animation.scooter.look_at_target": {
			"loop": true,
			"bones": {
				"handle": {
					"rotation": [
						0,
						"math.max(-1.5,math.min(1.5,query.yaw_speed*0.2))*query.modified_move_speed*5",
						0
					]
				},
				"wheel0": {
					"rotation": [
						0,
						"math.max(-1.5,math.min(1.5,query.yaw_speed*0.2))*query.modified_move_speed*5",
						0
					]
				}
			}
		},
		"animation.scooter.jump": {
			"loop": true,
			"bones": {
				"body": {
					"rotation": [
						"query.can_power_jump*-25",
						0,
						0
					]
				}
			}
		}
	}
}