{
	"format_version": "1.8.0",
	"animations": {
		"animation.cadillac_dts_2010.move": {
			"loop": true,
			"animation_length": 1,
			"anim_time_update": "query.modified_distance_moved",
			"bones": {
				"leg0": {
					"rotation": {
						"0.0": [
							0,
							0,
							0
						],
						"1.0": [
							360,
							0,
							0
						]
					}
				},
				"leg1": {
					"rotation": {
						"0.0": [
							0,
							0,
							0
						],
						"1.0": [
							360,
							0,
							0
						]
					}
				}
			}
		},
		"animation.cadillac_dts_2010.turn": {
			"loop": true,
			"bones": {
				"steer": {
					"rotation": [
						0,
						0,
						"math.max(-28,math.min(28,query.yaw_speed*0.5))*-query.modified_move_speed*0.7"
					]
				}
			}
		}
	}
}