{
	"format_version": "1.13.0",
	"minecraft:entity": {
		"description": {
			"identifier": "simple_vehicles:vehicle_seller2",
			"is_spawnable": true,
			"is_summonable": true,
			"is_experimental": false
		},
		"components": {
			"minecraft:type_family": {
				"family": [
					"vehicle_seller",
					"mob"
				]
			},
			"minecraft:breathable": {
				"total_supply": 15,
				"suffocate_time": 0
			},
			"minecraft:health": {
				"value": 20,
				"max": 20
			},
			"minecraft:hurt_on_condition": {
				"damage_conditions": [
					{
						"filters": {
							"test": "in_lava",
							"subject": "self",
							"operator": "==",
							"value": true
						},
						"cause": "lava",
						"damage_per_tick": 4
					}
				]
			},
			"minecraft:collision_box": {
				"width": 0.6,
				"height": 1.9
			},
			"minecraft:movement": {
				"value": 0.5
			},
			"minecraft:navigation.walk": {
				"can_path_over_water": true,
				"can_pass_doors": true,
				"can_open_doors": true,
				"avoid_water": true
			},
			"minecraft:movement.basic": {},
			"minecraft:jump.static": {},
			"minecraft:can_climb": {},
			"minecraft:behavior.float": {
				"priority": 0
			},
			"minecraft:behavior.trade_with_player": {
				"priority": 1
			},
			"minecraft:behavior.trade_interest": {
				"priority": 3,
				"within_radius": 6,
				"interest_time": 45,
				"remove_item_time": 1,
				"carried_item_switch_time": 2,
				"cooldown": 2
			},
			"minecraft:behavior.look_at_trading_player": {
				"priority": 2
			},
			"minecraft:behavior.panic": {
				"priority": 1,
				"speed_multiplier": 0.6
			},
			"minecraft:behavior.avoid_mob_type": {
				"priority": 2,
				"entity_types": {
					"undefined": {
						"filters": {
							"any_of": [
								{
									"test": "is_family",
									"subject": "other",
									"value": "zombie"
								},
								{
									"test": "is_family",
									"subject": "other",
									"value": "zombie_villager"
								},
								{
									"test": "is_family",
									"subject": "other",
									"value": "zombie_pigman"
								},
								{
									"test": "is_family",
									"subject": "other",
									"value": "illager"
								},
								{
									"test": "is_family",
									"subject": "other",
									"value": "vex"
								}
							]
						},
						"walk_speed_multiplier": 0,
						"sprint_speed_multiplier": 0
					}
				},
				"max_dist": 6
			},
			"minecraft:behavior.restrict_open_door": {
				"priority": 5
			},
			"minecraft:behavior.open_door": {
				"priority": 6,
				"close_door_after": true
			},
			"minecraft:behavior.move_towards_restriction": {
				"priority": 7,
				"speed_multiplier": 0.6
			},
			"minecraft:behavior.look_at_player": {
				"priority": 8,
				"look_distance": 8,
				"probability": 0.02
			},
			"minecraft:behavior.random_look_around": {
				"priority": 9
			},
			"minecraft:physics": {},
			"minecraft:pushable": {
				"is_pushable": true,
				"is_pushable_by_piston": true
			},
			"minecraft:nameable": {},
			"minecraft:economy_trade_table": {
				"display_name": "Vehicle Seller [Heavy Transport 2]",
				"table": "trading/economy_trades/heavy_2_0_transport_vehicle.json",
				"new_screen": true
			},
			"minecraft:behavior.random_stroll": {
				"priority": 3,
				"speed_multiplier": 1.2
			},
			"minecraft:behavior.sleep": {
				"priority": 3,
				"goal_radius": 1.5,
				"speed_multiplier": 0.6,
				"sleep_collider_height": 0.3,
				"sleep_collider_width": 1,
				"sleep_y_offset": 0.6,
				"timeout_cooldown": 10
			}
		}
	}
}