{
	"format_version": "1.10.0",
	"animation_controllers": {
		"controller.animation.tank_weapon": {
			"states": {
				"default": {
					"transitions": [
						{
							"tank_shoot": "query.get_equipped_item_name=='item1'"
						}
					]
				},
				"tank_shoot": {
					"transitions": [
						{
							"default": "1"
						}
					],
					"on_entry": [
						"@s simple_vehicles:shoot"
					],
					"on_exit": [
						"/execute @e[type=simple_vehicles:tank, tag=riding] ~ ~ ~ replaceitem entity @s slot.weapon.mainhand 0 air"
					]
				}
			}
		},
		"controller.animation.rider": {
			"states": {
				"default": {
					"transitions": [
						{
							"remove": "!query.has_rider"
						},
						{
							"is_riding": "query.has_rider"
						}
					]
				},
				"remove": {
					"on_entry": [
						"/execute @s ~ ~ ~ tag @s remove riding"
					],
					"transitions": [
						{
							"default": "1"
						}
					]
				},
				"is_riding": {
					"on_entry": [
						"/execute @s ~ ~ ~ tag @s add riding"
					],
					"transitions": [
						{
							"default": "1"
						}
					]
				}
			}
		}
	}
}