{
	"format_version": "1.12.0",
	"minecraft:geometry": [
		{
			"description": {
				"identifier": "geometry.hyundai_starex",
				"texture_width": 512,
				"texture_height": 512,
				"visible_bounds_width": 9,
				"visible_bounds_height": 4,
				"visible_bounds_offset": [
					0,
					1,
					0
				]
			},
			"bones": [
				{
					"name": "body",
					"pivot": [
						0,
						0,
						0
					],
					"cubes": [
						{
							"origin": [
								-20,
								3,
								-17
							],
							"size": [
								40,
								2,
								38
							],
							"uv": [
								162,
								0
							]
						},
						{
							"origin": [
								-20,
								34.62643,
								-6.1492
							],
							"size": [
								40,
								2,
								41
							],
							"uv": [
								0,
								0
							]
						},
						{
							"origin": [
								-15,
								3,
								-33
							],
							"size": [
								30,
								2,
								16
							],
							"uv": [
								96,
								151
							]
						},
						{
							"origin": [
								-16,
								3,
								21
							],
							"size": [
								32,
								2,
								16
							],
							"uv": [
								0,
								151
							]
						},
						{
							"origin": [
								-20,
								3,
								-36
							],
							"size": [
								40,
								2,
								3
							],
							"uv": [
								76,
								196
							]
						},
						{
							"origin": [
								-20,
								3,
								37
							],
							"size": [
								40,
								2,
								6
							],
							"uv": [
								92,
								185
							]
						},
						{
							"origin": [
								-20,
								5,
								37
							],
							"size": [
								40,
								2,
								6
							],
							"uv": [
								0,
								185
							]
						},
						{
							"origin": [
								-20,
								7,
								41
							],
							"size": [
								2,
								24,
								2
							],
							"uv": [
								140,
								294
							]
						},
						{
							"origin": [
								-18,
								7,
								41
							],
							"size": [
								36,
								14,
								2
							],
							"uv": [
								0,
								196
							]
						},
						{
							"origin": [
								18,
								7,
								41
							],
							"size": [
								2,
								24,
								2
							],
							"uv": [
								132,
								294
							]
						},
						{
							"origin": [
								-20,
								5,
								-36
							],
							"size": [
								40,
								13,
								3
							],
							"inflate": 0.002,
							"uv": [
								282,
								169
							]
						},
						{
							"origin": [
								-20,
								5,
								-17
							],
							"size": [
								2,
								16,
								38
							],
							"uv": [
								0,
								97
							]
						},
						{
							"origin": [
								-20,
								21,
								4
							],
							"size": [
								2,
								14,
								2
							],
							"uv": [
								96,
								320
							]
						},
						{
							"origin": [
								-20,
								21,
								-12
							],
							"size": [
								2,
								10,
								1
							],
							"uv": [
								70,
								351
							]
						},
						{
							"origin": [
								-22,
								22,
								-12
							],
							"size": [
								2,
								1,
								1
							],
							"pivot": [
								-19,
								26,
								-11.5
							],
							"rotation": [
								0,
								20,
								0
							],
							"uv": [
								6,
								377
							]
						},
						{
							"origin": [
								20,
								22,
								-12
							],
							"size": [
								2,
								1,
								1
							],
							"pivot": [
								19,
								26,
								-11.5
							],
							"rotation": [
								0,
								-20,
								0
							],
							"uv": [
								0,
								377
							]
						},
						{
							"origin": [
								-26,
								22,
								-12
							],
							"size": [
								4,
								3,
								1
							],
							"pivot": [
								-19,
								26,
								-11.5
							],
							"rotation": [
								0,
								20,
								0
							],
							"uv": [
								106,
								371
							]
						},
						{
							"origin": [
								22,
								22,
								-12
							],
							"size": [
								4,
								3,
								1
							],
							"pivot": [
								19,
								26,
								-11.5
							],
							"rotation": [
								0,
								-20,
								0
							],
							"uv": [
								106,
								367
							]
						},
						{
							"origin": [
								-20,
								21,
								20
							],
							"size": [
								2,
								14,
								2
							],
							"uv": [
								88,
								320
							]
						},
						{
							"origin": [
								18,
								21,
								4
							],
							"size": [
								2,
								14,
								2
							],
							"uv": [
								80,
								320
							]
						},
						{
							"origin": [
								18,
								21,
								-12
							],
							"size": [
								2,
								10,
								1
							],
							"uv": [
								64,
								351
							]
						},
						{
							"origin": [
								18,
								21,
								20
							],
							"size": [
								2,
								14,
								2
							],
							"uv": [
								72,
								320
							]
						},
						{
							"origin": [
								18,
								21,
								22
							],
							"size": [
								2,
								14,
								13
							],
							"uv": [
								0,
								390
							]
						},
						{
							"origin": [
								-20,
								21,
								22
							],
							"size": [
								2,
								14,
								13
							],
							"uv": [
								0,
								390
							],
							"mirror": true
						},
						{
							"origin": [
								18,
								21,
								35
							],
							"size": [
								2,
								11,
								6
							],
							"uv": [
								0,
								390
							]
						},
						{
							"origin": [
								-20,
								21,
								35
							],
							"size": [
								2,
								11,
								6
							],
							"uv": [
								0,
								390
							],
							"mirror": true
						},
						{
							"origin": [
								18,
								32,
								35
							],
							"size": [
								2,
								2,
								3
							],
							"uv": [
								0,
								390
							]
						},
						{
							"origin": [
								-20,
								32,
								35
							],
							"size": [
								2,
								2,
								3
							],
							"uv": [
								0,
								390
							],
							"mirror": true
						},
						{
							"origin": [
								18,
								5,
								-17
							],
							"size": [
								2,
								16,
								38
							],
							"uv": [
								252,
								43
							]
						},
						{
							"origin": [
								18,
								7,
								37
							],
							"size": [
								2,
								14,
								4
							],
							"uv": [
								60,
								320
							]
						},
						{
							"origin": [
								18,
								16,
								21
							],
							"size": [
								2,
								5,
								16
							],
							"uv": [
								168,
								248
							]
						},
						{
							"origin": [
								15,
								16.35355,
								23.53984
							],
							"size": [
								4,
								2,
								11
							],
							"uv": [
								120,
								269
							]
						},
						{
							"origin": [
								-18,
								16.35355,
								23.53984
							],
							"size": [
								3,
								2,
								11
							],
							"uv": [
								56,
								294
							]
						},
						{
							"origin": [
								15,
								4.35355,
								22.53984
							],
							"size": [
								1,
								12,
								13
							],
							"uv": [
								28,
								269
							]
						},
						{
							"origin": [
								-16,
								4.35355,
								-31.46016
							],
							"size": [
								32,
								12,
								13
							],
							"uv": [
								236,
								97
							]
						},
						{
							"origin": [
								-16,
								4.35355,
								22.53984
							],
							"size": [
								1,
								12,
								13
							],
							"uv": [
								0,
								269
							]
						},
						{
							"origin": [
								15,
								4.35355,
								18.53984
							],
							"size": [
								1,
								9,
								4
							],
							"uv": [
								10,
								338
							]
						},
						{
							"origin": [
								-16,
								4.35355,
								-35.46016
							],
							"size": [
								32,
								9,
								4
							],
							"uv": [
								160,
								212
							]
						},
						{
							"origin": [
								-16,
								4.35355,
								18.53984
							],
							"size": [
								1,
								9,
								4
							],
							"uv": [
								104,
								323
							]
						},
						{
							"origin": [
								15,
								4.35355,
								34.73984
							],
							"size": [
								1,
								9,
								4
							],
							"uv": [
								0,
								338
							]
						},
						{
							"origin": [
								-16,
								4.35355,
								-19.26016
							],
							"size": [
								32,
								9,
								4
							],
							"uv": [
								232,
								212
							]
						},
						{
							"origin": [
								-18,
								4.35355,
								-15.26016
							],
							"size": [
								36,
								9,
								2
							],
							"uv": [
								84,
								212
							]
						},
						{
							"origin": [
								-16,
								4.35355,
								35.73984
							],
							"size": [
								1,
								9,
								3
							],
							"uv": [
								164,
								338
							]
						},
						{
							"origin": [
								16,
								4.35355,
								18.53984
							],
							"size": [
								2,
								9,
								1
							],
							"uv": [
								90,
								367
							]
						},
						{
							"origin": [
								-18,
								4.35355,
								18.53984
							],
							"size": [
								2,
								9,
								1
							],
							"uv": [
								84,
								367
							]
						},
						{
							"origin": [
								-18,
								4,
								-8.46016
							],
							"size": [
								14,
								7,
								10
							],
							"uv": [
								94,
								225
							]
						},
						{
							"origin": [
								4,
								4,
								-8.46016
							],
							"size": [
								14,
								7,
								10
							],
							"uv": [
								46,
								225
							]
						},
						{
							"origin": [
								-4,
								4,
								-13.46016
							],
							"size": [
								8,
								8,
								15
							],
							"uv": [
								0,
								225
							]
						},
						{
							"origin": [
								-4,
								12,
								-2.46016
							],
							"size": [
								8,
								3,
								4
							],
							"uv": [
								0,
								379
							]
						},
						{
							"origin": [
								2,
								12,
								-9.46016
							],
							"size": [
								1,
								3,
								1
							],
							"uv": [
								24,
								386
							]
						},
						{
							"origin": [
								2,
								14,
								-9.46016
							],
							"size": [
								1,
								3,
								1
							],
							"inflate": 0.3,
							"uv": [
								24,
								386
							]
						},
						{
							"origin": [
								-18,
								10,
								-0.46016
							],
							"size": [
								14,
								12,
								2
							],
							"pivot": [
								-15,
								9.35355,
								0.53984
							],
							"rotation": [
								-20,
								0,
								0
							],
							"uv": [
								88,
								269
							]
						},
						{
							"origin": [
								-16,
								21,
								3.53984
							],
							"size": [
								10,
								4,
								2
							],
							"uv": [
								24,
								332
							]
						},
						{
							"origin": [
								6,
								21,
								3.53984
							],
							"size": [
								10,
								4,
								2
							],
							"uv": [
								24,
								326
							]
						},
						{
							"origin": [
								4,
								10,
								-0.46016
							],
							"size": [
								14,
								12,
								2
							],
							"pivot": [
								7,
								9.35355,
								0.53984
							],
							"rotation": [
								-20,
								0,
								0
							],
							"uv": [
								56,
								269
							]
						},
						{
							"origin": [
								-20,
								7,
								37
							],
							"size": [
								2,
								14,
								4
							],
							"uv": [
								48,
								320
							]
						},
						{
							"origin": [
								-20,
								16,
								21
							],
							"size": [
								2,
								5,
								16
							],
							"uv": [
								132,
								248
							]
						},
						{
							"origin": [
								-20,
								16,
								-23
							],
							"size": [
								40,
								4,
								7
							],
							"uv": [
								282,
								151
							]
						},
						{
							"origin": [
								-20,
								15,
								-20
							],
							"size": [
								40,
								4,
								7
							],
							"pivot": [
								-19,
								18,
								-19.5
							],
							"rotation": [
								-45,
								0,
								0
							],
							"uv": [
								188,
								151
							]
						},
						{
							"origin": [
								-18,
								19.19228,
								-20.73615
							],
							"size": [
								36,
								4,
								7
							],
							"pivot": [
								-16.999,
								18.19228,
								-20.23615
							],
							"rotation": [
								-57.5,
								0,
								0
							],
							"uv": [
								184,
								185
							]
						},
						{
							"origin": [
								15,
								15,
								34
							],
							"size": [
								5,
								3,
								7
							],
							"pivot": [
								-19,
								18,
								34.5
							],
							"rotation": [
								-45,
								0,
								0
							],
							"uv": [
								108,
								294
							]
						},
						{
							"origin": [
								-20,
								15,
								34
							],
							"size": [
								5,
								3,
								7
							],
							"pivot": [
								-54,
								18,
								34.5
							],
							"rotation": [
								-45,
								0,
								0
							],
							"uv": [
								84,
								304
							]
						},
						{
							"origin": [
								-20,
								23,
								-34
							],
							"size": [
								40,
								3,
								7
							],
							"pivot": [
								-19,
								18,
								-19.5
							],
							"rotation": [
								45,
								0,
								0
							],
							"uv": [
								0,
								169
							]
						},
						{
							"origin": [
								15,
								23,
								20
							],
							"size": [
								5,
								3,
								7
							],
							"pivot": [
								-19,
								18,
								34.5
							],
							"rotation": [
								45,
								0,
								0
							],
							"uv": [
								84,
								294
							]
						},
						{
							"origin": [
								-20,
								23,
								20
							],
							"size": [
								5,
								3,
								7
							],
							"pivot": [
								-54,
								18,
								34.5
							],
							"rotation": [
								45,
								0,
								0
							],
							"uv": [
								56,
								307
							]
						},
						{
							"origin": [
								-20,
								16,
								-27
							],
							"size": [
								40,
								3,
								4
							],
							"uv": [
								270,
								185
							]
						},
						{
							"origin": [
								-20,
								16,
								-34
							],
							"size": [
								40,
								2,
								7
							],
							"uv": [
								188,
								169
							]
						},
						{
							"origin": [
								-20,
								16.18124,
								-34.92837
							],
							"size": [
								40,
								2,
								19
							],
							"inflate": 0.001,
							"pivot": [
								0,
								17.68124,
								-33.92837
							],
							"rotation": [
								10,
								0,
								0
							],
							"uv": [
								134,
								43
							]
						},
						{
							"origin": [
								-20,
								18.77418,
								-19.68944
							],
							"size": [
								2,
								2,
								16
							],
							"pivot": [
								0,
								20.27418,
								-18.68944
							],
							"rotation": [
								57.5,
								0,
								0
							],
							"uv": [
								240,
								248
							]
						},
						{
							"origin": [
								-20,
								31.95347,
								-10.9642
							],
							"size": [
								40,
								2,
								2
							],
							"pivot": [
								0,
								33.45347,
								-9.9642
							],
							"rotation": [
								40,
								0,
								0
							],
							"uv": [
								0,
								216
							]
						},
						{
							"origin": [
								-20,
								31.86401,
								36.92571
							],
							"size": [
								40,
								2,
								7
							],
							"pivot": [
								0,
								33.36401,
								38.92571
							],
							"rotation": [
								-35,
								0,
								0
							],
							"uv": [
								94,
								169
							]
						},
						{
							"origin": [
								-20,
								33.14328,
								-9.41361
							],
							"size": [
								40,
								2,
								2
							],
							"pivot": [
								0,
								34.64328,
								-8.41361
							],
							"rotation": [
								35,
								0,
								0
							],
							"uv": [
								0,
								212
							]
						},
						{
							"origin": [
								-20,
								33.14328,
								36.11522
							],
							"size": [
								40,
								2,
								2
							],
							"pivot": [
								0,
								34.64328,
								37.11522
							],
							"rotation": [
								-35,
								0,
								0
							],
							"uv": [
								162,
								196
							]
						},
						{
							"origin": [
								-20,
								34.19342,
								-7.76522
							],
							"size": [
								40,
								2,
								2
							],
							"pivot": [
								0,
								35.69342,
								-6.76522
							],
							"rotation": [
								30,
								0,
								0
							],
							"uv": [
								76,
								205
							]
						},
						{
							"origin": [
								-20,
								34.19342,
								34.46683
							],
							"size": [
								40,
								2,
								2
							],
							"pivot": [
								0,
								35.69342,
								35.46683
							],
							"rotation": [
								-30,
								0,
								0
							],
							"uv": [
								76,
								201
							]
						},
						{
							"origin": [
								18,
								18.77418,
								-19.68944
							],
							"size": [
								2,
								2,
								16
							],
							"pivot": [
								37,
								20.27418,
								-18.68944
							],
							"rotation": [
								57.5,
								0,
								0
							],
							"uv": [
								204,
								248
							]
						}
					]
				},
				{
					"name": "placer",
					"parent": "body",
					"pivot": [
						-19,
						0.35355,
						-11.46016
					],
					"cubes": [
						{
							"origin": [
								6,
								11,
								4.53984
							],
							"size": [
								2,
								2,
								37
							],
							"uv": [
								80,
								97
							]
						},
						{
							"origin": [
								-15,
								5,
								4.53984
							],
							"size": [
								30,
								7,
								37
							],
							"uv": [
								0,
								43
							]
						},
						{
							"origin": [
								-8,
								13,
								6.53984
							],
							"size": [
								16,
								12,
								34
							],
							"uv": [
								68,
								377
							]
						},
						{
							"origin": [
								-8,
								11,
								4.53984
							],
							"size": [
								2,
								2,
								37
							],
							"uv": [
								158,
								97
							]
						}
					]
				},
				{
					"name": "clutch0",
					"parent": "body",
					"pivot": [
						-2.5,
						13.5,
						-1.71016
					],
					"rotation": [
						-20,
						0,
						0
					],
					"cubes": [
						{
							"origin": [
								-3,
								13,
								-7.46016
							],
							"size": [
								1,
								1,
								2
							],
							"inflate": 0.3,
							"uv": [
								36,
								383
							]
						},
						{
							"origin": [
								-3,
								13,
								-7.46016
							],
							"size": [
								1,
								1,
								5
							],
							"uv": [
								24,
								380
							]
						},
						{
							"origin": [
								-3,
								13,
								-6.46016
							],
							"size": [
								1,
								1,
								5
							],
							"uv": [
								24,
								380
							]
						}
					]
				},
				{
					"name": "seat",
					"parent": "body",
					"pivot": [
						-15,
						9.35355,
						0.53984
					],
					"cubes": [
						{
							"origin": [
								-6,
								4,
								25.53984
							],
							"size": [
								12,
								7,
								10
							],
							"uv": [
								186,
								225
							]
						},
						{
							"origin": [
								-6,
								10,
								33.53984
							],
							"size": [
								12,
								12,
								2
							],
							"pivot": [
								-3,
								9.35355,
								34.53984
							],
							"rotation": [
								-20,
								0,
								0
							],
							"uv": [
								178,
								269
							]
						},
						{
							"origin": [
								-18,
								4,
								25.53984
							],
							"size": [
								12,
								7,
								10
							],
							"uv": [
								142,
								225
							]
						},
						{
							"origin": [
								-18,
								10,
								33.53984
							],
							"size": [
								12,
								12,
								2
							],
							"pivot": [
								-15,
								9.35355,
								34.53984
							],
							"rotation": [
								-20,
								0,
								0
							],
							"uv": [
								150,
								269
							]
						},
						{
							"origin": [
								6,
								10,
								33.53984
							],
							"size": [
								12,
								12,
								2
							],
							"pivot": [
								7,
								9.35355,
								34.53984
							],
							"rotation": [
								-20,
								0,
								0
							],
							"uv": [
								206,
								269
							]
						},
						{
							"origin": [
								6,
								4,
								25.53984
							],
							"size": [
								12,
								7,
								10
							],
							"uv": [
								230,
								225
							]
						},
						{
							"origin": [
								-16,
								21,
								37.53984
							],
							"size": [
								10,
								4,
								2
							],
							"uv": [
								148,
								294
							]
						},
						{
							"origin": [
								-5,
								21,
								37.53984
							],
							"size": [
								10,
								4,
								2
							],
							"uv": [
								0,
								320
							]
						},
						{
							"origin": [
								7,
								21,
								37.53984
							],
							"size": [
								10,
								4,
								2
							],
							"uv": [
								148,
								300
							]
						},
						{
							"origin": [
								-18,
								4,
								9.53984
							],
							"size": [
								12,
								7,
								10
							],
							"uv": [
								44,
								248
							]
						},
						{
							"origin": [
								-6,
								4,
								9.53984
							],
							"size": [
								12,
								7,
								10
							],
							"uv": [
								0,
								248
							]
						},
						{
							"origin": [
								6,
								4,
								9.53984
							],
							"size": [
								12,
								7,
								10
							],
							"uv": [
								88,
								248
							]
						},
						{
							"origin": [
								6,
								10,
								17.53984
							],
							"size": [
								12,
								12,
								2
							],
							"pivot": [
								7,
								9.35355,
								18.53984
							],
							"rotation": [
								-20,
								0,
								0
							],
							"uv": [
								28,
								294
							]
						},
						{
							"origin": [
								-6,
								10,
								17.53984
							],
							"size": [
								12,
								12,
								2
							],
							"pivot": [
								-3,
								9.35355,
								18.53984
							],
							"rotation": [
								-20,
								0,
								0
							],
							"uv": [
								234,
								269
							]
						},
						{
							"origin": [
								-18,
								10,
								17.53984
							],
							"size": [
								12,
								12,
								2
							],
							"pivot": [
								-15,
								9.35355,
								18.53984
							],
							"rotation": [
								-20,
								0,
								0
							],
							"uv": [
								0,
								294
							]
						},
						{
							"origin": [
								-5,
								21,
								21.53984
							],
							"size": [
								10,
								4,
								2
							],
							"uv": [
								0,
								326
							]
						},
						{
							"origin": [
								7,
								21,
								21.53984
							],
							"size": [
								10,
								4,
								2
							],
							"uv": [
								24,
								320
							]
						},
						{
							"origin": [
								-17,
								21,
								21.53984
							],
							"size": [
								10,
								4,
								2
							],
							"uv": [
								0,
								332
							]
						}
					]
				},
				{
					"name": "steer",
					"parent": "body",
					"pivot": [
						11.001,
						18.19228,
						-15.23615
					],
					"rotation": [
						-60,
						0,
						0
					],
					"cubes": [
						{
							"origin": [
								6,
								20.86215,
								-17.23615
							],
							"size": [
								1,
								1,
								2
							],
							"uv": [
								126,
								373
							]
						},
						{
							"origin": [
								6,
								20.86215,
								-13.23615
							],
							"size": [
								1,
								1,
								2
							],
							"uv": [
								126,
								370
							]
						},
						{
							"origin": [
								7,
								20.86215,
								-11.23615
							],
							"size": [
								1,
								1,
								1
							],
							"uv": [
								24,
								377
							]
						},
						{
							"origin": [
								7,
								20.86215,
								-18.23615
							],
							"size": [
								1,
								1,
								1
							],
							"uv": [
								12,
								377
							]
						},
						{
							"origin": [
								6,
								20.86215,
								-15.23615
							],
							"size": [
								8,
								1,
								2
							],
							"uv": [
								104,
								320
							]
						},
						{
							"origin": [
								9,
								18.86215,
								-15.23615
							],
							"size": [
								2,
								2,
								2
							],
							"uv": [
								116,
								367
							]
						},
						{
							"origin": [
								14,
								20.86215,
								-16.23615
							],
							"size": [
								1,
								1,
								4
							],
							"uv": [
								96,
								372
							]
						},
						{
							"origin": [
								5,
								20.86215,
								-16.23615
							],
							"size": [
								1,
								1,
								4
							],
							"uv": [
								96,
								367
							]
						},
						{
							"origin": [
								13,
								20.86215,
								-17.23615
							],
							"size": [
								1,
								1,
								2
							],
							"uv": [
								132,
								367
							]
						},
						{
							"origin": [
								13,
								20.86215,
								-13.23615
							],
							"size": [
								1,
								1,
								2
							],
							"uv": [
								126,
								367
							]
						},
						{
							"origin": [
								12,
								20.86215,
								-11.23615
							],
							"size": [
								1,
								1,
								1
							],
							"uv": [
								20,
								377
							]
						},
						{
							"origin": [
								12,
								20.86215,
								-18.23615
							],
							"size": [
								1,
								1,
								1
							],
							"uv": [
								16,
								377
							]
						},
						{
							"origin": [
								8,
								20.86215,
								-10.23615
							],
							"size": [
								4,
								1,
								1
							],
							"uv": [
								116,
								373
							]
						},
						{
							"origin": [
								8,
								20.86215,
								-19.23615
							],
							"size": [
								4,
								1,
								1
							],
							"uv": [
								116,
								371
							]
						}
					]
				},
				{
					"name": "leg0",
					"pivot": [
						0,
						7.5958,
						-25.0365
					]
				},
				{
					"name": "wheel0",
					"parent": "leg0",
					"pivot": [
						-19,
						7.5958,
						-25.03653
					],
					"cubes": [
						{
							"origin": [
								-20,
								0,
								-26
							],
							"size": [
								4,
								3,
								2
							],
							"uv": [
								72,
								367
							]
						},
						{
							"origin": [
								-20,
								0,
								-26
							],
							"size": [
								4,
								3,
								2
							],
							"pivot": [
								-18,
								7.59575,
								-25
							],
							"rotation": [
								180,
								0,
								0
							],
							"uv": [
								60,
								372
							]
						},
						{
							"origin": [
								-20,
								4.19151,
								-26
							],
							"size": [
								4,
								7,
								2
							],
							"inflate": 0.01,
							"pivot": [
								-18,
								7.69151,
								-25
							],
							"rotation": [
								180,
								0,
								0
							],
							"uv": [
								152,
								338
							]
						},
						{
							"origin": [
								-19,
								3.19151,
								-26
							],
							"size": [
								2,
								9,
								2
							],
							"pivot": [
								-18,
								7.69151,
								-25
							],
							"rotation": [
								180,
								0,
								0
							],
							"uv": [
								56,
								351
							]
						},
						{
							"origin": [
								-20,
								4.19151,
								-26
							],
							"size": [
								4,
								7,
								2
							],
							"pivot": [
								-18,
								7.69151,
								-25
							],
							"rotation": [
								30,
								0,
								0
							],
							"uv": [
								140,
								338
							]
						},
						{
							"origin": [
								-19,
								3.19151,
								-26
							],
							"size": [
								2,
								9,
								2
							],
							"pivot": [
								-18,
								7.69151,
								-25
							],
							"rotation": [
								30,
								0,
								0
							],
							"uv": [
								48,
								351
							]
						},
						{
							"origin": [
								-20,
								4.19151,
								-26
							],
							"size": [
								4,
								7,
								2
							],
							"pivot": [
								-18,
								7.69151,
								-25
							],
							"rotation": [
								62.5,
								0,
								0
							],
							"uv": [
								128,
								338
							]
						},
						{
							"origin": [
								-19,
								3.19151,
								-26
							],
							"size": [
								2,
								9,
								2
							],
							"pivot": [
								-18,
								7.69151,
								-25
							],
							"rotation": [
								62.5,
								0,
								0
							],
							"uv": [
								40,
								351
							]
						},
						{
							"origin": [
								-20,
								4.19151,
								-26
							],
							"size": [
								4,
								7,
								2
							],
							"pivot": [
								-18,
								7.69151,
								-25
							],
							"rotation": [
								95,
								0,
								0
							],
							"uv": [
								116,
								338
							]
						},
						{
							"origin": [
								-19,
								3.19151,
								-26
							],
							"size": [
								2,
								9,
								2
							],
							"pivot": [
								-18,
								7.69151,
								-25
							],
							"rotation": [
								95,
								0,
								0
							],
							"uv": [
								32,
								351
							]
						},
						{
							"origin": [
								-20,
								4.19151,
								-26
							],
							"size": [
								4,
								7,
								2
							],
							"pivot": [
								-18,
								7.69151,
								-25
							],
							"rotation": [
								127.5,
								0,
								0
							],
							"uv": [
								104,
								338
							]
						},
						{
							"origin": [
								-19,
								3.19151,
								-26
							],
							"size": [
								2,
								9,
								2
							],
							"pivot": [
								-18,
								7.69151,
								-25
							],
							"rotation": [
								127.5,
								0,
								0
							],
							"uv": [
								24,
								351
							]
						},
						{
							"origin": [
								-20,
								4.19151,
								-26
							],
							"size": [
								4,
								7,
								2
							],
							"pivot": [
								-18,
								7.69151,
								-25
							],
							"rotation": [
								150,
								0,
								0
							],
							"uv": [
								92,
								338
							]
						},
						{
							"origin": [
								-19,
								3.19151,
								-26
							],
							"size": [
								2,
								9,
								2
							],
							"pivot": [
								-18,
								7.69151,
								-25
							],
							"rotation": [
								155,
								0,
								0
							],
							"uv": [
								16,
								351
							]
						},
						{
							"origin": [
								-20,
								0.01494,
								-25.88655
							],
							"size": [
								4,
								3,
								2
							],
							"pivot": [
								-18,
								8.03407,
								-25
							],
							"rotation": [
								-15,
								0,
								0
							],
							"uv": [
								60,
								367
							]
						},
						{
							"origin": [
								-20,
								-0.8617,
								-25.88655
							],
							"size": [
								4,
								3,
								2
							],
							"pivot": [
								-18,
								7.15743,
								-25
							],
							"rotation": [
								165,
								0,
								0
							],
							"uv": [
								48,
								372
							]
						},
						{
							"origin": [
								-20,
								0.05872,
								-25.78084
							],
							"size": [
								4,
								3,
								2
							],
							"pivot": [
								-18,
								8.03407,
								-25
							],
							"rotation": [
								-30,
								0,
								0
							],
							"uv": [
								48,
								367
							]
						},
						{
							"origin": [
								-20,
								-0.81791,
								-25.78084
							],
							"size": [
								4,
								3,
								2
							],
							"pivot": [
								-18,
								7.15743,
								-25
							],
							"rotation": [
								150,
								0,
								0
							],
							"uv": [
								36,
								372
							]
						},
						{
							"origin": [
								-20,
								0.12838,
								-25.69006
							],
							"size": [
								4,
								3,
								2
							],
							"pivot": [
								-18,
								8.03407,
								-25
							],
							"rotation": [
								-45,
								0,
								0
							],
							"uv": [
								36,
								367
							]
						},
						{
							"origin": [
								-20,
								-0.74826,
								-25.69006
							],
							"size": [
								4,
								3,
								2
							],
							"pivot": [
								-18,
								7.15743,
								-25
							],
							"rotation": [
								135,
								0,
								0
							],
							"uv": [
								24,
								372
							]
						},
						{
							"origin": [
								-20,
								0.21916,
								-25.6204
							],
							"size": [
								4,
								3,
								2
							],
							"pivot": [
								-18,
								8.03407,
								-25
							],
							"rotation": [
								-60,
								0,
								0
							],
							"uv": [
								24,
								367
							]
						},
						{
							"origin": [
								-20,
								-0.65748,
								-25.6204
							],
							"size": [
								4,
								3,
								2
							],
							"pivot": [
								-18,
								7.15743,
								-25
							],
							"rotation": [
								120,
								0,
								0
							],
							"uv": [
								12,
								372
							]
						},
						{
							"origin": [
								-20,
								0.32487,
								-25.57662
							],
							"size": [
								4,
								3,
								2
							],
							"pivot": [
								-18,
								8.03407,
								-25
							],
							"rotation": [
								-75,
								0,
								0
							],
							"uv": [
								12,
								367
							]
						},
						{
							"origin": [
								-20,
								-0.55176,
								-25.57662
							],
							"size": [
								4,
								3,
								2
							],
							"pivot": [
								-18,
								7.15743,
								-25
							],
							"rotation": [
								105,
								0,
								0
							],
							"uv": [
								0,
								372
							]
						},
						{
							"origin": [
								-20,
								0.01494,
								-26.11345
							],
							"size": [
								4,
								3,
								2
							],
							"pivot": [
								-18,
								8.03407,
								-25
							],
							"rotation": [
								15,
								0,
								0
							],
							"uv": [
								0,
								367
							]
						},
						{
							"origin": [
								-20,
								-0.8617,
								-26.11345
							],
							"size": [
								4,
								3,
								2
							],
							"pivot": [
								-18,
								7.15743,
								-25
							],
							"rotation": [
								-165,
								0,
								0
							],
							"uv": [
								264,
								362
							]
						},
						{
							"origin": [
								-20,
								0.05872,
								-26.21916
							],
							"size": [
								4,
								3,
								2
							],
							"pivot": [
								-18,
								8.03407,
								-25
							],
							"rotation": [
								30,
								0,
								0
							],
							"uv": [
								252,
								362
							]
						},
						{
							"origin": [
								-20,
								-0.81791,
								-26.21916
							],
							"size": [
								4,
								3,
								2
							],
							"pivot": [
								-18,
								7.15743,
								-25
							],
							"rotation": [
								-150,
								0,
								0
							],
							"uv": [
								240,
								362
							]
						},
						{
							"origin": [
								-20,
								0.12838,
								-26.30994
							],
							"size": [
								4,
								3,
								2
							],
							"pivot": [
								-18,
								8.03407,
								-25
							],
							"rotation": [
								45,
								0,
								0
							],
							"uv": [
								228,
								362
							]
						},
						{
							"origin": [
								-20,
								-0.74826,
								-26.30994
							],
							"size": [
								4,
								3,
								2
							],
							"pivot": [
								-18,
								7.15743,
								-25
							],
							"rotation": [
								-135,
								0,
								0
							],
							"uv": [
								216,
								362
							]
						},
						{
							"origin": [
								-20,
								0.21916,
								-26.3796
							],
							"size": [
								4,
								3,
								2
							],
							"pivot": [
								-18,
								8.03407,
								-25
							],
							"rotation": [
								60,
								0,
								0
							],
							"uv": [
								204,
								362
							]
						},
						{
							"origin": [
								-20,
								-0.65748,
								-26.3796
							],
							"size": [
								4,
								3,
								2
							],
							"pivot": [
								-18,
								7.15743,
								-25
							],
							"rotation": [
								-120,
								0,
								0
							],
							"uv": [
								192,
								362
							]
						},
						{
							"origin": [
								-20,
								0.32487,
								-26.42338
							],
							"size": [
								4,
								3,
								2
							],
							"pivot": [
								-18,
								8.03407,
								-25
							],
							"rotation": [
								75,
								0,
								0
							],
							"uv": [
								180,
								362
							]
						},
						{
							"origin": [
								-20,
								-0.55176,
								-26.42338
							],
							"size": [
								4,
								3,
								2
							],
							"pivot": [
								-18,
								7.15743,
								-25
							],
							"rotation": [
								-105,
								0,
								0
							],
							"uv": [
								168,
								362
							]
						},
						{
							"origin": [
								-20,
								0,
								-26
							],
							"size": [
								4,
								3,
								2
							],
							"pivot": [
								-18,
								7.59575,
								-25
							],
							"rotation": [
								90,
								0,
								0
							],
							"uv": [
								156,
								362
							]
						},
						{
							"origin": [
								-20,
								12.19151,
								-26
							],
							"size": [
								4,
								3,
								2
							],
							"pivot": [
								-18,
								7.59575,
								-25
							],
							"rotation": [
								90,
								0,
								0
							],
							"uv": [
								144,
								362
							]
						}
					]
				},
				{
					"name": "wheel1",
					"parent": "leg0",
					"pivot": [
						17,
						7.5958,
						-25.03653
					],
					"cubes": [
						{
							"origin": [
								16,
								0,
								-26
							],
							"size": [
								4,
								3,
								2
							],
							"uv": [
								132,
								362
							]
						},
						{
							"origin": [
								16,
								0,
								-26
							],
							"size": [
								4,
								3,
								2
							],
							"pivot": [
								18,
								7.59575,
								-25
							],
							"rotation": [
								180,
								0,
								0
							],
							"uv": [
								120,
								362
							]
						},
						{
							"origin": [
								16,
								4.19151,
								-26
							],
							"size": [
								4,
								7,
								2
							],
							"inflate": 0.01,
							"pivot": [
								18,
								7.69151,
								-25
							],
							"rotation": [
								180,
								0,
								0
							],
							"uv": [
								80,
								338
							]
						},
						{
							"origin": [
								17,
								3.19151,
								-26
							],
							"size": [
								2,
								9,
								2
							],
							"pivot": [
								18,
								7.69151,
								-25
							],
							"rotation": [
								180,
								0,
								0
							],
							"uv": [
								8,
								351
							]
						},
						{
							"origin": [
								16,
								4.19151,
								-26
							],
							"size": [
								4,
								7,
								2
							],
							"pivot": [
								18,
								7.69151,
								-25
							],
							"rotation": [
								30,
								0,
								0
							],
							"uv": [
								68,
								338
							]
						},
						{
							"origin": [
								17,
								3.19151,
								-26
							],
							"size": [
								2,
								9,
								2
							],
							"pivot": [
								18,
								7.69151,
								-25
							],
							"rotation": [
								30,
								0,
								0
							],
							"uv": [
								0,
								351
							]
						},
						{
							"origin": [
								16,
								4.19151,
								-26
							],
							"size": [
								4,
								7,
								2
							],
							"pivot": [
								18,
								7.69151,
								-25
							],
							"rotation": [
								62.5,
								0,
								0
							],
							"uv": [
								56,
								338
							]
						},
						{
							"origin": [
								17,
								3.19151,
								-26
							],
							"size": [
								2,
								9,
								2
							],
							"pivot": [
								18,
								7.69151,
								-25
							],
							"rotation": [
								62.5,
								0,
								0
							],
							"uv": [
								196,
								338
							]
						},
						{
							"origin": [
								16,
								4.19151,
								-26
							],
							"size": [
								4,
								7,
								2
							],
							"pivot": [
								18,
								7.69151,
								-25
							],
							"rotation": [
								95,
								0,
								0
							],
							"uv": [
								44,
								338
							]
						},
						{
							"origin": [
								17,
								3.19151,
								-26
							],
							"size": [
								2,
								9,
								2
							],
							"pivot": [
								18,
								7.69151,
								-25
							],
							"rotation": [
								95,
								0,
								0
							],
							"uv": [
								188,
								338
							]
						},
						{
							"origin": [
								16,
								4.19151,
								-26
							],
							"size": [
								4,
								7,
								2
							],
							"pivot": [
								18,
								7.69151,
								-25
							],
							"rotation": [
								127.5,
								0,
								0
							],
							"uv": [
								32,
								338
							]
						},
						{
							"origin": [
								17,
								3.19151,
								-26
							],
							"size": [
								2,
								9,
								2
							],
							"pivot": [
								18,
								7.69151,
								-25
							],
							"rotation": [
								122.5,
								0,
								0
							],
							"uv": [
								180,
								338
							]
						},
						{
							"origin": [
								16,
								4.19151,
								-26
							],
							"size": [
								4,
								7,
								2
							],
							"pivot": [
								18,
								7.69151,
								-25
							],
							"rotation": [
								150,
								0,
								0
							],
							"uv": [
								20,
								338
							]
						},
						{
							"origin": [
								17,
								3.19151,
								-26
							],
							"size": [
								2,
								9,
								2
							],
							"pivot": [
								18,
								7.69151,
								-25
							],
							"rotation": [
								150,
								0,
								0
							],
							"uv": [
								172,
								338
							]
						},
						{
							"origin": [
								16,
								0.01494,
								-25.88655
							],
							"size": [
								4,
								3,
								2
							],
							"pivot": [
								18,
								8.03407,
								-25
							],
							"rotation": [
								-15,
								0,
								0
							],
							"uv": [
								108,
								362
							]
						},
						{
							"origin": [
								16,
								-0.8617,
								-25.88655
							],
							"size": [
								4,
								3,
								2
							],
							"pivot": [
								18,
								7.15743,
								-25
							],
							"rotation": [
								165,
								0,
								0
							],
							"uv": [
								96,
								362
							]
						},
						{
							"origin": [
								16,
								0.05872,
								-25.78084
							],
							"size": [
								4,
								3,
								2
							],
							"pivot": [
								18,
								8.03407,
								-25
							],
							"rotation": [
								-30,
								0,
								0
							],
							"uv": [
								84,
								362
							]
						},
						{
							"origin": [
								16,
								-0.81791,
								-25.78084
							],
							"size": [
								4,
								3,
								2
							],
							"pivot": [
								18,
								7.15743,
								-25
							],
							"rotation": [
								150,
								0,
								0
							],
							"uv": [
								72,
								362
							]
						},
						{
							"origin": [
								16,
								0.12838,
								-25.69006
							],
							"size": [
								4,
								3,
								2
							],
							"pivot": [
								18,
								8.03407,
								-25
							],
							"rotation": [
								-45,
								0,
								0
							],
							"uv": [
								60,
								362
							]
						},
						{
							"origin": [
								16,
								-0.74826,
								-25.69006
							],
							"size": [
								4,
								3,
								2
							],
							"pivot": [
								18,
								7.15743,
								-25
							],
							"rotation": [
								135,
								0,
								0
							],
							"uv": [
								48,
								362
							]
						},
						{
							"origin": [
								16,
								0.21916,
								-25.6204
							],
							"size": [
								4,
								3,
								2
							],
							"pivot": [
								18,
								8.03407,
								-25
							],
							"rotation": [
								-60,
								0,
								0
							],
							"uv": [
								36,
								362
							]
						},
						{
							"origin": [
								16,
								-0.65748,
								-25.6204
							],
							"size": [
								4,
								3,
								2
							],
							"pivot": [
								18,
								7.15743,
								-25
							],
							"rotation": [
								120,
								0,
								0
							],
							"uv": [
								24,
								362
							]
						},
						{
							"origin": [
								16,
								0.32487,
								-25.57662
							],
							"size": [
								4,
								3,
								2
							],
							"pivot": [
								18,
								8.03407,
								-25
							],
							"rotation": [
								-75,
								0,
								0
							],
							"uv": [
								12,
								362
							]
						},
						{
							"origin": [
								16,
								-0.55176,
								-25.57662
							],
							"size": [
								4,
								3,
								2
							],
							"pivot": [
								18,
								7.15743,
								-25
							],
							"rotation": [
								105,
								0,
								0
							],
							"uv": [
								0,
								362
							]
						},
						{
							"origin": [
								16,
								0.01494,
								-26.11345
							],
							"size": [
								4,
								3,
								2
							],
							"pivot": [
								18,
								8.03407,
								-25
							],
							"rotation": [
								15,
								0,
								0
							],
							"uv": [
								136,
								356
							]
						},
						{
							"origin": [
								16,
								-0.8617,
								-26.11345
							],
							"size": [
								4,
								3,
								2
							],
							"pivot": [
								18,
								7.15743,
								-25
							],
							"rotation": [
								-165,
								0,
								0
							],
							"uv": [
								136,
								351
							]
						},
						{
							"origin": [
								16,
								0.05872,
								-26.21916
							],
							"size": [
								4,
								3,
								2
							],
							"pivot": [
								18,
								8.03407,
								-25
							],
							"rotation": [
								30,
								0,
								0
							],
							"uv": [
								124,
								356
							]
						},
						{
							"origin": [
								16,
								-0.81791,
								-26.21916
							],
							"size": [
								4,
								3,
								2
							],
							"pivot": [
								18,
								7.15743,
								-25
							],
							"rotation": [
								-150,
								0,
								0
							],
							"uv": [
								124,
								351
							]
						},
						{
							"origin": [
								16,
								0.12838,
								-26.30994
							],
							"size": [
								4,
								3,
								2
							],
							"pivot": [
								18,
								8.03407,
								-25
							],
							"rotation": [
								45,
								0,
								0
							],
							"uv": [
								112,
								356
							]
						},
						{
							"origin": [
								16,
								-0.74826,
								-26.30994
							],
							"size": [
								4,
								3,
								2
							],
							"pivot": [
								18,
								7.15743,
								-25
							],
							"rotation": [
								-135,
								0,
								0
							],
							"uv": [
								112,
								351
							]
						},
						{
							"origin": [
								16,
								0.21916,
								-26.3796
							],
							"size": [
								4,
								3,
								2
							],
							"pivot": [
								18,
								8.03407,
								-25
							],
							"rotation": [
								60,
								0,
								0
							],
							"uv": [
								100,
								356
							]
						},
						{
							"origin": [
								16,
								-0.65748,
								-26.3796
							],
							"size": [
								4,
								3,
								2
							],
							"pivot": [
								18,
								7.15743,
								-25
							],
							"rotation": [
								-120,
								0,
								0
							],
							"uv": [
								100,
								351
							]
						},
						{
							"origin": [
								16,
								0.32487,
								-26.42338
							],
							"size": [
								4,
								3,
								2
							],
							"pivot": [
								18,
								8.03407,
								-25
							],
							"rotation": [
								75,
								0,
								0
							],
							"uv": [
								88,
								356
							]
						},
						{
							"origin": [
								16,
								-0.55176,
								-26.42338
							],
							"size": [
								4,
								3,
								2
							],
							"pivot": [
								18,
								7.15743,
								-25
							],
							"rotation": [
								-105,
								0,
								0
							],
							"uv": [
								88,
								351
							]
						},
						{
							"origin": [
								16,
								0,
								-26
							],
							"size": [
								4,
								3,
								2
							],
							"pivot": [
								18,
								7.59575,
								-25
							],
							"rotation": [
								90,
								0,
								0
							],
							"uv": [
								76,
								356
							]
						},
						{
							"origin": [
								16,
								12.19151,
								-26
							],
							"size": [
								4,
								3,
								2
							],
							"pivot": [
								18,
								7.59575,
								-25
							],
							"rotation": [
								90,
								0,
								0
							],
							"uv": [
								76,
								351
							]
						}
					]
				},
				{
					"name": "leg1",
					"pivot": [
						0,
						7.5958,
						28.9635
					]
				},
				{
					"name": "wheel2",
					"parent": "leg1",
					"pivot": [
						-19,
						7.5958,
						28.96347
					],
					"cubes": [
						{
							"origin": [
								-20,
								0,
								28
							],
							"size": [
								4,
								3,
								2
							],
							"uv": [
								72,
								367
							]
						},
						{
							"origin": [
								-20,
								0,
								28
							],
							"size": [
								4,
								3,
								2
							],
							"pivot": [
								-18,
								7.59575,
								29
							],
							"rotation": [
								180,
								0,
								0
							],
							"uv": [
								60,
								372
							]
						},
						{
							"origin": [
								-20,
								4.19151,
								28
							],
							"size": [
								4,
								7,
								2
							],
							"inflate": 0.01,
							"pivot": [
								-18,
								7.69151,
								29
							],
							"rotation": [
								180,
								0,
								0
							],
							"uv": [
								152,
								338
							]
						},
						{
							"origin": [
								-19,
								3.19151,
								28
							],
							"size": [
								2,
								9,
								2
							],
							"pivot": [
								-18,
								7.69151,
								29
							],
							"rotation": [
								180,
								0,
								0
							],
							"uv": [
								56,
								351
							]
						},
						{
							"origin": [
								-20,
								4.19151,
								28
							],
							"size": [
								4,
								7,
								2
							],
							"pivot": [
								-18,
								7.69151,
								29
							],
							"rotation": [
								30,
								0,
								0
							],
							"uv": [
								140,
								338
							]
						},
						{
							"origin": [
								-19,
								3.19151,
								28
							],
							"size": [
								2,
								9,
								2
							],
							"pivot": [
								-18,
								7.69151,
								29
							],
							"rotation": [
								30,
								0,
								0
							],
							"uv": [
								48,
								351
							]
						},
						{
							"origin": [
								-20,
								4.19151,
								28
							],
							"size": [
								4,
								7,
								2
							],
							"pivot": [
								-18,
								7.69151,
								29
							],
							"rotation": [
								62.5,
								0,
								0
							],
							"uv": [
								128,
								338
							]
						},
						{
							"origin": [
								-19,
								3.19151,
								28
							],
							"size": [
								2,
								9,
								2
							],
							"pivot": [
								-18,
								7.69151,
								29
							],
							"rotation": [
								62.5,
								0,
								0
							],
							"uv": [
								40,
								351
							]
						},
						{
							"origin": [
								-20,
								4.19151,
								28
							],
							"size": [
								4,
								7,
								2
							],
							"pivot": [
								-18,
								7.69151,
								29
							],
							"rotation": [
								95,
								0,
								0
							],
							"uv": [
								116,
								338
							]
						},
						{
							"origin": [
								-19,
								3.19151,
								28
							],
							"size": [
								2,
								9,
								2
							],
							"pivot": [
								-18,
								7.69151,
								29
							],
							"rotation": [
								95,
								0,
								0
							],
							"uv": [
								32,
								351
							]
						},
						{
							"origin": [
								-20,
								4.19151,
								28
							],
							"size": [
								4,
								7,
								2
							],
							"pivot": [
								-18,
								7.69151,
								29
							],
							"rotation": [
								127.5,
								0,
								0
							],
							"uv": [
								104,
								338
							]
						},
						{
							"origin": [
								-19,
								3.19151,
								28
							],
							"size": [
								2,
								9,
								2
							],
							"pivot": [
								-18,
								7.69151,
								29
							],
							"rotation": [
								127.5,
								0,
								0
							],
							"uv": [
								24,
								351
							]
						},
						{
							"origin": [
								-20,
								4.19151,
								28
							],
							"size": [
								4,
								7,
								2
							],
							"pivot": [
								-18,
								7.69151,
								29
							],
							"rotation": [
								150,
								0,
								0
							],
							"uv": [
								92,
								338
							]
						},
						{
							"origin": [
								-19,
								3.19151,
								28
							],
							"size": [
								2,
								9,
								2
							],
							"pivot": [
								-18,
								7.69151,
								29
							],
							"rotation": [
								155,
								0,
								0
							],
							"uv": [
								16,
								351
							]
						},
						{
							"origin": [
								-20,
								0.01494,
								28.11345
							],
							"size": [
								4,
								3,
								2
							],
							"pivot": [
								-18,
								8.03407,
								29
							],
							"rotation": [
								-15,
								0,
								0
							],
							"uv": [
								60,
								367
							]
						},
						{
							"origin": [
								-20,
								-0.8617,
								28.11345
							],
							"size": [
								4,
								3,
								2
							],
							"pivot": [
								-18,
								7.15743,
								29
							],
							"rotation": [
								165,
								0,
								0
							],
							"uv": [
								48,
								372
							]
						},
						{
							"origin": [
								-20,
								0.05872,
								28.21916
							],
							"size": [
								4,
								3,
								2
							],
							"pivot": [
								-18,
								8.03407,
								29
							],
							"rotation": [
								-30,
								0,
								0
							],
							"uv": [
								48,
								367
							]
						},
						{
							"origin": [
								-20,
								-0.81791,
								28.21916
							],
							"size": [
								4,
								3,
								2
							],
							"pivot": [
								-18,
								7.15743,
								29
							],
							"rotation": [
								150,
								0,
								0
							],
							"uv": [
								36,
								372
							]
						},
						{
							"origin": [
								-20,
								0.12838,
								28.30994
							],
							"size": [
								4,
								3,
								2
							],
							"pivot": [
								-18,
								8.03407,
								29
							],
							"rotation": [
								-45,
								0,
								0
							],
							"uv": [
								36,
								367
							]
						},
						{
							"origin": [
								-20,
								-0.74826,
								28.30994
							],
							"size": [
								4,
								3,
								2
							],
							"pivot": [
								-18,
								7.15743,
								29
							],
							"rotation": [
								135,
								0,
								0
							],
							"uv": [
								24,
								372
							]
						},
						{
							"origin": [
								-20,
								0.21916,
								28.3796
							],
							"size": [
								4,
								3,
								2
							],
							"pivot": [
								-18,
								8.03407,
								29
							],
							"rotation": [
								-60,
								0,
								0
							],
							"uv": [
								24,
								367
							]
						},
						{
							"origin": [
								-20,
								-0.65748,
								28.3796
							],
							"size": [
								4,
								3,
								2
							],
							"pivot": [
								-18,
								7.15743,
								29
							],
							"rotation": [
								120,
								0,
								0
							],
							"uv": [
								12,
								372
							]
						},
						{
							"origin": [
								-20,
								0.32487,
								28.42338
							],
							"size": [
								4,
								3,
								2
							],
							"pivot": [
								-18,
								8.03407,
								29
							],
							"rotation": [
								-75,
								0,
								0
							],
							"uv": [
								12,
								367
							]
						},
						{
							"origin": [
								-20,
								-0.55176,
								28.42338
							],
							"size": [
								4,
								3,
								2
							],
							"pivot": [
								-18,
								7.15743,
								29
							],
							"rotation": [
								105,
								0,
								0
							],
							"uv": [
								0,
								372
							]
						},
						{
							"origin": [
								-20,
								0.01494,
								27.88655
							],
							"size": [
								4,
								3,
								2
							],
							"pivot": [
								-18,
								8.03407,
								29
							],
							"rotation": [
								15,
								0,
								0
							],
							"uv": [
								0,
								367
							]
						},
						{
							"origin": [
								-20,
								-0.8617,
								27.88655
							],
							"size": [
								4,
								3,
								2
							],
							"pivot": [
								-18,
								7.15743,
								29
							],
							"rotation": [
								-165,
								0,
								0
							],
							"uv": [
								264,
								362
							]
						},
						{
							"origin": [
								-20,
								0.05872,
								27.78084
							],
							"size": [
								4,
								3,
								2
							],
							"pivot": [
								-18,
								8.03407,
								29
							],
							"rotation": [
								30,
								0,
								0
							],
							"uv": [
								252,
								362
							]
						},
						{
							"origin": [
								-20,
								-0.81791,
								27.78084
							],
							"size": [
								4,
								3,
								2
							],
							"pivot": [
								-18,
								7.15743,
								29
							],
							"rotation": [
								-150,
								0,
								0
							],
							"uv": [
								240,
								362
							]
						},
						{
							"origin": [
								-20,
								0.12838,
								27.69006
							],
							"size": [
								4,
								3,
								2
							],
							"pivot": [
								-18,
								8.03407,
								29
							],
							"rotation": [
								45,
								0,
								0
							],
							"uv": [
								228,
								362
							]
						},
						{
							"origin": [
								-20,
								-0.74826,
								27.69006
							],
							"size": [
								4,
								3,
								2
							],
							"pivot": [
								-18,
								7.15743,
								29
							],
							"rotation": [
								-135,
								0,
								0
							],
							"uv": [
								216,
								362
							]
						},
						{
							"origin": [
								-20,
								0.21916,
								27.6204
							],
							"size": [
								4,
								3,
								2
							],
							"pivot": [
								-18,
								8.03407,
								29
							],
							"rotation": [
								60,
								0,
								0
							],
							"uv": [
								204,
								362
							]
						},
						{
							"origin": [
								-20,
								-0.65748,
								27.6204
							],
							"size": [
								4,
								3,
								2
							],
							"pivot": [
								-18,
								7.15743,
								29
							],
							"rotation": [
								-120,
								0,
								0
							],
							"uv": [
								192,
								362
							]
						},
						{
							"origin": [
								-20,
								0.32487,
								27.57662
							],
							"size": [
								4,
								3,
								2
							],
							"pivot": [
								-18,
								8.03407,
								29
							],
							"rotation": [
								75,
								0,
								0
							],
							"uv": [
								180,
								362
							]
						},
						{
							"origin": [
								-20,
								-0.55176,
								27.57662
							],
							"size": [
								4,
								3,
								2
							],
							"pivot": [
								-18,
								7.15743,
								29
							],
							"rotation": [
								-105,
								0,
								0
							],
							"uv": [
								168,
								362
							]
						},
						{
							"origin": [
								-20,
								0,
								28
							],
							"size": [
								4,
								3,
								2
							],
							"pivot": [
								-18,
								7.59575,
								29
							],
							"rotation": [
								90,
								0,
								0
							],
							"uv": [
								156,
								362
							]
						},
						{
							"origin": [
								-20,
								12.19151,
								28
							],
							"size": [
								4,
								3,
								2
							],
							"pivot": [
								-18,
								7.59575,
								29
							],
							"rotation": [
								90,
								0,
								0
							],
							"uv": [
								144,
								362
							]
						}
					]
				},
				{
					"name": "wheel3",
					"parent": "leg1",
					"pivot": [
						17,
						7.5958,
						28.96347
					],
					"cubes": [
						{
							"origin": [
								16,
								0,
								28
							],
							"size": [
								4,
								3,
								2
							],
							"uv": [
								132,
								362
							]
						},
						{
							"origin": [
								16,
								0,
								28
							],
							"size": [
								4,
								3,
								2
							],
							"pivot": [
								18,
								7.59575,
								29
							],
							"rotation": [
								180,
								0,
								0
							],
							"uv": [
								120,
								362
							]
						},
						{
							"origin": [
								16,
								4.19151,
								28
							],
							"size": [
								4,
								7,
								2
							],
							"inflate": 0.01,
							"pivot": [
								18,
								7.69151,
								29
							],
							"rotation": [
								180,
								0,
								0
							],
							"uv": [
								80,
								338
							]
						},
						{
							"origin": [
								17,
								3.19151,
								28
							],
							"size": [
								2,
								9,
								2
							],
							"pivot": [
								18,
								7.69151,
								29
							],
							"rotation": [
								180,
								0,
								0
							],
							"uv": [
								8,
								351
							]
						},
						{
							"origin": [
								16,
								4.19151,
								28
							],
							"size": [
								4,
								7,
								2
							],
							"pivot": [
								18,
								7.69151,
								29
							],
							"rotation": [
								30,
								0,
								0
							],
							"uv": [
								68,
								338
							]
						},
						{
							"origin": [
								17,
								3.19151,
								28
							],
							"size": [
								2,
								9,
								2
							],
							"pivot": [
								18,
								7.69151,
								29
							],
							"rotation": [
								30,
								0,
								0
							],
							"uv": [
								0,
								351
							]
						},
						{
							"origin": [
								16,
								4.19151,
								28
							],
							"size": [
								4,
								7,
								2
							],
							"pivot": [
								18,
								7.69151,
								29
							],
							"rotation": [
								62.5,
								0,
								0
							],
							"uv": [
								56,
								338
							]
						},
						{
							"origin": [
								17,
								3.19151,
								28
							],
							"size": [
								2,
								9,
								2
							],
							"pivot": [
								18,
								7.69151,
								29
							],
							"rotation": [
								62.5,
								0,
								0
							],
							"uv": [
								196,
								338
							]
						},
						{
							"origin": [
								16,
								4.19151,
								28
							],
							"size": [
								4,
								7,
								2
							],
							"pivot": [
								18,
								7.69151,
								29
							],
							"rotation": [
								95,
								0,
								0
							],
							"uv": [
								44,
								338
							]
						},
						{
							"origin": [
								17,
								3.19151,
								28
							],
							"size": [
								2,
								9,
								2
							],
							"pivot": [
								18,
								7.69151,
								29
							],
							"rotation": [
								95,
								0,
								0
							],
							"uv": [
								188,
								338
							]
						},
						{
							"origin": [
								16,
								4.19151,
								28
							],
							"size": [
								4,
								7,
								2
							],
							"pivot": [
								18,
								7.69151,
								29
							],
							"rotation": [
								127.5,
								0,
								0
							],
							"uv": [
								32,
								338
							]
						},
						{
							"origin": [
								17,
								3.19151,
								28
							],
							"size": [
								2,
								9,
								2
							],
							"pivot": [
								18,
								7.69151,
								29
							],
							"rotation": [
								122.5,
								0,
								0
							],
							"uv": [
								180,
								338
							]
						},
						{
							"origin": [
								16,
								4.19151,
								28
							],
							"size": [
								4,
								7,
								2
							],
							"pivot": [
								18,
								7.69151,
								29
							],
							"rotation": [
								150,
								0,
								0
							],
							"uv": [
								20,
								338
							]
						},
						{
							"origin": [
								17,
								3.19151,
								28
							],
							"size": [
								2,
								9,
								2
							],
							"pivot": [
								18,
								7.69151,
								29
							],
							"rotation": [
								150,
								0,
								0
							],
							"uv": [
								172,
								338
							]
						},
						{
							"origin": [
								16,
								0.01494,
								28.11345
							],
							"size": [
								4,
								3,
								2
							],
							"pivot": [
								18,
								8.03407,
								29
							],
							"rotation": [
								-15,
								0,
								0
							],
							"uv": [
								108,
								362
							]
						},
						{
							"origin": [
								16,
								-0.8617,
								28.11345
							],
							"size": [
								4,
								3,
								2
							],
							"pivot": [
								18,
								7.15743,
								29
							],
							"rotation": [
								165,
								0,
								0
							],
							"uv": [
								96,
								362
							]
						},
						{
							"origin": [
								16,
								0.05872,
								28.21916
							],
							"size": [
								4,
								3,
								2
							],
							"pivot": [
								18,
								8.03407,
								29
							],
							"rotation": [
								-30,
								0,
								0
							],
							"uv": [
								84,
								362
							]
						},
						{
							"origin": [
								16,
								-0.81791,
								28.21916
							],
							"size": [
								4,
								3,
								2
							],
							"pivot": [
								18,
								7.15743,
								29
							],
							"rotation": [
								150,
								0,
								0
							],
							"uv": [
								72,
								362
							]
						},
						{
							"origin": [
								16,
								0.12838,
								28.30994
							],
							"size": [
								4,
								3,
								2
							],
							"pivot": [
								18,
								8.03407,
								29
							],
							"rotation": [
								-45,
								0,
								0
							],
							"uv": [
								60,
								362
							]
						},
						{
							"origin": [
								16,
								-0.74826,
								28.30994
							],
							"size": [
								4,
								3,
								2
							],
							"pivot": [
								18,
								7.15743,
								29
							],
							"rotation": [
								135,
								0,
								0
							],
							"uv": [
								48,
								362
							]
						},
						{
							"origin": [
								16,
								0.21916,
								28.3796
							],
							"size": [
								4,
								3,
								2
							],
							"pivot": [
								18,
								8.03407,
								29
							],
							"rotation": [
								-60,
								0,
								0
							],
							"uv": [
								36,
								362
							]
						},
						{
							"origin": [
								16,
								-0.65748,
								28.3796
							],
							"size": [
								4,
								3,
								2
							],
							"pivot": [
								18,
								7.15743,
								29
							],
							"rotation": [
								120,
								0,
								0
							],
							"uv": [
								24,
								362
							]
						},
						{
							"origin": [
								16,
								0.32487,
								28.42338
							],
							"size": [
								4,
								3,
								2
							],
							"pivot": [
								18,
								8.03407,
								29
							],
							"rotation": [
								-75,
								0,
								0
							],
							"uv": [
								12,
								362
							]
						},
						{
							"origin": [
								16,
								-0.55176,
								28.42338
							],
							"size": [
								4,
								3,
								2
							],
							"pivot": [
								18,
								7.15743,
								29
							],
							"rotation": [
								105,
								0,
								0
							],
							"uv": [
								0,
								362
							]
						},
						{
							"origin": [
								16,
								0.01494,
								27.88655
							],
							"size": [
								4,
								3,
								2
							],
							"pivot": [
								18,
								8.03407,
								29
							],
							"rotation": [
								15,
								0,
								0
							],
							"uv": [
								136,
								356
							]
						},
						{
							"origin": [
								16,
								-0.8617,
								27.88655
							],
							"size": [
								4,
								3,
								2
							],
							"pivot": [
								18,
								7.15743,
								29
							],
							"rotation": [
								-165,
								0,
								0
							],
							"uv": [
								136,
								351
							]
						},
						{
							"origin": [
								16,
								0.05872,
								27.78084
							],
							"size": [
								4,
								3,
								2
							],
							"pivot": [
								18,
								8.03407,
								29
							],
							"rotation": [
								30,
								0,
								0
							],
							"uv": [
								124,
								356
							]
						},
						{
							"origin": [
								16,
								-0.81791,
								27.78084
							],
							"size": [
								4,
								3,
								2
							],
							"pivot": [
								18,
								7.15743,
								29
							],
							"rotation": [
								-150,
								0,
								0
							],
							"uv": [
								124,
								351
							]
						},
						{
							"origin": [
								16,
								0.12838,
								27.69006
							],
							"size": [
								4,
								3,
								2
							],
							"pivot": [
								18,
								8.03407,
								29
							],
							"rotation": [
								45,
								0,
								0
							],
							"uv": [
								112,
								356
							]
						},
						{
							"origin": [
								16,
								-0.74826,
								27.69006
							],
							"size": [
								4,
								3,
								2
							],
							"pivot": [
								18,
								7.15743,
								29
							],
							"rotation": [
								-135,
								0,
								0
							],
							"uv": [
								112,
								351
							]
						},
						{
							"origin": [
								16,
								0.21916,
								27.6204
							],
							"size": [
								4,
								3,
								2
							],
							"pivot": [
								18,
								8.03407,
								29
							],
							"rotation": [
								60,
								0,
								0
							],
							"uv": [
								100,
								356
							]
						},
						{
							"origin": [
								16,
								-0.65748,
								27.6204
							],
							"size": [
								4,
								3,
								2
							],
							"pivot": [
								18,
								7.15743,
								29
							],
							"rotation": [
								-120,
								0,
								0
							],
							"uv": [
								100,
								351
							]
						},
						{
							"origin": [
								16,
								0.32487,
								27.57662
							],
							"size": [
								4,
								3,
								2
							],
							"pivot": [
								18,
								8.03407,
								29
							],
							"rotation": [
								75,
								0,
								0
							],
							"uv": [
								88,
								356
							]
						},
						{
							"origin": [
								16,
								-0.55176,
								27.57662
							],
							"size": [
								4,
								3,
								2
							],
							"pivot": [
								18,
								7.15743,
								29
							],
							"rotation": [
								-105,
								0,
								0
							],
							"uv": [
								88,
								351
							]
						},
						{
							"origin": [
								16,
								0,
								28
							],
							"size": [
								4,
								3,
								2
							],
							"pivot": [
								18,
								7.59575,
								29
							],
							"rotation": [
								90,
								0,
								0
							],
							"uv": [
								76,
								356
							]
						},
						{
							"origin": [
								16,
								12.19151,
								28
							],
							"size": [
								4,
								3,
								2
							],
							"pivot": [
								18,
								7.59575,
								29
							],
							"rotation": [
								90,
								0,
								0
							],
							"uv": [
								76,
								351
							]
						}
					]
				}
			]
		}
	]
}