{
	"format_version": "1.12.0",
	"minecraft:geometry": [
		{
			"description": {
				"identifier": "geometry.speeboat_two",
				"texture_width": 512,
				"texture_height": 512,
				"visible_bounds_width": 12,
				"visible_bounds_height": 4,
				"visible_bounds_offset": [
					0,
					1,
					0
				]
			},
			"bones": [
				{
					"name": "body",
					"pivot": [
						0,
						3,
						0
					],
					"cubes": [
						{
							"origin": [
								-22,
								-2,
								-33
							],
							"size": [
								44,
								13,
								57
							],
							"uv": [
								0,
								0
							]
						},
						{
							"origin": [
								-21,
								11,
								20
							],
							"size": [
								44,
								12,
								4
							],
							"uv": [
								202,
								290
							]
						},
						{
							"origin": [
								-23,
								11,
								20
							],
							"size": [
								44,
								12,
								4
							],
							"uv": [
								202,
								290
							]
						},
						{
							"origin": [
								-22,
								11,
								-34
							],
							"size": [
								44,
								12,
								11
							],
							"uv": [
								98,
								241
							]
						},
						{
							"origin": [
								9,
								15,
								-24
							],
							"size": [
								4,
								4,
								9
							],
							"pivot": [
								0,
								17,
								-27
							],
							"rotation": [
								30,
								0,
								0
							],
							"uv": [
								138,
								408
							]
						},
						{
							"origin": [
								15,
								14,
								-16
							],
							"size": [
								1,
								6,
								1
							],
							"pivot": [
								0,
								17,
								-27
							],
							"rotation": [
								30,
								0,
								0
							],
							"uv": [
								62,
								440
							]
						},
						{
							"origin": [
								13,
								17,
								-16
							],
							"size": [
								2,
								2,
								1
							],
							"pivot": [
								0,
								17,
								-27
							],
							"rotation": [
								30,
								0,
								0
							],
							"uv": [
								68,
								433
							]
						},
						{
							"origin": [
								7,
								17,
								-16
							],
							"size": [
								2,
								2,
								1
							],
							"pivot": [
								0,
								17,
								-27
							],
							"rotation": [
								30,
								0,
								0
							],
							"uv": [
								62,
								447
							]
						},
						{
							"origin": [
								6,
								14,
								-16
							],
							"size": [
								1,
								6,
								1
							],
							"pivot": [
								0,
								17,
								-27
							],
							"rotation": [
								30,
								0,
								0
							],
							"uv": [
								62,
								433
							]
						},
						{
							"origin": [
								7,
								20,
								-16
							],
							"size": [
								1,
								1,
								1
							],
							"pivot": [
								0,
								17,
								-27
							],
							"rotation": [
								30,
								0,
								0
							],
							"uv": [
								68,
								442
							]
						},
						{
							"origin": [
								7,
								13,
								-16
							],
							"size": [
								1,
								1,
								1
							],
							"pivot": [
								0,
								17,
								-27
							],
							"rotation": [
								30,
								0,
								0
							],
							"uv": [
								68,
								436
							]
						},
						{
							"origin": [
								14,
								20,
								-16
							],
							"size": [
								1,
								1,
								1
							],
							"pivot": [
								0,
								17,
								-27
							],
							"rotation": [
								30,
								0,
								0
							],
							"uv": [
								68,
								440
							]
						},
						{
							"origin": [
								14,
								13,
								-16
							],
							"size": [
								1,
								1,
								1
							],
							"pivot": [
								0,
								17,
								-27
							],
							"rotation": [
								30,
								0,
								0
							],
							"uv": [
								68,
								438
							]
						},
						{
							"origin": [
								8,
								21,
								-16
							],
							"size": [
								6,
								1,
								1
							],
							"pivot": [
								0,
								17,
								-27
							],
							"rotation": [
								30,
								0,
								0
							],
							"uv": [
								48,
								435
							]
						},
						{
							"origin": [
								8,
								12,
								-16
							],
							"size": [
								6,
								1,
								1
							],
							"pivot": [
								0,
								17,
								-27
							],
							"rotation": [
								30,
								0,
								0
							],
							"uv": [
								48,
								433
							]
						},
						{
							"origin": [
								3,
								11,
								-13
							],
							"size": [
								16,
								4,
								10
							],
							"uv": [
								52,
								347
							]
						},
						{
							"origin": [
								3,
								11,
								6
							],
							"size": [
								16,
								4,
								10
							],
							"uv": [
								0,
								347
							]
						},
						{
							"origin": [
								-19,
								11,
								-13
							],
							"size": [
								16,
								4,
								10
							],
							"uv": [
								0,
								361
							]
						},
						{
							"origin": [
								-19,
								11,
								6
							],
							"size": [
								16,
								4,
								10
							],
							"uv": [
								220,
								306
							]
						},
						{
							"origin": [
								3,
								13,
								-6
							],
							"size": [
								16,
								16,
								3
							],
							"pivot": [
								-3,
								13,
								-4
							],
							"rotation": [
								-20,
								0,
								0
							],
							"uv": [
								114,
								380
							]
						},
						{
							"origin": [
								3,
								13,
								13
							],
							"size": [
								16,
								16,
								3
							],
							"pivot": [
								-3,
								13,
								15
							],
							"rotation": [
								-20,
								0,
								0
							],
							"uv": [
								38,
								380
							]
						},
						{
							"origin": [
								-19,
								13,
								-6
							],
							"size": [
								16,
								16,
								3
							],
							"pivot": [
								-25,
								13,
								-4
							],
							"rotation": [
								-20,
								0,
								0
							],
							"uv": [
								76,
								380
							]
						},
						{
							"origin": [
								-19,
								13,
								13
							],
							"size": [
								16,
								16,
								3
							],
							"pivot": [
								-25,
								13,
								15
							],
							"rotation": [
								-20,
								0,
								0
							],
							"uv": [
								0,
								380
							]
						},
						{
							"origin": [
								-22,
								21,
								-33
							],
							"size": [
								44,
								16,
								0
							],
							"pivot": [
								0,
								17,
								-29
							],
							"rotation": [
								-30,
								0,
								0
							],
							"uv": [
								298,
								290
							]
						},
						{
							"origin": [
								22,
								21,
								-34
							],
							"size": [
								2,
								16,
								2
							],
							"pivot": [
								0,
								17,
								-29
							],
							"rotation": [
								-30,
								0,
								0
							],
							"uv": [
								40,
								433
							]
						},
						{
							"origin": [
								22,
								18,
								-34
							],
							"size": [
								2,
								16,
								2
							],
							"pivot": [
								0,
								17,
								-29
							],
							"rotation": [
								-30,
								0,
								0
							],
							"uv": [
								40,
								433
							]
						},
						{
							"origin": [
								-24,
								21,
								-34
							],
							"size": [
								2,
								16,
								2
							],
							"pivot": [
								0,
								17,
								-29
							],
							"rotation": [
								-30,
								0,
								0
							],
							"uv": [
								32,
								433
							]
						},
						{
							"origin": [
								-24,
								18,
								-34
							],
							"size": [
								2,
								16,
								2
							],
							"pivot": [
								0,
								17,
								-29
							],
							"rotation": [
								-30,
								0,
								0
							],
							"uv": [
								32,
								433
							]
						},
						{
							"origin": [
								-23,
								21,
								-32
							],
							"size": [
								0,
								16,
								25
							],
							"pivot": [
								0,
								17,
								-29
							],
							"rotation": [
								-30,
								0,
								0
							],
							"uv": [
								126,
								306
							]
						},
						{
							"origin": [
								23,
								21,
								-32
							],
							"size": [
								0,
								16,
								25
							],
							"pivot": [
								0,
								17,
								-29
							],
							"rotation": [
								-30,
								0,
								0
							],
							"uv": [
								76,
								306
							]
						},
						{
							"origin": [
								-14,
								3.22183,
								-39.70711
							],
							"size": [
								28,
								18,
								10
							],
							"pivot": [
								0,
								15.22183,
								-34.70711
							],
							"rotation": [
								-45,
								0,
								0
							],
							"uv": [
								0,
								306
							]
						},
						{
							"origin": [
								-22,
								-2,
								33
							],
							"size": [
								44,
								9,
								6
							],
							"uv": [
								0,
								290
							]
						},
						{
							"origin": [
								-22,
								-2,
								23
							],
							"size": [
								44,
								5,
								10
							],
							"uv": [
								98,
								264
							]
						},
						{
							"origin": [
								-21,
								7,
								24
							],
							"size": [
								43,
								2,
								8
							],
							"uv": [
								100,
								290
							]
						},
						{
							"origin": [
								-24.94557,
								-2.09313,
								-34
							],
							"size": [
								4,
								25,
								58
							],
							"pivot": [
								-23.94557,
								12.90687,
								-6.5
							],
							"rotation": [
								0,
								0,
								-11.25
							],
							"uv": [
								0,
								83
							]
						},
						{
							"origin": [
								-24.94557,
								16.90687,
								-36
							],
							"size": [
								4,
								6,
								60
							],
							"inflate": 0.25,
							"pivot": [
								-23.94557,
								12.90687,
								-6.5
							],
							"rotation": [
								0,
								0,
								-11.25
							],
							"uv": [
								326,
								135
							]
						},
						{
							"origin": [
								-25.52866,
								8.33828,
								24.80559
							],
							"size": [
								4,
								15,
								8
							],
							"pivot": [
								-24.52866,
								15.83828,
								28.80559
							],
							"rotation": [
								62.5,
								0,
								-11.25
							],
							"uv": [
								22,
								408
							]
						},
						{
							"origin": [
								-24.45784,
								-2.04509,
								24
							],
							"size": [
								4,
								20,
								8
							],
							"pivot": [
								-23.45784,
								10.45491,
								28
							],
							"rotation": [
								0,
								0,
								-11.25
							],
							"uv": [
								152,
								380
							]
						},
						{
							"origin": [
								-24.94557,
								-2.09313,
								32
							],
							"size": [
								4,
								18,
								7
							],
							"pivot": [
								-23.94557,
								12.90687,
								-6.5
							],
							"rotation": [
								0,
								0,
								-11.25
							],
							"uv": [
								0,
								408
							]
						},
						{
							"origin": [
								-24.94557,
								-0.09313,
								-36
							],
							"size": [
								4,
								23,
								2
							],
							"inflate": -0.01,
							"pivot": [
								-23.94557,
								12.90687,
								-6.5
							],
							"rotation": [
								0,
								0,
								-11.25
							],
							"uv": [
								164,
								408
							]
						},
						{
							"origin": [
								-24.94557,
								-2.09313,
								-36
							],
							"size": [
								4,
								23,
								2
							],
							"pivot": [
								-23.94557,
								12.90687,
								-6.5
							],
							"rotation": [
								0,
								0,
								-11.25
							],
							"uv": [
								164,
								408
							]
						},
						{
							"origin": [
								20.97012,
								-1.99706,
								-33
							],
							"size": [
								4,
								25,
								58
							],
							"pivot": [
								23.97012,
								13.00294,
								-5.5
							],
							"rotation": [
								0,
								0,
								11.25
							],
							"uv": [
								202,
								0
							]
						},
						{
							"origin": [
								20.97012,
								17.00294,
								-35
							],
							"size": [
								4,
								6,
								60
							],
							"inflate": 0.25,
							"pivot": [
								23.97012,
								13.00294,
								-5.5
							],
							"rotation": [
								0,
								0,
								11.25
							],
							"uv": [
								326,
								69
							]
						},
						{
							"origin": [
								20.97012,
								-1.99706,
								25
							],
							"size": [
								4,
								20,
								8
							],
							"pivot": [
								23.97012,
								13.00294,
								-5.5
							],
							"rotation": [
								0,
								0,
								11.25
							],
							"uv": [
								176,
								380
							]
						},
						{
							"origin": [
								20.97012,
								-1.99706,
								33
							],
							"size": [
								4,
								18,
								6
							],
							"pivot": [
								23.97012,
								13.00294,
								-5.5
							],
							"rotation": [
								0,
								0,
								11.25
							],
							"uv": [
								46,
								408
							]
						},
						{
							"origin": [
								21.72626,
								9.30432,
								27.26734
							],
							"size": [
								4,
								15,
								6
							],
							"pivot": [
								24.72626,
								16.80432,
								30.26734
							],
							"rotation": [
								62.5,
								0,
								11.25
							],
							"uv": [
								96,
								408
							]
						},
						{
							"origin": [
								20.97012,
								3.00294,
								-35
							],
							"size": [
								4,
								20,
								2
							],
							"inflate": -0.01,
							"pivot": [
								23.97012,
								13.00294,
								-6.5
							],
							"rotation": [
								0,
								0,
								11.25
							],
							"uv": [
								176,
								408
							]
						},
						{
							"origin": [
								20.97012,
								-1.99706,
								-35
							],
							"size": [
								4,
								20,
								2
							],
							"pivot": [
								23.97012,
								13.00294,
								-6.5
							],
							"rotation": [
								0,
								0,
								11.25
							],
							"uv": [
								176,
								408
							]
						},
						{
							"origin": [
								0.87917,
								-2,
								-67.79881
							],
							"size": [
								14,
								13,
								39
							],
							"pivot": [
								7.87917,
								5,
								-48.79881
							],
							"rotation": [
								0,
								22.5,
								0
							],
							"uv": [
								108,
								166
							]
						},
						{
							"origin": [
								-0.41314,
								-2,
								-80.54175
							],
							"size": [
								5,
								13,
								13
							],
							"pivot": [
								2.08686,
								5,
								-74.54175
							],
							"rotation": [
								0,
								22.5,
								0
							],
							"uv": [
								172,
								347
							]
						},
						{
							"origin": [
								-3.81885,
								-2,
								-81.46563
							],
							"size": [
								4,
								13,
								14
							],
							"pivot": [
								-2.31885,
								5,
								-74.46563
							],
							"rotation": [
								0,
								-22.5,
								0
							],
							"uv": [
								136,
								347
							]
						},
						{
							"origin": [
								13.9469,
								-1.55247,
								-84.25519
							],
							"size": [
								4,
								25,
								53
							],
							"pivot": [
								14.9469,
								13.44753,
								-50.75519
							],
							"rotation": [
								4.45,
								21.25,
								12.5
							],
							"uv": [
								124,
								83
							]
						},
						{
							"origin": [
								13.9469,
								17.44753,
								-94.25519
							],
							"size": [
								4,
								6,
								63
							],
							"inflate": 0.25,
							"pivot": [
								14.9469,
								13.44753,
								-50.75519
							],
							"rotation": [
								4.45,
								21.25,
								12.5
							],
							"uv": [
								326,
								0
							]
						},
						{
							"origin": [
								13.9469,
								11.44753,
								-94.25519
							],
							"size": [
								4,
								12,
								10
							],
							"pivot": [
								14.9469,
								13.44753,
								-50.75519
							],
							"rotation": [
								4.45,
								21.25,
								12.5
							],
							"uv": [
								200,
								380
							]
						},
						{
							"origin": [
								14.9469,
								15.44753,
								-90.25519
							],
							"size": [
								2,
								2,
								2
							],
							"pivot": [
								13.9469,
								13.44753,
								-50.75519
							],
							"rotation": [
								4.45,
								21.25,
								12.5
							],
							"uv": [
								48,
								443
							]
						},
						{
							"origin": [
								15.9469,
								3.44753,
								-89.25519
							],
							"size": [
								2,
								8,
								5
							],
							"pivot": [
								14.9469,
								13.44753,
								-50.75519
							],
							"rotation": [
								4.45,
								21.25,
								12.5
							],
							"uv": [
								18,
								433
							]
						},
						{
							"origin": [
								-6.30734,
								-2,
								-68.95518
							],
							"size": [
								13,
								13,
								36
							],
							"uv": [
								0,
								241
							]
						},
						{
							"origin": [
								-3,
								-2.09808,
								-84.78531
							],
							"size": [
								6,
								13,
								16
							],
							"uv": [
								176,
								306
							]
						},
						{
							"origin": [
								-3.5,
								2.9282,
								-92.02698
							],
							"size": [
								7,
								24,
								9
							],
							"pivot": [
								-0.30734,
								13.9282,
								-79.02698
							],
							"rotation": [
								30,
								0,
								0
							],
							"uv": [
								104,
								347
							]
						},
						{
							"origin": [
								-3.5,
								18.68653,
								-96.78531
							],
							"size": [
								7,
								4,
								8
							],
							"uv": [
								66,
								408
							]
						},
						{
							"origin": [
								-3.5,
								18.68653,
								-96.78531
							],
							"size": [
								7,
								4,
								8
							],
							"inflate": 0.25,
							"uv": [
								66,
								408
							]
						},
						{
							"origin": [
								-13.87917,
								-2,
								-67.79881
							],
							"size": [
								13,
								13,
								39
							],
							"pivot": [
								-7.87917,
								5,
								-48.79881
							],
							"rotation": [
								0,
								-22.5,
								0
							],
							"uv": [
								214,
								166
							]
						},
						{
							"origin": [
								-16.4858,
								13.35176,
								-87.45608
							],
							"size": [
								4,
								11,
								7
							],
							"pivot": [
								-9.4858,
								5.35176,
								-49.95608
							],
							"rotation": [
								4.45,
								-21.5,
								-12.5
							],
							"uv": [
								116,
								408
							]
						},
						{
							"origin": [
								-16.8571,
								19.73403,
								-91.79527
							],
							"size": [
								4,
								5,
								5
							],
							"pivot": [
								-7.8571,
								6.73403,
								-49.29527
							],
							"rotation": [
								4.45,
								-21.5,
								-12.5
							],
							"uv": [
								0,
								433
							]
						},
						{
							"origin": [
								-16.8571,
								15.73403,
								-88.79527
							],
							"size": [
								2,
								4,
								2
							],
							"pivot": [
								-7.8571,
								6.73403,
								-49.29527
							],
							"rotation": [
								4.45,
								-21.5,
								-12.5
							],
							"uv": [
								48,
								437
							]
						},
						{
							"origin": [
								-17.79441,
								4.32126,
								-87.74543
							],
							"size": [
								1,
								9,
								7
							],
							"pivot": [
								-10.79441,
								6.32126,
								-47.24543
							],
							"rotation": [
								4.45,
								-21.5,
								-12.5
							],
							"uv": [
								188,
								408
							]
						},
						{
							"origin": [
								-16.76547,
								-0.46735,
								-80.16177
							],
							"size": [
								4,
								25,
								50
							],
							"pivot": [
								-8.76547,
								6.53265,
								-49.66177
							],
							"rotation": [
								4.45,
								-21.5,
								-12.5
							],
							"uv": [
								0,
								166
							]
						},
						{
							"origin": [
								-16.76547,
								18.53265,
								-92.16177
							],
							"size": [
								4,
								6,
								62
							],
							"inflate": 0.25,
							"pivot": [
								-8.76547,
								6.53265,
								-49.66177
							],
							"rotation": [
								4.45,
								-21.5,
								-12.5
							],
							"uv": [
								405,
								201
							]
						}
					]
				}
			]
		}
	]
}