{
	"resource_pack_name": "simple_vehicles_addon",
	"texture_data": {
		"key": {
			"textures": "textures/items/key"
		},
		"wrench": {
			"textures": "textures/items/wrench"
		},
		"ae86_spawn_egg": {
			"textures": [
				"textures/items/ae86"
			]
		},
		"ambulance_spawn_egg": {
			"textures": [
				"textures/items/ambulance"]},
		"auv_car_spawn_egg": {
			"textures": [
			"textures/items/auv_car"]},
		"bike_spawn_egg": {
			"textures": ["textures/items/bike"]},
		"bus_v1_spawn_egg": {
			"textures": ["textures/items/bus"]},
		"bus_v2_spawn_egg": {
			"textures": ["textures/items/bus_v2"]},
		"sled_spawn_egg": { 
			"textures": "textures/items/c_sled" 
		},
		"car_spawn_egg": { 
			"textures": ["textures/items/car"] 
		},
		"corolla_spawn_egg": { 
			"textures": "textures/items/corlla" },
		"car4x4_spawn_egg": { 
			"textures": "textures/items/c_sled" },
		"ev4_spawn_egg": { 
			"textures": "textures/items/ev_4" },
		"fire_truck_spawn_egg": { 
			"textures": "textures/items/fire_truck" },
		"helicopter_spawn_egg": { 
			"textures": "textures/items/helicopter" },
		"hoverboard": { "textures": 
			"textures/items/hoverboard" },
		"jeep1_spawn_egg": { "textures": 
			"textures/items/jeep_ph" },
		"jeep2_spawn_egg": { "textures": 
			"textures/items/jeep_ph" },
		"limmo_spawn_egg": { "textures": 
			"textures/items/limo" },
		"lowrider_spawn_egg": { "textures": 
			"textures/items/lowrider" },
		"minibus_spawn_egg": { "textures": 
			"textures/items/mini_bus" },
		"motobike_spawn_egg": { "textures": "textures/items/motor" },
		"mustang_spawn_egg": { "textures": "textures/items/mustang" },
		"obvan_spawn_egg": { "textures": "textures/items/ob_van" },
		"pajero_spawn_egg": { "textures": "textures/items/pajero" },
		"pick_up_truck_spawn_egg": { "textures": "textures/items/pick_up_truck" },
		"plane_spawn_egg": { "textures": "textures/items/plane" },
		"police_car_spawn_egg": { "textures": "textures/items/police_car" },
		"speedboat1_spawn_egg": { "textures": "textures/items/speedboat" },
		"tank_spawn_egg": { "textures": "textures/items/tank" },
		"taxi_spawn_egg": { "textures": "textures/items/taxi" },
		"cybertruck_spawn_egg": { "textures": "textures/items/tesla_truck" },
		"tractor_spawn_egg": { "textures": "textures/items/tractor" },
		"travis_spawn_egg": { "textures": "textures/items/travis" },
		"truck_spawn_egg": { "textures": "textures/items/truck" },
		"van_spawn_egg": { "textures": "textures/items/van" },
		"voltbike_spawn_egg": { "textures": "textures/items/voltbike" },

		"cadillac_dts_2010": {
			"textures": ["textures/items/cadillac_dts_2010"]},
		"honda_accord_2019": {
			"textures": ["textures/items/honda_accord_2019"]},
		"ice_cream_truck": {
			"textures": ["textures/items/ice_cream_truck"]},
		"opel_astral": {
			"textures": ["textures/items/opel_astral"]},
		"opel_corsa": {
			"textures": ["textures/items/opel_crosa"]},
		"volkswagen_beetle": {
			"textures": ["textures/items/vm_beetle"]},

		"hyundai_starex": {
			"textures": ["textures/items/hyundai_starex"]},
		"hyundai_starex_casket": {
			"textures": ["textures/items/hyundai_starex_casket"]},
		"speedboat2": {
			"textures": ["textures/items/speedboat_b"]},

		"container_van": {
			"textures": ["textures/items/container_van"]},
		"century_luxury": {
			"textures": ["textures/items/century_luxury"]},
		"hafei_zhongyi": {
			"textures": ["textures/items/hafei_zhongyi"]},
		"van_v2": {
			"textures": ["textures/items/van_v2"]},
		"scooter": {
			"textures": ["textures/items/scooter"]},
		"double_deck_bus": {
			"textures": ["textures/items/double_deck_bus"]},

		"grummanllv": {
			"textures": ["textures/items/double_deck_bus"]},
		"rancher": {
			"textures": ["textures/items/double_deck_bus"]},
		"jetmax": {
			"textures": ["textures/items/double_deck_bus"]},
		"tricycle": {
			"textures": ["textures/items/double_deck_bus"]},
		"motorcycle": {
			"textures": ["textures/items/double_deck_bus"]},
		"metrorail_loco": {
			"textures": ["textures/items/double_deck_bus"]},
		"metrorail_carrier": {
			"textures": ["textures/items/double_deck_bus"]}
	}
}