{
	"format_version": "1.8.0",
	"animations": {
		"animation.key.hold": {
			"loop": true,
			"bones": {
				"wrench": {
					"rotation": [
						0,
						0,
						0
					]
				},
				"key": {
					"rotation": [
						0,
						0,
						0
					],
					"position": [
						4,
						-8,
						-9
					],
					"scale": 0.4
				}
			}
		},
		"animation.key.first_person.hold": {
			"loop": true,
			"bones": {
				"wrench": {
					"rotation": [
						0,
						0,
						0
					],
					"position": [
						0,
						0,
						0
					]
				},
				"key": {
					"rotation": [
						87.5,
						52.5,
						-7.5
					],
					"position": [
						0,
						0,
						0
					],
					"scale": [
						0.7,
						0.7,
						0.7
					]
				}
			}
		}
	}
}