{
	"format_version": "1.8.0",
	"animations": {
		"animation.wheels.hold": {
			"loop": true,
			"override_previous_animation": true,
			"bones": {
				"wheels": {
					"rotation": [
						45,
						0,
						0
					],
					"position": [
						0,
						-2,
						1
					]
				}
			}
		},
		"animation.wheels.first_person.hold": {
			"loop": true,
			"override_previous_animation": true,
			"bones": {
				"wheels": {
					"rotation": [
						45,
						0,
						0
					],
					"position": [
						0,
						-2,
						1
					]
				}
			}
		},
		"animation.wheels_first_person.hold": {
			"loop": true,
			"override_previous_animation": true,
			"bones": {
				"wheels": {
					"rotation": [
						45,
						0,
						0
					],
					"position": [
						0,
						-2,
						1
					]
				}
			}
		}
	}
}