{
	"format_version": "1.12.0",
	"minecraft:geometry": [
		{
			"description": {
				"identifier": "geometry.century_luxury",
				"texture_width": 512,
				"texture_height": 256,
				"visible_bounds_width": 11,
				"visible_bounds_height": 4.5,
				"visible_bounds_offset": [
					0,
					0.75,
					0
				]
			},
			"bones": [
				{
					"name": "body",
					"pivot": [
						0,
						2,
						9
					],
					"cubes": [
						{
							"origin": [
								-18,
								6,
								-16
							],
							"size": [
								36,
								2,
								36
							],
							"uv": [
								152,
								148
							]
						},
						{
							"origin": [
								-18,
								4,
								-16
							],
							"size": [
								36,
								2,
								36
							],
							"uv": [
								152,
								148
							]
						},
						{
							"origin": [
								4,
								8,
								-6
							],
							"size": [
								11,
								4,
								10
							],
							"uv": [
								154,
								83
							]
						},
						{
							"origin": [
								-15,
								8,
								-6
							],
							"size": [
								11,
								4,
								10
							],
							"uv": [
								154,
								83
							]
						},
						{
							"origin": [
								-18,
								8,
								11
							],
							"size": [
								36,
								4,
								10
							],
							"uv": [
								128,
								111
							]
						},
						{
							"origin": [
								-3,
								8,
								-16
							],
							"size": [
								6,
								6,
								19
							],
							"uv": [
								136,
								204
							]
						},
						{
							"origin": [
								-4,
								8,
								-6
							],
							"size": [
								8,
								5,
								9
							],
							"uv": [
								84,
								242
							]
						},
						{
							"origin": [
								-18,
								13,
								-17
							],
							"size": [
								36,
								7,
								3
							],
							"pivot": [
								0,
								16.5,
								-14.5
							],
							"rotation": [
								30,
								0,
								0
							],
							"uv": [
								186,
								219
							]
						},
						{
							"origin": [
								4,
								12,
								2
							],
							"size": [
								11,
								12,
								2
							],
							"pivot": [
								9.5,
								13,
								3
							],
							"rotation": [
								-10,
								0,
								0
							],
							"uv": [
								128,
								83
							]
						},
						{
							"origin": [
								4,
								8,
								4
							],
							"size": [
								11,
								16,
								2
							],
							"uv": [
								129,
								126
							]
						},
						{
							"origin": [
								-15,
								8,
								4
							],
							"size": [
								11,
								16,
								2
							],
							"uv": [
								129,
								126
							]
						},
						{
							"origin": [
								-15,
								12,
								2
							],
							"size": [
								11,
								12,
								2
							],
							"pivot": [
								-9.5,
								13,
								3
							],
							"rotation": [
								-10,
								0,
								0
							],
							"uv": [
								128,
								83
							]
						},
						{
							"origin": [
								-18,
								12,
								19
							],
							"size": [
								36,
								12,
								2
							],
							"pivot": [
								0,
								11,
								20
							],
							"rotation": [
								-10,
								0,
								0
							],
							"uv": [
								128,
								97
							]
						},
						{
							"origin": [
								18,
								4,
								-16
							],
							"size": [
								2,
								14,
								36
							],
							"uv": [
								240,
								70
							]
						},
						{
							"origin": [
								-20,
								4,
								-16
							],
							"size": [
								2,
								14,
								36
							],
							"uv": [
								316,
								70
							]
						},
						{
							"origin": [
								-20,
								4,
								20
							],
							"size": [
								40,
								14,
								28
							],
							"uv": [
								0,
								187
							]
						},
						{
							"origin": [
								-13,
								14,
								34
							],
							"size": [
								27,
								4,
								14
							],
							"inflate": 0.001,
							"uv": [
								0,
								238
							]
						},
						{
							"origin": [
								-2,
								31.43687,
								-9.02849
							],
							"size": [
								4,
								3,
								1
							],
							"uv": [
								0,
								0
							]
						},
						{
							"origin": [
								-4,
								29.43687,
								-9.02849
							],
							"size": [
								8,
								4,
								1
							],
							"pivot": [
								0,
								30.93687,
								-8.52849
							],
							"rotation": [
								-30,
								0,
								0
							],
							"uv": [
								220,
								120
							]
						},
						{
							"origin": [
								-20,
								18,
								-24
							],
							"size": [
								40,
								2,
								8
							],
							"uv": [
								224,
								59
							]
						},
						{
							"origin": [
								-29,
								18,
								-38
							],
							"size": [
								7,
								4,
								2
							],
							"pivot": [
								-22.5,
								19,
								-37
							],
							"rotation": [
								0,
								22.5,
								0
							],
							"uv": [
								320,
								63
							]
						},
						{
							"origin": [
								-22.11418,
								18,
								-38.57403
							],
							"size": [
								2,
								4,
								2
							],
							"pivot": [
								-21.11418,
								20,
								-37.57403
							],
							"rotation": [
								0,
								22.5,
								0
							],
							"uv": [
								320,
								63
							]
						},
						{
							"origin": [
								-21.81096,
								14.80795,
								-39.09687
							],
							"size": [
								3,
								7,
								2
							],
							"pivot": [
								-19.81096,
								19.80795,
								-38.09687
							],
							"rotation": [
								-15,
								17.5,
								-40
							],
							"uv": [
								320,
								63
							]
						},
						{
							"origin": [
								22,
								18,
								-38
							],
							"size": [
								7,
								4,
								2
							],
							"pivot": [
								22.5,
								19,
								-37
							],
							"rotation": [
								0,
								-22.5,
								0
							],
							"uv": [
								338,
								63
							]
						},
						{
							"origin": [
								18.79124,
								15.79882,
								-39.14323
							],
							"size": [
								3,
								6,
								2
							],
							"pivot": [
								19.79124,
								19.79882,
								-38.14323
							],
							"rotation": [
								-14.75,
								-17.5,
								40
							],
							"uv": [
								338,
								63
							]
						},
						{
							"origin": [
								20.11418,
								18,
								-38.57403
							],
							"size": [
								2,
								4,
								2
							],
							"pivot": [
								21.11418,
								20,
								-37.57403
							],
							"rotation": [
								0,
								-22.5,
								0
							],
							"uv": [
								338,
								63
							]
						},
						{
							"origin": [
								-20,
								18,
								-50
							],
							"size": [
								40,
								2,
								26
							],
							"pivot": [
								0,
								19,
								-24
							],
							"rotation": [
								6.25,
								0,
								0
							],
							"uv": [
								260,
								123
							]
						},
						{
							"origin": [
								14,
								4,
								-42
							],
							"size": [
								6,
								11,
								19
							],
							"inflate": -0.01,
							"uv": [
								462,
								39
							]
						},
						{
							"origin": [
								14,
								4,
								24
							],
							"size": [
								6,
								11,
								19
							],
							"inflate": -0.01,
							"uv": [
								462,
								39
							]
						},
						{
							"origin": [
								-20,
								4,
								-42
							],
							"size": [
								6,
								11,
								19
							],
							"inflate": -0.01,
							"uv": [
								462,
								39
							],
							"mirror": true
						},
						{
							"origin": [
								-20,
								4,
								24
							],
							"size": [
								6,
								11,
								19
							],
							"inflate": -0.01,
							"uv": [
								462,
								39
							],
							"mirror": true
						},
						{
							"origin": [
								-20,
								4,
								-42
							],
							"size": [
								40,
								14,
								26
							],
							"uv": [
								315,
								217
							]
						},
						{
							"origin": [
								-20,
								4,
								-48
							],
							"size": [
								40,
								13,
								6
							],
							"inflate": 0.001,
							"uv": [
								0,
								0
							]
						},
						{
							"origin": [
								-20,
								5.34972,
								-51.77295
							],
							"size": [
								40,
								11,
								8
							],
							"pivot": [
								0,
								9.84972,
								-47.77295
							],
							"rotation": [
								-15,
								0,
								0
							],
							"uv": [
								393,
								103
							]
						}
					]
				},
				{
					"name": "bump",
					"parent": "body",
					"pivot": [
						0,
						0,
						0
					],
					"cubes": [
						{
							"origin": [
								-21,
								3,
								44
							],
							"size": [
								42,
								5,
								5
							],
							"inflate": 0.1,
							"uv": [
								116,
								246
							]
						},
						{
							"origin": [
								-21,
								10,
								44
							],
							"size": [
								42,
								1,
								5
							],
							"inflate": 0.1,
							"uv": [
								212,
								249
							]
						},
						{
							"origin": [
								-21,
								3,
								-53
							],
							"size": [
								42,
								5,
								7
							],
							"inflate": 0.1,
							"uv": [
								116,
								244
							]
						}
					]
				},
				{
					"name": "front",
					"parent": "body",
					"pivot": [
						0,
						10.43687,
						29.97151
					],
					"cubes": [
						{
							"origin": [
								-16,
								55.43687,
								3.97151
							],
							"size": [
								32,
								0,
								17
							],
							"pivot": [
								0,
								10.43687,
								29.97151
							],
							"rotation": [
								50,
								0,
								0
							],
							"uv": [
								291,
								186
							]
						},
						{
							"origin": [
								-19,
								53.43687,
								-2.02849
							],
							"size": [
								3,
								2,
								25
							],
							"pivot": [
								0,
								10.43687,
								29.97151
							],
							"rotation": [
								50,
								0,
								0
							],
							"uv": [
								168,
								42
							]
						},
						{
							"origin": [
								-16,
								53.43687,
								20.97151
							],
							"size": [
								32,
								2,
								2
							],
							"pivot": [
								0,
								10.43687,
								29.97151
							],
							"rotation": [
								50,
								0,
								0
							],
							"uv": [
								204,
								26
							]
						},
						{
							"origin": [
								16,
								53.43687,
								-2.02849
							],
							"size": [
								3,
								2,
								25
							],
							"pivot": [
								0,
								10.43687,
								29.97151
							],
							"rotation": [
								50,
								0,
								0
							],
							"uv": [
								112,
								42
							]
						},
						{
							"origin": [
								-16,
								53.43687,
								1.97151
							],
							"size": [
								32,
								2,
								2
							],
							"pivot": [
								0,
								10.43687,
								29.97151
							],
							"rotation": [
								50,
								0,
								0
							],
							"uv": [
								136,
								26
							]
						}
					]
				},
				{
					"name": "top",
					"parent": "body",
					"pivot": [
						0,
						-2,
						0
					],
					"cubes": [
						{
							"origin": [
								-19,
								32,
								-9
							],
							"size": [
								38,
								2,
								26
							],
							"uv": [
								0,
								69
							]
						},
						{
							"origin": [
								18,
								18,
								23
							],
							"size": [
								1,
								9,
								13
							],
							"uv": [
								28,
								97
							]
						},
						{
							"origin": [
								16,
								15.2308,
								5.07299
							],
							"size": [
								3,
								2,
								25
							],
							"pivot": [
								0,
								9.2308,
								34.07299
							],
							"rotation": [
								-40,
								0,
								0
							],
							"uv": [
								46,
								97
							]
						},
						{
							"origin": [
								-16,
								17.2308,
								8.07299
							],
							"size": [
								32,
								0,
								20
							],
							"pivot": [
								0,
								9.2308,
								34.07299
							],
							"rotation": [
								-40,
								0,
								0
							],
							"uv": [
								373,
								183
							]
						},
						{
							"origin": [
								-19,
								15.87359,
								5.30694
							],
							"size": [
								3,
								2,
								25
							],
							"pivot": [
								0,
								9.87359,
								33.30694
							],
							"rotation": [
								-40,
								0,
								0
							],
							"uv": [
								0,
								42
							]
						},
						{
							"origin": [
								-16,
								15.2308,
								5.07299
							],
							"size": [
								32,
								2,
								3
							],
							"pivot": [
								0,
								9.2308,
								34.07299
							],
							"rotation": [
								-40,
								0,
								0
							],
							"uv": [
								109,
								12
							]
						},
						{
							"origin": [
								-16,
								15.2308,
								28.07299
							],
							"size": [
								32,
								2,
								2
							],
							"pivot": [
								0,
								9.2308,
								34.07299
							],
							"rotation": [
								-40,
								0,
								0
							],
							"uv": [
								110,
								8
							]
						},
						{
							"origin": [
								-19,
								18,
								23
							],
							"size": [
								1,
								9,
								13
							],
							"uv": [
								0,
								97
							]
						},
						{
							"origin": [
								-18.99,
								18,
								-22
							],
							"size": [
								0,
								14,
								45
							],
							"uv": [
								299,
								122
							]
						},
						{
							"origin": [
								-19,
								18,
								4
							],
							"size": [
								1,
								14,
								2
							],
							"uv": [
								0,
								119
							]
						},
						{
							"origin": [
								18,
								18,
								4
							],
							"size": [
								1,
								14,
								2
							],
							"uv": [
								6,
								119
							]
						},
						{
							"origin": [
								18.99,
								18,
								-22
							],
							"size": [
								0,
								14,
								45
							],
							"uv": [
								299,
								122
							]
						},
						{
							"origin": [
								-18.99,
								14.87359,
								5.30694
							],
							"size": [
								0,
								1,
								10
							],
							"pivot": [
								0,
								9.87359,
								33.30694
							],
							"rotation": [
								-40,
								0,
								0
							],
							"uv": [
								0,
								42
							]
						},
						{
							"origin": [
								18.99,
								14.87359,
								5.30694
							],
							"size": [
								0,
								1,
								10
							],
							"pivot": [
								38,
								9.87359,
								33.30694
							],
							"rotation": [
								-40,
								0,
								0
							],
							"uv": [
								0,
								42
							]
						},
						{
							"origin": [
								-18.99,
								52.43687,
								-2.02849
							],
							"size": [
								0,
								1,
								25
							],
							"pivot": [
								0,
								10.43687,
								29.97151
							],
							"rotation": [
								50,
								0,
								0
							],
							"uv": [
								462,
								152
							]
						},
						{
							"origin": [
								18.99,
								52.43687,
								-2.02849
							],
							"size": [
								0,
								1,
								25
							],
							"pivot": [
								38,
								10.43687,
								29.97151
							],
							"rotation": [
								50,
								0,
								0
							],
							"uv": [
								462,
								152
							]
						}
					]
				},
				{
					"name": "steering_wheel",
					"parent": "body",
					"pivot": [
						-10,
						18.43301,
						-12.15192
					],
					"rotation": [
						30,
						0,
						0
					],
					"cubes": [
						{
							"origin": [
								-7,
								16.43301,
								-12.65192
							],
							"size": [
								1,
								4,
								1
							],
							"uv": [
								509,
								0
							]
						},
						{
							"origin": [
								-13,
								18.43301,
								-12.65192
							],
							"size": [
								6,
								1,
								1
							],
							"uv": [
								509,
								0
							]
						},
						{
							"origin": [
								-11,
								15.43301,
								-12.65192
							],
							"size": [
								2,
								3,
								1
							],
							"uv": [
								509,
								0
							]
						},
						{
							"origin": [
								-8,
								20.43301,
								-12.65192
							],
							"size": [
								1,
								1,
								1
							],
							"uv": [
								509,
								0
							]
						},
						{
							"origin": [
								-12,
								21.43301,
								-12.65192
							],
							"size": [
								4,
								1,
								1
							],
							"uv": [
								509,
								0
							]
						},
						{
							"origin": [
								-13,
								20.43301,
								-12.65192
							],
							"size": [
								1,
								1,
								1
							],
							"uv": [
								509,
								0
							]
						},
						{
							"origin": [
								-14,
								16.43301,
								-12.65192
							],
							"size": [
								1,
								4,
								1
							],
							"uv": [
								509,
								0
							]
						},
						{
							"origin": [
								-13,
								15.43301,
								-12.65192
							],
							"size": [
								1,
								1,
								1
							],
							"uv": [
								509,
								0
							]
						},
						{
							"origin": [
								-12,
								14.43301,
								-12.65192
							],
							"size": [
								4,
								1,
								1
							],
							"uv": [
								509,
								0
							]
						},
						{
							"origin": [
								-8,
								15.43301,
								-12.65192
							],
							"size": [
								1,
								1,
								1
							],
							"uv": [
								509,
								0
							]
						}
					]
				},
				{
					"name": "wheel0",
					"pivot": [
						0,
						7.46892,
						-31.98628
					],
					"cubes": [
						{
							"origin": [
								16,
								0,
								-34
							],
							"size": [
								4,
								3,
								4
							],
							"uv": [
								462,
								0
							]
						},
						{
							"origin": [
								-20,
								0,
								-34
							],
							"size": [
								4,
								3,
								4
							],
							"uv": [
								462,
								0
							]
						},
						{
							"origin": [
								16,
								11.9282,
								-34
							],
							"size": [
								4,
								3,
								4
							],
							"uv": [
								496,
								32
							]
						},
						{
							"origin": [
								-20,
								11.9282,
								-34
							],
							"size": [
								4,
								3,
								4
							],
							"uv": [
								496,
								32
							]
						},
						{
							"origin": [
								16,
								0.93301,
								-30.51795
							],
							"size": [
								4,
								3,
								4
							],
							"pivot": [
								19.5,
								1.43301,
								-28.51795
							],
							"rotation": [
								30,
								0,
								0
							],
							"uv": [
								496,
								32
							]
						},
						{
							"origin": [
								-20,
								0.00661,
								-33.99823
							],
							"size": [
								4,
								3,
								4
							],
							"pivot": [
								-18,
								7.4641,
								-31.98677
							],
							"rotation": [
								30,
								0,
								0
							],
							"uv": [
								496,
								32
							]
						},
						{
							"origin": [
								16,
								10.99519,
								-37.48205
							],
							"size": [
								4,
								3,
								4
							],
							"pivot": [
								19.5,
								13.49519,
								-35.48205
							],
							"rotation": [
								30,
								0,
								0
							],
							"uv": [
								497,
								32
							]
						},
						{
							"origin": [
								-20,
								11.93482,
								-33.99823
							],
							"size": [
								4,
								3,
								4
							],
							"pivot": [
								-18,
								7.4641,
								-31.98677
							],
							"rotation": [
								30,
								0,
								0
							],
							"uv": [
								497,
								32
							]
						},
						{
							"origin": [
								16,
								3.48205,
								-27.96891
							],
							"size": [
								4,
								3,
								4
							],
							"pivot": [
								19.5,
								3.98205,
								-25.96891
							],
							"rotation": [
								60,
								0,
								0
							],
							"uv": [
								496,
								32
							]
						},
						{
							"origin": [
								-20,
								0.01145,
								-33.99339
							],
							"size": [
								4,
								3,
								4
							],
							"pivot": [
								-18,
								7.4641,
								-31.98677
							],
							"rotation": [
								60,
								0,
								0
							],
							"uv": [
								496,
								32
							]
						},
						{
							"origin": [
								16,
								8.44615,
								-40.03109
							],
							"size": [
								4,
								3,
								4
							],
							"pivot": [
								19.5,
								10.94615,
								-38.03109
							],
							"rotation": [
								60,
								0,
								0
							],
							"uv": [
								496,
								32
							]
						},
						{
							"origin": [
								-20,
								11.93966,
								-33.99339
							],
							"size": [
								4,
								3,
								4
							],
							"pivot": [
								-18,
								7.4641,
								-31.98677
							],
							"rotation": [
								60,
								0,
								0
							],
							"uv": [
								496,
								32
							]
						},
						{
							"origin": [
								16,
								6.9641,
								-27.0359
							],
							"size": [
								4,
								3,
								4
							],
							"pivot": [
								19.5,
								7.4641,
								-25.0359
							],
							"rotation": [
								90,
								0,
								0
							],
							"uv": [
								496,
								32
							]
						},
						{
							"origin": [
								-20,
								0.01323,
								-33.98677
							],
							"size": [
								4,
								3,
								4
							],
							"pivot": [
								-18,
								7.4641,
								-31.98677
							],
							"rotation": [
								90,
								0,
								0
							],
							"uv": [
								496,
								32
							]
						},
						{
							"origin": [
								16,
								4.9641,
								-40.9641
							],
							"size": [
								4,
								3,
								4
							],
							"pivot": [
								19.5,
								7.4641,
								-38.9641
							],
							"rotation": [
								90,
								0,
								0
							],
							"uv": [
								497,
								32
							]
						},
						{
							"origin": [
								-20,
								11.94143,
								-33.98677
							],
							"size": [
								4,
								3,
								4
							],
							"pivot": [
								-18,
								7.4641,
								-31.98677
							],
							"rotation": [
								90,
								0,
								0
							],
							"uv": [
								497,
								32
							]
						},
						{
							"origin": [
								17,
								2.9641,
								-36.9641
							],
							"size": [
								2,
								9,
								10
							],
							"uv": [
								479,
								7
							]
						},
						{
							"origin": [
								-19,
								2.9641,
								-36.9641
							],
							"size": [
								2,
								9,
								10
							],
							"uv": [
								479,
								7
							]
						},
						{
							"origin": [
								16,
								10.44615,
								-27.96891
							],
							"size": [
								4,
								3,
								4
							],
							"pivot": [
								19.5,
								10.94615,
								-25.96891
							],
							"rotation": [
								120,
								0,
								0
							],
							"uv": [
								496,
								32
							]
						},
						{
							"origin": [
								-20,
								0.01145,
								-33.98016
							],
							"size": [
								4,
								3,
								4
							],
							"pivot": [
								-18,
								7.4641,
								-31.98677
							],
							"rotation": [
								120,
								0,
								0
							],
							"uv": [
								496,
								32
							]
						},
						{
							"origin": [
								16,
								1.48205,
								-40.03109
							],
							"size": [
								4,
								3,
								4
							],
							"pivot": [
								19.5,
								3.98205,
								-38.03109
							],
							"rotation": [
								120,
								0,
								0
							],
							"uv": [
								478,
								0
							]
						},
						{
							"origin": [
								-20,
								11.93966,
								-33.98016
							],
							"size": [
								4,
								3,
								4
							],
							"pivot": [
								-18,
								7.4641,
								-31.98677
							],
							"rotation": [
								120,
								0,
								0
							],
							"uv": [
								478,
								0
							]
						},
						{
							"origin": [
								16,
								12.99519,
								-30.51795
							],
							"size": [
								4,
								3,
								4
							],
							"pivot": [
								19.5,
								13.49519,
								-28.51795
							],
							"rotation": [
								150,
								0,
								0
							],
							"uv": [
								496,
								32
							]
						},
						{
							"origin": [
								-20,
								0.00661,
								-33.97532
							],
							"size": [
								4,
								3,
								4
							],
							"pivot": [
								-18,
								7.4641,
								-31.98677
							],
							"rotation": [
								150,
								0,
								0
							],
							"uv": [
								496,
								32
							]
						},
						{
							"origin": [
								16,
								-1.06699,
								-37.48205
							],
							"size": [
								4,
								3,
								4
							],
							"pivot": [
								19.5,
								1.43301,
								-35.48205
							],
							"rotation": [
								150,
								0,
								0
							],
							"uv": [
								446,
								0
							]
						},
						{
							"origin": [
								-20,
								11.93482,
								-33.97532
							],
							"size": [
								4,
								3,
								4
							],
							"pivot": [
								-18,
								7.4641,
								-31.98677
							],
							"rotation": [
								150,
								0,
								0
							],
							"uv": [
								446,
								0
							]
						}
					]
				},
				{
					"name": "core",
					"parent": "wheel0",
					"pivot": [
						-18,
						7.4641,
						-31.98677
					],
					"cubes": [
						{
							"origin": [
								16,
								6.9641,
								-33.9641
							],
							"size": [
								4,
								1,
								4
							],
							"pivot": [
								18.5,
								7.4641,
								-31.9641
							],
							"rotation": [
								-90,
								0,
								0
							],
							"uv": [
								447,
								17
							]
						},
						{
							"origin": [
								16,
								6.9641,
								-33.9641
							],
							"size": [
								4,
								1,
								4
							],
							"pivot": [
								18.5,
								7.4641,
								-31.9641
							],
							"rotation": [
								-60,
								0,
								0
							],
							"uv": [
								447,
								12
							]
						},
						{
							"origin": [
								16,
								6.9641,
								-33.9641
							],
							"size": [
								4,
								1,
								4
							],
							"pivot": [
								18.5,
								7.4641,
								-31.9641
							],
							"rotation": [
								-30,
								0,
								0
							],
							"uv": [
								447,
								7
							]
						},
						{
							"origin": [
								16,
								6.9641,
								-33.9641
							],
							"size": [
								4,
								1,
								4
							],
							"uv": [
								463,
								17
							]
						},
						{
							"origin": [
								16,
								6.9641,
								-33.9641
							],
							"size": [
								4,
								1,
								4
							],
							"pivot": [
								18.5,
								7.4641,
								-31.9641
							],
							"rotation": [
								-150,
								0,
								0
							],
							"uv": [
								463,
								12
							]
						},
						{
							"origin": [
								16,
								6.9641,
								-33.9641
							],
							"size": [
								4,
								1,
								4
							],
							"pivot": [
								18.5,
								7.4641,
								-31.9641
							],
							"rotation": [
								-120,
								0,
								0
							],
							"uv": [
								463,
								7
							]
						},
						{
							"origin": [
								-20,
								6.98677,
								-33.98677
							],
							"size": [
								4,
								1,
								4
							],
							"pivot": [
								-18,
								7.4641,
								-31.98677
							],
							"rotation": [
								-90,
								0,
								0
							],
							"uv": [
								447,
								17
							]
						},
						{
							"origin": [
								-20,
								6.98374,
								-33.99811
							],
							"size": [
								4,
								1,
								4
							],
							"pivot": [
								-18,
								7.4641,
								-31.98677
							],
							"rotation": [
								-120,
								0,
								0
							],
							"uv": [
								463,
								7
							]
						},
						{
							"origin": [
								-20,
								6.97544,
								-34.00641
							],
							"size": [
								4,
								1,
								4
							],
							"pivot": [
								-18,
								7.4641,
								-31.98677
							],
							"rotation": [
								-150,
								0,
								0
							],
							"uv": [
								463,
								12
							]
						},
						{
							"origin": [
								-20,
								6.9641,
								-33.9641
							],
							"size": [
								4,
								1,
								4
							],
							"uv": [
								463,
								17
							]
						},
						{
							"origin": [
								-20,
								6.97544,
								-33.96714
							],
							"size": [
								4,
								1,
								4
							],
							"pivot": [
								-18,
								7.4641,
								-31.98677
							],
							"rotation": [
								-30,
								0,
								0
							],
							"uv": [
								447,
								7
							]
						},
						{
							"origin": [
								-20,
								6.98374,
								-33.97544
							],
							"size": [
								4,
								1,
								4
							],
							"pivot": [
								-18,
								7.4641,
								-31.98677
							],
							"rotation": [
								-60,
								0,
								0
							],
							"uv": [
								447,
								12
							]
						}
					]
				},
				{
					"name": "wheel1",
					"pivot": [
						0,
						7.46892,
						34.01372
					],
					"cubes": [
						{
							"origin": [
								16,
								0,
								32
							],
							"size": [
								4,
								3,
								4
							],
							"uv": [
								462,
								0
							]
						},
						{
							"origin": [
								-20,
								0,
								32
							],
							"size": [
								4,
								3,
								4
							],
							"uv": [
								462,
								0
							]
						},
						{
							"origin": [
								16,
								11.9282,
								32
							],
							"size": [
								4,
								3,
								4
							],
							"uv": [
								496,
								32
							]
						},
						{
							"origin": [
								-20,
								11.9282,
								32
							],
							"size": [
								4,
								3,
								4
							],
							"uv": [
								496,
								32
							]
						},
						{
							"origin": [
								16,
								0.93301,
								35.48205
							],
							"size": [
								4,
								3,
								4
							],
							"pivot": [
								19.5,
								1.43301,
								37.48205
							],
							"rotation": [
								30,
								0,
								0
							],
							"uv": [
								496,
								32
							]
						},
						{
							"origin": [
								-20,
								0.00661,
								32.00177
							],
							"size": [
								4,
								3,
								4
							],
							"pivot": [
								-18,
								7.4641,
								34.01323
							],
							"rotation": [
								30,
								0,
								0
							],
							"uv": [
								496,
								32
							]
						},
						{
							"origin": [
								16,
								10.99519,
								28.51795
							],
							"size": [
								4,
								3,
								4
							],
							"pivot": [
								19.5,
								13.49519,
								30.51795
							],
							"rotation": [
								30,
								0,
								0
							],
							"uv": [
								497,
								32
							]
						},
						{
							"origin": [
								-20,
								11.93482,
								32.00177
							],
							"size": [
								4,
								3,
								4
							],
							"pivot": [
								-18,
								7.4641,
								34.01323
							],
							"rotation": [
								30,
								0,
								0
							],
							"uv": [
								497,
								32
							]
						},
						{
							"origin": [
								16,
								3.48205,
								38.03109
							],
							"size": [
								4,
								3,
								4
							],
							"pivot": [
								19.5,
								3.98205,
								40.03109
							],
							"rotation": [
								60,
								0,
								0
							],
							"uv": [
								496,
								32
							]
						},
						{
							"origin": [
								-20,
								0.01145,
								32.00661
							],
							"size": [
								4,
								3,
								4
							],
							"pivot": [
								-18,
								7.4641,
								34.01323
							],
							"rotation": [
								60,
								0,
								0
							],
							"uv": [
								496,
								32
							]
						},
						{
							"origin": [
								16,
								8.44615,
								25.96891
							],
							"size": [
								4,
								3,
								4
							],
							"pivot": [
								19.5,
								10.94615,
								27.96891
							],
							"rotation": [
								60,
								0,
								0
							],
							"uv": [
								496,
								32
							]
						},
						{
							"origin": [
								-20,
								11.93966,
								32.00661
							],
							"size": [
								4,
								3,
								4
							],
							"pivot": [
								-18,
								7.4641,
								34.01323
							],
							"rotation": [
								60,
								0,
								0
							],
							"uv": [
								496,
								32
							]
						},
						{
							"origin": [
								16,
								6.9641,
								38.9641
							],
							"size": [
								4,
								3,
								4
							],
							"pivot": [
								19.5,
								7.4641,
								40.9641
							],
							"rotation": [
								90,
								0,
								0
							],
							"uv": [
								496,
								32
							]
						},
						{
							"origin": [
								-20,
								0.01323,
								32.01323
							],
							"size": [
								4,
								3,
								4
							],
							"pivot": [
								-18,
								7.4641,
								34.01323
							],
							"rotation": [
								90,
								0,
								0
							],
							"uv": [
								496,
								32
							]
						},
						{
							"origin": [
								16,
								4.9641,
								25.0359
							],
							"size": [
								4,
								3,
								4
							],
							"pivot": [
								19.5,
								7.4641,
								27.0359
							],
							"rotation": [
								90,
								0,
								0
							],
							"uv": [
								497,
								32
							]
						},
						{
							"origin": [
								-20,
								11.94143,
								32.01323
							],
							"size": [
								4,
								3,
								4
							],
							"pivot": [
								-18,
								7.4641,
								34.01323
							],
							"rotation": [
								90,
								0,
								0
							],
							"uv": [
								497,
								32
							]
						},
						{
							"origin": [
								16,
								6.9641,
								32.0359
							],
							"size": [
								4,
								1,
								4
							],
							"uv": [
								463,
								17
							]
						},
						{
							"origin": [
								-20,
								6.9641,
								32.0359
							],
							"size": [
								4,
								1,
								4
							],
							"uv": [
								463,
								17
							]
						},
						{
							"origin": [
								17,
								2.9641,
								29.0359
							],
							"size": [
								2,
								9,
								10
							],
							"uv": [
								479,
								7
							]
						},
						{
							"origin": [
								-19,
								2.9641,
								29.0359
							],
							"size": [
								2,
								9,
								10
							],
							"uv": [
								479,
								7
							]
						},
						{
							"origin": [
								16,
								6.9641,
								32.0359
							],
							"size": [
								4,
								1,
								4
							],
							"pivot": [
								18.5,
								7.4641,
								34.0359
							],
							"rotation": [
								-30,
								0,
								0
							],
							"uv": [
								447,
								7
							]
						},
						{
							"origin": [
								-20,
								6.97544,
								32.03286
							],
							"size": [
								4,
								1,
								4
							],
							"pivot": [
								-18,
								7.4641,
								34.01323
							],
							"rotation": [
								-30,
								0,
								0
							],
							"uv": [
								447,
								7
							]
						},
						{
							"origin": [
								16,
								6.9641,
								32.0359
							],
							"size": [
								4,
								1,
								4
							],
							"pivot": [
								18.5,
								7.4641,
								34.0359
							],
							"rotation": [
								-60,
								0,
								0
							],
							"uv": [
								447,
								12
							]
						},
						{
							"origin": [
								-20,
								6.98374,
								32.02456
							],
							"size": [
								4,
								1,
								4
							],
							"pivot": [
								-18,
								7.4641,
								34.01323
							],
							"rotation": [
								-60,
								0,
								0
							],
							"uv": [
								447,
								12
							]
						},
						{
							"origin": [
								16,
								6.9641,
								32.0359
							],
							"size": [
								4,
								1,
								4
							],
							"pivot": [
								18.5,
								7.4641,
								34.0359
							],
							"rotation": [
								-90,
								0,
								0
							],
							"uv": [
								447,
								17
							]
						},
						{
							"origin": [
								-20,
								6.98677,
								32.01323
							],
							"size": [
								4,
								1,
								4
							],
							"pivot": [
								-18,
								7.4641,
								34.01323
							],
							"rotation": [
								-90,
								0,
								0
							],
							"uv": [
								447,
								17
							]
						},
						{
							"origin": [
								16,
								6.9641,
								32.0359
							],
							"size": [
								4,
								1,
								4
							],
							"pivot": [
								18.5,
								7.4641,
								34.0359
							],
							"rotation": [
								-120,
								0,
								0
							],
							"uv": [
								463,
								7
							]
						},
						{
							"origin": [
								-20,
								6.98374,
								32.00189
							],
							"size": [
								4,
								1,
								4
							],
							"pivot": [
								-18,
								7.4641,
								34.01323
							],
							"rotation": [
								-120,
								0,
								0
							],
							"uv": [
								463,
								7
							]
						},
						{
							"origin": [
								16,
								6.9641,
								32.0359
							],
							"size": [
								4,
								1,
								4
							],
							"pivot": [
								18.5,
								7.4641,
								34.0359
							],
							"rotation": [
								-150,
								0,
								0
							],
							"uv": [
								463,
								12
							]
						},
						{
							"origin": [
								-20,
								6.97544,
								31.99359
							],
							"size": [
								4,
								1,
								4
							],
							"pivot": [
								-18,
								7.4641,
								34.01323
							],
							"rotation": [
								-150,
								0,
								0
							],
							"uv": [
								463,
								12
							]
						},
						{
							"origin": [
								16,
								10.44615,
								38.03109
							],
							"size": [
								4,
								3,
								4
							],
							"pivot": [
								19.5,
								10.94615,
								40.03109
							],
							"rotation": [
								120,
								0,
								0
							],
							"uv": [
								496,
								32
							]
						},
						{
							"origin": [
								-20,
								0.01145,
								32.01984
							],
							"size": [
								4,
								3,
								4
							],
							"pivot": [
								-18,
								7.4641,
								34.01323
							],
							"rotation": [
								120,
								0,
								0
							],
							"uv": [
								496,
								32
							]
						},
						{
							"origin": [
								16,
								1.48205,
								25.96891
							],
							"size": [
								4,
								3,
								4
							],
							"pivot": [
								19.5,
								3.98205,
								27.96891
							],
							"rotation": [
								120,
								0,
								0
							],
							"uv": [
								478,
								0
							]
						},
						{
							"origin": [
								-20,
								11.93966,
								32.01984
							],
							"size": [
								4,
								3,
								4
							],
							"pivot": [
								-18,
								7.4641,
								34.01323
							],
							"rotation": [
								120,
								0,
								0
							],
							"uv": [
								478,
								0
							]
						},
						{
							"origin": [
								16,
								12.99519,
								35.48205
							],
							"size": [
								4,
								3,
								4
							],
							"pivot": [
								19.5,
								13.49519,
								37.48205
							],
							"rotation": [
								150,
								0,
								0
							],
							"uv": [
								496,
								32
							]
						},
						{
							"origin": [
								-20,
								0.00661,
								32.02468
							],
							"size": [
								4,
								3,
								4
							],
							"pivot": [
								-18,
								7.4641,
								34.01323
							],
							"rotation": [
								150,
								0,
								0
							],
							"uv": [
								496,
								32
							]
						},
						{
							"origin": [
								16,
								-1.06699,
								28.51795
							],
							"size": [
								4,
								3,
								4
							],
							"pivot": [
								19.5,
								1.43301,
								30.51795
							],
							"rotation": [
								150,
								0,
								0
							],
							"uv": [
								446,
								0
							]
						},
						{
							"origin": [
								-20,
								11.93482,
								32.02468
							],
							"size": [
								4,
								3,
								4
							],
							"pivot": [
								-18,
								7.4641,
								34.01323
							],
							"rotation": [
								150,
								0,
								0
							],
							"uv": [
								446,
								0
							]
						}
					]
				}
			]
		}
	]
}