{
	"format_version": "1.12.0",
	"minecraft:geometry": [
		{
			"description": {
				"identifier": "geometry.container_van",
				"texture_width": 512,
				"texture_height": 512,
				"visible_bounds_width": 9,
				"visible_bounds_height": 5,
				"visible_bounds_offset": [
					0,
					1.5,
					0
				]
			},
			"bones": [
				{
					"name": "body",
					"pivot": [
						0,
						0,
						0
					],
					"cubes": [
						{
							"origin": [
								-19,
								4,
								-15
							],
							"size": [
								36,
								1,
								49
							],
							"uv": [
								198,
								0
							]
						},
						{
							"origin": [
								-18,
								36.23055,
								-6.2783
							],
							"size": [
								34,
								2,
								65.2
							],
							"uv": [
								0,
								0
							]
						},
						{
							"origin": [
								-18.01458,
								35.69415,
								-7.19007
							],
							"size": [
								33,
								2,
								2.2
							],
							"pivot": [
								-0.91458,
								36.69415,
								-6.09007
							],
							"rotation": [
								55,
								0,
								0
							],
							"uv": [
								0,
								494
							]
						},
						{
							"origin": [
								-17.01458,
								35.69415,
								-7.19007
							],
							"size": [
								33,
								2,
								2.2
							],
							"pivot": [
								-0.91458,
								36.69415,
								-6.09007
							],
							"rotation": [
								55,
								0,
								0
							],
							"uv": [
								0,
								494
							]
						},
						{
							"origin": [
								-17.41458,
								35.69415,
								-25.19007
							],
							"size": [
								33,
								2,
								18.2
							],
							"pivot": [
								-0.91458,
								36.69415,
								-6.09007
							],
							"rotation": [
								55,
								0,
								0
							],
							"uv": [
								232,
								292
							]
						},
						{
							"origin": [
								-20,
								4,
								-16
							],
							"size": [
								38,
								4,
								1
							],
							"uv": [
								0,
								336
							]
						},
						{
							"origin": [
								-20,
								4,
								52
							],
							"size": [
								6,
								4,
								1
							],
							"uv": [
								70,
								470
							]
						},
						{
							"origin": [
								12,
								4,
								52
							],
							"size": [
								6,
								4,
								1
							],
							"uv": [
								56,
								470
							]
						},
						{
							"origin": [
								16,
								5,
								-15
							],
							"size": [
								1,
								4,
								4
							],
							"uv": [
								116,
								470
							]
						},
						{
							"origin": [
								-19,
								5,
								-15
							],
							"size": [
								1,
								4,
								4
							],
							"uv": [
								116,
								470
							],
							"mirror": true
						},
						{
							"origin": [
								15,
								4,
								53
							],
							"size": [
								2,
								12,
								6
							],
							"uv": [
								160,
								387
							]
						},
						{
							"origin": [
								-19,
								4,
								53
							],
							"size": [
								2,
								12,
								6
							],
							"uv": [
								144,
								387
							]
						},
						{
							"origin": [
								-13,
								4,
								34
							],
							"size": [
								24,
								1,
								24
							],
							"uv": [
								210,
								67
							]
						},
						{
							"origin": [
								11,
								4,
								34
							],
							"size": [
								1,
								11,
								24
							],
							"uv": [
								104,
								291
							]
						},
						{
							"origin": [
								-14,
								4,
								34
							],
							"size": [
								1,
								11,
								24
							],
							"uv": [
								54,
								291
							]
						},
						{
							"origin": [
								-17,
								4,
								53
							],
							"size": [
								3,
								11,
								5
							],
							"uv": [
								192,
								387
							]
						},
						{
							"origin": [
								12,
								4,
								53
							],
							"size": [
								3,
								11,
								5
							],
							"uv": [
								176,
								387
							]
						},
						{
							"origin": [
								-17,
								16,
								34
							],
							"size": [
								3,
								2,
								24
							],
							"uv": [
								0,
								352
							]
						},
						{
							"origin": [
								-14,
								15,
								34
							],
							"size": [
								1,
								2,
								24
							],
							"uv": [
								156,
								352
							]
						},
						{
							"origin": [
								11,
								15,
								34
							],
							"size": [
								1,
								2,
								24
							],
							"uv": [
								106,
								352
							]
						},
						{
							"origin": [
								12,
								16,
								34
							],
							"size": [
								3,
								2,
								24
							],
							"uv": [
								78,
								326
							]
						},
						{
							"origin": [
								-20,
								7.73853,
								-16.48288
							],
							"size": [
								38,
								4,
								1
							],
							"pivot": [
								-1,
								9.23853,
								-15.98288
							],
							"rotation": [
								20,
								0,
								0
							],
							"uv": [
								0,
								331
							]
						},
						{
							"origin": [
								-19,
								16,
								-16.23346
							],
							"size": [
								1,
								6,
								3
							],
							"inflate": 0.001,
							"uv": [
								154,
								470
							]
						},
						{
							"origin": [
								-19,
								5,
								7
							],
							"size": [
								1,
								17,
								2
							],
							"uv": [
								50,
								428
							]
						},
						{
							"origin": [
								-18.34823,
								21.92788,
								7
							],
							"size": [
								2,
								15,
								2
							],
							"pivot": [
								-17.84823,
								29.42788,
								20.5
							],
							"rotation": [
								0,
								0,
								5
							],
							"uv": [
								42,
								428
							]
						},
						{
							"origin": [
								-17.84823,
								21.92788,
								-16
							],
							"size": [
								2,
								15,
								23
							],
							"pivot": [
								-17.84823,
								29.42788,
								20.5
							],
							"rotation": [
								0,
								0,
								5
							],
							"uv": [
								282,
								349
							],
							"mirror": true
						},
						{
							"origin": [
								14.40403,
								16.7839,
								-10.12266
							],
							"size": [
								2,
								19,
								2
							],
							"pivot": [
								-18.59597,
								27.2839,
								-8.12266
							],
							"rotation": [
								-35,
								0,
								-5
							],
							"uv": [
								148,
								411
							]
						},
						{
							"origin": [
								14.40403,
								15.7839,
								-10.12266
							],
							"size": [
								2,
								19,
								2
							],
							"pivot": [
								-18.59597,
								27.2839,
								-8.12266
							],
							"rotation": [
								-35,
								0,
								-5
							],
							"uv": [
								148,
								411
							]
						},
						{
							"origin": [
								-18.25378,
								18.03301,
								-10.66521
							],
							"size": [
								2,
								19,
								2
							],
							"pivot": [
								-17.25378,
								28.53301,
								-5.66521
							],
							"rotation": [
								-35,
								0,
								5
							],
							"uv": [
								132,
								411
							]
						},
						{
							"origin": [
								-18.25378,
								17.03301,
								-10.66521
							],
							"size": [
								2,
								19,
								2
							],
							"pivot": [
								-17.25378,
								28.53301,
								-5.66521
							],
							"rotation": [
								-35,
								0,
								5
							],
							"uv": [
								132,
								411
							]
						},
						{
							"origin": [
								-19,
								5,
								32
							],
							"size": [
								1,
								17,
								2
							],
							"uv": [
								36,
								428
							]
						},
						{
							"origin": [
								-18.34823,
								21.92788,
								9
							],
							"size": [
								1,
								15,
								25
							],
							"pivot": [
								-17.84823,
								29.42788,
								20.5
							],
							"rotation": [
								0,
								0,
								5
							],
							"uv": [
								0,
								211
							]
						},
						{
							"origin": [
								-19,
								5,
								9
							],
							"size": [
								1,
								17,
								23
							],
							"uv": [
								0,
								251
							]
						},
						{
							"origin": [
								2,
								5,
								-5
							],
							"size": [
								12,
								8,
								10
							],
							"uv": [
								44,
								387
							]
						},
						{
							"origin": [
								-5,
								5,
								-13
							],
							"size": [
								8,
								9,
								18
							],
							"uv": [
								54,
								352
							]
						},
						{
							"origin": [
								-16,
								5,
								-5
							],
							"size": [
								12,
								8,
								10
							],
							"uv": [
								0,
								387
							]
						},
						{
							"origin": [
								2,
								12,
								4
							],
							"size": [
								12,
								14,
								2
							],
							"pivot": [
								8,
								18.5,
								6
							],
							"rotation": [
								-10,
								0,
								0
							],
							"uv": [
								116,
								387
							]
						},
						{
							"origin": [
								-16,
								12,
								4
							],
							"size": [
								12,
								14,
								2
							],
							"pivot": [
								-10,
								18.5,
								6
							],
							"rotation": [
								-10,
								0,
								0
							],
							"uv": [
								88,
								387
							]
						},
						{
							"origin": [
								-18,
								5,
								7
							],
							"size": [
								35,
								17,
								2
							],
							"uv": [
								194,
								140
							]
						},
						{
							"origin": [
								-17,
								22,
								7
							],
							"size": [
								32,
								14,
								2
							],
							"uv": [
								154,
								291
							]
						},
						{
							"origin": [
								14.35839,
								21.91741,
								7
							],
							"size": [
								2,
								15,
								2
							],
							"pivot": [
								15.73339,
								29.30638,
								19.00458
							],
							"rotation": [
								0,
								0,
								-5
							],
							"uv": [
								28,
								428
							]
						},
						{
							"origin": [
								13.85839,
								21.91741,
								-16
							],
							"size": [
								2,
								15,
								23
							],
							"pivot": [
								15.73339,
								29.30638,
								19.00458
							],
							"rotation": [
								0,
								0,
								-5
							],
							"uv": [
								282,
								349
							]
						},
						{
							"origin": [
								16,
								5,
								32
							],
							"size": [
								1,
								17,
								2
							],
							"uv": [
								22,
								428
							]
						},
						{
							"origin": [
								15.35839,
								21.91741,
								9
							],
							"size": [
								1,
								15,
								25
							],
							"pivot": [
								15.73339,
								29.30638,
								19.00458
							],
							"rotation": [
								0,
								0,
								-5
							],
							"uv": [
								86,
								171
							]
						},
						{
							"origin": [
								16,
								5,
								9
							],
							"size": [
								1,
								17,
								23
							],
							"uv": [
								134,
								211
							]
						},
						{
							"origin": [
								16,
								16,
								-16.23346
							],
							"size": [
								1,
								6,
								3
							],
							"inflate": 0.001,
							"uv": [
								146,
								470
							]
						},
						{
							"origin": [
								-20,
								7.73853,
								51.51712
							],
							"size": [
								6,
								4,
								1
							],
							"pivot": [
								-1,
								9.23853,
								52.01712
							],
							"rotation": [
								20,
								0,
								0
							],
							"uv": [
								42,
								470
							]
						},
						{
							"origin": [
								12,
								7.73853,
								51.51712
							],
							"size": [
								6,
								4,
								1
							],
							"pivot": [
								31,
								9.23853,
								52.01712
							],
							"rotation": [
								20,
								0,
								0
							],
							"uv": [
								28,
								470
							]
						},
						{
							"origin": [
								16,
								6.96812,
								-16.52336
							],
							"size": [
								1,
								6,
								5
							],
							"pivot": [
								-1,
								9.46812,
								-17.02336
							],
							"rotation": [
								20,
								0,
								0
							],
							"uv": [
								48,
								459
							]
						},
						{
							"origin": [
								-19,
								6.96812,
								-16.52336
							],
							"size": [
								1,
								6,
								5
							],
							"pivot": [
								-36,
								9.46812,
								-17.02336
							],
							"rotation": [
								20,
								0,
								0
							],
							"uv": [
								48,
								459
							],
							"mirror": true
						},
						{
							"origin": [
								-19,
								6.96812,
								51.47664
							],
							"size": [
								1,
								6,
								5
							],
							"inflate": -0.001,
							"pivot": [
								-36,
								9.46812,
								50.97664
							],
							"rotation": [
								20,
								0,
								0
							],
							"uv": [
								24,
								459
							]
						},
						{
							"origin": [
								16,
								6.96812,
								51.47664
							],
							"size": [
								1,
								6,
								5
							],
							"pivot": [
								-1,
								9.46812,
								50.97664
							],
							"rotation": [
								20,
								0,
								0
							],
							"uv": [
								12,
								459
							]
						},
						{
							"origin": [
								-20,
								11.08644,
								-18.21528
							],
							"size": [
								38,
								4,
								1
							],
							"pivot": [
								-1,
								12.58644,
								-17.71528
							],
							"rotation": [
								40,
								0,
								0
							],
							"uv": [
								0,
								326
							]
						},
						{
							"origin": [
								-20,
								11.08644,
								49.78472
							],
							"size": [
								6,
								4,
								1
							],
							"pivot": [
								-1,
								12.58644,
								50.28472
							],
							"rotation": [
								40,
								0,
								0
							],
							"uv": [
								14,
								470
							]
						},
						{
							"origin": [
								12,
								11.08644,
								49.78472
							],
							"size": [
								6,
								4,
								1
							],
							"pivot": [
								31,
								12.58644,
								50.28472
							],
							"rotation": [
								40,
								0,
								0
							],
							"uv": [
								0,
								470
							]
						},
						{
							"origin": [
								16,
								11.39468,
								-17.9635
							],
							"size": [
								1,
								5,
								5
							],
							"pivot": [
								-1,
								12.89468,
								-17.4635
							],
							"rotation": [
								40,
								0,
								0
							],
							"uv": [
								144,
								459
							]
						},
						{
							"origin": [
								-19,
								11.39468,
								-17.9635
							],
							"size": [
								1,
								5,
								5
							],
							"pivot": [
								-36,
								12.89468,
								-17.4635
							],
							"rotation": [
								40,
								0,
								0
							],
							"uv": [
								144,
								459
							],
							"mirror": true
						},
						{
							"origin": [
								-19,
								11.39468,
								50.0365
							],
							"size": [
								1,
								5,
								5
							],
							"inflate": -0.001,
							"pivot": [
								-36,
								12.89468,
								50.5365
							],
							"rotation": [
								40,
								0,
								0
							],
							"uv": [
								120,
								459
							]
						},
						{
							"origin": [
								16,
								11.39468,
								50.0365
							],
							"size": [
								1,
								5,
								5
							],
							"pivot": [
								-1,
								12.89468,
								50.5365
							],
							"rotation": [
								40,
								0,
								0
							],
							"uv": [
								108,
								459
							]
						},
						{
							"origin": [
								-20,
								13.63994,
								-20.98827
							],
							"size": [
								38,
								4,
								1
							],
							"pivot": [
								-1,
								15.13994,
								-20.48827
							],
							"rotation": [
								60,
								0,
								0
							],
							"uv": [
								154,
								307
							]
						},
						{
							"origin": [
								-20,
								13.63994,
								47.01173
							],
							"size": [
								6,
								4,
								1
							],
							"pivot": [
								-1,
								15.13994,
								47.51173
							],
							"rotation": [
								60,
								0,
								0
							],
							"uv": [
								208,
								464
							]
						},
						{
							"origin": [
								12,
								13.63994,
								47.01173
							],
							"size": [
								6,
								4,
								1
							],
							"pivot": [
								31,
								15.13994,
								47.51173
							],
							"rotation": [
								60,
								0,
								0
							],
							"uv": [
								208,
								459
							]
						},
						{
							"origin": [
								-19,
								13.63994,
								-19.98827
							],
							"size": [
								36,
								4,
								2
							],
							"pivot": [
								-1,
								15.13994,
								-20.48827
							],
							"rotation": [
								60,
								0,
								0
							],
							"uv": [
								0,
								341
							]
						},
						{
							"origin": [
								-19,
								13.82126,
								47.6849
							],
							"size": [
								1,
								5,
								5
							],
							"inflate": -0.001,
							"pivot": [
								-1,
								15.32126,
								48.1849
							],
							"rotation": [
								60,
								0,
								0
							],
							"uv": [
								96,
								459
							]
						},
						{
							"origin": [
								16,
								13.82126,
								47.6849
							],
							"size": [
								1,
								5,
								5
							],
							"pivot": [
								34,
								15.32126,
								48.1849
							],
							"rotation": [
								60,
								0,
								0
							],
							"uv": [
								84,
								459
							]
						},
						{
							"origin": [
								-20,
								15.82295,
								-27.40333
							],
							"size": [
								38,
								1,
								5
							],
							"uv": [
								0,
								189
							]
						},
						{
							"origin": [
								-20,
								15.82295,
								40.59667
							],
							"size": [
								6,
								1,
								5
							],
							"uv": [
								0,
								428
							]
						},
						{
							"origin": [
								12,
								15.82295,
								40.59667
							],
							"size": [
								6,
								1,
								5
							],
							"uv": [
								124,
								405
							]
						},
						{
							"origin": [
								-19,
								16,
								34
							],
							"size": [
								2,
								6,
								25
							],
							"uv": [
								0,
								291
							]
						},
						{
							"origin": [
								-18.34823,
								21.92788,
								34
							],
							"size": [
								2,
								15,
								25
							],
							"pivot": [
								-17.84823,
								29.42788,
								46.5
							],
							"rotation": [
								0,
								0,
								5
							],
							"uv": [
								140,
								131
							]
						},
						{
							"origin": [
								14.35839,
								21.91741,
								34
							],
							"size": [
								2,
								15,
								25
							],
							"pivot": [
								15.73339,
								29.30638,
								19.00458
							],
							"rotation": [
								0,
								0,
								-5
							],
							"uv": [
								86,
								131
							]
						},
						{
							"origin": [
								-17,
								4,
								58
							],
							"size": [
								32,
								33,
								1
							],
							"uv": [
								94,
								97
							]
						},
						{
							"origin": [
								15,
								16,
								34
							],
							"size": [
								2,
								6,
								25
							],
							"uv": [
								130,
								251
							]
						},
						{
							"origin": [
								-20,
								14.63994,
								-31.8184
							],
							"size": [
								38,
								1,
								5
							],
							"pivot": [
								-1,
								15.13994,
								-29.3184
							],
							"rotation": [
								30,
								0,
								0
							],
							"uv": [
								0,
								183
							]
						},
						{
							"origin": [
								-19,
								15.63994,
								-31.8184
							],
							"size": [
								36,
								2,
								5
							],
							"inflate": -0.001,
							"pivot": [
								-1,
								15.13994,
								-29.3184
							],
							"rotation": [
								30,
								0,
								0
							],
							"uv": [
								52,
								224
							]
						},
						{
							"origin": [
								-19,
								15.63994,
								36.1816
							],
							"size": [
								1,
								5,
								5
							],
							"inflate": -0.001,
							"pivot": [
								-1,
								15.13994,
								38.6816
							],
							"rotation": [
								30,
								0,
								0
							],
							"uv": [
								72,
								459
							]
						},
						{
							"origin": [
								16,
								15.63994,
								36.1816
							],
							"size": [
								1,
								5,
								5
							],
							"pivot": [
								34,
								15.13994,
								38.6816
							],
							"rotation": [
								30,
								0,
								0
							],
							"uv": [
								60,
								459
							]
						},
						{
							"origin": [
								-20,
								14.63994,
								36.1816
							],
							"size": [
								6,
								1,
								5
							],
							"pivot": [
								-1,
								15.13994,
								38.6816
							],
							"rotation": [
								30,
								0,
								0
							],
							"uv": [
								102,
								417
							]
						},
						{
							"origin": [
								12,
								14.63994,
								36.1816
							],
							"size": [
								6,
								1,
								5
							],
							"pivot": [
								31,
								15.13994,
								38.6816
							],
							"rotation": [
								30,
								0,
								0
							],
							"uv": [
								102,
								411
							]
						},
						{
							"origin": [
								-20,
								11.40788,
								-35.05045
							],
							"size": [
								38,
								1,
								5
							],
							"pivot": [
								-1,
								11.90788,
								-32.55045
							],
							"rotation": [
								60,
								0,
								0
							],
							"uv": [
								0,
								177
							]
						},
						{
							"origin": [
								-19,
								12.40788,
								-35.05045
							],
							"size": [
								36,
								3,
								6
							],
							"inflate": -0.001,
							"pivot": [
								-1,
								11.90788,
								-32.55045
							],
							"rotation": [
								60,
								0,
								0
							],
							"uv": [
								194,
								131
							]
						},
						{
							"origin": [
								-19,
								12.40788,
								35.94955
							],
							"size": [
								1,
								4,
								4
							],
							"inflate": -0.001,
							"pivot": [
								-1,
								11.90788,
								35.44955
							],
							"rotation": [
								60,
								0,
								0
							],
							"uv": [
								96,
								470
							]
						},
						{
							"origin": [
								16,
								12.40788,
								35.94955
							],
							"size": [
								1,
								4,
								4
							],
							"pivot": [
								34,
								11.90788,
								35.44955
							],
							"rotation": [
								60,
								0,
								0
							],
							"uv": [
								86,
								470
							]
						},
						{
							"origin": [
								-19,
								12.40788,
								32.94955
							],
							"size": [
								1,
								2,
								3
							],
							"inflate": -0.001,
							"pivot": [
								-1,
								11.90788,
								35.44955
							],
							"rotation": [
								60,
								0,
								0
							],
							"uv": [
								172,
								470
							]
						},
						{
							"origin": [
								16,
								12.40788,
								32.94955
							],
							"size": [
								1,
								2,
								3
							],
							"pivot": [
								34,
								11.90788,
								35.44955
							],
							"rotation": [
								60,
								0,
								0
							],
							"uv": [
								162,
								474
							]
						},
						{
							"origin": [
								-20,
								11.40788,
								32.94955
							],
							"size": [
								6,
								1,
								5
							],
							"pivot": [
								-1,
								11.90788,
								35.44955
							],
							"rotation": [
								60,
								0,
								0
							],
							"uv": [
								102,
								405
							]
						},
						{
							"origin": [
								12,
								11.40788,
								32.94955
							],
							"size": [
								6,
								1,
								5
							],
							"pivot": [
								31,
								11.90788,
								35.44955
							],
							"rotation": [
								60,
								0,
								0
							],
							"uv": [
								80,
								417
							]
						},
						{
							"origin": [
								-20,
								6.99282,
								-36.23346
							],
							"size": [
								38,
								1,
								5
							],
							"pivot": [
								-1,
								7.49282,
								-33.73346
							],
							"rotation": [
								90,
								0,
								0
							],
							"uv": [
								0,
								171
							]
						},
						{
							"origin": [
								-20,
								6.99282,
								30.76654
							],
							"size": [
								6,
								1,
								6
							],
							"pivot": [
								-1,
								7.49282,
								34.26654
							],
							"rotation": [
								90,
								0,
								0
							],
							"uv": [
								56,
								412
							]
						},
						{
							"origin": [
								12,
								6.99282,
								30.76654
							],
							"size": [
								6,
								1,
								6
							],
							"pivot": [
								31,
								7.49282,
								34.26654
							],
							"rotation": [
								90,
								0,
								0
							],
							"uv": [
								56,
								405
							]
						},
						{
							"origin": [
								-19,
								5,
								-39.23346
							],
							"size": [
								36,
								11,
								5
							],
							"uv": [
								160,
								97
							]
						},
						{
							"origin": [
								-20,
								5,
								-40.23346
							],
							"size": [
								38,
								2,
								3
							],
							"inflate": 0.01,
							"uv": [
								48,
								256
							]
						},
						{
							"origin": [
								-20,
								5,
								58.76654
							],
							"size": [
								38,
								2,
								3
							],
							"uv": [
								48,
								251
							]
						},
						{
							"origin": [
								-19,
								18,
								-39.23346
							],
							"size": [
								36,
								1,
								23
							],
							"inflate": -0.0001,
							"pivot": [
								-1,
								18.5,
								-27.73346
							],
							"rotation": [
								15,
								0,
								0
							],
							"uv": [
								0,
								67
							]
						},
						{
							"origin": [
								-18.4145,
								19.49742,
								-14.23346
							],
							"size": [
								2,
								21,
								2
							],
							"pivot": [
								-1.4145,
								25.99742,
								-16.23346
							],
							"rotation": [
								-35,
								0,
								5
							],
							"uv": [
								48,
								405
							]
						},
						{
							"origin": [
								14.35839,
								1.04732,
								-6.77726
							],
							"size": [
								2,
								21,
								2
							],
							"pivot": [
								15.73339,
								29.30638,
								19.00458
							],
							"rotation": [
								-35,
								0,
								-5
							],
							"uv": [
								40,
								405
							]
						},
						{
							"origin": [
								-18,
								16,
								-23.23346
							],
							"size": [
								34,
								4,
								8
							],
							"uv": [
								160,
								113
							]
						},
						{
							"origin": [
								-18,
								11,
								-15.23346
							],
							"size": [
								34,
								9,
								4
							],
							"uv": [
								52,
								211
							]
						},
						{
							"origin": [
								-19,
								16,
								-23.23346
							],
							"size": [
								1,
								4,
								8
							],
							"inflate": 0.001,
							"uv": [
								80,
								405
							]
						},
						{
							"origin": [
								-19,
								20,
								-20.23346
							],
							"size": [
								36,
								1,
								5
							],
							"uv": [
								52,
								231
							]
						},
						{
							"origin": [
								-15,
								5,
								-34.23346
							],
							"size": [
								28,
								12,
								18
							],
							"uv": [
								118,
								67
							]
						},
						{
							"origin": [
								-19,
								16,
								-35.23346
							],
							"size": [
								36,
								1,
								12
							],
							"uv": [
								306,
								67
							]
						},
						{
							"origin": [
								-19,
								17,
								-27.23346
							],
							"size": [
								36,
								2,
								11
							],
							"uv": [
								0,
								97
							]
						},
						{
							"origin": [
								-19,
								19,
								-23.23346
							],
							"size": [
								36,
								1,
								7
							],
							"uv": [
								0,
								131
							]
						},
						{
							"origin": [
								-19,
								17,
								-31.23346
							],
							"size": [
								36,
								1,
								4
							],
							"uv": [
								48,
								261
							]
						}
					]
				},
				{
					"name": "mirror",
					"parent": "body",
					"pivot": [
						-0.87939,
						21.5,
						-15.14986
					],
					"cubes": [
						{
							"origin": [
								17.86074,
								19,
								-16.43434
							],
							"size": [
								7,
								5,
								1
							],
							"inflate": 0.001,
							"pivot": [
								17.36074,
								21.5,
								-15.93434
							],
							"rotation": [
								0,
								-20,
								0
							],
							"uv": [
								172,
								459
							]
						},
						{
							"origin": [
								17,
								20,
								-16.23346
							],
							"size": [
								1,
								3,
								1
							],
							"inflate": 0.001,
							"uv": [
								8,
								479
							]
						},
						{
							"origin": [
								-20,
								20,
								-16.23346
							],
							"size": [
								1,
								3,
								1
							],
							"inflate": 0.001,
							"uv": [
								4,
								479
							]
						},
						{
							"origin": [
								-26.37828,
								19,
								-13.69818
							],
							"size": [
								7,
								5,
								1
							],
							"inflate": 0.001,
							"pivot": [
								-26.87828,
								21.5,
								-13.19818
							],
							"rotation": [
								0,
								20,
								0
							],
							"uv": [
								156,
								459
							]
						}
					]
				},
				{
					"name": "steer",
					"parent": "body",
					"pivot": [
						7.7539,
						18.48708,
						-12.91528
					],
					"rotation": [
						20,
						0,
						0
					],
					"cubes": [
						{
							"origin": [
								7,
								17,
								-13.23346
							],
							"size": [
								2,
								2,
								6
							],
							"uv": [
								232,
								447
							]
						},
						{
							"origin": [
								6,
								17,
								-8.23346
							],
							"size": [
								4,
								3,
								1
							],
							"inflate": 0.01,
							"uv": [
								162,
								470
							]
						},
						{
							"origin": [
								7,
								15,
								-8.23346
							],
							"size": [
								2,
								3,
								1
							],
							"uv": [
								198,
								470
							]
						},
						{
							"origin": [
								4.5,
								18,
								-8.23346
							],
							"size": [
								7,
								1,
								1
							],
							"uv": [
								70,
								475
							]
						},
						{
							"origin": [
								11.12132,
								15.87868,
								-8.23346
							],
							"size": [
								1,
								5,
								1
							],
							"uv": [
								190,
								472
							]
						},
						{
							"origin": [
								10.20711,
								20.08579,
								-8.23346
							],
							"size": [
								1,
								3,
								1
							],
							"pivot": [
								10.70711,
								21.58579,
								-7.73346
							],
							"rotation": [
								0,
								0,
								-45
							],
							"uv": [
								204,
								470
							]
						},
						{
							"origin": [
								6,
								22,
								-8.23346
							],
							"size": [
								4,
								1,
								1
							],
							"uv": [
								172,
								477
							]
						},
						{
							"origin": [
								3.79289,
								21.08579,
								-8.23346
							],
							"size": [
								3,
								1,
								1
							],
							"pivot": [
								5.29289,
								21.58579,
								-7.73346
							],
							"rotation": [
								0,
								0,
								-45
							],
							"uv": [
								190,
								470
							]
						},
						{
							"origin": [
								9.20711,
								14.67157,
								-8.23346
							],
							"size": [
								3,
								1,
								1
							],
							"pivot": [
								10.70711,
								15.17157,
								-7.73346
							],
							"rotation": [
								0,
								0,
								-45
							],
							"uv": [
								182,
								470
							]
						},
						{
							"origin": [
								3.87868,
								15.87868,
								-8.23346
							],
							"size": [
								1,
								5,
								1
							],
							"uv": [
								182,
								472
							]
						},
						{
							"origin": [
								4.79289,
								13.67157,
								-8.23346
							],
							"size": [
								1,
								3,
								1
							],
							"pivot": [
								5.29289,
								15.17157,
								-7.73346
							],
							"rotation": [
								0,
								0,
								-45
							],
							"uv": [
								198,
								474
							]
						},
						{
							"origin": [
								6,
								13.75736,
								-8.23346
							],
							"size": [
								4,
								1,
								1
							],
							"uv": [
								172,
								475
							]
						}
					]
				},
				{
					"name": "door0",
					"parent": "body",
					"pivot": [
						-18.5,
						18.32171,
						-14.42291
					],
					"cubes": [
						{
							"origin": [
								-19,
								5,
								-11
							],
							"size": [
								1,
								17,
								18
							],
							"uv": [
								244,
								352
							]
						},
						{
							"origin": [
								-19,
								8.67822,
								-11.8249
							],
							"size": [
								1,
								7,
								5
							],
							"inflate": -0.001,
							"pivot": [
								-36,
								11.17822,
								-12.3249
							],
							"rotation": [
								20,
								0,
								0
							],
							"uv": [
								220,
								447
							]
						},
						{
							"origin": [
								-19,
								13.60862,
								-14.13328
							],
							"size": [
								1,
								6,
								5
							],
							"inflate": -0.001,
							"pivot": [
								-36,
								16.10862,
								-13.63328
							],
							"rotation": [
								40,
								0,
								0
							],
							"uv": [
								0,
								459
							]
						},
						{
							"origin": [
								-19,
								16,
								-14.23346
							],
							"size": [
								1,
								6,
								4
							],
							"uv": [
								198,
								459
							]
						}
					]
				},
				{
					"name": "door1",
					"parent": "body",
					"pivot": [
						16.5,
						18.32171,
						-14.42291
					],
					"cubes": [
						{
							"origin": [
								16,
								5,
								-11
							],
							"size": [
								1,
								17,
								18
							],
							"uv": [
								244,
								352
							],
							"mirror": true
						},
						{
							"origin": [
								16,
								8.67822,
								-11.8249
							],
							"size": [
								1,
								7,
								5
							],
							"pivot": [
								-1,
								11.17822,
								-12.3249
							],
							"rotation": [
								20,
								0,
								0
							],
							"uv": [
								220,
								447
							],
							"mirror": true
						},
						{
							"origin": [
								16,
								13.60862,
								-14.13328
							],
							"size": [
								1,
								6,
								5
							],
							"pivot": [
								-1,
								16.10862,
								-13.63328
							],
							"rotation": [
								40,
								0,
								0
							],
							"uv": [
								0,
								459
							],
							"mirror": true
						},
						{
							"origin": [
								16,
								16,
								-14.23346
							],
							"size": [
								1,
								6,
								4
							],
							"uv": [
								198,
								459
							],
							"mirror": true
						}
					]
				},
				{
					"name": "wheel0",
					"pivot": [
						-17,
						7.4641,
						-25
					],
					"cubes": [
						{
							"origin": [
								-19,
								0,
								-27
							],
							"size": [
								4,
								4,
								4
							],
							"uv": [
								192,
								447
							]
						},
						{
							"origin": [
								13,
								0,
								-27
							],
							"size": [
								4,
								4,
								4
							],
							"uv": [
								176,
								447
							]
						},
						{
							"origin": [
								-19,
								0.93301,
								-23.51795
							],
							"size": [
								4,
								4,
								4
							],
							"pivot": [
								-18.5,
								1.43301,
								-21.51795
							],
							"rotation": [
								30,
								0,
								0
							],
							"uv": [
								160,
								447
							]
						},
						{
							"origin": [
								13,
								0.93301,
								-23.51795
							],
							"size": [
								4,
								4,
								4
							],
							"pivot": [
								13.5,
								1.43301,
								-21.51795
							],
							"rotation": [
								30,
								0,
								0
							],
							"uv": [
								144,
								447
							]
						},
						{
							"origin": [
								-19,
								3.48205,
								-20.96891
							],
							"size": [
								4,
								4,
								4
							],
							"pivot": [
								-18.5,
								3.98205,
								-18.96891
							],
							"rotation": [
								60,
								0,
								0
							],
							"uv": [
								128,
								447
							]
						},
						{
							"origin": [
								13,
								3.48205,
								-20.96891
							],
							"size": [
								4,
								4,
								4
							],
							"pivot": [
								13.5,
								3.98205,
								-18.96891
							],
							"rotation": [
								60,
								0,
								0
							],
							"uv": [
								112,
								447
							]
						},
						{
							"origin": [
								-19,
								10.9282,
								-27
							],
							"size": [
								4,
								4,
								4
							],
							"uv": [
								96,
								447
							]
						},
						{
							"origin": [
								13,
								10.9282,
								-27
							],
							"size": [
								4,
								4,
								4
							],
							"uv": [
								80,
								447
							]
						},
						{
							"origin": [
								-19,
								5.4641,
								-32.4641
							],
							"size": [
								4,
								4,
								4
							],
							"uv": [
								64,
								447
							]
						},
						{
							"origin": [
								13,
								5.4641,
								-32.4641
							],
							"size": [
								4,
								4,
								4
							],
							"uv": [
								48,
								447
							]
						},
						{
							"origin": [
								-19,
								5.4641,
								-21.5359
							],
							"size": [
								4,
								4,
								4
							],
							"uv": [
								32,
								447
							]
						},
						{
							"origin": [
								-18,
								5.4641,
								-28.5359
							],
							"size": [
								3,
								4,
								7
							],
							"uv": [
								20,
								416
							]
						},
						{
							"origin": [
								13,
								5.4641,
								-28.5359
							],
							"size": [
								3,
								4,
								7
							],
							"uv": [
								20,
								405
							]
						},
						{
							"origin": [
								-18,
								5.4641,
								-28.5359
							],
							"size": [
								3,
								4,
								7
							],
							"pivot": [
								-16.5,
								7.4641,
								-25.0359
							],
							"rotation": [
								45,
								0,
								0
							],
							"uv": [
								0,
								416
							]
						},
						{
							"origin": [
								13,
								5.4641,
								-28.5359
							],
							"size": [
								3,
								4,
								7
							],
							"pivot": [
								14.5,
								7.4641,
								-25.0359
							],
							"rotation": [
								45,
								0,
								0
							],
							"uv": [
								0,
								405
							]
						},
						{
							"origin": [
								-18,
								5.4641,
								-28.5359
							],
							"size": [
								3,
								4,
								7
							],
							"pivot": [
								-16.5,
								7.4641,
								-25.0359
							],
							"rotation": [
								135,
								0,
								0
							],
							"uv": [
								228,
								387
							]
						},
						{
							"origin": [
								13,
								5.4641,
								-28.5359
							],
							"size": [
								3,
								4,
								7
							],
							"pivot": [
								14.5,
								7.4641,
								-25.0359
							],
							"rotation": [
								135,
								0,
								0
							],
							"uv": [
								208,
								387
							]
						},
						{
							"origin": [
								13,
								5.4641,
								-21.5359
							],
							"size": [
								4,
								4,
								4
							],
							"uv": [
								16,
								447
							]
						},
						{
							"origin": [
								-19,
								8.94615,
								-31.53109
							],
							"size": [
								4,
								4,
								4
							],
							"pivot": [
								-18.5,
								10.94615,
								-31.03109
							],
							"rotation": [
								-30,
								0,
								0
							],
							"uv": [
								0,
								447
							]
						},
						{
							"origin": [
								13,
								8.94615,
								-31.53109
							],
							"size": [
								4,
								4,
								4
							],
							"pivot": [
								13.5,
								10.94615,
								-31.03109
							],
							"rotation": [
								-30,
								0,
								0
							],
							"uv": [
								136,
								428
							]
						},
						{
							"origin": [
								-19,
								11.49519,
								-28.98205
							],
							"size": [
								4,
								4,
								4
							],
							"pivot": [
								-18.5,
								13.49519,
								-28.48205
							],
							"rotation": [
								-60,
								0,
								0
							],
							"uv": [
								120,
								436
							]
						},
						{
							"origin": [
								13,
								11.49519,
								-28.98205
							],
							"size": [
								4,
								4,
								4
							],
							"pivot": [
								13.5,
								13.49519,
								-28.48205
							],
							"rotation": [
								-60,
								0,
								0
							],
							"uv": [
								120,
								428
							]
						},
						{
							"origin": [
								-19,
								0.93301,
								-30.48205
							],
							"size": [
								4,
								4,
								4
							],
							"pivot": [
								-18.5,
								1.43301,
								-28.48205
							],
							"rotation": [
								-30,
								0,
								0
							],
							"uv": [
								104,
								436
							]
						},
						{
							"origin": [
								13,
								0.93301,
								-30.48205
							],
							"size": [
								4,
								4,
								4
							],
							"pivot": [
								13.5,
								1.43301,
								-28.48205
							],
							"rotation": [
								-30,
								0,
								0
							],
							"uv": [
								104,
								428
							]
						},
						{
							"origin": [
								-19,
								11.87083,
								-30.51795
							],
							"size": [
								4,
								4,
								4
							],
							"pivot": [
								-18.5,
								1.37083,
								-28.51795
							],
							"rotation": [
								-30,
								0,
								0
							],
							"uv": [
								88,
								436
							]
						},
						{
							"origin": [
								13,
								11.87083,
								-30.51795
							],
							"size": [
								4,
								4,
								4
							],
							"pivot": [
								13.5,
								1.37083,
								-28.51795
							],
							"rotation": [
								-30,
								0,
								0
							],
							"uv": [
								88,
								428
							]
						},
						{
							"origin": [
								-19,
								3.48205,
								-33.03109
							],
							"size": [
								4,
								4,
								4
							],
							"pivot": [
								-18.5,
								3.98205,
								-31.03109
							],
							"rotation": [
								-60,
								0,
								0
							],
							"uv": [
								72,
								436
							]
						},
						{
							"origin": [
								13,
								3.48205,
								-33.03109
							],
							"size": [
								4,
								4,
								4
							],
							"pivot": [
								13.5,
								3.98205,
								-31.03109
							],
							"rotation": [
								-60,
								0,
								0
							],
							"uv": [
								72,
								428
							]
						},
						{
							"origin": [
								-19,
								14.44615,
								-33.09327
							],
							"size": [
								4,
								4,
								4
							],
							"pivot": [
								-18.5,
								3.94615,
								-31.09327
							],
							"rotation": [
								-60,
								0,
								0
							],
							"uv": [
								56,
								436
							]
						},
						{
							"origin": [
								13,
								14.44615,
								-33.09327
							],
							"size": [
								4,
								4,
								4
							],
							"pivot": [
								13.5,
								3.94615,
								-31.09327
							],
							"rotation": [
								-60,
								0,
								0
							],
							"uv": [
								56,
								428
							]
						}
					]
				},
				{
					"name": "wheel1",
					"pivot": [
						-17,
						7.4641,
						43
					],
					"cubes": [
						{
							"origin": [
								-19,
								0,
								41
							],
							"size": [
								4,
								4,
								4
							],
							"uv": [
								192,
								447
							]
						},
						{
							"origin": [
								13,
								0,
								41
							],
							"size": [
								4,
								4,
								4
							],
							"uv": [
								176,
								447
							]
						},
						{
							"origin": [
								-19,
								0.93301,
								44.48205
							],
							"size": [
								4,
								4,
								4
							],
							"pivot": [
								-18.5,
								1.43301,
								46.48205
							],
							"rotation": [
								30,
								0,
								0
							],
							"uv": [
								160,
								447
							]
						},
						{
							"origin": [
								13,
								0.93301,
								44.48205
							],
							"size": [
								4,
								4,
								4
							],
							"pivot": [
								13.5,
								1.43301,
								46.48205
							],
							"rotation": [
								30,
								0,
								0
							],
							"uv": [
								144,
								447
							]
						},
						{
							"origin": [
								-19,
								3.48205,
								47.03109
							],
							"size": [
								4,
								4,
								4
							],
							"pivot": [
								-18.5,
								3.98205,
								49.03109
							],
							"rotation": [
								60,
								0,
								0
							],
							"uv": [
								128,
								447
							]
						},
						{
							"origin": [
								13,
								3.48205,
								47.03109
							],
							"size": [
								4,
								4,
								4
							],
							"pivot": [
								13.5,
								3.98205,
								49.03109
							],
							"rotation": [
								60,
								0,
								0
							],
							"uv": [
								112,
								447
							]
						},
						{
							"origin": [
								-19,
								10.9282,
								41
							],
							"size": [
								4,
								4,
								4
							],
							"uv": [
								96,
								447
							]
						},
						{
							"origin": [
								13,
								10.9282,
								41
							],
							"size": [
								4,
								4,
								4
							],
							"uv": [
								80,
								447
							]
						},
						{
							"origin": [
								-19,
								5.4641,
								35.5359
							],
							"size": [
								4,
								4,
								4
							],
							"uv": [
								64,
								447
							]
						},
						{
							"origin": [
								13,
								5.4641,
								35.5359
							],
							"size": [
								4,
								4,
								4
							],
							"uv": [
								48,
								447
							]
						},
						{
							"origin": [
								-19,
								5.4641,
								46.4641
							],
							"size": [
								4,
								4,
								4
							],
							"uv": [
								32,
								447
							]
						},
						{
							"origin": [
								-18,
								5.4641,
								39.4641
							],
							"size": [
								3,
								4,
								7
							],
							"uv": [
								20,
								416
							]
						},
						{
							"origin": [
								13,
								5.4641,
								39.4641
							],
							"size": [
								3,
								4,
								7
							],
							"uv": [
								20,
								405
							]
						},
						{
							"origin": [
								-18,
								5.4641,
								39.4641
							],
							"size": [
								3,
								4,
								7
							],
							"pivot": [
								-16.5,
								7.4641,
								42.9641
							],
							"rotation": [
								45,
								0,
								0
							],
							"uv": [
								0,
								416
							]
						},
						{
							"origin": [
								13,
								5.4641,
								39.4641
							],
							"size": [
								3,
								4,
								7
							],
							"pivot": [
								14.5,
								7.4641,
								42.9641
							],
							"rotation": [
								45,
								0,
								0
							],
							"uv": [
								0,
								405
							]
						},
						{
							"origin": [
								-18,
								5.4641,
								39.4641
							],
							"size": [
								3,
								4,
								7
							],
							"pivot": [
								-16.5,
								7.4641,
								42.9641
							],
							"rotation": [
								135,
								0,
								0
							],
							"uv": [
								228,
								387
							]
						},
						{
							"origin": [
								13,
								5.4641,
								39.4641
							],
							"size": [
								3,
								4,
								7
							],
							"pivot": [
								14.5,
								7.4641,
								42.9641
							],
							"rotation": [
								135,
								0,
								0
							],
							"uv": [
								208,
								387
							]
						},
						{
							"origin": [
								13,
								5.4641,
								46.4641
							],
							"size": [
								4,
								4,
								4
							],
							"uv": [
								16,
								447
							]
						},
						{
							"origin": [
								-19,
								8.94615,
								36.46891
							],
							"size": [
								4,
								4,
								4
							],
							"pivot": [
								-18.5,
								10.94615,
								36.96891
							],
							"rotation": [
								-30,
								0,
								0
							],
							"uv": [
								0,
								447
							]
						},
						{
							"origin": [
								13,
								8.94615,
								36.46891
							],
							"size": [
								4,
								4,
								4
							],
							"pivot": [
								13.5,
								10.94615,
								36.96891
							],
							"rotation": [
								-30,
								0,
								0
							],
							"uv": [
								136,
								428
							]
						},
						{
							"origin": [
								-19,
								11.49519,
								39.01795
							],
							"size": [
								4,
								4,
								4
							],
							"pivot": [
								-18.5,
								13.49519,
								39.51795
							],
							"rotation": [
								-60,
								0,
								0
							],
							"uv": [
								120,
								436
							]
						},
						{
							"origin": [
								13,
								11.49519,
								39.01795
							],
							"size": [
								4,
								4,
								4
							],
							"pivot": [
								13.5,
								13.49519,
								39.51795
							],
							"rotation": [
								-60,
								0,
								0
							],
							"uv": [
								120,
								428
							]
						},
						{
							"origin": [
								-19,
								0.93301,
								37.51795
							],
							"size": [
								4,
								4,
								4
							],
							"pivot": [
								-18.5,
								1.43301,
								39.51795
							],
							"rotation": [
								-30,
								0,
								0
							],
							"uv": [
								104,
								436
							]
						},
						{
							"origin": [
								13,
								0.93301,
								37.51795
							],
							"size": [
								4,
								4,
								4
							],
							"pivot": [
								13.5,
								1.43301,
								39.51795
							],
							"rotation": [
								-30,
								0,
								0
							],
							"uv": [
								104,
								428
							]
						},
						{
							"origin": [
								-19,
								11.87083,
								37.48205
							],
							"size": [
								4,
								4,
								4
							],
							"pivot": [
								-18.5,
								1.37083,
								39.48205
							],
							"rotation": [
								-30,
								0,
								0
							],
							"uv": [
								88,
								436
							]
						},
						{
							"origin": [
								13,
								11.87083,
								37.48205
							],
							"size": [
								4,
								4,
								4
							],
							"pivot": [
								13.5,
								1.37083,
								39.48205
							],
							"rotation": [
								-30,
								0,
								0
							],
							"uv": [
								88,
								428
							]
						},
						{
							"origin": [
								-19,
								3.48205,
								34.96891
							],
							"size": [
								4,
								4,
								4
							],
							"pivot": [
								-18.5,
								3.98205,
								36.96891
							],
							"rotation": [
								-60,
								0,
								0
							],
							"uv": [
								72,
								436
							]
						},
						{
							"origin": [
								13,
								3.48205,
								34.96891
							],
							"size": [
								4,
								4,
								4
							],
							"pivot": [
								13.5,
								3.98205,
								36.96891
							],
							"rotation": [
								-60,
								0,
								0
							],
							"uv": [
								72,
								428
							]
						},
						{
							"origin": [
								-19,
								14.44615,
								34.90673
							],
							"size": [
								4,
								4,
								4
							],
							"pivot": [
								-18.5,
								3.94615,
								36.90673
							],
							"rotation": [
								-60,
								0,
								0
							],
							"uv": [
								56,
								436
							]
						},
						{
							"origin": [
								13,
								14.44615,
								34.90673
							],
							"size": [
								4,
								4,
								4
							],
							"pivot": [
								13.5,
								3.94615,
								36.90673
							],
							"rotation": [
								-60,
								0,
								0
							],
							"uv": [
								56,
								428
							]
						}
					]
				}
			]
		}
	]
}