{
	"format_version": "1.12.0",
	"minecraft:geometry": [
		{
			"description": {
				"identifier": "geometry.double_deck_bus",
				"texture_width": 1024,
				"texture_height": 1024,
				"visible_bounds_width": 11,
				"visible_bounds_height": 8,
				"visible_bounds_offset": [
					0,
					2,
					0
				]
			},
			"bones": [
				{
					"name": "body",
					"pivot": [
						0,
						0,
						0
					],
					"cubes": [
						{
							"origin": [
								-23,
								2,
								-14
							],
							"size": [
								44,
								4,
								46
							],
							"uv": [
								0,
								434
							]
						},
						{
							"origin": [
								-23,
								4,
								-14
							],
							"size": [
								44,
								4,
								46
							],
							"uv": [
								0,
								434
							]
						},
						{
							"origin": [
								-5,
								36,
								-14
							],
							"size": [
								26,
								4,
								46
							],
							"uv": [
								180,
								434
							]
						},
						{
							"origin": [
								-7,
								4,
								17
							],
							"size": [
								2,
								35,
								15
							],
							"pivot": [
								-6,
								37.5,
								24.5
							],
							"rotation": [
								0,
								0,
								15
							],
							"uv": [
								184,
								647
							]
						},
						{
							"origin": [
								-16,
								4,
								17
							],
							"size": [
								2,
								6,
								15
							],
							"uv": [
								144,
								812
							]
						},
						{
							"origin": [
								-14,
								11,
								17
							],
							"size": [
								2,
								4,
								15
							],
							"uv": [
								34,
								833
							]
						},
						{
							"origin": [
								-13,
								15,
								17
							],
							"size": [
								2,
								4,
								15
							],
							"uv": [
								0,
								833
							]
						},
						{
							"origin": [
								-12,
								19,
								17
							],
							"size": [
								2,
								4,
								15
							],
							"uv": [
								314,
								812
							]
						},
						{
							"origin": [
								-11,
								23,
								17
							],
							"size": [
								2,
								4,
								15
							],
							"uv": [
								280,
								812
							]
						},
						{
							"origin": [
								-10,
								27,
								17
							],
							"size": [
								2,
								4,
								15
							],
							"uv": [
								246,
								812
							]
						},
						{
							"origin": [
								-9,
								31,
								17
							],
							"size": [
								2,
								4,
								15
							],
							"uv": [
								212,
								812
							]
						},
						{
							"origin": [
								-8,
								35,
								17
							],
							"size": [
								2,
								4,
								15
							],
							"uv": [
								178,
								812
							]
						},
						{
							"origin": [
								-23,
								36,
								-14
							],
							"size": [
								18,
								4,
								31
							],
							"uv": [
								308,
								530
							]
						},
						{
							"origin": [
								-25,
								2,
								48
							],
							"size": [
								48,
								34,
								4
							],
							"uv": [
								376,
								484
							]
						},
						{
							"origin": [
								-19,
								2,
								32
							],
							"size": [
								36,
								35,
								4
							],
							"uv": [
								312,
								588
							]
						},
						{
							"origin": [
								-25,
								2,
								68
							],
							"size": [
								48,
								34,
								12
							],
							"uv": [
								0,
								484
							]
						},
						{
							"origin": [
								-23,
								2,
								-54
							],
							"size": [
								44,
								4,
								24
							],
							"uv": [
								120,
								484
							]
						},
						{
							"origin": [
								-23,
								4,
								-54
							],
							"size": [
								44,
								4,
								24
							],
							"uv": [
								120,
								484
							]
						},
						{
							"origin": [
								5,
								6,
								-40
							],
							"size": [
								14,
								4,
								12
							],
							"uv": [
								104,
								792
							]
						},
						{
							"origin": [
								0,
								6,
								-36
							],
							"size": [
								5,
								6,
								8
							],
							"uv": [
								168,
								833
							]
						},
						{
							"origin": [
								1,
								10,
								-34
							],
							"size": [
								1,
								6,
								1
							],
							"uv": [
								104,
								931
							]
						},
						{
							"origin": [
								-17,
								6,
								-54
							],
							"size": [
								36,
								11,
								5
							],
							"uv": [
								368,
								627
							]
						},
						{
							"origin": [
								-17,
								10.19932,
								-49.7049
							],
							"size": [
								36,
								8,
								4
							],
							"pivot": [
								-2,
								11.69932,
								-50.2049
							],
							"rotation": [
								40,
								0,
								0
							],
							"uv": [
								104,
								647
							]
						},
						{
							"origin": [
								-1,
								27.19932,
								-37.7049
							],
							"size": [
								2,
								6,
								1
							],
							"pivot": [
								-1,
								11.69932,
								-50.2049
							],
							"rotation": [
								40,
								0,
								0
							],
							"uv": [
								96,
								931
							]
						},
						{
							"origin": [
								-5,
								30.19932,
								-55.7049
							],
							"size": [
								10,
								3,
								1
							],
							"pivot": [
								-1,
								11.69932,
								-50.2049
							],
							"rotation": [
								-15,
								0,
								0
							],
							"uv": [
								32,
								869
							]
						},
						{
							"origin": [
								-19,
								6,
								-21
							],
							"size": [
								14,
								4,
								12
							],
							"uv": [
								52,
								792
							]
						},
						{
							"origin": [
								4,
								6,
								-21
							],
							"size": [
								14,
								4,
								12
							],
							"uv": [
								0,
								792
							]
						},
						{
							"origin": [
								4,
								6,
								4
							],
							"size": [
								14,
								4,
								12
							],
							"uv": [
								120,
								749
							]
						},
						{
							"origin": [
								5,
								10,
								-32
							],
							"size": [
								14,
								16,
								4
							],
							"uv": [
								108,
								812
							]
						},
						{
							"origin": [
								-19,
								10,
								-13
							],
							"size": [
								14,
								16,
								4
							],
							"uv": [
								72,
								812
							]
						},
						{
							"origin": [
								4,
								10,
								-13
							],
							"size": [
								14,
								16,
								4
							],
							"uv": [
								36,
								812
							]
						},
						{
							"origin": [
								4,
								10,
								12
							],
							"size": [
								14,
								16,
								4
							],
							"uv": [
								0,
								812
							]
						},
						{
							"origin": [
								-25,
								2,
								-52
							],
							"size": [
								2,
								2,
								14
							],
							"uv": [
								68,
								833
							]
						},
						{
							"origin": [
								-25,
								2,
								-6
							],
							"size": [
								2,
								2,
								14
							],
							"uv": [
								34,
								852
							]
						},
						{
							"origin": [
								-23,
								36,
								-56
							],
							"size": [
								44,
								4,
								26
							],
							"uv": [
								324,
								434
							]
						},
						{
							"origin": [
								-19,
								2,
								-30
							],
							"size": [
								36,
								4,
								16
							],
							"uv": [
								208,
								588
							]
						},
						{
							"origin": [
								-19,
								4,
								-30
							],
							"size": [
								36,
								4,
								16
							],
							"uv": [
								208,
								588
							]
						},
						{
							"origin": [
								-23,
								36,
								-30
							],
							"size": [
								44,
								4,
								16
							],
							"uv": [
								0,
								530
							]
						},
						{
							"origin": [
								-19,
								2,
								32
							],
							"size": [
								36,
								4,
								16
							],
							"uv": [
								104,
								588
							]
						},
						{
							"origin": [
								-19,
								2,
								52
							],
							"size": [
								36,
								4,
								16
							],
							"uv": [
								0,
								588
							]
						},
						{
							"origin": [
								-23,
								36,
								32
							],
							"size": [
								44,
								4,
								48
							],
							"uv": [
								238,
								312
							]
						},
						{
							"origin": [
								-25,
								2,
								-56
							],
							"size": [
								48,
								12,
								2
							],
							"uv": [
								0,
								627
							]
						},
						{
							"origin": [
								-25,
								14,
								-56
							],
							"size": [
								4,
								22,
								2
							],
							"uv": [
								206,
								833
							]
						},
						{
							"origin": [
								-21,
								14,
								-56
							],
							"size": [
								40,
								22,
								2
							],
							"uv": [
								382,
								826
							]
						},
						{
							"origin": [
								19,
								14,
								-56
							],
							"size": [
								4,
								22,
								2
							],
							"uv": [
								194,
								833
							]
						},
						{
							"origin": [
								18,
								31,
								-72
							],
							"size": [
								7,
								9,
								2
							],
							"uv": [
								8,
								880
							]
						},
						{
							"origin": [
								-27,
								31,
								-72
							],
							"size": [
								7,
								9,
								2
							],
							"uv": [
								8,
								869
							]
						},
						{
							"origin": [
								-25,
								2,
								8
							],
							"size": [
								2,
								20,
								24
							],
							"uv": [
								52,
								647
							]
						},
						{
							"origin": [
								21,
								2,
								-6
							],
							"size": [
								2,
								20,
								38
							],
							"uv": [
								120,
								530
							]
						},
						{
							"origin": [
								-25,
								2,
								-14
							],
							"size": [
								2,
								20,
								8
							],
							"uv": [
								140,
								833
							]
						},
						{
							"origin": [
								-25,
								2,
								-38
							],
							"size": [
								2,
								20,
								8
							],
							"uv": [
								100,
								833
							]
						},
						{
							"origin": [
								21,
								2,
								-14
							],
							"size": [
								2,
								20,
								8
							],
							"uv": [
								120,
								833
							]
						},
						{
							"origin": [
								-25,
								2,
								-54
							],
							"size": [
								2,
								34,
								2
							],
							"uv": [
								160,
								833
							]
						},
						{
							"origin": [
								21,
								22,
								-54
							],
							"size": [
								2,
								14,
								2
							],
							"uv": [
								110,
								869
							]
						},
						{
							"origin": [
								21,
								22,
								-38
							],
							"size": [
								2,
								14,
								2
							],
							"uv": [
								102,
								869
							]
						},
						{
							"origin": [
								-25,
								22,
								-8
							],
							"size": [
								2,
								14,
								2
							],
							"uv": [
								126,
								869
							]
						},
						{
							"origin": [
								-25,
								22,
								-38
							],
							"size": [
								2,
								14,
								2
							],
							"uv": [
								78,
								869
							]
						},
						{
							"origin": [
								21,
								22,
								-8
							],
							"size": [
								2,
								14,
								2
							],
							"uv": [
								94,
								869
							]
						},
						{
							"origin": [
								-25,
								22,
								8
							],
							"size": [
								2,
								14,
								2
							],
							"uv": [
								118,
								869
							]
						},
						{
							"origin": [
								21,
								22,
								20
							],
							"size": [
								2,
								14,
								2
							],
							"uv": [
								86,
								869
							]
						},
						{
							"origin": [
								21,
								2,
								-54
							],
							"size": [
								2,
								20,
								24
							],
							"uv": [
								0,
								647
							]
						},
						{
							"origin": [
								-25,
								46,
								-73
							],
							"size": [
								2,
								2,
								18
							],
							"pivot": [
								-24,
								47,
								-56.5
							],
							"rotation": [
								27.5,
								0,
								0
							],
							"uv": [
								196,
								792
							]
						},
						{
							"origin": [
								21,
								46,
								-73
							],
							"size": [
								2,
								2,
								18
							],
							"pivot": [
								-24,
								47,
								-56.5
							],
							"rotation": [
								27.5,
								0,
								0
							],
							"uv": [
								156,
								792
							]
						},
						{
							"origin": [
								17,
								22,
								32
							],
							"size": [
								6,
								14,
								16
							],
							"uv": [
								0,
								733
							]
						},
						{
							"origin": [
								-25,
								22,
								32
							],
							"size": [
								6,
								14,
								16
							],
							"uv": [
								176,
								697
							]
						},
						{
							"origin": [
								-24,
								22,
								10
							],
							"size": [
								0,
								14,
								22
							],
							"uv": [
								381,
								775
							]
						},
						{
							"origin": [
								-24,
								22,
								-36
							],
							"size": [
								0,
								14,
								28
							],
							"uv": [
								382,
								784
							]
						},
						{
							"origin": [
								22,
								22,
								-52
							],
							"size": [
								0,
								14,
								84
							],
							"uv": [
								442,
								772
							]
						},
						{
							"origin": [
								17,
								22,
								52
							],
							"size": [
								6,
								14,
								16
							],
							"uv": [
								264,
								697
							]
						},
						{
							"origin": [
								-25,
								22,
								52
							],
							"size": [
								6,
								14,
								16
							],
							"uv": [
								220,
								697
							]
						}
					]
				},
				{
					"name": "door",
					"pivot": [
						-24,
						20,
						-22
					],
					"cubes": [
						{
							"origin": [
								-25,
								16,
								-46
							],
							"size": [
								2,
								18,
								2
							],
							"uv": [
								319,
								663
							]
						},
						{
							"origin": [
								-25,
								16,
								0
							],
							"size": [
								2,
								18,
								2
							],
							"uv": [
								319,
								663
							]
						},
						{
							"origin": [
								-25,
								18,
								-40
							],
							"size": [
								2,
								18,
								2
							],
							"uv": [
								319,
								663
							]
						},
						{
							"origin": [
								-25,
								34,
								-50
							],
							"size": [
								2,
								2,
								10
							],
							"uv": [
								312,
								668
							]
						},
						{
							"origin": [
								-25,
								18,
								-52
							],
							"size": [
								2,
								18,
								2
							],
							"uv": [
								319,
								663
							]
						},
						{
							"origin": [
								-25,
								4,
								-52
							],
							"size": [
								2,
								18,
								2
							],
							"uv": [
								319,
								663
							]
						},
						{
							"origin": [
								-25,
								6,
								-46
							],
							"size": [
								2,
								18,
								2
							],
							"uv": [
								319,
								663
							]
						},
						{
							"origin": [
								-25,
								4,
								-50
							],
							"size": [
								2,
								2,
								10
							],
							"uv": [
								312,
								668
							]
						},
						{
							"origin": [
								-25,
								4,
								-40
							],
							"size": [
								2,
								18,
								2
							],
							"uv": [
								319,
								663
							]
						},
						{
							"origin": [
								-25,
								4,
								-6
							],
							"size": [
								2,
								18,
								2
							],
							"uv": [
								319,
								663
							]
						},
						{
							"origin": [
								-25,
								18,
								-6
							],
							"size": [
								2,
								18,
								2
							],
							"uv": [
								319,
								663
							]
						},
						{
							"origin": [
								-25,
								34,
								-4
							],
							"size": [
								2,
								2,
								10
							],
							"uv": [
								312,
								668
							]
						},
						{
							"origin": [
								-25,
								18,
								6
							],
							"size": [
								2,
								18,
								2
							],
							"uv": [
								319,
								663
							]
						},
						{
							"origin": [
								-25,
								4,
								6
							],
							"size": [
								2,
								18,
								2
							],
							"uv": [
								319,
								663
							]
						},
						{
							"origin": [
								-25,
								6,
								0
							],
							"size": [
								2,
								18,
								2
							],
							"uv": [
								319,
								663
							]
						},
						{
							"origin": [
								-25,
								4,
								-4
							],
							"size": [
								2,
								2,
								10
							],
							"uv": [
								312,
								668
							]
						}
					]
				},
				{
					"name": "steering_wheel",
					"pivot": [
						10,
						16.19932,
						-47.2049
					],
					"rotation": [
						40,
						0,
						0
					],
					"cubes": [
						{
							"origin": [
								9,
								21.19932,
								-46.7049
							],
							"size": [
								2,
								1,
								1
							],
							"uv": [
								56,
								942
							]
						},
						{
							"origin": [
								11,
								20.19932,
								-46.7049
							],
							"size": [
								2,
								1,
								1
							],
							"uv": [
								56,
								944
							]
						},
						{
							"origin": [
								7,
								20.19932,
								-46.7049
							],
							"size": [
								2,
								1,
								1
							],
							"uv": [
								62,
								942
							]
						},
						{
							"origin": [
								14,
								17.19932,
								-46.7049
							],
							"size": [
								1,
								2,
								1
							],
							"uv": [
								74,
								942
							]
						},
						{
							"origin": [
								13,
								19.19932,
								-46.7049
							],
							"size": [
								1,
								1,
								1
							],
							"uv": [
								94,
								942
							]
						},
						{
							"origin": [
								5,
								15.19932,
								-46.7049
							],
							"size": [
								11,
								2,
								1
							],
							"uv": [
								8,
								891
							]
						},
						{
							"origin": [
								9,
								15.19932,
								-48.7049
							],
							"size": [
								2,
								2,
								2
							],
							"uv": [
								96,
								938
							]
						},
						{
							"origin": [
								6,
								19.19932,
								-46.7049
							],
							"size": [
								1,
								1,
								1
							],
							"uv": [
								90,
								945
							]
						},
						{
							"origin": [
								5,
								17.19932,
								-46.7049
							],
							"size": [
								1,
								2,
								1
							],
							"uv": [
								78,
								942
							]
						},
						{
							"origin": [
								4,
								15.19932,
								-46.7049
							],
							"size": [
								1,
								2,
								1
							],
							"uv": [
								82,
								942
							]
						},
						{
							"origin": [
								5,
								13.19932,
								-46.7049
							],
							"size": [
								1,
								2,
								1
							],
							"uv": [
								86,
								942
							]
						},
						{
							"origin": [
								7,
								11.19932,
								-46.7049
							],
							"size": [
								2,
								1,
								1
							],
							"uv": [
								62,
								944
							]
						},
						{
							"origin": [
								6,
								12.19932,
								-46.7049
							],
							"size": [
								1,
								1,
								1
							],
							"uv": [
								98,
								942
							]
						},
						{
							"origin": [
								9,
								10.19932,
								-46.7049
							],
							"size": [
								2,
								1,
								1
							],
							"uv": [
								68,
								944
							]
						},
						{
							"origin": [
								11,
								11.19932,
								-46.7049
							],
							"size": [
								2,
								1,
								1
							],
							"uv": [
								68,
								942
							]
						},
						{
							"origin": [
								13,
								12.19932,
								-46.7049
							],
							"size": [
								1,
								1,
								1
							],
							"uv": [
								94,
								944
							]
						},
						{
							"origin": [
								14,
								13.19932,
								-46.7049
							],
							"size": [
								1,
								2,
								1
							],
							"uv": [
								90,
								942
							]
						}
					]
				},
				{
					"name": "upper_body",
					"pivot": [
						-24,
						28,
						-18
					],
					"cubes": [
						{
							"origin": [
								-25,
								36,
								-56
							],
							"size": [
								2,
								20,
								136
							],
							"uv": [
								354,
								0
							]
						},
						{
							"origin": [
								-23,
								40,
								-56
							],
							"size": [
								44,
								16,
								2
							],
							"uv": [
								100,
								627
							]
						},
						{
							"origin": [
								21,
								36,
								-56
							],
							"size": [
								2,
								20,
								136
							],
							"uv": [
								0,
								156
							]
						},
						{
							"origin": [
								-23,
								40,
								70
							],
							"size": [
								44,
								16,
								10
							],
							"uv": [
								200,
								530
							]
						},
						{
							"origin": [
								-25,
								56,
								68
							],
							"size": [
								48,
								21,
								12
							],
							"uv": [
								256,
								484
							]
						},
						{
							"origin": [
								-25,
								77,
								-49
							],
							"size": [
								48,
								2,
								129
							],
							"uv": [
								0,
								0
							]
						},
						{
							"origin": [
								21,
								72,
								-49
							],
							"size": [
								2,
								5,
								117
							],
							"uv": [
								276,
								156
							]
						},
						{
							"origin": [
								-23,
								71,
								-51
							],
							"size": [
								44,
								8,
								2
							],
							"pivot": [
								-1,
								71,
								-50
							],
							"rotation": [
								-15,
								0,
								0
							],
							"uv": [
								276,
								627
							]
						},
						{
							"origin": [
								21,
								55,
								-51
							],
							"size": [
								2,
								24,
								2
							],
							"pivot": [
								-1,
								71,
								-50
							],
							"rotation": [
								-15,
								0,
								0
							],
							"uv": [
								218,
								833
							]
						},
						{
							"origin": [
								-25,
								55,
								-51
							],
							"size": [
								2,
								24,
								2
							],
							"pivot": [
								-1,
								71,
								-50
							],
							"rotation": [
								-15,
								0,
								0
							],
							"uv": [
								0,
								869
							]
						},
						{
							"origin": [
								-23,
								55,
								-51
							],
							"size": [
								44,
								16,
								0
							],
							"pivot": [
								-1,
								71,
								-50
							],
							"rotation": [
								-15,
								0,
								0
							],
							"uv": [
								381,
								780
							]
						},
						{
							"origin": [
								-25,
								56,
								-8
							],
							"size": [
								2,
								16,
								2
							],
							"uv": [
								62,
								869
							]
						},
						{
							"origin": [
								21,
								56,
								31
							],
							"size": [
								2,
								16,
								2
							],
							"uv": [
								54,
								869
							]
						},
						{
							"origin": [
								-25,
								56,
								31
							],
							"size": [
								2,
								16,
								2
							],
							"uv": [
								32,
								873
							]
						},
						{
							"origin": [
								21,
								56,
								-8
							],
							"size": [
								2,
								16,
								2
							],
							"uv": [
								70,
								869
							]
						},
						{
							"origin": [
								22,
								56,
								-55
							],
							"size": [
								0,
								16,
								123
							],
							"uv": [
								381,
								640
							]
						},
						{
							"origin": [
								-24,
								56,
								-55
							],
							"size": [
								0,
								16,
								123
							],
							"uv": [
								381,
								640
							]
						},
						{
							"origin": [
								-25,
								72,
								-49
							],
							"size": [
								2,
								5,
								117
							],
							"uv": [
								0,
								312
							]
						},
						{
							"origin": [
								21,
								20,
								-19
							],
							"size": [
								2,
								55,
								4
							],
							"pivot": [
								22,
								30,
								-18
							],
							"rotation": [
								20,
								0,
								0
							],
							"uv": [
								44,
								733
							]
						},
						{
							"origin": [
								-25,
								20,
								-19
							],
							"size": [
								2,
								55,
								4
							],
							"pivot": [
								-24,
								28,
								-18
							],
							"rotation": [
								20,
								0,
								0
							],
							"uv": [
								56,
								733
							]
						}
					]
				},
				{
					"name": "chair_upper",
					"parent": "upper_body",
					"pivot": [
						0,
						0,
						0
					],
					"cubes": [
						{
							"origin": [
								-20,
								46,
								54
							],
							"size": [
								38,
								16,
								4
							],
							"uv": [
								192,
								627
							]
						},
						{
							"origin": [
								-20,
								42,
								46
							],
							"size": [
								38,
								4,
								12
							],
							"uv": [
								392,
								588
							]
						},
						{
							"origin": [
								4,
								42,
								23
							],
							"size": [
								14,
								4,
								12
							],
							"uv": [
								68,
								733
							]
						},
						{
							"origin": [
								4,
								46,
								31
							],
							"size": [
								14,
								16,
								4
							],
							"uv": [
								236,
								792
							]
						},
						{
							"origin": [
								4,
								46,
								4
							],
							"size": [
								14,
								16,
								4
							],
							"uv": [
								344,
								792
							]
						},
						{
							"origin": [
								4,
								42,
								-4
							],
							"size": [
								14,
								4,
								12
							],
							"uv": [
								120,
								733
							]
						},
						{
							"origin": [
								5,
								46,
								-23
							],
							"size": [
								14,
								16,
								4
							],
							"uv": [
								272,
								792
							]
						},
						{
							"origin": [
								5,
								42,
								-31
							],
							"size": [
								14,
								4,
								12
							],
							"uv": [
								68,
								749
							]
						},
						{
							"origin": [
								-19,
								42,
								-31
							],
							"size": [
								14,
								4,
								12
							],
							"uv": [
								68,
								765
							]
						},
						{
							"origin": [
								-19,
								46,
								-23
							],
							"size": [
								14,
								16,
								4
							],
							"uv": [
								308,
								792
							]
						}
					]
				},
				{
					"name": "wheel0",
					"pivot": [
						0,
						7.4641,
						-22.1
					],
					"cubes": [
						{
							"origin": [
								-25,
								0,
								-24.1
							],
							"size": [
								4,
								3,
								4
							],
							"uv": [
								128,
								909
							]
						},
						{
							"origin": [
								19,
								0,
								-24.1
							],
							"size": [
								4,
								3,
								4
							],
							"uv": [
								192,
								902
							]
						},
						{
							"origin": [
								-25,
								11.9282,
								-24.1
							],
							"size": [
								4,
								3,
								4
							],
							"uv": [
								16,
								909
							]
						},
						{
							"origin": [
								19,
								11.9282,
								-24.1
							],
							"size": [
								4,
								3,
								4
							],
							"uv": [
								240,
								902
							]
						},
						{
							"origin": [
								-25,
								5.4641,
								-29.5641
							],
							"size": [
								4,
								4,
								3
							],
							"uv": [
								284,
								909
							]
						},
						{
							"origin": [
								19,
								5.4641,
								-29.5641
							],
							"size": [
								4,
								4,
								3
							],
							"uv": [
								256,
								909
							]
						},
						{
							"origin": [
								-25,
								5.4641,
								-17.6359
							],
							"size": [
								4,
								4,
								3
							],
							"uv": [
								298,
								909
							]
						},
						{
							"origin": [
								-24,
								2.4641,
								-22.6359
							],
							"size": [
								3,
								10,
								1
							],
							"uv": [
								88,
								931
							]
						},
						{
							"origin": [
								19,
								2.4641,
								-22.6359
							],
							"size": [
								3,
								10,
								1
							],
							"uv": [
								88,
								931
							]
						},
						{
							"origin": [
								-25,
								5.4641,
								-22.6359
							],
							"size": [
								1,
								4,
								1
							],
							"uv": [
								52,
								942
							]
						},
						{
							"origin": [
								22,
								5.4641,
								-22.6359
							],
							"size": [
								1,
								4,
								1
							],
							"uv": [
								52,
								942
							]
						},
						{
							"origin": [
								-24,
								2.4641,
								-22.6359
							],
							"size": [
								3,
								10,
								1
							],
							"pivot": [
								-23,
								7.4641,
								-22.1359
							],
							"rotation": [
								27.5,
								0,
								0
							],
							"uv": [
								80,
								931
							]
						},
						{
							"origin": [
								19,
								2.4641,
								-22.6359
							],
							"size": [
								3,
								10,
								1
							],
							"pivot": [
								20,
								7.4641,
								-22.1359
							],
							"rotation": [
								27.5,
								0,
								0
							],
							"uv": [
								80,
								931
							]
						},
						{
							"origin": [
								-25,
								5.4641,
								-22.6359
							],
							"size": [
								1,
								4,
								1
							],
							"pivot": [
								-24,
								7.4641,
								-22.1359
							],
							"rotation": [
								27.5,
								0,
								0
							],
							"uv": [
								28,
								942
							]
						},
						{
							"origin": [
								22,
								5.4641,
								-22.6359
							],
							"size": [
								1,
								4,
								1
							],
							"pivot": [
								23,
								7.4641,
								-22.1359
							],
							"rotation": [
								27.5,
								0,
								0
							],
							"uv": [
								28,
								942
							]
						},
						{
							"origin": [
								-24,
								2.4641,
								-22.6359
							],
							"size": [
								3,
								10,
								1
							],
							"pivot": [
								-23,
								7.4641,
								-22.1359
							],
							"rotation": [
								55,
								0,
								0
							],
							"uv": [
								72,
								931
							]
						},
						{
							"origin": [
								19,
								2.4641,
								-22.6359
							],
							"size": [
								3,
								10,
								1
							],
							"pivot": [
								20,
								7.4641,
								-22.1359
							],
							"rotation": [
								55,
								0,
								0
							],
							"uv": [
								72,
								931
							]
						},
						{
							"origin": [
								-25,
								5.4641,
								-22.6359
							],
							"size": [
								1,
								4,
								1
							],
							"pivot": [
								-24,
								7.4641,
								-22.1359
							],
							"rotation": [
								55,
								0,
								0
							],
							"uv": [
								32,
								942
							]
						},
						{
							"origin": [
								22,
								5.4641,
								-22.6359
							],
							"size": [
								1,
								4,
								1
							],
							"pivot": [
								23,
								7.4641,
								-22.1359
							],
							"rotation": [
								55,
								0,
								0
							],
							"uv": [
								32,
								942
							]
						},
						{
							"origin": [
								-24,
								2.4641,
								-22.6359
							],
							"size": [
								3,
								10,
								1
							],
							"pivot": [
								-23,
								7.4641,
								-22.1359
							],
							"rotation": [
								82.5,
								0,
								0
							],
							"uv": [
								64,
								931
							]
						},
						{
							"origin": [
								19,
								2.4641,
								-22.6359
							],
							"size": [
								3,
								10,
								1
							],
							"pivot": [
								20,
								7.4641,
								-22.1359
							],
							"rotation": [
								82.5,
								0,
								0
							],
							"uv": [
								64,
								931
							]
						},
						{
							"origin": [
								-25,
								5.4641,
								-22.6359
							],
							"size": [
								1,
								4,
								1
							],
							"pivot": [
								-24,
								7.4641,
								-22.1359
							],
							"rotation": [
								82.5,
								0,
								0
							],
							"uv": [
								36,
								942
							]
						},
						{
							"origin": [
								22,
								5.4641,
								-22.6359
							],
							"size": [
								1,
								4,
								1
							],
							"pivot": [
								23,
								7.4641,
								-22.1359
							],
							"rotation": [
								82.5,
								0,
								0
							],
							"uv": [
								36,
								942
							]
						},
						{
							"origin": [
								-24,
								2.4641,
								-22.6359
							],
							"size": [
								3,
								10,
								1
							],
							"pivot": [
								-23,
								7.4641,
								-22.1359
							],
							"rotation": [
								110,
								0,
								0
							],
							"uv": [
								56,
								931
							]
						},
						{
							"origin": [
								19,
								2.4641,
								-22.6359
							],
							"size": [
								3,
								10,
								1
							],
							"pivot": [
								20,
								7.4641,
								-22.1359
							],
							"rotation": [
								110,
								0,
								0
							],
							"uv": [
								56,
								931
							]
						},
						{
							"origin": [
								-25,
								5.4641,
								-22.6359
							],
							"size": [
								1,
								4,
								1
							],
							"pivot": [
								-24,
								7.4641,
								-22.1359
							],
							"rotation": [
								110,
								0,
								0
							],
							"uv": [
								40,
								942
							]
						},
						{
							"origin": [
								22,
								5.4641,
								-22.6359
							],
							"size": [
								1,
								4,
								1
							],
							"pivot": [
								23,
								7.4641,
								-22.1359
							],
							"rotation": [
								110,
								0,
								0
							],
							"uv": [
								40,
								942
							]
						},
						{
							"origin": [
								-24,
								2.4641,
								-22.6359
							],
							"size": [
								3,
								10,
								1
							],
							"pivot": [
								-23,
								7.4641,
								-22.1359
							],
							"rotation": [
								137.5,
								0,
								0
							],
							"uv": [
								48,
								931
							]
						},
						{
							"origin": [
								19,
								2.4641,
								-22.6359
							],
							"size": [
								3,
								10,
								1
							],
							"pivot": [
								20,
								7.4641,
								-22.1359
							],
							"rotation": [
								137.5,
								0,
								0
							],
							"uv": [
								48,
								931
							]
						},
						{
							"origin": [
								-25,
								5.4641,
								-22.6359
							],
							"size": [
								1,
								4,
								1
							],
							"pivot": [
								-24,
								7.4641,
								-22.1359
							],
							"rotation": [
								137.5,
								0,
								0
							],
							"uv": [
								44,
								942
							]
						},
						{
							"origin": [
								22,
								5.4641,
								-22.6359
							],
							"size": [
								1,
								4,
								1
							],
							"pivot": [
								23,
								7.4641,
								-22.1359
							],
							"rotation": [
								137.5,
								0,
								0
							],
							"uv": [
								44,
								942
							]
						},
						{
							"origin": [
								-24,
								2.4641,
								-22.6359
							],
							"size": [
								3,
								10,
								1
							],
							"pivot": [
								-23,
								7.4641,
								-22.1359
							],
							"rotation": [
								157.5,
								0,
								0
							],
							"uv": [
								40,
								931
							]
						},
						{
							"origin": [
								19,
								2.4641,
								-22.6359
							],
							"size": [
								3,
								10,
								1
							],
							"pivot": [
								20,
								7.4641,
								-22.1359
							],
							"rotation": [
								157.5,
								0,
								0
							],
							"uv": [
								40,
								931
							]
						},
						{
							"origin": [
								-25,
								5.4641,
								-22.6359
							],
							"size": [
								1,
								4,
								1
							],
							"pivot": [
								-24,
								7.4641,
								-22.1359
							],
							"rotation": [
								157.5,
								0,
								0
							],
							"uv": [
								48,
								942
							]
						},
						{
							"origin": [
								22,
								5.4641,
								-22.6359
							],
							"size": [
								1,
								4,
								1
							],
							"pivot": [
								23,
								7.4641,
								-22.1359
							],
							"rotation": [
								157.5,
								0,
								0
							],
							"uv": [
								48,
								942
							]
						},
						{
							"origin": [
								19,
								5.4641,
								-17.6359
							],
							"size": [
								4,
								4,
								3
							],
							"uv": [
								270,
								909
							]
						},
						{
							"origin": [
								-25,
								0.93301,
								-20.61795
							],
							"size": [
								4,
								3,
								4
							],
							"pivot": [
								-23,
								1.43301,
								-18.61795
							],
							"rotation": [
								30,
								0,
								0
							],
							"uv": [
								112,
								909
							]
						},
						{
							"origin": [
								19,
								0.93301,
								-20.61795
							],
							"size": [
								4,
								3,
								4
							],
							"pivot": [
								21,
								1.43301,
								-18.61795
							],
							"rotation": [
								30,
								0,
								0
							],
							"uv": [
								336,
								902
							]
						},
						{
							"origin": [
								-25,
								10.99519,
								-27.58205
							],
							"size": [
								4,
								3,
								4
							],
							"pivot": [
								-23,
								13.49519,
								-25.58205
							],
							"rotation": [
								30,
								0,
								0
							],
							"uv": [
								32,
								909
							]
						},
						{
							"origin": [
								19,
								10.99519,
								-27.58205
							],
							"size": [
								4,
								3,
								4
							],
							"pivot": [
								21,
								13.49519,
								-25.58205
							],
							"rotation": [
								30,
								0,
								0
							],
							"uv": [
								256,
								902
							]
						},
						{
							"origin": [
								-25,
								0.93301,
								-27.58205
							],
							"size": [
								4,
								3,
								4
							],
							"pivot": [
								-23,
								1.43301,
								-25.58205
							],
							"rotation": [
								-30,
								0,
								0
							],
							"uv": [
								80,
								909
							]
						},
						{
							"origin": [
								19,
								0.93301,
								-27.58205
							],
							"size": [
								4,
								3,
								4
							],
							"pivot": [
								21,
								1.43301,
								-25.58205
							],
							"rotation": [
								-30,
								0,
								0
							],
							"uv": [
								304,
								902
							]
						},
						{
							"origin": [
								-25,
								10.99519,
								-20.61795
							],
							"size": [
								4,
								3,
								4
							],
							"pivot": [
								-23,
								13.49519,
								-18.61795
							],
							"rotation": [
								-30,
								0,
								0
							],
							"uv": [
								0,
								909
							]
						},
						{
							"origin": [
								19,
								10.99519,
								-20.61795
							],
							"size": [
								4,
								3,
								4
							],
							"pivot": [
								21,
								13.49519,
								-18.61795
							],
							"rotation": [
								-30,
								0,
								0
							],
							"uv": [
								224,
								902
							]
						},
						{
							"origin": [
								-25,
								3.48205,
								-18.06891
							],
							"size": [
								4,
								3,
								4
							],
							"pivot": [
								-23,
								3.98205,
								-16.06891
							],
							"rotation": [
								60,
								0,
								0
							],
							"uv": [
								96,
								909
							]
						},
						{
							"origin": [
								19,
								3.48205,
								-18.06891
							],
							"size": [
								4,
								3,
								4
							],
							"pivot": [
								21,
								3.98205,
								-16.06891
							],
							"rotation": [
								60,
								0,
								0
							],
							"uv": [
								320,
								902
							]
						},
						{
							"origin": [
								-25,
								8.44615,
								-30.13109
							],
							"size": [
								4,
								3,
								4
							],
							"pivot": [
								-23,
								10.94615,
								-28.13109
							],
							"rotation": [
								60,
								0,
								0
							],
							"uv": [
								48,
								909
							]
						},
						{
							"origin": [
								19,
								8.44615,
								-30.13109
							],
							"size": [
								4,
								3,
								4
							],
							"pivot": [
								21,
								10.94615,
								-28.13109
							],
							"rotation": [
								60,
								0,
								0
							],
							"uv": [
								272,
								902
							]
						},
						{
							"origin": [
								-25,
								3.48205,
								-30.13109
							],
							"size": [
								4,
								3,
								4
							],
							"pivot": [
								-23,
								3.98205,
								-28.13109
							],
							"rotation": [
								-60,
								0,
								0
							],
							"uv": [
								64,
								909
							]
						},
						{
							"origin": [
								19,
								3.48205,
								-30.13109
							],
							"size": [
								4,
								3,
								4
							],
							"pivot": [
								21,
								3.98205,
								-28.13109
							],
							"rotation": [
								-60,
								0,
								0
							],
							"uv": [
								288,
								902
							]
						},
						{
							"origin": [
								-25,
								8.44615,
								-18.06891
							],
							"size": [
								4,
								3,
								4
							],
							"pivot": [
								-23,
								10.94615,
								-16.06891
							],
							"rotation": [
								-60,
								0,
								0
							],
							"uv": [
								352,
								902
							]
						},
						{
							"origin": [
								19,
								8.44615,
								-18.06891
							],
							"size": [
								4,
								3,
								4
							],
							"pivot": [
								21,
								10.94615,
								-16.06891
							],
							"rotation": [
								-60,
								0,
								0
							],
							"uv": [
								208,
								902
							]
						}
					]
				},
				{
					"name": "wheel1",
					"pivot": [
						-23,
						7.4641,
						39.9
					],
					"cubes": [
						{
							"origin": [
								-25,
								0,
								37.9
							],
							"size": [
								4,
								3,
								4
							],
							"uv": [
								128,
								909
							]
						},
						{
							"origin": [
								19,
								0,
								37.9
							],
							"size": [
								4,
								3,
								4
							],
							"uv": [
								192,
								902
							]
						},
						{
							"origin": [
								-25,
								11.9282,
								37.9
							],
							"size": [
								4,
								3,
								4
							],
							"uv": [
								16,
								909
							]
						},
						{
							"origin": [
								19,
								11.9282,
								37.9
							],
							"size": [
								4,
								3,
								4
							],
							"uv": [
								240,
								902
							]
						},
						{
							"origin": [
								-25,
								5.4641,
								32.4359
							],
							"size": [
								4,
								4,
								3
							],
							"uv": [
								284,
								909
							]
						},
						{
							"origin": [
								19,
								5.4641,
								32.4359
							],
							"size": [
								4,
								4,
								3
							],
							"uv": [
								256,
								909
							]
						},
						{
							"origin": [
								-25,
								5.4641,
								44.3641
							],
							"size": [
								4,
								4,
								3
							],
							"uv": [
								298,
								909
							]
						},
						{
							"origin": [
								-24,
								2.4641,
								39.3641
							],
							"size": [
								3,
								10,
								1
							],
							"uv": [
								88,
								931
							]
						},
						{
							"origin": [
								19,
								2.4641,
								39.3641
							],
							"size": [
								3,
								10,
								1
							],
							"uv": [
								88,
								931
							]
						},
						{
							"origin": [
								-25,
								5.4641,
								39.3641
							],
							"size": [
								1,
								4,
								1
							],
							"uv": [
								52,
								942
							]
						},
						{
							"origin": [
								22,
								5.4641,
								39.3641
							],
							"size": [
								1,
								4,
								1
							],
							"uv": [
								52,
								942
							]
						},
						{
							"origin": [
								-24,
								2.4641,
								39.3641
							],
							"size": [
								3,
								10,
								1
							],
							"pivot": [
								-23,
								7.4641,
								39.8641
							],
							"rotation": [
								27.5,
								0,
								0
							],
							"uv": [
								80,
								931
							]
						},
						{
							"origin": [
								19,
								2.4641,
								39.3641
							],
							"size": [
								3,
								10,
								1
							],
							"pivot": [
								20,
								7.4641,
								39.8641
							],
							"rotation": [
								27.5,
								0,
								0
							],
							"uv": [
								80,
								931
							]
						},
						{
							"origin": [
								-25,
								5.4641,
								39.3641
							],
							"size": [
								1,
								4,
								1
							],
							"pivot": [
								-24,
								7.4641,
								39.8641
							],
							"rotation": [
								27.5,
								0,
								0
							],
							"uv": [
								28,
								942
							]
						},
						{
							"origin": [
								22,
								5.4641,
								39.3641
							],
							"size": [
								1,
								4,
								1
							],
							"pivot": [
								23,
								7.4641,
								39.8641
							],
							"rotation": [
								27.5,
								0,
								0
							],
							"uv": [
								28,
								942
							]
						},
						{
							"origin": [
								-24,
								2.4641,
								39.3641
							],
							"size": [
								3,
								10,
								1
							],
							"pivot": [
								-23,
								7.4641,
								39.8641
							],
							"rotation": [
								55,
								0,
								0
							],
							"uv": [
								72,
								931
							]
						},
						{
							"origin": [
								19,
								2.4641,
								39.3641
							],
							"size": [
								3,
								10,
								1
							],
							"pivot": [
								20,
								7.4641,
								39.8641
							],
							"rotation": [
								55,
								0,
								0
							],
							"uv": [
								72,
								931
							]
						},
						{
							"origin": [
								-25,
								5.4641,
								39.3641
							],
							"size": [
								1,
								4,
								1
							],
							"pivot": [
								-24,
								7.4641,
								39.8641
							],
							"rotation": [
								55,
								0,
								0
							],
							"uv": [
								32,
								942
							]
						},
						{
							"origin": [
								22,
								5.4641,
								39.3641
							],
							"size": [
								1,
								4,
								1
							],
							"pivot": [
								23,
								7.4641,
								39.8641
							],
							"rotation": [
								55,
								0,
								0
							],
							"uv": [
								32,
								942
							]
						},
						{
							"origin": [
								-24,
								2.4641,
								39.3641
							],
							"size": [
								3,
								10,
								1
							],
							"pivot": [
								-23,
								7.4641,
								39.8641
							],
							"rotation": [
								82.5,
								0,
								0
							],
							"uv": [
								64,
								931
							]
						},
						{
							"origin": [
								19,
								2.4641,
								39.3641
							],
							"size": [
								3,
								10,
								1
							],
							"pivot": [
								20,
								7.4641,
								39.8641
							],
							"rotation": [
								82.5,
								0,
								0
							],
							"uv": [
								64,
								931
							]
						},
						{
							"origin": [
								-25,
								5.4641,
								39.3641
							],
							"size": [
								1,
								4,
								1
							],
							"pivot": [
								-24,
								7.4641,
								39.8641
							],
							"rotation": [
								82.5,
								0,
								0
							],
							"uv": [
								36,
								942
							]
						},
						{
							"origin": [
								22,
								5.4641,
								39.3641
							],
							"size": [
								1,
								4,
								1
							],
							"pivot": [
								23,
								7.4641,
								39.8641
							],
							"rotation": [
								82.5,
								0,
								0
							],
							"uv": [
								36,
								942
							]
						},
						{
							"origin": [
								-24,
								2.4641,
								39.3641
							],
							"size": [
								3,
								10,
								1
							],
							"pivot": [
								-23,
								7.4641,
								39.8641
							],
							"rotation": [
								110,
								0,
								0
							],
							"uv": [
								56,
								931
							]
						},
						{
							"origin": [
								19,
								2.4641,
								39.3641
							],
							"size": [
								3,
								10,
								1
							],
							"pivot": [
								20,
								7.4641,
								39.8641
							],
							"rotation": [
								110,
								0,
								0
							],
							"uv": [
								56,
								931
							]
						},
						{
							"origin": [
								-25,
								5.4641,
								39.3641
							],
							"size": [
								1,
								4,
								1
							],
							"pivot": [
								-24,
								7.4641,
								39.8641
							],
							"rotation": [
								110,
								0,
								0
							],
							"uv": [
								40,
								942
							]
						},
						{
							"origin": [
								22,
								5.4641,
								39.3641
							],
							"size": [
								1,
								4,
								1
							],
							"pivot": [
								23,
								7.4641,
								39.8641
							],
							"rotation": [
								110,
								0,
								0
							],
							"uv": [
								40,
								942
							]
						},
						{
							"origin": [
								-24,
								2.4641,
								39.3641
							],
							"size": [
								3,
								10,
								1
							],
							"pivot": [
								-23,
								7.4641,
								39.8641
							],
							"rotation": [
								137.5,
								0,
								0
							],
							"uv": [
								48,
								931
							]
						},
						{
							"origin": [
								19,
								2.4641,
								39.3641
							],
							"size": [
								3,
								10,
								1
							],
							"pivot": [
								20,
								7.4641,
								39.8641
							],
							"rotation": [
								137.5,
								0,
								0
							],
							"uv": [
								48,
								931
							]
						},
						{
							"origin": [
								-25,
								5.4641,
								39.3641
							],
							"size": [
								1,
								4,
								1
							],
							"pivot": [
								-24,
								7.4641,
								39.8641
							],
							"rotation": [
								137.5,
								0,
								0
							],
							"uv": [
								44,
								942
							]
						},
						{
							"origin": [
								22,
								5.4641,
								39.3641
							],
							"size": [
								1,
								4,
								1
							],
							"pivot": [
								23,
								7.4641,
								39.8641
							],
							"rotation": [
								137.5,
								0,
								0
							],
							"uv": [
								44,
								942
							]
						},
						{
							"origin": [
								-24,
								2.4641,
								39.3641
							],
							"size": [
								3,
								10,
								1
							],
							"pivot": [
								-23,
								7.4641,
								39.8641
							],
							"rotation": [
								157.5,
								0,
								0
							],
							"uv": [
								40,
								931
							]
						},
						{
							"origin": [
								19,
								2.4641,
								39.3641
							],
							"size": [
								3,
								10,
								1
							],
							"pivot": [
								20,
								7.4641,
								39.8641
							],
							"rotation": [
								157.5,
								0,
								0
							],
							"uv": [
								40,
								931
							]
						},
						{
							"origin": [
								-25,
								5.4641,
								39.3641
							],
							"size": [
								1,
								4,
								1
							],
							"pivot": [
								-24,
								7.4641,
								39.8641
							],
							"rotation": [
								157.5,
								0,
								0
							],
							"uv": [
								48,
								942
							]
						},
						{
							"origin": [
								22,
								5.4641,
								39.3641
							],
							"size": [
								1,
								4,
								1
							],
							"pivot": [
								23,
								7.4641,
								39.8641
							],
							"rotation": [
								157.5,
								0,
								0
							],
							"uv": [
								48,
								942
							]
						},
						{
							"origin": [
								19,
								5.4641,
								44.3641
							],
							"size": [
								4,
								4,
								3
							],
							"uv": [
								270,
								909
							]
						},
						{
							"origin": [
								-25,
								0.93301,
								41.38205
							],
							"size": [
								4,
								3,
								4
							],
							"pivot": [
								-23,
								1.43301,
								43.38205
							],
							"rotation": [
								30,
								0,
								0
							],
							"uv": [
								112,
								909
							]
						},
						{
							"origin": [
								19,
								0.93301,
								41.38205
							],
							"size": [
								4,
								3,
								4
							],
							"pivot": [
								21,
								1.43301,
								43.38205
							],
							"rotation": [
								30,
								0,
								0
							],
							"uv": [
								336,
								902
							]
						},
						{
							"origin": [
								-25,
								10.99519,
								34.41795
							],
							"size": [
								4,
								3,
								4
							],
							"pivot": [
								-23,
								13.49519,
								36.41795
							],
							"rotation": [
								30,
								0,
								0
							],
							"uv": [
								32,
								909
							]
						},
						{
							"origin": [
								19,
								10.99519,
								34.41795
							],
							"size": [
								4,
								3,
								4
							],
							"pivot": [
								21,
								13.49519,
								36.41795
							],
							"rotation": [
								30,
								0,
								0
							],
							"uv": [
								256,
								902
							]
						},
						{
							"origin": [
								-25,
								0.93301,
								34.41795
							],
							"size": [
								4,
								3,
								4
							],
							"pivot": [
								-23,
								1.43301,
								36.41795
							],
							"rotation": [
								-30,
								0,
								0
							],
							"uv": [
								80,
								909
							]
						},
						{
							"origin": [
								19,
								0.93301,
								34.41795
							],
							"size": [
								4,
								3,
								4
							],
							"pivot": [
								21,
								1.43301,
								36.41795
							],
							"rotation": [
								-30,
								0,
								0
							],
							"uv": [
								304,
								902
							]
						},
						{
							"origin": [
								-25,
								10.99519,
								41.38205
							],
							"size": [
								4,
								3,
								4
							],
							"pivot": [
								-23,
								13.49519,
								43.38205
							],
							"rotation": [
								-30,
								0,
								0
							],
							"uv": [
								0,
								909
							]
						},
						{
							"origin": [
								19,
								10.99519,
								41.38205
							],
							"size": [
								4,
								3,
								4
							],
							"pivot": [
								21,
								13.49519,
								43.38205
							],
							"rotation": [
								-30,
								0,
								0
							],
							"uv": [
								224,
								902
							]
						},
						{
							"origin": [
								-25,
								3.48205,
								43.93109
							],
							"size": [
								4,
								3,
								4
							],
							"pivot": [
								-23,
								3.98205,
								45.93109
							],
							"rotation": [
								60,
								0,
								0
							],
							"uv": [
								96,
								909
							]
						},
						{
							"origin": [
								19,
								3.48205,
								43.93109
							],
							"size": [
								4,
								3,
								4
							],
							"pivot": [
								21,
								3.98205,
								45.93109
							],
							"rotation": [
								60,
								0,
								0
							],
							"uv": [
								320,
								902
							]
						},
						{
							"origin": [
								-25,
								8.44615,
								31.86891
							],
							"size": [
								4,
								3,
								4
							],
							"pivot": [
								-23,
								10.94615,
								33.86891
							],
							"rotation": [
								60,
								0,
								0
							],
							"uv": [
								48,
								909
							]
						},
						{
							"origin": [
								19,
								8.44615,
								31.86891
							],
							"size": [
								4,
								3,
								4
							],
							"pivot": [
								21,
								10.94615,
								33.86891
							],
							"rotation": [
								60,
								0,
								0
							],
							"uv": [
								272,
								902
							]
						},
						{
							"origin": [
								-25,
								3.48205,
								31.86891
							],
							"size": [
								4,
								3,
								4
							],
							"pivot": [
								-23,
								3.98205,
								33.86891
							],
							"rotation": [
								-60,
								0,
								0
							],
							"uv": [
								64,
								909
							]
						},
						{
							"origin": [
								19,
								3.48205,
								31.86891
							],
							"size": [
								4,
								3,
								4
							],
							"pivot": [
								21,
								3.98205,
								33.86891
							],
							"rotation": [
								-60,
								0,
								0
							],
							"uv": [
								288,
								902
							]
						},
						{
							"origin": [
								-25,
								8.44615,
								43.93109
							],
							"size": [
								4,
								3,
								4
							],
							"pivot": [
								-23,
								10.94615,
								45.93109
							],
							"rotation": [
								-60,
								0,
								0
							],
							"uv": [
								352,
								902
							]
						},
						{
							"origin": [
								19,
								8.44615,
								43.93109
							],
							"size": [
								4,
								3,
								4
							],
							"pivot": [
								21,
								10.94615,
								45.93109
							],
							"rotation": [
								-60,
								0,
								0
							],
							"uv": [
								208,
								902
							]
						}
					]
				},
				{
					"name": "wheel2",
					"pivot": [
						-23,
						7.4641,
						59.9
					],
					"cubes": [
						{
							"origin": [
								-25,
								0,
								57.9
							],
							"size": [
								4,
								3,
								4
							],
							"uv": [
								128,
								909
							]
						},
						{
							"origin": [
								19,
								0,
								57.9
							],
							"size": [
								4,
								3,
								4
							],
							"uv": [
								192,
								902
							]
						},
						{
							"origin": [
								-25,
								11.9282,
								57.9
							],
							"size": [
								4,
								3,
								4
							],
							"uv": [
								16,
								909
							]
						},
						{
							"origin": [
								19,
								11.9282,
								57.9
							],
							"size": [
								4,
								3,
								4
							],
							"uv": [
								240,
								902
							]
						},
						{
							"origin": [
								-25,
								5.4641,
								52.4359
							],
							"size": [
								4,
								4,
								3
							],
							"uv": [
								284,
								909
							]
						},
						{
							"origin": [
								19,
								5.4641,
								52.4359
							],
							"size": [
								4,
								4,
								3
							],
							"uv": [
								256,
								909
							]
						},
						{
							"origin": [
								-25,
								5.4641,
								64.3641
							],
							"size": [
								4,
								4,
								3
							],
							"uv": [
								298,
								909
							]
						},
						{
							"origin": [
								-24,
								2.4641,
								59.3641
							],
							"size": [
								3,
								10,
								1
							],
							"uv": [
								88,
								931
							]
						},
						{
							"origin": [
								19,
								2.4641,
								59.3641
							],
							"size": [
								3,
								10,
								1
							],
							"uv": [
								88,
								931
							]
						},
						{
							"origin": [
								-25,
								5.4641,
								59.3641
							],
							"size": [
								1,
								4,
								1
							],
							"uv": [
								52,
								942
							]
						},
						{
							"origin": [
								22,
								5.4641,
								59.3641
							],
							"size": [
								1,
								4,
								1
							],
							"uv": [
								52,
								942
							]
						},
						{
							"origin": [
								-24,
								2.4641,
								59.3641
							],
							"size": [
								3,
								10,
								1
							],
							"pivot": [
								-23,
								7.4641,
								59.8641
							],
							"rotation": [
								27.5,
								0,
								0
							],
							"uv": [
								80,
								931
							]
						},
						{
							"origin": [
								19,
								2.4641,
								59.3641
							],
							"size": [
								3,
								10,
								1
							],
							"pivot": [
								20,
								7.4641,
								59.8641
							],
							"rotation": [
								27.5,
								0,
								0
							],
							"uv": [
								80,
								931
							]
						},
						{
							"origin": [
								-25,
								5.4641,
								59.3641
							],
							"size": [
								1,
								4,
								1
							],
							"pivot": [
								-24,
								7.4641,
								59.8641
							],
							"rotation": [
								27.5,
								0,
								0
							],
							"uv": [
								28,
								942
							]
						},
						{
							"origin": [
								22,
								5.4641,
								59.3641
							],
							"size": [
								1,
								4,
								1
							],
							"pivot": [
								23,
								7.4641,
								59.8641
							],
							"rotation": [
								27.5,
								0,
								0
							],
							"uv": [
								28,
								942
							]
						},
						{
							"origin": [
								-24,
								2.4641,
								59.3641
							],
							"size": [
								3,
								10,
								1
							],
							"pivot": [
								-23,
								7.4641,
								59.8641
							],
							"rotation": [
								55,
								0,
								0
							],
							"uv": [
								72,
								931
							]
						},
						{
							"origin": [
								19,
								2.4641,
								59.3641
							],
							"size": [
								3,
								10,
								1
							],
							"pivot": [
								20,
								7.4641,
								59.8641
							],
							"rotation": [
								55,
								0,
								0
							],
							"uv": [
								72,
								931
							]
						},
						{
							"origin": [
								-25,
								5.4641,
								59.3641
							],
							"size": [
								1,
								4,
								1
							],
							"pivot": [
								-24,
								7.4641,
								59.8641
							],
							"rotation": [
								55,
								0,
								0
							],
							"uv": [
								32,
								942
							]
						},
						{
							"origin": [
								22,
								5.4641,
								59.3641
							],
							"size": [
								1,
								4,
								1
							],
							"pivot": [
								23,
								7.4641,
								59.8641
							],
							"rotation": [
								55,
								0,
								0
							],
							"uv": [
								32,
								942
							]
						},
						{
							"origin": [
								-24,
								2.4641,
								59.3641
							],
							"size": [
								3,
								10,
								1
							],
							"pivot": [
								-23,
								7.4641,
								59.8641
							],
							"rotation": [
								82.5,
								0,
								0
							],
							"uv": [
								64,
								931
							]
						},
						{
							"origin": [
								19,
								2.4641,
								59.3641
							],
							"size": [
								3,
								10,
								1
							],
							"pivot": [
								20,
								7.4641,
								59.8641
							],
							"rotation": [
								82.5,
								0,
								0
							],
							"uv": [
								64,
								931
							]
						},
						{
							"origin": [
								-25,
								5.4641,
								59.3641
							],
							"size": [
								1,
								4,
								1
							],
							"pivot": [
								-24,
								7.4641,
								59.8641
							],
							"rotation": [
								82.5,
								0,
								0
							],
							"uv": [
								36,
								942
							]
						},
						{
							"origin": [
								22,
								5.4641,
								59.3641
							],
							"size": [
								1,
								4,
								1
							],
							"pivot": [
								23,
								7.4641,
								59.8641
							],
							"rotation": [
								82.5,
								0,
								0
							],
							"uv": [
								36,
								942
							]
						},
						{
							"origin": [
								-24,
								2.4641,
								59.3641
							],
							"size": [
								3,
								10,
								1
							],
							"pivot": [
								-23,
								7.4641,
								59.8641
							],
							"rotation": [
								110,
								0,
								0
							],
							"uv": [
								56,
								931
							]
						},
						{
							"origin": [
								19,
								2.4641,
								59.3641
							],
							"size": [
								3,
								10,
								1
							],
							"pivot": [
								20,
								7.4641,
								59.8641
							],
							"rotation": [
								110,
								0,
								0
							],
							"uv": [
								56,
								931
							]
						},
						{
							"origin": [
								-25,
								5.4641,
								59.3641
							],
							"size": [
								1,
								4,
								1
							],
							"pivot": [
								-24,
								7.4641,
								59.8641
							],
							"rotation": [
								110,
								0,
								0
							],
							"uv": [
								40,
								942
							]
						},
						{
							"origin": [
								22,
								5.4641,
								59.3641
							],
							"size": [
								1,
								4,
								1
							],
							"pivot": [
								23,
								7.4641,
								59.8641
							],
							"rotation": [
								110,
								0,
								0
							],
							"uv": [
								40,
								942
							]
						},
						{
							"origin": [
								-24,
								2.4641,
								59.3641
							],
							"size": [
								3,
								10,
								1
							],
							"pivot": [
								-23,
								7.4641,
								59.8641
							],
							"rotation": [
								137.5,
								0,
								0
							],
							"uv": [
								48,
								931
							]
						},
						{
							"origin": [
								19,
								2.4641,
								59.3641
							],
							"size": [
								3,
								10,
								1
							],
							"pivot": [
								20,
								7.4641,
								59.8641
							],
							"rotation": [
								137.5,
								0,
								0
							],
							"uv": [
								48,
								931
							]
						},
						{
							"origin": [
								-25,
								5.4641,
								59.3641
							],
							"size": [
								1,
								4,
								1
							],
							"pivot": [
								-24,
								7.4641,
								59.8641
							],
							"rotation": [
								137.5,
								0,
								0
							],
							"uv": [
								44,
								942
							]
						},
						{
							"origin": [
								22,
								5.4641,
								59.3641
							],
							"size": [
								1,
								4,
								1
							],
							"pivot": [
								23,
								7.4641,
								59.8641
							],
							"rotation": [
								137.5,
								0,
								0
							],
							"uv": [
								44,
								942
							]
						},
						{
							"origin": [
								-24,
								2.4641,
								59.3641
							],
							"size": [
								3,
								10,
								1
							],
							"pivot": [
								-23,
								7.4641,
								59.8641
							],
							"rotation": [
								157.5,
								0,
								0
							],
							"uv": [
								40,
								931
							]
						},
						{
							"origin": [
								19,
								2.4641,
								59.3641
							],
							"size": [
								3,
								10,
								1
							],
							"pivot": [
								20,
								7.4641,
								59.8641
							],
							"rotation": [
								157.5,
								0,
								0
							],
							"uv": [
								40,
								931
							]
						},
						{
							"origin": [
								-25,
								5.4641,
								59.3641
							],
							"size": [
								1,
								4,
								1
							],
							"pivot": [
								-24,
								7.4641,
								59.8641
							],
							"rotation": [
								157.5,
								0,
								0
							],
							"uv": [
								48,
								942
							]
						},
						{
							"origin": [
								22,
								5.4641,
								59.3641
							],
							"size": [
								1,
								4,
								1
							],
							"pivot": [
								23,
								7.4641,
								59.8641
							],
							"rotation": [
								157.5,
								0,
								0
							],
							"uv": [
								48,
								942
							]
						},
						{
							"origin": [
								19,
								5.4641,
								64.3641
							],
							"size": [
								4,
								4,
								3
							],
							"uv": [
								270,
								909
							]
						},
						{
							"origin": [
								-25,
								0.93301,
								61.38205
							],
							"size": [
								4,
								3,
								4
							],
							"pivot": [
								-23,
								1.43301,
								63.38205
							],
							"rotation": [
								30,
								0,
								0
							],
							"uv": [
								112,
								909
							]
						},
						{
							"origin": [
								19,
								0.93301,
								61.38205
							],
							"size": [
								4,
								3,
								4
							],
							"pivot": [
								21,
								1.43301,
								63.38205
							],
							"rotation": [
								30,
								0,
								0
							],
							"uv": [
								336,
								902
							]
						},
						{
							"origin": [
								-25,
								10.99519,
								54.41795
							],
							"size": [
								4,
								3,
								4
							],
							"pivot": [
								-23,
								13.49519,
								56.41795
							],
							"rotation": [
								30,
								0,
								0
							],
							"uv": [
								32,
								909
							]
						},
						{
							"origin": [
								19,
								10.99519,
								54.41795
							],
							"size": [
								4,
								3,
								4
							],
							"pivot": [
								21,
								13.49519,
								56.41795
							],
							"rotation": [
								30,
								0,
								0
							],
							"uv": [
								256,
								902
							]
						},
						{
							"origin": [
								-25,
								0.93301,
								54.41795
							],
							"size": [
								4,
								3,
								4
							],
							"pivot": [
								-23,
								1.43301,
								56.41795
							],
							"rotation": [
								-30,
								0,
								0
							],
							"uv": [
								80,
								909
							]
						},
						{
							"origin": [
								19,
								0.93301,
								54.41795
							],
							"size": [
								4,
								3,
								4
							],
							"pivot": [
								21,
								1.43301,
								56.41795
							],
							"rotation": [
								-30,
								0,
								0
							],
							"uv": [
								304,
								902
							]
						},
						{
							"origin": [
								-25,
								10.99519,
								61.38205
							],
							"size": [
								4,
								3,
								4
							],
							"pivot": [
								-23,
								13.49519,
								63.38205
							],
							"rotation": [
								-30,
								0,
								0
							],
							"uv": [
								0,
								909
							]
						},
						{
							"origin": [
								19,
								10.99519,
								61.38205
							],
							"size": [
								4,
								3,
								4
							],
							"pivot": [
								21,
								13.49519,
								63.38205
							],
							"rotation": [
								-30,
								0,
								0
							],
							"uv": [
								224,
								902
							]
						},
						{
							"origin": [
								-25,
								3.48205,
								63.93109
							],
							"size": [
								4,
								3,
								4
							],
							"pivot": [
								-23,
								3.98205,
								65.93109
							],
							"rotation": [
								60,
								0,
								0
							],
							"uv": [
								96,
								909
							]
						},
						{
							"origin": [
								19,
								3.48205,
								63.93109
							],
							"size": [
								4,
								3,
								4
							],
							"pivot": [
								21,
								3.98205,
								65.93109
							],
							"rotation": [
								60,
								0,
								0
							],
							"uv": [
								320,
								902
							]
						},
						{
							"origin": [
								-25,
								8.44615,
								51.86891
							],
							"size": [
								4,
								3,
								4
							],
							"pivot": [
								-23,
								10.94615,
								53.86891
							],
							"rotation": [
								60,
								0,
								0
							],
							"uv": [
								48,
								909
							]
						},
						{
							"origin": [
								19,
								8.44615,
								51.86891
							],
							"size": [
								4,
								3,
								4
							],
							"pivot": [
								21,
								10.94615,
								53.86891
							],
							"rotation": [
								60,
								0,
								0
							],
							"uv": [
								272,
								902
							]
						},
						{
							"origin": [
								-25,
								3.48205,
								51.86891
							],
							"size": [
								4,
								3,
								4
							],
							"pivot": [
								-23,
								3.98205,
								53.86891
							],
							"rotation": [
								-60,
								0,
								0
							],
							"uv": [
								64,
								909
							]
						},
						{
							"origin": [
								19,
								3.48205,
								51.86891
							],
							"size": [
								4,
								3,
								4
							],
							"pivot": [
								21,
								3.98205,
								53.86891
							],
							"rotation": [
								-60,
								0,
								0
							],
							"uv": [
								288,
								902
							]
						},
						{
							"origin": [
								-25,
								8.44615,
								63.93109
							],
							"size": [
								4,
								3,
								4
							],
							"pivot": [
								-23,
								10.94615,
								65.93109
							],
							"rotation": [
								-60,
								0,
								0
							],
							"uv": [
								352,
								902
							]
						},
						{
							"origin": [
								19,
								8.44615,
								63.93109
							],
							"size": [
								4,
								3,
								4
							],
							"pivot": [
								21,
								10.94615,
								65.93109
							],
							"rotation": [
								-60,
								0,
								0
							],
							"uv": [
								208,
								902
							]
						}
					]
				},
				{
					"name": "wheeles",
					"pivot": [
						-2,
						2,
						-47
					],
					"cubes": [
						{
							"origin": [
								17,
								2,
								52
							],
							"size": [
								6,
								20,
								16
							],
							"uv": [
								262,
								647
							]
						},
						{
							"origin": [
								17,
								2,
								32
							],
							"size": [
								6,
								20,
								16
							],
							"uv": [
								0,
								697
							]
						},
						{
							"origin": [
								-25,
								2,
								52
							],
							"size": [
								6,
								20,
								16
							],
							"uv": [
								218,
								647
							]
						},
						{
							"origin": [
								-25,
								2,
								32
							],
							"size": [
								6,
								20,
								16
							],
							"uv": [
								44,
								697
							]
						},
						{
							"origin": [
								-25,
								2,
								-30
							],
							"size": [
								6,
								20,
								16
							],
							"uv": [
								132,
								697
							]
						},
						{
							"origin": [
								17,
								2,
								-30
							],
							"size": [
								6,
								20,
								16
							],
							"uv": [
								88,
								697
							]
						}
					]
				}
			]
		}
	]
}