{
	"format_version": "1.12.0",
	"minecraft:geometry": [
		{
			"description": {
				"identifier": "geometry.hafei_zhongyi",
				"texture_width": 512,
				"texture_height": 512,
				"visible_bounds_width": 5,
				"visible_bounds_height": 3.5,
				"visible_bounds_offset": [
					0,
					1.25,
					0
				]
			},
			"bones": [
				{
					"name": "body",
					"pivot": [
						0,
						2,
						0
					],
					"cubes": [
						{
							"origin": [
								-19,
								4,
								18
							],
							"size": [
								38,
								6,
								7
							],
							"uv": [
								0,
								108
							]
						},
						{
							"origin": [
								-14,
								4,
								5
							],
							"size": [
								28,
								6,
								13
							],
							"uv": [
								90,
								108
							]
						},
						{
							"origin": [
								-19,
								4,
								2
							],
							"size": [
								38,
								3,
								4
							],
							"uv": [
								80,
								127
							]
						},
						{
							"origin": [
								-17,
								5,
								11
							],
							"size": [
								35,
								2,
								2
							],
							"uv": [
								0,
								170
							]
						},
						{
							"origin": [
								-19,
								7,
								2
							],
							"size": [
								5,
								6,
								4
							],
							"uv": [
								56,
								267
							]
						},
						{
							"origin": [
								14,
								7,
								2
							],
							"size": [
								5,
								6,
								4
							],
							"uv": [
								38,
								267
							]
						},
						{
							"origin": [
								-18,
								4,
								-10
							],
							"size": [
								36,
								3,
								12
							],
							"uv": [
								100,
								72
							]
						},
						{
							"origin": [
								-19,
								4,
								-36
							],
							"size": [
								38,
								4,
								14
							],
							"uv": [
								100,
								54
							]
						},
						{
							"origin": [
								18,
								8,
								-31
							],
							"size": [
								1,
								12,
								9
							],
							"uv": [
								48,
								246
							]
						},
						{
							"origin": [
								19,
								18,
								-35
							],
							"size": [
								1,
								2,
								1
							],
							"uv": [
								80,
								322
							]
						},
						{
							"origin": [
								-20,
								18,
								-35
							],
							"size": [
								1,
								2,
								1
							],
							"uv": [
								80,
								319
							]
						},
						{
							"origin": [
								19.82899,
								18,
								-35.03015
							],
							"size": [
								6,
								4,
								1
							],
							"pivot": [
								19.82899,
								19,
								-34.53015
							],
							"rotation": [
								0,
								-20,
								0
							],
							"uv": [
								28,
								300
							]
						},
						{
							"origin": [
								-25.82899,
								18,
								-35.03015
							],
							"size": [
								6,
								4,
								1
							],
							"pivot": [
								-19.82899,
								19,
								-34.53015
							],
							"rotation": [
								0,
								20,
								0
							],
							"uv": [
								14,
								305
							]
						},
						{
							"origin": [
								-19,
								8,
								-31
							],
							"size": [
								1,
								12,
								9
							],
							"uv": [
								28,
								246
							]
						},
						{
							"origin": [
								18,
								10,
								18
							],
							"size": [
								1,
								10,
								7
							],
							"uv": [
								0,
								267
							]
						},
						{
							"origin": [
								-19,
								10,
								18
							],
							"size": [
								1,
								10,
								7
							],
							"uv": [
								154,
								246
							]
						},
						{
							"origin": [
								-19,
								13,
								-22
							],
							"size": [
								1,
								7,
								10
							],
							"uv": [
								68,
								246
							]
						},
						{
							"origin": [
								18,
								13,
								-22
							],
							"size": [
								1,
								7,
								9
							],
							"uv": [
								134,
								246
							]
						},
						{
							"origin": [
								-19,
								13,
								2
							],
							"size": [
								1,
								7,
								16
							],
							"uv": [
								34,
								200
							]
						},
						{
							"origin": [
								-19,
								19,
								4
							],
							"size": [
								1,
								3,
								20
							],
							"pivot": [
								-18.5,
								21,
								3
							],
							"rotation": [
								7.5,
								0,
								0
							],
							"uv": [
								42,
								177
							]
						},
						{
							"origin": [
								18,
								19,
								4
							],
							"size": [
								1,
								3,
								20
							],
							"pivot": [
								-18.5,
								21,
								3
							],
							"rotation": [
								7.5,
								0,
								0
							],
							"uv": [
								0,
								177
							]
						},
						{
							"origin": [
								18,
								23.41901,
								18.90699
							],
							"size": [
								1,
								9,
								4
							],
							"inflate": 0.001,
							"pivot": [
								18.5,
								22.91901,
								21.40699
							],
							"rotation": [
								-12.5,
								0,
								0
							],
							"uv": [
								42,
								286
							]
						},
						{
							"origin": [
								-19,
								23.41901,
								18.90699
							],
							"size": [
								1,
								9,
								4
							],
							"inflate": 0.001,
							"pivot": [
								18.5,
								22.91901,
								21.40699
							],
							"rotation": [
								-12.5,
								0,
								0
							],
							"uv": [
								32,
								286
							]
						},
						{
							"origin": [
								-19,
								17,
								9
							],
							"size": [
								1,
								2,
								14
							],
							"pivot": [
								-18.5,
								21,
								3
							],
							"rotation": [
								7.5,
								0,
								0
							],
							"uv": [
								94,
								228
							]
						},
						{
							"origin": [
								18,
								17,
								9
							],
							"size": [
								1,
								2,
								14
							],
							"pivot": [
								-18.5,
								21,
								3
							],
							"rotation": [
								7.5,
								0,
								0
							],
							"uv": [
								64,
								228
							]
						},
						{
							"origin": [
								18,
								13,
								2
							],
							"size": [
								1,
								7,
								16
							],
							"uv": [
								0,
								200
							]
						},
						{
							"origin": [
								4,
								4,
								-22
							],
							"size": [
								12,
								9,
								12
							],
							"uv": [
								182,
								156
							]
						},
						{
							"origin": [
								-10,
								7,
								-2
							],
							"size": [
								28,
								6,
								7
							],
							"uv": [
								154,
								143
							]
						},
						{
							"origin": [
								-4,
								4,
								-22
							],
							"size": [
								8,
								10,
								12
							],
							"uv": [
								144,
								177
							]
						},
						{
							"origin": [
								0,
								13,
								-22
							],
							"size": [
								2,
								6,
								2
							],
							"uv": [
								72,
								310
							]
						},
						{
							"origin": [
								-4,
								8,
								-34
							],
							"size": [
								8,
								6,
								12
							],
							"uv": [
								184,
								177
							]
						},
						{
							"origin": [
								-16,
								4,
								-22
							],
							"size": [
								12,
								9,
								12
							],
							"uv": [
								134,
								156
							]
						},
						{
							"origin": [
								-19,
								4,
								-22
							],
							"size": [
								3,
								9,
								12
							],
							"inflate": 0.25,
							"uv": [
								150,
								200
							]
						},
						{
							"origin": [
								-19,
								4,
								6
							],
							"size": [
								3,
								9,
								12
							],
							"inflate": 0.25,
							"uv": [
								150,
								200
							]
						},
						{
							"origin": [
								16,
								4,
								-22
							],
							"size": [
								3,
								9,
								12
							],
							"inflate": 0.25,
							"uv": [
								120,
								200
							]
						},
						{
							"origin": [
								16,
								4,
								6
							],
							"size": [
								3,
								9,
								12
							],
							"inflate": 0.25,
							"uv": [
								120,
								200
							]
						},
						{
							"origin": [
								4,
								12,
								-14
							],
							"size": [
								12,
								11,
								2
							],
							"pivot": [
								1.33333,
								18.33333,
								-8
							],
							"rotation": [
								-10,
								0,
								0
							],
							"uv": [
								0,
								246
							]
						},
						{
							"origin": [
								-10,
								15,
								4
							],
							"size": [
								28,
								10,
								2
							],
							"pivot": [
								1.33333,
								18.33333,
								-8
							],
							"rotation": [
								-10,
								0,
								0
							],
							"uv": [
								74,
								156
							]
						},
						{
							"origin": [
								-16,
								12,
								-14
							],
							"size": [
								12,
								11,
								2
							],
							"pivot": [
								1.33333,
								18.33333,
								-8
							],
							"rotation": [
								-10,
								0,
								0
							],
							"uv": [
								160,
								228
							]
						},
						{
							"origin": [
								16,
								17,
								-36
							],
							"size": [
								3,
								3,
								5
							],
							"uv": [
								16,
								286
							]
						},
						{
							"origin": [
								-19,
								17,
								-36
							],
							"size": [
								3,
								3,
								5
							],
							"uv": [
								0,
								286
							]
						},
						{
							"origin": [
								-16,
								19,
								-36
							],
							"size": [
								32,
								1,
								0
							],
							"uv": [
								0,
								414
							]
						},
						{
							"origin": [
								-16,
								17,
								-36
							],
							"size": [
								32,
								2,
								5
							],
							"uv": [
								224,
								143
							]
						},
						{
							"origin": [
								-19,
								8,
								-36
							],
							"size": [
								38,
								9,
								5
							],
							"uv": [
								172,
								108
							]
						},
						{
							"origin": [
								-15,
								4,
								-39
							],
							"size": [
								30,
								4,
								3
							],
							"uv": [
								84,
								134
							]
						},
						{
							"origin": [
								-14,
								10,
								-39
							],
							"size": [
								28,
								2,
								2
							],
							"uv": [
								84,
								177
							]
						},
						{
							"origin": [
								-14,
								8,
								-39
							],
							"size": [
								2,
								2,
								2
							],
							"uv": [
								58,
								319
							]
						},
						{
							"origin": [
								12,
								8,
								-39
							],
							"size": [
								2,
								2,
								2
							],
							"uv": [
								50,
								319
							]
						},
						{
							"origin": [
								-19,
								4,
								25
							],
							"size": [
								38,
								4,
								1
							],
							"uv": [
								76,
								143
							]
						},
						{
							"origin": [
								-19,
								18.98933,
								-32.30934
							],
							"size": [
								1,
								9,
								3
							],
							"pivot": [
								-18.5,
								27.98933,
								-32.30934
							],
							"rotation": [
								-25,
								0,
								0
							],
							"uv": [
								100,
								286
							]
						},
						{
							"origin": [
								-18,
								18.98933,
								-32.30934
							],
							"size": [
								36,
								9,
								0
							],
							"pivot": [
								-17.5,
								27.98933,
								-32.30934
							],
							"rotation": [
								-25,
								0,
								0
							],
							"uv": [
								0,
								403
							]
						},
						{
							"origin": [
								-18,
								26.60194,
								-29.90909
							],
							"size": [
								36,
								6,
								0
							],
							"pivot": [
								1,
								31.10194,
								-28.90909
							],
							"rotation": [
								-35,
								0,
								0
							],
							"uv": [
								0,
								395
							]
						},
						{
							"origin": [
								-19,
								26.60194,
								-29.90909
							],
							"size": [
								1,
								11,
								3
							],
							"pivot": [
								0,
								31.10194,
								-28.90909
							],
							"rotation": [
								-35,
								0,
								0
							],
							"uv": [
								60,
								286
							]
						},
						{
							"origin": [
								-1,
								33.98933,
								-32.30934
							],
							"size": [
								2,
								5,
								1
							],
							"pivot": [
								0.5,
								27.98933,
								-32.30934
							],
							"rotation": [
								-35,
								0,
								0
							],
							"uv": [
								44,
								319
							]
						},
						{
							"origin": [
								1,
								33.98933,
								-32.30934
							],
							"size": [
								17,
								5,
								1
							],
							"pivot": [
								2.5,
								27.98933,
								-32.30934
							],
							"rotation": [
								-35,
								0,
								0
							],
							"uv": [
								124,
								234
							]
						},
						{
							"origin": [
								-18,
								33.98933,
								-32.30934
							],
							"size": [
								17,
								5,
								1
							],
							"pivot": [
								-16.5,
								27.98933,
								-32.30934
							],
							"rotation": [
								-35,
								0,
								0
							],
							"uv": [
								124,
								228
							]
						},
						{
							"origin": [
								-19,
								20,
								23
							],
							"size": [
								1,
								17,
								2
							],
							"uv": [
								98,
								267
							]
						},
						{
							"origin": [
								-18,
								20,
								23
							],
							"size": [
								2,
								14,
								2
							],
							"uv": [
								112,
								267
							]
						},
						{
							"origin": [
								16,
								20,
								23
							],
							"size": [
								2,
								14,
								2
							],
							"uv": [
								104,
								267
							]
						},
						{
							"origin": [
								-18,
								34,
								-26
							],
							"size": [
								36,
								3,
								51
							],
							"uv": [
								0,
								0
							]
						},
						{
							"origin": [
								-16,
								20,
								24
							],
							"size": [
								32,
								14,
								0
							],
							"uv": [
								0,
								156
							]
						},
						{
							"origin": [
								-19,
								32,
								-26
							],
							"size": [
								1,
								5,
								49
							],
							"uv": [
								0,
								54
							]
						},
						{
							"origin": [
								18,
								32,
								-26
							],
							"size": [
								1,
								5,
								49
							],
							"uv": [
								174,
								0
							]
						},
						{
							"origin": [
								-19,
								20,
								2
							],
							"size": [
								1,
								12,
								2
							],
							"uv": [
								94,
								286
							]
						},
						{
							"origin": [
								-19,
								20,
								-15
							],
							"size": [
								1,
								12,
								2
							],
							"uv": [
								88,
								286
							]
						},
						{
							"origin": [
								18,
								20,
								2
							],
							"size": [
								1,
								12,
								2
							],
							"uv": [
								82,
								286
							]
						},
						{
							"origin": [
								18,
								20,
								-15
							],
							"size": [
								1,
								12,
								2
							],
							"uv": [
								76,
								286
							]
						},
						{
							"origin": [
								18,
								18.98933,
								-32.30934
							],
							"size": [
								1,
								9,
								3
							],
							"pivot": [
								-18.5,
								27.98933,
								-32.30934
							],
							"rotation": [
								-25,
								0,
								0
							],
							"uv": [
								68,
								286
							]
						},
						{
							"origin": [
								18.5,
								19.98933,
								-29.30934
							],
							"size": [
								0,
								8,
								1
							],
							"pivot": [
								-19.5,
								27.98933,
								-31.30934
							],
							"rotation": [
								-25,
								0,
								0
							],
							"uv": [
								146,
								280
							]
						},
						{
							"origin": [
								-18.5,
								19.98933,
								-29.30934
							],
							"size": [
								0,
								8,
								1
							],
							"pivot": [
								-55.5,
								27.98933,
								-31.30934
							],
							"rotation": [
								-25,
								0,
								0
							],
							"uv": [
								146,
								280
							]
						},
						{
							"origin": [
								18,
								26.60194,
								-29.90909
							],
							"size": [
								1,
								11,
								3
							],
							"pivot": [
								0,
								31.10194,
								-28.90909
							],
							"rotation": [
								-35,
								0,
								0
							],
							"uv": [
								52,
								286
							]
						},
						{
							"origin": [
								18.5,
								26.60194,
								-26.90909
							],
							"size": [
								0,
								7,
								1
							],
							"pivot": [
								-1,
								31.10194,
								-27.90909
							],
							"rotation": [
								-35,
								0,
								0
							],
							"uv": [
								146,
								280
							]
						},
						{
							"origin": [
								-18.5,
								26.60194,
								-26.90909
							],
							"size": [
								0,
								7,
								1
							],
							"pivot": [
								-37,
								31.10194,
								-27.90909
							],
							"rotation": [
								-35,
								0,
								0
							],
							"uv": [
								146,
								280
							]
						},
						{
							"origin": [
								18,
								20,
								23
							],
							"size": [
								1,
								17,
								2
							],
							"uv": [
								92,
								267
							]
						},
						{
							"origin": [
								-18,
								10,
								23
							],
							"size": [
								36,
								10,
								2
							],
							"uv": [
								164,
								127
							]
						},
						{
							"origin": [
								-18,
								12,
								-33
							],
							"size": [
								36,
								7,
								2
							],
							"pivot": [
								0,
								19,
								-32
							],
							"rotation": [
								30,
								0,
								0
							],
							"uv": [
								0,
								143
							]
						},
						{
							"origin": [
								9,
								15,
								-32
							],
							"size": [
								2,
								2,
								2
							],
							"pivot": [
								0,
								19,
								-32
							],
							"rotation": [
								30,
								0,
								0
							],
							"uv": [
								34,
								321
							]
						}
					]
				},
				{
					"name": "pane",
					"parent": "body",
					"pivot": [
						-36,
						-5,
						0
					],
					"cubes": [
						{
							"origin": [
								18.5,
								20,
								-32
							],
							"size": [
								0,
								12,
								55
							],
							"uv": [
								0,
								326
							]
						},
						{
							"origin": [
								-18.5,
								20,
								-32
							],
							"size": [
								0,
								12,
								55
							],
							"uv": [
								0,
								326
							]
						}
					]
				},
				{
					"name": "door3",
					"parent": "body",
					"pivot": [
						-18.5,
						21,
						3
					],
					"cubes": [
						{
							"origin": [
								-19,
								4,
								-10
							],
							"size": [
								1,
								16,
								12
							],
							"uv": [
								68,
								200
							]
						},
						{
							"origin": [
								-19,
								13,
								-12
							],
							"size": [
								1,
								7,
								2
							],
							"uv": [
								80,
								310
							]
						},
						{
							"origin": [
								-19,
								19,
								-13
							],
							"size": [
								1,
								3,
								15
							],
							"inflate": -0.005,
							"pivot": [
								-18.5,
								21,
								3
							],
							"rotation": [
								7.5,
								0,
								0
							],
							"uv": [
								32,
								228
							]
						}
					]
				},
				{
					"name": "door2",
					"parent": "body",
					"pivot": [
						18.5,
						16.33333,
						-12
					],
					"cubes": [
						{
							"origin": [
								18,
								4,
								-10
							],
							"size": [
								1,
								16,
								12
							],
							"uv": [
								94,
								200
							]
						},
						{
							"origin": [
								18,
								13,
								-13
							],
							"size": [
								1,
								7,
								3
							],
							"uv": [
								42,
								300
							]
						},
						{
							"origin": [
								18,
								19,
								-13
							],
							"size": [
								1,
								3,
								15
							],
							"inflate": -0.005,
							"pivot": [
								-18.5,
								21,
								3
							],
							"rotation": [
								7.5,
								0,
								0
							],
							"uv": [
								0,
								228
							]
						}
					]
				},
				{
					"name": "steering_wheel",
					"parent": "body",
					"pivot": [
						10,
						16.09091,
						-30.54545
					],
					"cubes": [
						{
							"origin": [
								7,
								16,
								-29
							],
							"size": [
								2,
								1,
								1
							],
							"pivot": [
								0,
								19,
								-32
							],
							"rotation": [
								30,
								0,
								0
							],
							"uv": [
								74,
								321
							]
						},
						{
							"origin": [
								11,
								16,
								-29
							],
							"size": [
								2,
								1,
								1
							],
							"pivot": [
								0,
								19,
								-32
							],
							"rotation": [
								30,
								0,
								0
							],
							"uv": [
								74,
								319
							]
						},
						{
							"origin": [
								13,
								14,
								-29
							],
							"size": [
								1,
								4,
								1
							],
							"pivot": [
								0,
								19,
								-32
							],
							"rotation": [
								30,
								0,
								0
							],
							"uv": [
								70,
								319
							]
						},
						{
							"origin": [
								12,
								18,
								-29
							],
							"size": [
								1,
								1,
								1
							],
							"pivot": [
								0,
								19,
								-32
							],
							"rotation": [
								30,
								0,
								0
							],
							"uv": [
								88,
								319
							]
						},
						{
							"origin": [
								8,
								19,
								-29
							],
							"size": [
								4,
								1,
								1
							],
							"pivot": [
								0,
								19,
								-32
							],
							"rotation": [
								30,
								0,
								0
							],
							"uv": [
								34,
								319
							]
						},
						{
							"origin": [
								7,
								18,
								-29
							],
							"size": [
								1,
								1,
								1
							],
							"pivot": [
								0,
								19,
								-32
							],
							"rotation": [
								30,
								0,
								0
							],
							"uv": [
								84,
								323
							]
						},
						{
							"origin": [
								6,
								14,
								-29
							],
							"size": [
								1,
								4,
								1
							],
							"pivot": [
								0,
								19,
								-32
							],
							"rotation": [
								30,
								0,
								0
							],
							"uv": [
								66,
								319
							]
						},
						{
							"origin": [
								7,
								13,
								-29
							],
							"size": [
								1,
								1,
								1
							],
							"pivot": [
								0,
								19,
								-32
							],
							"rotation": [
								30,
								0,
								0
							],
							"uv": [
								84,
								321
							]
						},
						{
							"origin": [
								8,
								12,
								-29
							],
							"size": [
								4,
								1,
								1
							],
							"pivot": [
								0,
								19,
								-32
							],
							"rotation": [
								30,
								0,
								0
							],
							"uv": [
								24,
								323
							]
						},
						{
							"origin": [
								12,
								13,
								-29
							],
							"size": [
								1,
								1,
								1
							],
							"pivot": [
								0,
								19,
								-32
							],
							"rotation": [
								30,
								0,
								0
							],
							"uv": [
								84,
								319
							]
						},
						{
							"origin": [
								9,
								15,
								-30
							],
							"size": [
								2,
								2,
								2
							],
							"pivot": [
								0,
								19,
								-32
							],
							"rotation": [
								30,
								0,
								0
							],
							"uv": [
								24,
								319
							]
						}
					]
				},
				{
					"name": "wheel0",
					"pivot": [
						0,
						6,
						-16
					],
					"cubes": [
						{
							"origin": [
								-19,
								0,
								-18
							],
							"size": [
								3,
								1,
								4
							],
							"uv": [
								14,
								300
							]
						},
						{
							"origin": [
								16,
								0,
								-18
							],
							"size": [
								3,
								1,
								4
							],
							"uv": [
								0,
								305
							]
						},
						{
							"origin": [
								-19,
								0.43301,
								-14.38397
							],
							"size": [
								3,
								1,
								3
							],
							"pivot": [
								-17.5,
								0.93301,
								-13.38397
							],
							"rotation": [
								30,
								0,
								0
							],
							"uv": [
								60,
								310
							]
						},
						{
							"origin": [
								16,
								0.43301,
								-14.38397
							],
							"size": [
								3,
								1,
								3
							],
							"pivot": [
								17.5,
								0.93301,
								-13.38397
							],
							"rotation": [
								30,
								0,
								0
							],
							"uv": [
								48,
								314
							]
						},
						{
							"origin": [
								-19,
								0.93301,
								-20.48205
							],
							"size": [
								3,
								1,
								3
							],
							"pivot": [
								-17.5,
								1.43301,
								-19.48205
							],
							"rotation": [
								-30,
								0,
								0
							],
							"uv": [
								48,
								310
							]
						},
						{
							"origin": [
								16,
								0.93301,
								-20.48205
							],
							"size": [
								3,
								1,
								3
							],
							"pivot": [
								17.5,
								1.43301,
								-19.48205
							],
							"rotation": [
								-30,
								0,
								0
							],
							"uv": [
								36,
								314
							]
						},
						{
							"origin": [
								-19,
								10.76314,
								-14.38397
							],
							"size": [
								3,
								1,
								3
							],
							"pivot": [
								-17.5,
								11.26314,
								-13.38397
							],
							"rotation": [
								-30,
								0,
								0
							],
							"uv": [
								36,
								310
							]
						},
						{
							"origin": [
								-19,
								9.76314,
								-14.38397
							],
							"size": [
								3,
								1,
								3
							],
							"pivot": [
								-17.5,
								11.26314,
								-13.38397
							],
							"rotation": [
								-30,
								0,
								0
							],
							"uv": [
								24,
								314
							]
						},
						{
							"origin": [
								16,
								10.76314,
								-14.38397
							],
							"size": [
								3,
								1,
								3
							],
							"pivot": [
								17.5,
								11.26314,
								-13.38397
							],
							"rotation": [
								-30,
								0,
								0
							],
							"uv": [
								24,
								310
							]
						},
						{
							"origin": [
								-19,
								10.26314,
								-20.48205
							],
							"size": [
								3,
								1,
								3
							],
							"pivot": [
								-17.5,
								10.76314,
								-19.48205
							],
							"rotation": [
								30,
								0,
								0
							],
							"uv": [
								12,
								314
							]
						},
						{
							"origin": [
								16,
								10.26314,
								-20.48205
							],
							"size": [
								3,
								1,
								3
							],
							"pivot": [
								17.5,
								10.76314,
								-19.48205
							],
							"rotation": [
								30,
								0,
								0
							],
							"uv": [
								12,
								310
							]
						},
						{
							"origin": [
								-19,
								2.98205,
								-22.16506
							],
							"size": [
								3,
								1,
								3
							],
							"pivot": [
								-17.5,
								3.48205,
								-21.16506
							],
							"rotation": [
								-60,
								0,
								0
							],
							"uv": [
								0,
								314
							]
						},
						{
							"origin": [
								-19,
								3.98205,
								-22.16506
							],
							"size": [
								3,
								1,
								3
							],
							"pivot": [
								-17.5,
								3.48205,
								-21.16506
							],
							"rotation": [
								-60,
								0,
								0
							],
							"uv": [
								0,
								310
							]
						},
						{
							"origin": [
								16,
								2.98205,
								-22.16506
							],
							"size": [
								3,
								1,
								3
							],
							"pivot": [
								17.5,
								3.48205,
								-21.16506
							],
							"rotation": [
								-60,
								0,
								0
							],
							"uv": [
								114,
								304
							]
						},
						{
							"origin": [
								-19,
								9.08013,
								-12.33494
							],
							"size": [
								3,
								1,
								3
							],
							"pivot": [
								-17.5,
								9.58013,
								-11.33494
							],
							"rotation": [
								-60,
								0,
								0
							],
							"uv": [
								114,
								300
							]
						},
						{
							"origin": [
								-19,
								8.08013,
								-12.33494
							],
							"size": [
								3,
								1,
								3
							],
							"pivot": [
								-17.5,
								9.58013,
								-11.33494
							],
							"rotation": [
								-60,
								0,
								0
							],
							"uv": [
								102,
								304
							]
						},
						{
							"origin": [
								16,
								9.08013,
								-12.33494
							],
							"size": [
								3,
								1,
								3
							],
							"pivot": [
								17.5,
								9.58013,
								-11.33494
							],
							"rotation": [
								-60,
								0,
								0
							],
							"uv": [
								102,
								300
							]
						},
						{
							"origin": [
								-19,
								8.2141,
								-22.16506
							],
							"size": [
								3,
								1,
								3
							],
							"pivot": [
								-17.5,
								8.7141,
								-21.16506
							],
							"rotation": [
								60,
								0,
								0
							],
							"uv": [
								90,
								304
							]
						},
						{
							"origin": [
								-19,
								7.2141,
								-22.16506
							],
							"size": [
								3,
								1,
								3
							],
							"pivot": [
								-17.5,
								8.7141,
								-21.16506
							],
							"rotation": [
								60,
								0,
								0
							],
							"uv": [
								90,
								300
							]
						},
						{
							"origin": [
								16,
								8.2141,
								-22.16506
							],
							"size": [
								3,
								1,
								3
							],
							"pivot": [
								17.5,
								8.7141,
								-21.16506
							],
							"rotation": [
								60,
								0,
								0
							],
							"uv": [
								78,
								304
							]
						},
						{
							"origin": [
								-19,
								1.25,
								-11.83494
							],
							"size": [
								3,
								1,
								3
							],
							"pivot": [
								-17.5,
								1.75,
								-11.83494
							],
							"rotation": [
								60,
								0,
								0
							],
							"uv": [
								78,
								300
							]
						},
						{
							"origin": [
								-19,
								2.25,
								-11.83494
							],
							"size": [
								3,
								1,
								3
							],
							"pivot": [
								-17.5,
								1.75,
								-11.83494
							],
							"rotation": [
								60,
								0,
								0
							],
							"uv": [
								66,
								304
							]
						},
						{
							"origin": [
								16,
								1.25,
								-11.83494
							],
							"size": [
								3,
								1,
								3
							],
							"pivot": [
								17.5,
								1.75,
								-11.83494
							],
							"rotation": [
								60,
								0,
								0
							],
							"uv": [
								66,
								300
							]
						},
						{
							"origin": [
								-19,
								1,
								-19
							],
							"size": [
								3,
								1,
								6
							],
							"inflate": 0.01,
							"uv": [
								74,
								267
							]
						},
						{
							"origin": [
								16,
								1,
								-20
							],
							"size": [
								3,
								1,
								8
							],
							"uv": [
								16,
								276
							]
						},
						{
							"origin": [
								-19,
								2,
								-20
							],
							"size": [
								3,
								8,
								8
							],
							"inflate": 0.01,
							"uv": [
								112,
								246
							]
						},
						{
							"origin": [
								16,
								2,
								-20
							],
							"size": [
								3,
								8,
								8
							],
							"uv": [
								90,
								246
							]
						},
						{
							"origin": [
								-19,
								3,
								-12
							],
							"size": [
								3,
								6,
								1
							],
							"inflate": 0.01,
							"uv": [
								94,
								310
							]
						},
						{
							"origin": [
								16,
								2,
								-12
							],
							"size": [
								3,
								8,
								1
							],
							"uv": [
								58,
								300
							]
						},
						{
							"origin": [
								-19,
								3,
								-21
							],
							"size": [
								3,
								6,
								1
							],
							"inflate": 0.01,
							"uv": [
								86,
								310
							]
						},
						{
							"origin": [
								16,
								2,
								-21
							],
							"size": [
								3,
								8,
								1
							],
							"uv": [
								50,
								300
							]
						},
						{
							"origin": [
								-19,
								4.09808,
								-22.09808
							],
							"size": [
								3,
								4,
								1
							],
							"uv": [
								16,
								319
							]
						},
						{
							"origin": [
								-19,
								4.09808,
								-21.09808
							],
							"size": [
								3,
								4,
								1
							],
							"uv": [
								8,
								319
							]
						},
						{
							"origin": [
								16,
								4.09808,
								-22.09808
							],
							"size": [
								3,
								4,
								1
							],
							"uv": [
								0,
								319
							]
						},
						{
							"origin": [
								16,
								4.09808,
								-21.09808
							],
							"size": [
								3,
								4,
								1
							],
							"uv": [
								134,
								310
							]
						},
						{
							"origin": [
								-19,
								4.09808,
								-10.90193
							],
							"size": [
								3,
								4,
								1
							],
							"uv": [
								126,
								310
							]
						},
						{
							"origin": [
								-19,
								4.09808,
								-11.90193
							],
							"size": [
								3,
								4,
								1
							],
							"uv": [
								118,
								310
							]
						},
						{
							"origin": [
								16,
								4.09808,
								-10.90193
							],
							"size": [
								3,
								4,
								1
							],
							"uv": [
								110,
								310
							]
						},
						{
							"origin": [
								16,
								4.09808,
								-11.90193
							],
							"size": [
								3,
								4,
								1
							],
							"uv": [
								102,
								310
							]
						},
						{
							"origin": [
								-19,
								10,
								-19
							],
							"size": [
								3,
								1,
								6
							],
							"inflate": 0.01,
							"uv": [
								56,
								277
							]
						},
						{
							"origin": [
								16,
								10,
								-20
							],
							"size": [
								3,
								1,
								8
							],
							"uv": [
								16,
								267
							]
						},
						{
							"origin": [
								-19,
								11.19615,
								-18
							],
							"size": [
								3,
								1,
								4
							],
							"uv": [
								0,
								300
							]
						},
						{
							"origin": [
								-19,
								10.19615,
								-18
							],
							"size": [
								3,
								1,
								4
							],
							"uv": [
								122,
								286
							]
						},
						{
							"origin": [
								16,
								11.19615,
								-18
							],
							"size": [
								3,
								1,
								4
							],
							"uv": [
								108,
								291
							]
						},
						{
							"origin": [
								16,
								10.19615,
								-18
							],
							"size": [
								3,
								1,
								4
							],
							"uv": [
								108,
								286
							]
						}
					]
				},
				{
					"name": "wheel1",
					"pivot": [
						0,
						6,
						12
					],
					"cubes": [
						{
							"origin": [
								-19,
								0,
								10
							],
							"size": [
								3,
								1,
								4
							],
							"uv": [
								14,
								300
							]
						},
						{
							"origin": [
								16,
								0,
								10
							],
							"size": [
								3,
								1,
								4
							],
							"uv": [
								0,
								305
							]
						},
						{
							"origin": [
								-19,
								0.43301,
								13.61603
							],
							"size": [
								3,
								1,
								3
							],
							"pivot": [
								-17.5,
								0.93301,
								14.61603
							],
							"rotation": [
								30,
								0,
								0
							],
							"uv": [
								60,
								310
							]
						},
						{
							"origin": [
								16,
								0.43301,
								13.61603
							],
							"size": [
								3,
								1,
								3
							],
							"pivot": [
								17.5,
								0.93301,
								14.61603
							],
							"rotation": [
								30,
								0,
								0
							],
							"uv": [
								48,
								314
							]
						},
						{
							"origin": [
								-19,
								0.93301,
								7.51795
							],
							"size": [
								3,
								1,
								3
							],
							"pivot": [
								-17.5,
								1.43301,
								8.51795
							],
							"rotation": [
								-30,
								0,
								0
							],
							"uv": [
								48,
								310
							]
						},
						{
							"origin": [
								16,
								0.93301,
								7.51795
							],
							"size": [
								3,
								1,
								3
							],
							"pivot": [
								17.5,
								1.43301,
								8.51795
							],
							"rotation": [
								-30,
								0,
								0
							],
							"uv": [
								36,
								314
							]
						},
						{
							"origin": [
								-19,
								10.76314,
								13.61603
							],
							"size": [
								3,
								1,
								3
							],
							"pivot": [
								-17.5,
								11.26314,
								14.61603
							],
							"rotation": [
								-30,
								0,
								0
							],
							"uv": [
								36,
								310
							]
						},
						{
							"origin": [
								-19,
								9.76314,
								13.61603
							],
							"size": [
								3,
								1,
								3
							],
							"pivot": [
								-17.5,
								11.26314,
								14.61603
							],
							"rotation": [
								-30,
								0,
								0
							],
							"uv": [
								24,
								314
							]
						},
						{
							"origin": [
								16,
								10.76314,
								13.61603
							],
							"size": [
								3,
								1,
								3
							],
							"pivot": [
								17.5,
								11.26314,
								14.61603
							],
							"rotation": [
								-30,
								0,
								0
							],
							"uv": [
								24,
								310
							]
						},
						{
							"origin": [
								-19,
								10.26314,
								7.51795
							],
							"size": [
								3,
								1,
								3
							],
							"pivot": [
								-17.5,
								10.76314,
								8.51795
							],
							"rotation": [
								30,
								0,
								0
							],
							"uv": [
								12,
								314
							]
						},
						{
							"origin": [
								16,
								10.26314,
								7.51795
							],
							"size": [
								3,
								1,
								3
							],
							"pivot": [
								17.5,
								10.76314,
								8.51795
							],
							"rotation": [
								30,
								0,
								0
							],
							"uv": [
								12,
								310
							]
						},
						{
							"origin": [
								-19,
								2.98205,
								5.83494
							],
							"size": [
								3,
								1,
								3
							],
							"pivot": [
								-17.5,
								3.48205,
								6.83494
							],
							"rotation": [
								-60,
								0,
								0
							],
							"uv": [
								0,
								314
							]
						},
						{
							"origin": [
								-19,
								3.98205,
								5.83494
							],
							"size": [
								3,
								1,
								3
							],
							"pivot": [
								-17.5,
								3.48205,
								6.83494
							],
							"rotation": [
								-60,
								0,
								0
							],
							"uv": [
								0,
								310
							]
						},
						{
							"origin": [
								16,
								2.98205,
								5.83494
							],
							"size": [
								3,
								1,
								3
							],
							"pivot": [
								17.5,
								3.48205,
								6.83494
							],
							"rotation": [
								-60,
								0,
								0
							],
							"uv": [
								114,
								304
							]
						},
						{
							"origin": [
								-19,
								9.08013,
								15.66506
							],
							"size": [
								3,
								1,
								3
							],
							"pivot": [
								-17.5,
								9.58013,
								16.66506
							],
							"rotation": [
								-60,
								0,
								0
							],
							"uv": [
								114,
								300
							]
						},
						{
							"origin": [
								-19,
								8.08013,
								15.66506
							],
							"size": [
								3,
								1,
								3
							],
							"pivot": [
								-17.5,
								9.58013,
								16.66506
							],
							"rotation": [
								-60,
								0,
								0
							],
							"uv": [
								102,
								304
							]
						},
						{
							"origin": [
								16,
								9.08013,
								15.66506
							],
							"size": [
								3,
								1,
								3
							],
							"pivot": [
								17.5,
								9.58013,
								16.66506
							],
							"rotation": [
								-60,
								0,
								0
							],
							"uv": [
								102,
								300
							]
						},
						{
							"origin": [
								-19,
								8.2141,
								5.83494
							],
							"size": [
								3,
								1,
								3
							],
							"pivot": [
								-17.5,
								8.7141,
								6.83494
							],
							"rotation": [
								60,
								0,
								0
							],
							"uv": [
								90,
								304
							]
						},
						{
							"origin": [
								-19,
								7.2141,
								5.83494
							],
							"size": [
								3,
								1,
								3
							],
							"pivot": [
								-17.5,
								8.7141,
								6.83494
							],
							"rotation": [
								60,
								0,
								0
							],
							"uv": [
								90,
								300
							]
						},
						{
							"origin": [
								16,
								8.2141,
								5.83494
							],
							"size": [
								3,
								1,
								3
							],
							"pivot": [
								17.5,
								8.7141,
								6.83494
							],
							"rotation": [
								60,
								0,
								0
							],
							"uv": [
								78,
								304
							]
						},
						{
							"origin": [
								-19,
								1.25,
								16.16506
							],
							"size": [
								3,
								1,
								3
							],
							"pivot": [
								-17.5,
								1.75,
								16.16506
							],
							"rotation": [
								60,
								0,
								0
							],
							"uv": [
								78,
								300
							]
						},
						{
							"origin": [
								-19,
								2.25,
								16.16506
							],
							"size": [
								3,
								1,
								3
							],
							"pivot": [
								-17.5,
								1.75,
								16.16506
							],
							"rotation": [
								60,
								0,
								0
							],
							"uv": [
								66,
								304
							]
						},
						{
							"origin": [
								16,
								1.25,
								16.16506
							],
							"size": [
								3,
								1,
								3
							],
							"pivot": [
								17.5,
								1.75,
								16.16506
							],
							"rotation": [
								60,
								0,
								0
							],
							"uv": [
								66,
								300
							]
						},
						{
							"origin": [
								-19,
								1,
								9
							],
							"size": [
								3,
								1,
								6
							],
							"inflate": 0.01,
							"uv": [
								74,
								267
							]
						},
						{
							"origin": [
								16,
								1,
								8
							],
							"size": [
								3,
								1,
								8
							],
							"uv": [
								16,
								276
							]
						},
						{
							"origin": [
								-19,
								2,
								8
							],
							"size": [
								3,
								8,
								8
							],
							"inflate": 0.01,
							"uv": [
								112,
								246
							]
						},
						{
							"origin": [
								16,
								2,
								8
							],
							"size": [
								3,
								8,
								8
							],
							"uv": [
								90,
								246
							]
						},
						{
							"origin": [
								-19,
								3,
								16
							],
							"size": [
								3,
								6,
								1
							],
							"inflate": 0.01,
							"uv": [
								94,
								310
							]
						},
						{
							"origin": [
								16,
								2,
								16
							],
							"size": [
								3,
								8,
								1
							],
							"uv": [
								58,
								300
							]
						},
						{
							"origin": [
								-19,
								3,
								7
							],
							"size": [
								3,
								6,
								1
							],
							"inflate": 0.01,
							"uv": [
								86,
								310
							]
						},
						{
							"origin": [
								16,
								2,
								7
							],
							"size": [
								3,
								8,
								1
							],
							"uv": [
								50,
								300
							]
						},
						{
							"origin": [
								-19,
								4.09808,
								5.90192
							],
							"size": [
								3,
								4,
								1
							],
							"uv": [
								16,
								319
							]
						},
						{
							"origin": [
								-19,
								4.09808,
								6.90192
							],
							"size": [
								3,
								4,
								1
							],
							"uv": [
								8,
								319
							]
						},
						{
							"origin": [
								16,
								4.09808,
								5.90192
							],
							"size": [
								3,
								4,
								1
							],
							"uv": [
								0,
								319
							]
						},
						{
							"origin": [
								16,
								4.09808,
								6.90192
							],
							"size": [
								3,
								4,
								1
							],
							"uv": [
								134,
								310
							]
						},
						{
							"origin": [
								-19,
								4.09808,
								17.09807
							],
							"size": [
								3,
								4,
								1
							],
							"uv": [
								126,
								310
							]
						},
						{
							"origin": [
								-19,
								4.09808,
								16.09807
							],
							"size": [
								3,
								4,
								1
							],
							"uv": [
								118,
								310
							]
						},
						{
							"origin": [
								16,
								4.09808,
								17.09807
							],
							"size": [
								3,
								4,
								1
							],
							"uv": [
								110,
								310
							]
						},
						{
							"origin": [
								16,
								4.09808,
								16.09807
							],
							"size": [
								3,
								4,
								1
							],
							"uv": [
								102,
								310
							]
						},
						{
							"origin": [
								-19,
								10,
								9
							],
							"size": [
								3,
								1,
								6
							],
							"inflate": 0.01,
							"uv": [
								56,
								277
							]
						},
						{
							"origin": [
								16,
								10,
								8
							],
							"size": [
								3,
								1,
								8
							],
							"uv": [
								16,
								267
							]
						},
						{
							"origin": [
								-19,
								11.19615,
								10
							],
							"size": [
								3,
								1,
								4
							],
							"uv": [
								0,
								300
							]
						},
						{
							"origin": [
								-19,
								10.19615,
								10
							],
							"size": [
								3,
								1,
								4
							],
							"uv": [
								122,
								286
							]
						},
						{
							"origin": [
								16,
								11.19615,
								10
							],
							"size": [
								3,
								1,
								4
							],
							"uv": [
								108,
								291
							]
						},
						{
							"origin": [
								16,
								10.19615,
								10
							],
							"size": [
								3,
								1,
								4
							],
							"uv": [
								108,
								286
							]
						}
					]
				}
			]
		}
	]
}