{
	"format_version": "1.12.0",
	"minecraft:geometry": [
		{
			"description": {
				"identifier": "geometry.scooter",
				"texture_width": 256,
				"texture_height": 256,
				"visible_bounds_width": 4,
				"visible_bounds_height": 4,
				"visible_bounds_offset": [
					0,
					1,
					0
				]
			},
			"bones": [
				{
					"name": "body",
					"pivot": [
						0,
						4,
						-16
					],
					"cubes": [
						{
							"origin": [
								-1,
								5,
								-20
							],
							"size": [
								2,
								2,
								14
							],
							"uv": [
								96,
								44
							]
						},
						{
							"origin": [
								-4,
								7,
								-10
							],
							"size": [
								8,
								7,
								4
							],
							"uv": [
								86,
								60
							]
						},
						{
							"origin": [
								-4,
								14,
								-10
							],
							"size": [
								8,
								1,
								4
							],
							"uv": [
								70,
								78
							]
						},
						{
							"origin": [
								-3,
								15,
								-4
							],
							"size": [
								6,
								2,
								11
							],
							"uv": [
								0,
								60
							]
						},
						{
							"origin": [
								-4,
								7,
								-20
							],
							"size": [
								8,
								10,
								1
							],
							"uv": [
								94,
								78
							]
						},
						{
							"origin": [
								-4,
								12,
								-19
							],
							"size": [
								8,
								8,
								1
							],
							"pivot": [
								0,
								12,
								-18.5
							],
							"rotation": [
								10,
								0,
								0
							],
							"uv": [
								112,
								78
							]
						},
						{
							"origin": [
								-4,
								7,
								-19
							],
							"size": [
								8,
								5,
								1
							],
							"uv": [
								0,
								104
							]
						},
						{
							"origin": [
								-3,
								5,
								-21
							],
							"size": [
								6,
								10,
								1
							],
							"uv": [
								24,
								89
							]
						},
						{
							"origin": [
								2,
								5,
								-6
							],
							"size": [
								2,
								4,
								18
							],
							"uv": [
								0,
								22
							]
						},
						{
							"origin": [
								-4,
								5,
								12
							],
							"size": [
								8,
								5,
								1
							],
							"uv": [
								1,
								90
							]
						},
						{
							"origin": [
								-5,
								9,
								11.5
							],
							"size": [
								2,
								2,
								2
							],
							"uv": [
								46,
								152
							]
						},
						{
							"origin": [
								3,
								9,
								11.5
							],
							"size": [
								2,
								2,
								2
							],
							"uv": [
								36,
								155
							]
						},
						{
							"origin": [
								-4,
								5,
								-6
							],
							"size": [
								2,
								4,
								18
							],
							"uv": [
								100,
								0
							]
						},
						{
							"origin": [
								-7,
								5,
								-3
							],
							"size": [
								3,
								3,
								17
							],
							"uv": [
								40,
								22
							]
						},
						{
							"origin": [
								-6,
								6,
								13
							],
							"size": [
								1,
								1,
								2
							],
							"uv": [
								60,
								162
							]
						},
						{
							"origin": [
								-3,
								15,
								6
							],
							"size": [
								6,
								1,
								2
							],
							"pivot": [
								0,
								16,
								5
							],
							"rotation": [
								-30,
								0,
								0
							],
							"uv": [
								32,
								123
							]
						},
						{
							"origin": [
								-3,
								14.23728,
								7.92249
							],
							"size": [
								6,
								1,
								7
							],
							"pivot": [
								0,
								15.23728,
								6.92249
							],
							"rotation": [
								-47.5,
								0,
								0
							],
							"uv": [
								0,
								78
							]
						},
						{
							"origin": [
								2,
								9,
								-6
							],
							"size": [
								1,
								6,
								12
							],
							"uv": [
								60,
								60
							]
						},
						{
							"origin": [
								-3,
								9,
								-6
							],
							"size": [
								1,
								6,
								12
							],
							"uv": [
								34,
								60
							]
						},
						{
							"origin": [
								-3,
								5,
								-20
							],
							"size": [
								2,
								2,
								14
							],
							"uv": [
								64,
								44
							]
						},
						{
							"origin": [
								1,
								5,
								-20
							],
							"size": [
								2,
								2,
								14
							],
							"uv": [
								32,
								44
							]
						},
						{
							"origin": [
								3,
								5,
								-20
							],
							"size": [
								1,
								2,
								14
							],
							"uv": [
								0,
								44
							]
						},
						{
							"origin": [
								-4,
								5,
								-20
							],
							"size": [
								1,
								2,
								14
							],
							"uv": [
								80,
								22
							]
						},
						{
							"origin": [
								-1,
								18,
								-22
							],
							"size": [
								2,
								1,
								1
							],
							"uv": [
								90,
								165
							]
						},
						{
							"origin": [
								-2,
								17,
								-22.2
							],
							"size": [
								4,
								4,
								2
							],
							"uv": [
								72,
								130
							]
						},
						{
							"origin": [
								-3,
								18,
								-22.2
							],
							"size": [
								1,
								3,
								2
							],
							"uv": [
								0,
								162
							]
						},
						{
							"origin": [
								-4.39894,
								20,
								-21.82516
							],
							"size": [
								1,
								1,
								2
							],
							"pivot": [
								-3.89894,
								19.5,
								-20.82516
							],
							"rotation": [
								0,
								30,
								0
							],
							"uv": [
								48,
								162
							]
						},
						{
							"origin": [
								-3.72414,
								19,
								-22.10466
							],
							"size": [
								1,
								2,
								2
							],
							"pivot": [
								-3.22414,
								19.5,
								-21.10466
							],
							"rotation": [
								0,
								15,
								0
							],
							"uv": [
								6,
								162
							]
						},
						{
							"origin": [
								2,
								18,
								-22.2
							],
							"size": [
								1,
								3,
								2
							],
							"uv": [
								46,
								156
							]
						},
						{
							"origin": [
								2.72414,
								19,
								-22.10466
							],
							"size": [
								1,
								2,
								2
							],
							"pivot": [
								3.22414,
								20,
								-21.10466
							],
							"rotation": [
								0,
								-15,
								0
							],
							"uv": [
								12,
								162
							]
						},
						{
							"origin": [
								3.39894,
								20,
								-21.82516
							],
							"size": [
								1,
								1,
								2
							],
							"pivot": [
								3.89894,
								20,
								-20.82516
							],
							"rotation": [
								0,
								-30,
								0
							],
							"uv": [
								54,
								162
							]
						},
						{
							"origin": [
								0.83652,
								17,
								-21.75822
							],
							"size": [
								2,
								2,
								1
							],
							"pivot": [
								1.83652,
								13,
								-21.25822
							],
							"rotation": [
								0,
								-15,
								0
							],
							"uv": [
								90,
								162
							]
						},
						{
							"origin": [
								-2.83652,
								17,
								-21.75822
							],
							"size": [
								2,
								2,
								1
							],
							"pivot": [
								-1.83652,
								13,
								-21.25822
							],
							"rotation": [
								0,
								15,
								0
							],
							"uv": [
								84,
								162
							]
						},
						{
							"origin": [
								-6.28541,
								5,
								-20.9217
							],
							"size": [
								4,
								14,
								1
							],
							"pivot": [
								-3.28541,
								13,
								-20.4217
							],
							"rotation": [
								0,
								45,
								0
							],
							"uv": [
								48,
								89
							]
						},
						{
							"origin": [
								2.5783,
								5,
								-21.62881
							],
							"size": [
								4,
								14,
								1
							],
							"pivot": [
								2.5783,
								13,
								-21.12881
							],
							"rotation": [
								0,
								-45,
								0
							],
							"uv": [
								38,
								89
							]
						}
					]
				},
				{
					"name": "seat",
					"parent": "body",
					"pivot": [
						0,
						16.25,
						4
					],
					"rotation": [
						7.5,
						0,
						0
					],
					"cubes": [
						{
							"origin": [
								-4,
								16.84662,
								-10.17391
							],
							"size": [
								8,
								1,
								17
							],
							"inflate": 0.25,
							"uv": [
								50,
								0
							]
						},
						{
							"origin": [
								-4,
								15.84662,
								-10.17391
							],
							"size": [
								8,
								1,
								17
							],
							"inflate": 0.2,
							"uv": [
								0,
								0
							]
						}
					]
				},
				{
					"name": "handle",
					"parent": "body",
					"pivot": [
						0,
						18.25,
						-19.625
					],
					"cubes": [
						{
							"origin": [
								-2,
								13,
								-24
							],
							"size": [
								4,
								12,
								1
							],
							"pivot": [
								0,
								14,
								-23.5
							],
							"rotation": [
								-50,
								0,
								0
							],
							"uv": [
								18,
								104
							]
						},
						{
							"origin": [
								-2,
								14.2,
								-28
							],
							"size": [
								4,
								1,
								5
							],
							"pivot": [
								0,
								14.2,
								-23.5
							],
							"rotation": [
								-25,
								0,
								0
							],
							"uv": [
								58,
								89
							]
						},
						{
							"origin": [
								-2,
								16.00809,
								-34.15577
							],
							"size": [
								4,
								1,
								7
							],
							"uv": [
								48,
								78
							]
						},
						{
							"origin": [
								-2,
								6.4641,
								-32
							],
							"size": [
								4,
								2,
								4
							],
							"pivot": [
								0,
								7.4641,
								-30
							],
							"rotation": [
								127.5,
								0,
								0
							],
							"uv": [
								28,
								110
							]
						},
						{
							"origin": [
								-2,
								6.4641,
								-32
							],
							"size": [
								4,
								2,
								4
							],
							"uv": [
								44,
								110
							]
						},
						{
							"origin": [
								-2,
								6.4641,
								-32
							],
							"size": [
								4,
								2,
								4
							],
							"pivot": [
								0,
								7.4641,
								-30
							],
							"rotation": [
								52.5,
								0,
								0
							],
							"uv": [
								44,
								104
							]
						},
						{
							"origin": [
								-2,
								6.4641,
								-32
							],
							"size": [
								4,
								2,
								4
							],
							"pivot": [
								0,
								7.4641,
								-30
							],
							"rotation": [
								90,
								0,
								0
							],
							"uv": [
								28,
								104
							]
						},
						{
							"origin": [
								1,
								4.18489,
								-24.06163
							],
							"size": [
								1,
								9,
								1
							],
							"pivot": [
								0,
								14.18489,
								-23.56163
							],
							"rotation": [
								-40,
								0,
								0
							],
							"uv": [
								12,
								152
							]
						},
						{
							"origin": [
								-2,
								4.18489,
								-24.06163
							],
							"size": [
								1,
								9,
								1
							],
							"pivot": [
								0,
								14.18489,
								-23.56163
							],
							"rotation": [
								-40,
								0,
								0
							],
							"uv": [
								8,
								152
							]
						}
					]
				},
				{
					"name": "handleA",
					"parent": "handle",
					"pivot": [
						0,
						15,
						-22.5
					],
					"rotation": [
						-10,
						0,
						0
					],
					"cubes": [
						{
							"origin": [
								-4,
								24,
								-24
							],
							"size": [
								2,
								3,
								1
							],
							"pivot": [
								0,
								15,
								-22.5
							],
							"rotation": [
								-40,
								0,
								0
							],
							"uv": [
								24,
								162
							]
						},
						{
							"origin": [
								-2,
								24,
								-24
							],
							"size": [
								4,
								3,
								3
							],
							"pivot": [
								0,
								15,
								-22.5
							],
							"rotation": [
								-40,
								0,
								0
							],
							"uv": [
								32,
								117
							]
						},
						{
							"origin": [
								4,
								25,
								-24
							],
							"size": [
								5,
								1,
								1
							],
							"pivot": [
								0,
								15,
								-22.5
							],
							"rotation": [
								-40,
								0,
								0
							],
							"uv": [
								42,
								150
							]
						},
						{
							"origin": [
								2,
								24,
								-24
							],
							"size": [
								2,
								3,
								1
							],
							"pivot": [
								0,
								15,
								-22.5
							],
							"rotation": [
								-40,
								0,
								0
							],
							"uv": [
								18,
								162
							]
						},
						{
							"origin": [
								2,
								25,
								-22
							],
							"size": [
								6,
								1,
								1
							],
							"pivot": [
								0,
								15,
								-22.5
							],
							"rotation": [
								-40,
								0,
								0
							],
							"uv": [
								72,
								136
							]
						},
						{
							"origin": [
								-8,
								25,
								-22.3
							],
							"size": [
								6,
								1,
								1
							],
							"pivot": [
								0,
								15,
								-22.5
							],
							"rotation": [
								-40,
								0,
								0
							],
							"uv": [
								72,
								138
							]
						},
						{
							"origin": [
								-9,
								25,
								-24
							],
							"size": [
								5,
								1,
								1
							],
							"pivot": [
								0,
								15,
								-22.5
							],
							"rotation": [
								-40,
								0,
								0
							],
							"uv": [
								42,
								148
							]
						}
					]
				},
				{
					"name": "wheel0",
					"parent": "handle",
					"pivot": [
						0,
						7.45397,
						-30.13955
					],
					"cubes": [
						{
							"origin": [
								-1,
								0,
								-32
							],
							"size": [
								2,
								2,
								4
							],
							"uv": [
								60,
								130
							]
						},
						{
							"origin": [
								-1,
								12.9282,
								-32
							],
							"size": [
								2,
								2,
								4
							],
							"uv": [
								48,
								130
							]
						},
						{
							"origin": [
								-1,
								0.93301,
								-28.51795
							],
							"size": [
								2,
								2,
								4
							],
							"pivot": [
								0,
								1.43301,
								-26.51795
							],
							"rotation": [
								30,
								0,
								0
							],
							"uv": [
								36,
								130
							]
						},
						{
							"origin": [
								-1,
								3.48205,
								-25.96891
							],
							"size": [
								2,
								2,
								4
							],
							"pivot": [
								0,
								3.98205,
								-23.96891
							],
							"rotation": [
								60,
								0,
								0
							],
							"uv": [
								24,
								130
							]
						},
						{
							"origin": [
								-1,
								9.44615,
								-25.96891
							],
							"size": [
								2,
								2,
								4
							],
							"pivot": [
								0,
								10.94615,
								-23.96891
							],
							"rotation": [
								-60,
								0,
								0
							],
							"uv": [
								12,
								130
							]
						},
						{
							"origin": [
								-1,
								1.94615,
								-31.03109
							],
							"size": [
								2,
								11,
								2
							],
							"uv": [
								0,
								117
							]
						},
						{
							"origin": [
								-1,
								1.94615,
								-31.03109
							],
							"size": [
								2,
								11,
								2
							],
							"pivot": [
								0,
								7.44615,
								-30.03109
							],
							"rotation": [
								60,
								0,
								0
							],
							"uv": [
								68,
								104
							]
						},
						{
							"origin": [
								-1,
								1.94615,
								-31.03109
							],
							"size": [
								2,
								11,
								2
							],
							"pivot": [
								0,
								7.44615,
								-30.03109
							],
							"rotation": [
								120,
								0,
								0
							],
							"uv": [
								60,
								104
							]
						},
						{
							"origin": [
								-1,
								3.48205,
								-38.03109
							],
							"size": [
								2,
								2,
								4
							],
							"pivot": [
								0,
								3.98205,
								-36.03109
							],
							"rotation": [
								-60,
								0,
								0
							],
							"uv": [
								0,
								130
							]
						},
						{
							"origin": [
								-1,
								5.4641,
								-37.4641
							],
							"size": [
								2,
								4,
								2
							],
							"uv": [
								42,
								142
							]
						},
						{
							"origin": [
								-1,
								5.4641,
								-24.5359
							],
							"size": [
								2,
								4,
								2
							],
							"uv": [
								34,
								142
							]
						},
						{
							"origin": [
								-1,
								8.39711,
								-37.48205
							],
							"size": [
								2,
								4,
								2
							],
							"pivot": [
								0,
								8.89711,
								-35.48205
							],
							"rotation": [
								-30,
								0,
								0
							],
							"uv": [
								26,
								142
							]
						},
						{
							"origin": [
								-1,
								10.94615,
								-36.03109
							],
							"size": [
								2,
								4,
								2
							],
							"pivot": [
								0,
								11.44615,
								-34.03109
							],
							"rotation": [
								-60,
								0,
								0
							],
							"uv": [
								18,
								142
							]
						},
						{
							"origin": [
								-1,
								11.99519,
								-28.51795
							],
							"size": [
								2,
								2,
								4
							],
							"pivot": [
								0,
								13.49519,
								-26.51795
							],
							"rotation": [
								-30,
								0,
								0
							],
							"uv": [
								48,
								123
							]
						},
						{
							"origin": [
								-1,
								0.93301,
								-35.48205
							],
							"size": [
								2,
								2,
								4
							],
							"pivot": [
								0,
								1.43301,
								-33.48205
							],
							"rotation": [
								-30,
								0,
								0
							],
							"uv": [
								48,
								117
							]
						}
					]
				},
				{
					"name": "bodyA",
					"parent": "body",
					"pivot": [
						0.05858,
						19.5,
						-21.11339
					],
					"rotation": [
						-7.5,
						0,
						0
					],
					"cubes": [
						{
							"origin": [
								-6.28541,
								18.88,
								-20.97938
							],
							"size": [
								4,
								2,
								1
							],
							"pivot": [
								-3.28541,
								17.88,
								-20.47938
							],
							"rotation": [
								0,
								45,
								0
							],
							"uv": [
								36,
								152
							]
						},
						{
							"origin": [
								-2.83652,
								18.88,
								-21.8159
							],
							"size": [
								2,
								2,
								1
							],
							"pivot": [
								-1.83652,
								17.88,
								-21.3159
							],
							"rotation": [
								0,
								15,
								0
							],
							"uv": [
								78,
								162
							]
						},
						{
							"origin": [
								-1,
								18.88,
								-22.05768
							],
							"size": [
								2,
								2,
								1
							],
							"uv": [
								72,
								162
							]
						},
						{
							"origin": [
								0.83652,
								18.88,
								-21.8159
							],
							"size": [
								2,
								2,
								1
							],
							"pivot": [
								1.83652,
								17.88,
								-21.3159
							],
							"rotation": [
								0,
								-15,
								0
							],
							"uv": [
								66,
								162
							]
						},
						{
							"origin": [
								2.5783,
								18.88,
								-21.68649
							],
							"size": [
								4,
								2,
								1
							],
							"pivot": [
								2.5783,
								17.88,
								-21.18649
							],
							"rotation": [
								0,
								-45,
								0
							],
							"uv": [
								26,
								158
							]
						}
					]
				},
				{
					"name": "bodyA2",
					"parent": "body",
					"pivot": [
						0.05858,
						20.44516,
						-20.68216
					],
					"rotation": [
						-17.5,
						0,
						0
					],
					"cubes": [
						{
							"origin": [
								-6.28541,
								20.64022,
								-20.77344
							],
							"size": [
								4,
								3,
								1
							],
							"pivot": [
								-3.28541,
								19.64022,
								-20.27344
							],
							"rotation": [
								0,
								45,
								0
							],
							"uv": [
								16,
								156
							]
						},
						{
							"origin": [
								-5.28541,
								23.64022,
								-20.77344
							],
							"size": [
								3,
								1,
								2
							],
							"pivot": [
								-3.28541,
								19.64022,
								-20.27344
							],
							"rotation": [
								0,
								45,
								0
							],
							"uv": [
								26,
								152
							]
						},
						{
							"origin": [
								-2.83652,
								20.64022,
								-21.60995
							],
							"size": [
								2,
								3,
								1
							],
							"pivot": [
								-1.83652,
								19.64022,
								-21.10995
							],
							"rotation": [
								0,
								15,
								0
							],
							"uv": [
								42,
								162
							]
						},
						{
							"origin": [
								-2.83652,
								23.64022,
								-21.60995
							],
							"size": [
								2,
								1,
								3
							],
							"pivot": [
								-1.83652,
								19.64022,
								-21.10995
							],
							"rotation": [
								0,
								15,
								0
							],
							"uv": [
								86,
								136
							]
						},
						{
							"origin": [
								-1,
								20.64022,
								-21.85173
							],
							"size": [
								2,
								3,
								1
							],
							"uv": [
								36,
								162
							]
						},
						{
							"origin": [
								-1,
								23.64022,
								-21.85173
							],
							"size": [
								2,
								1,
								3
							],
							"uv": [
								96,
								136
							]
						},
						{
							"origin": [
								-5.5,
								24.64022,
								-19.05173
							],
							"size": [
								11,
								1,
								1
							],
							"uv": [
								0,
								96
							]
						},
						{
							"origin": [
								0.83652,
								20.64022,
								-21.60995
							],
							"size": [
								2,
								3,
								1
							],
							"pivot": [
								1.83652,
								19.64022,
								-21.10995
							],
							"rotation": [
								0,
								-15,
								0
							],
							"uv": [
								30,
								162
							]
						},
						{
							"origin": [
								0.83652,
								23.64022,
								-21.60995
							],
							"size": [
								2,
								1,
								3
							],
							"pivot": [
								1.83652,
								19.64022,
								-21.10995
							],
							"rotation": [
								0,
								-15,
								0
							],
							"uv": [
								0,
								142
							]
						},
						{
							"origin": [
								2.5783,
								20.64022,
								-21.48054
							],
							"size": [
								4,
								3,
								1
							],
							"pivot": [
								2.5783,
								19.64022,
								-20.98054
							],
							"rotation": [
								0,
								-45,
								0
							],
							"uv": [
								16,
								152
							]
						},
						{
							"origin": [
								2.5783,
								23.64022,
								-21.48054
							],
							"size": [
								3,
								1,
								2
							],
							"pivot": [
								2.5783,
								19.64022,
								-20.98054
							],
							"rotation": [
								0,
								-45,
								0
							],
							"uv": [
								26,
								155
							]
						}
					]
				},
				{
					"name": "wheel1",
					"parent": "body",
					"pivot": [
						0,
						7.45397,
						1.86045
					],
					"cubes": [
						{
							"origin": [
								-1,
								0,
								0
							],
							"size": [
								2,
								2,
								4
							],
							"uv": [
								60,
								136
							]
						},
						{
							"origin": [
								-1,
								12.9282,
								0
							],
							"size": [
								2,
								2,
								4
							],
							"uv": [
								48,
								136
							]
						},
						{
							"origin": [
								-1,
								0.93301,
								3.48205
							],
							"size": [
								2,
								2,
								4
							],
							"pivot": [
								0,
								1.43301,
								5.48205
							],
							"rotation": [
								30,
								0,
								0
							],
							"uv": [
								36,
								136
							]
						},
						{
							"origin": [
								-1,
								3.48205,
								6.03109
							],
							"size": [
								2,
								2,
								4
							],
							"pivot": [
								0,
								3.98205,
								8.03109
							],
							"rotation": [
								60,
								0,
								0
							],
							"uv": [
								24,
								136
							]
						},
						{
							"origin": [
								-1,
								9.44615,
								6.03109
							],
							"size": [
								2,
								2,
								4
							],
							"pivot": [
								0,
								10.94615,
								8.03109
							],
							"rotation": [
								-60,
								0,
								0
							],
							"uv": [
								12,
								136
							]
						},
						{
							"origin": [
								-1,
								1.94615,
								0.96891
							],
							"size": [
								2,
								11,
								2
							],
							"uv": [
								24,
								117
							]
						},
						{
							"origin": [
								-1,
								1.94615,
								0.96891
							],
							"size": [
								2,
								11,
								2
							],
							"pivot": [
								0,
								7.44615,
								1.96891
							],
							"rotation": [
								60,
								0,
								0
							],
							"uv": [
								16,
								117
							]
						},
						{
							"origin": [
								-1,
								1.94615,
								0.96891
							],
							"size": [
								2,
								11,
								2
							],
							"pivot": [
								0,
								7.44615,
								1.96891
							],
							"rotation": [
								120,
								0,
								0
							],
							"uv": [
								8,
								117
							]
						},
						{
							"origin": [
								-1,
								3.48205,
								-6.03109
							],
							"size": [
								2,
								2,
								4
							],
							"pivot": [
								0,
								3.98205,
								-4.03109
							],
							"rotation": [
								-60,
								0,
								0
							],
							"uv": [
								0,
								136
							]
						},
						{
							"origin": [
								-1,
								5.4641,
								-5.4641
							],
							"size": [
								2,
								4,
								2
							],
							"uv": [
								0,
								152
							]
						},
						{
							"origin": [
								-1,
								5.4641,
								7.4641
							],
							"size": [
								2,
								4,
								2
							],
							"uv": [
								70,
								142
							]
						},
						{
							"origin": [
								-1,
								8.39711,
								-5.48205
							],
							"size": [
								2,
								4,
								2
							],
							"pivot": [
								0,
								8.89711,
								-3.48205
							],
							"rotation": [
								-30,
								0,
								0
							],
							"uv": [
								62,
								142
							]
						},
						{
							"origin": [
								-1,
								10.94615,
								-4.03109
							],
							"size": [
								2,
								4,
								2
							],
							"pivot": [
								0,
								11.44615,
								-2.03109
							],
							"rotation": [
								-60,
								0,
								0
							],
							"uv": [
								54,
								142
							]
						},
						{
							"origin": [
								-1,
								11.99519,
								3.48205
							],
							"size": [
								2,
								2,
								4
							],
							"pivot": [
								0,
								13.49519,
								5.48205
							],
							"rotation": [
								-30,
								0,
								0
							],
							"uv": [
								96,
								130
							]
						},
						{
							"origin": [
								-1,
								0.93301,
								-3.48205
							],
							"size": [
								2,
								2,
								4
							],
							"pivot": [
								0,
								1.43301,
								-1.48205
							],
							"rotation": [
								-30,
								0,
								0
							],
							"uv": [
								84,
								130
							]
						}
					]
				}
			]
		}
	]
}