{
	"format_version": "1.12.0",
	"minecraft:geometry": [
		{
			"description": {
				"identifier": "geometry.simple_vehicles_missile",
				"texture_width": 64,
				"texture_height": 64,
				"visible_bounds_width": 3,
				"visible_bounds_height": 1.5,
				"visible_bounds_offset": [
					0,
					0.25,
					0
				]
			},
			"bones": [
				{
					"name": "missile",
					"pivot": [
						0,
						0,
						0
					],
					"cubes": [
						{
							"origin": [
								-2,
								0,
								-13
							],
							"size": [
								4,
								4,
								22
							],
							"uv": [
								0,
								0
							],
							"inflate": 0
						},
						{
							"origin": [
								-1,
								4,
								2
							],
							"size": [
								2,
								1,
								8
							],
							"uv": [
								40,
								26
							],
							"inflate": 0
						},
						{
							"origin": [
								-1,
								4,
								2
							],
							"size": [
								2,
								1,
								8
							],
							"pivot": [
								0,
								2,
								6.5
							],
							"rotation": [
								0,
								0,
								-90
							],
							"uv": [
								40,
								26
							],
							"inflate": 0
						},
						{
							"origin": [
								-1,
								5,
								3
							],
							"size": [
								2,
								1,
								8
							],
							"uv": [
								20,
								26
							],
							"inflate": 0
						},
						{
							"origin": [
								-1,
								5,
								3
							],
							"size": [
								2,
								1,
								8
							],
							"pivot": [
								0,
								2,
								6.5
							],
							"rotation": [
								0,
								0,
								-90
							],
							"uv": [
								20,
								26
							],
							"inflate": 0
						},
						{
							"origin": [
								-1,
								-2,
								3
							],
							"size": [
								2,
								1,
								8
							],
							"uv": [
								0,
								26
							],
							"inflate": 0
						},
						{
							"origin": [
								-1,
								-2,
								3
							],
							"size": [
								2,
								1,
								8
							],
							"pivot": [
								0,
								2,
								6.5
							],
							"rotation": [
								0,
								0,
								-90
							],
							"uv": [
								0,
								26
							],
							"inflate": 0
						},
						{
							"origin": [
								-1,
								-1,
								2
							],
							"size": [
								2,
								1,
								8
							],
							"uv": [
								0,
								35
							],
							"inflate": 0
						},
						{
							"origin": [
								-1,
								-1,
								2
							],
							"size": [
								2,
								1,
								8
							],
							"pivot": [
								0,
								2,
								-2.5
							],
							"rotation": [
								0,
								0,
								-90
							],
							"uv": [
								0,
								35
							],
							"inflate": 0
						},
						{
							"origin": [
								-1,
								1,
								-18
							],
							"size": [
								2,
								2,
								5
							],
							"uv": [
								28,
								44
							],
							"inflate": 0
						},
						{
							"origin": [
								-1,
								1.50424,
								-17.5903
							],
							"size": [
								2,
								2,
								5
							],
							"pivot": [
								0,
								2.00882,
								-15.21676
							],
							"rotation": [
								12,
								0,
								0
							],
							"uv": [
								14,
								44
							],
							"inflate": 0
						},
						{
							"origin": [
								-1,
								1.50424,
								-17.5903
							],
							"size": [
								2,
								2,
								5
							],
							"pivot": [
								0,
								2.00882,
								-15.21676
							],
							"rotation": [
								12,
								0,
								90
							],
							"uv": [
								20,
								35
							],
							"inflate": 0
						},
						{
							"origin": [
								-1,
								0.50479,
								-17.63078
							],
							"size": [
								2,
								2,
								5
							],
							"pivot": [
								0,
								2.00882,
								-15.21676
							],
							"rotation": [
								-12,
								0,
								0
							],
							"uv": [
								0,
								44
							],
							"inflate": 0
						},
						{
							"origin": [
								-1,
								0.50479,
								-17.63078
							],
							"size": [
								2,
								2,
								5
							],
							"pivot": [
								0,
								2.00882,
								-15.21676
							],
							"rotation": [
								-12,
								0,
								90
							],
							"uv": [
								34,
								35
							],
							"inflate": 0
						}
					]
				}
			]
		}
	]
}