{
	"format_version": "1.12.0",
	"minecraft:geometry": [
		{
			"description": {
				"identifier": "geometry.van_v2",
				"texture_width": 512,
				"texture_height": 512,
				"visible_bounds_width": 10,
				"visible_bounds_height": 7,
				"visible_bounds_offset": [
					0,
					1.5,
					0
				]
			},
			"bones": [
				{
					"name": "body",
					"pivot": [
						0,
						2,
						18
					],
					"cubes": [
						{
							"origin": [
								-19,
								4,
								47
							],
							"size": [
								38,
								6,
								10.3
							],
							"uv": [
								0,
								132
							]
						},
						{
							"origin": [
								-14,
								4,
								33
							],
							"size": [
								28,
								3,
								14
							],
							"uv": [
								192,
								132
							]
						},
						{
							"origin": [
								-19,
								4,
								26
							],
							"size": [
								38,
								3,
								7
							],
							"uv": [
								276,
								132
							]
						},
						{
							"origin": [
								-18,
								4,
								20
							],
							"size": [
								37,
								3,
								6
							],
							"uv": [
								0,
								149
							]
						},
						{
							"origin": [
								-17,
								5,
								54
							],
							"size": [
								35,
								2,
								6
							],
							"uv": [
								142,
								149
							]
						},
						{
							"origin": [
								-19,
								7,
								26
							],
							"size": [
								3,
								6,
								7
							],
							"uv": [
								14,
								345
							]
						},
						{
							"origin": [
								-19,
								10,
								30
							],
							"size": [
								3,
								6,
								3
							],
							"pivot": [
								-17.5,
								10,
								31.5
							],
							"rotation": [
								-45,
								0,
								0
							],
							"uv": [
								124,
								369
							]
						},
						{
							"origin": [
								16,
								10,
								30
							],
							"size": [
								3,
								6,
								3
							],
							"pivot": [
								17.5,
								10,
								31.5
							],
							"rotation": [
								-45,
								0,
								0
							],
							"uv": [
								88,
								369
							]
						},
						{
							"origin": [
								16,
								11,
								-9
							],
							"size": [
								3,
								6,
								2
							],
							"pivot": [
								17.5,
								10,
								-9.5
							],
							"rotation": [
								-45,
								0,
								0
							],
							"uv": [
								14,
								400
							]
						},
						{
							"origin": [
								-19,
								11,
								-9
							],
							"size": [
								3,
								6,
								2
							],
							"pivot": [
								-17.5,
								10,
								-9.5
							],
							"rotation": [
								-45,
								0,
								0
							],
							"uv": [
								0,
								405
							]
						},
						{
							"origin": [
								-19,
								-4,
								41
							],
							"size": [
								3,
								5,
								3
							],
							"pivot": [
								-17.5,
								10,
								27.5
							],
							"rotation": [
								45,
								0,
								0
							],
							"uv": [
								18,
								386
							]
						},
						{
							"origin": [
								16,
								-4,
								41
							],
							"size": [
								3,
								5,
								3
							],
							"pivot": [
								17.5,
								10,
								27.5
							],
							"rotation": [
								45,
								0,
								0
							],
							"uv": [
								124,
								378
							]
						},
						{
							"origin": [
								-19,
								-4,
								1
							],
							"size": [
								3,
								5,
								2
							],
							"pivot": [
								-17.5,
								10,
								-12.5
							],
							"rotation": [
								45,
								0,
								0
							],
							"uv": [
								88,
								400
							]
						},
						{
							"origin": [
								16,
								-5,
								1
							],
							"size": [
								3,
								6,
								1
							],
							"pivot": [
								17.5,
								10,
								-12.5
							],
							"rotation": [
								45,
								0,
								0
							],
							"uv": [
								0,
								427
							]
						},
						{
							"origin": [
								-18,
								10,
								47
							],
							"size": [
								2,
								3,
								2
							],
							"uv": [
								144,
								427
							]
						},
						{
							"origin": [
								16,
								10,
								47
							],
							"size": [
								2,
								3,
								2
							],
							"uv": [
								136,
								427
							]
						},
						{
							"origin": [
								16,
								7,
								20
							],
							"size": [
								3,
								6,
								13
							],
							"uv": [
								170,
								273
							]
						},
						{
							"origin": [
								-18,
								4,
								8
							],
							"size": [
								36,
								3,
								12
							],
							"uv": [
								96,
								132
							]
						},
						{
							"origin": [
								-19,
								4,
								-23.41215
							],
							"size": [
								38,
								4,
								16.55
							],
							"uv": [
								124,
								66
							]
						},
						{
							"origin": [
								-14,
								4,
								-7
							],
							"size": [
								28,
								4,
								3
							],
							"uv": [
								92,
								266
							]
						},
						{
							"origin": [
								18,
								8,
								-13
							],
							"size": [
								1,
								12,
								6
							],
							"uv": [
								64,
								345
							]
						},
						{
							"origin": [
								19,
								18,
								-17
							],
							"size": [
								1,
								2,
								1
							],
							"uv": [
								30,
								434
							]
						},
						{
							"origin": [
								-20,
								18,
								-17
							],
							"size": [
								1,
								2,
								1
							],
							"uv": [
								26,
								437
							]
						},
						{
							"origin": [
								19.82899,
								18,
								-17.03015
							],
							"size": [
								6,
								4,
								1
							],
							"pivot": [
								19.82899,
								19,
								-16.53015
							],
							"rotation": [
								0,
								-20,
								0
							],
							"uv": [
								0,
								400
							]
						},
						{
							"origin": [
								-25.82899,
								18,
								-17.03015
							],
							"size": [
								6,
								4,
								1
							],
							"pivot": [
								-19.82899,
								19,
								-16.53015
							],
							"rotation": [
								0,
								20,
								0
							],
							"uv": [
								124,
								386
							]
						},
						{
							"origin": [
								-19,
								8,
								-13
							],
							"size": [
								1,
								12,
								6
							],
							"uv": [
								50,
								345
							]
						},
						{
							"origin": [
								18,
								10,
								47
							],
							"size": [
								1,
								10,
								10.3
							],
							"uv": [
								22,
								321
							]
						},
						{
							"origin": [
								-19,
								10,
								47
							],
							"size": [
								1,
								10,
								10.3
							],
							"uv": [
								0,
								321
							]
						},
						{
							"origin": [
								-19,
								13,
								-7
							],
							"size": [
								1,
								7,
								13
							],
							"uv": [
								0,
								301
							]
						},
						{
							"origin": [
								18,
								13,
								-7
							],
							"size": [
								1,
								7,
								12
							],
							"uv": [
								92,
								301
							]
						},
						{
							"origin": [
								18,
								11,
								-7
							],
							"size": [
								1,
								2,
								1
							],
							"uv": [
								26,
								434
							]
						},
						{
							"origin": [
								-19,
								11,
								-7
							],
							"size": [
								1,
								2,
								1
							],
							"uv": [
								20,
								436
							]
						},
						{
							"origin": [
								16,
								13,
								-7
							],
							"size": [
								2,
								1,
								13
							],
							"uv": [
								148,
								301
							]
						},
						{
							"origin": [
								-18,
								13,
								-7
							],
							"size": [
								2,
								1,
								13
							],
							"uv": [
								118,
								301
							]
						},
						{
							"origin": [
								-19,
								13,
								26
							],
							"size": [
								1,
								7,
								21
							],
							"uv": [
								0,
								245
							]
						},
						{
							"origin": [
								18,
								13,
								20
							],
							"size": [
								1,
								7,
								27
							],
							"uv": [
								86,
								149
							]
						},
						{
							"origin": [
								4,
								4,
								-4
							],
							"size": [
								12,
								9,
								12
							],
							"uv": [
								92,
								245
							]
						},
						{
							"origin": [
								-10,
								7,
								40
							],
							"size": [
								26,
								6,
								7
							],
							"uv": [
								206,
								196
							]
						},
						{
							"origin": [
								-4,
								4,
								-4
							],
							"size": [
								8,
								10,
								12
							],
							"uv": [
								0,
								273
							]
						},
						{
							"origin": [
								0,
								13,
								-4
							],
							"size": [
								2,
								6,
								2
							],
							"uv": [
								102,
								417
							]
						},
						{
							"origin": [
								-4,
								8,
								-16
							],
							"size": [
								8,
								6,
								12
							],
							"uv": [
								40,
								273
							]
						},
						{
							"origin": [
								-16,
								4,
								-4
							],
							"size": [
								12,
								9,
								12
							],
							"uv": [
								44,
								245
							]
						},
						{
							"origin": [
								-16,
								4,
								33
							],
							"size": [
								2,
								9,
								14
							],
							"uv": [
								112,
								273
							]
						},
						{
							"origin": [
								-16,
								4,
								-7
							],
							"size": [
								2,
								9,
								3
							],
							"uv": [
								78,
								369
							]
						},
						{
							"origin": [
								14,
								4,
								-7
							],
							"size": [
								2,
								9,
								3
							],
							"uv": [
								68,
								369
							]
						},
						{
							"origin": [
								-18,
								4,
								-9
							],
							"size": [
								2,
								7,
								2
							],
							"uv": [
								80,
								400
							]
						},
						{
							"origin": [
								16,
								4,
								-9
							],
							"size": [
								2,
								7,
								2
							],
							"uv": [
								72,
								400
							]
						},
						{
							"origin": [
								-18,
								4,
								8
							],
							"size": [
								4,
								7,
								2
							],
							"uv": [
								112,
								369
							]
						},
						{
							"origin": [
								14,
								4,
								8
							],
							"size": [
								4,
								7,
								2
							],
							"uv": [
								100,
								369
							]
						},
						{
							"origin": [
								14,
								4,
								33
							],
							"size": [
								2,
								9,
								14
							],
							"uv": [
								80,
								273
							]
						},
						{
							"origin": [
								-18,
								13,
								34
							],
							"size": [
								4,
								1,
								12
							],
							"uv": [
								60,
								301
							]
						},
						{
							"origin": [
								14,
								13,
								34
							],
							"size": [
								4,
								1,
								12
							],
							"uv": [
								28,
								301
							]
						},
						{
							"origin": [
								4,
								12,
								4
							],
							"size": [
								12,
								11,
								2
							],
							"pivot": [
								1.33333,
								18.33333,
								10
							],
							"rotation": [
								-10,
								0,
								0
							],
							"uv": [
								72,
								321
							]
						},
						{
							"origin": [
								-10,
								15,
								46
							],
							"size": [
								28,
								10,
								2
							],
							"pivot": [
								1.33333,
								18.33333,
								34
							],
							"rotation": [
								-10,
								0,
								0
							],
							"uv": [
								104,
								211
							]
						},
						{
							"origin": [
								-16,
								12,
								4
							],
							"size": [
								12,
								11,
								2
							],
							"pivot": [
								1.33333,
								18.33333,
								10
							],
							"rotation": [
								-10,
								0,
								0
							],
							"uv": [
								44,
								321
							]
						},
						{
							"origin": [
								16,
								17,
								-18
							],
							"size": [
								3,
								3,
								5
							],
							"uv": [
								52,
								377
							]
						},
						{
							"origin": [
								-19,
								17,
								-18
							],
							"size": [
								3,
								3,
								5
							],
							"uv": [
								52,
								369
							]
						},
						{
							"origin": [
								-16,
								17,
								-18
							],
							"size": [
								32,
								2,
								5
							],
							"uv": [
								0,
								196
							]
						},
						{
							"origin": [
								-19,
								8,
								-23.41215
							],
							"size": [
								38,
								9,
								10.55
							],
							"inflate": 0.001,
							"uv": [
								124,
								86
							]
						},
						{
							"origin": [
								-15,
								5,
								-26
							],
							"size": [
								30,
								3,
								3
							],
							"uv": [
								38,
								235
							]
						},
						{
							"origin": [
								-14,
								10,
								-26
							],
							"size": [
								28,
								2,
								2
							],
							"uv": [
								154,
								245
							]
						},
						{
							"origin": [
								-14,
								8,
								-26
							],
							"size": [
								2,
								2,
								2
							],
							"uv": [
								186,
								427
							]
						},
						{
							"origin": [
								12,
								8,
								-26
							],
							"size": [
								2,
								2,
								2
							],
							"uv": [
								178,
								427
							]
						},
						{
							"origin": [
								-19,
								4,
								57.3
							],
							"size": [
								38,
								4,
								1
							],
							"uv": [
								0,
								203
							]
						},
						{
							"origin": [
								-19,
								16.60194,
								-11.90909
							],
							"size": [
								1,
								21,
								3
							],
							"inflate": 0.0001,
							"pivot": [
								0,
								31.10194,
								-10.90909
							],
							"rotation": [
								-35,
								0,
								0
							],
							"uv": [
								42,
								345
							]
						},
						{
							"origin": [
								-18.4,
								18.60194,
								-8.90909
							],
							"size": [
								0,
								16,
								1
							],
							"inflate": 0.0001,
							"pivot": [
								-1,
								31.10194,
								-10.90909
							],
							"rotation": [
								-35,
								0,
								0
							],
							"uv": [
								8,
								442
							]
						},
						{
							"origin": [
								18.6,
								18.60194,
								-8.90909
							],
							"size": [
								0,
								16,
								1
							],
							"inflate": 0.0001,
							"pivot": [
								1,
								31.10194,
								-10.90909
							],
							"rotation": [
								-35,
								0,
								0
							],
							"uv": [
								8,
								442
							]
						},
						{
							"origin": [
								-18,
								16.60194,
								-11.90909
							],
							"size": [
								36,
								16,
								0
							],
							"pivot": [
								1,
								31.10194,
								-10.90909
							],
							"rotation": [
								-35,
								0,
								0
							],
							"uv": [
								272,
								190
							]
						},
						{
							"origin": [
								-19,
								12.87322,
								-19.87709
							],
							"size": [
								38,
								6,
								4
							],
							"inflate": 0.0001,
							"pivot": [
								0,
								19.10194,
								-16.90909
							],
							"rotation": [
								-45,
								0,
								0
							],
							"uv": [
								0,
								158
							]
						},
						{
							"origin": [
								-1,
								33.98933,
								-14.30934
							],
							"size": [
								2,
								5,
								1
							],
							"pivot": [
								0.5,
								27.98933,
								-14.30934
							],
							"rotation": [
								-35,
								0,
								0
							],
							"uv": [
								172,
								427
							]
						},
						{
							"origin": [
								-1,
								33.98933,
								-13.30934
							],
							"size": [
								2,
								2,
								3
							],
							"pivot": [
								0.5,
								27.98933,
								-14.30934
							],
							"rotation": [
								-35,
								0,
								0
							],
							"uv": [
								19,
								450
							]
						},
						{
							"origin": [
								-3,
								32.98933,
								-10.30934
							],
							"size": [
								6,
								4,
								1
							],
							"pivot": [
								0.5,
								27.98933,
								-14.30934
							],
							"rotation": [
								-35,
								0,
								0
							],
							"uv": [
								29,
								450
							]
						},
						{
							"origin": [
								1,
								33.98933,
								-14.30934
							],
							"size": [
								17,
								5,
								1
							],
							"pivot": [
								2.5,
								27.98933,
								-14.30934
							],
							"rotation": [
								-35,
								0,
								0
							],
							"uv": [
								184,
								301
							]
						},
						{
							"origin": [
								-18,
								33.98933,
								-14.30934
							],
							"size": [
								17,
								5,
								1
							],
							"pivot": [
								-16.5,
								27.98933,
								-14.30934
							],
							"rotation": [
								-35,
								0,
								0
							],
							"uv": [
								148,
								315
							]
						},
						{
							"origin": [
								-19,
								19,
								51
							],
							"size": [
								1,
								18,
								6
							],
							"pivot": [
								0,
								20.6,
								55.2
							],
							"rotation": [
								12.5,
								0,
								0
							],
							"uv": [
								0,
								345
							]
						},
						{
							"origin": [
								-18.4,
								21,
								50
							],
							"size": [
								0,
								13,
								1
							],
							"pivot": [
								0,
								20.6,
								55.2
							],
							"rotation": [
								12.5,
								0,
								0
							],
							"uv": [
								12,
								443
							]
						},
						{
							"origin": [
								18.6,
								21,
								50
							],
							"size": [
								0,
								13,
								1
							],
							"pivot": [
								37,
								20.6,
								55.2
							],
							"rotation": [
								12.5,
								0,
								0
							],
							"uv": [
								12,
								443
							]
						},
						{
							"origin": [
								-18,
								21,
								50
							],
							"size": [
								0,
								13,
								1
							],
							"pivot": [
								0,
								20.6,
								55.2
							],
							"rotation": [
								12.5,
								0,
								0
							],
							"uv": [
								12,
								443
							]
						},
						{
							"origin": [
								-18,
								19,
								55
							],
							"size": [
								2,
								15,
								2
							],
							"pivot": [
								0,
								20.6,
								55.2
							],
							"rotation": [
								12.5,
								0,
								0
							],
							"uv": [
								44,
								369
							]
						},
						{
							"origin": [
								-18,
								34,
								55
							],
							"size": [
								36,
								3,
								2
							],
							"pivot": [
								0,
								20.6,
								55.2
							],
							"rotation": [
								12.5,
								0,
								0
							],
							"uv": [
								222,
								183
							]
						},
						{
							"origin": [
								16,
								19,
								55
							],
							"size": [
								2,
								15,
								2
							],
							"pivot": [
								0,
								20.6,
								55.2
							],
							"rotation": [
								12.5,
								0,
								0
							],
							"uv": [
								36,
								369
							]
						},
						{
							"origin": [
								-18,
								34,
								-8
							],
							"size": [
								36,
								3,
								61
							],
							"uv": [
								0,
								0
							]
						},
						{
							"origin": [
								-16,
								19,
								56
							],
							"size": [
								32,
								15,
								0
							],
							"pivot": [
								0,
								20.6,
								55.2
							],
							"rotation": [
								12.5,
								0,
								0
							],
							"uv": [
								142,
								196
							]
						},
						{
							"origin": [
								-19,
								32,
								-8
							],
							"size": [
								1,
								5,
								61
							],
							"inflate": 0.001,
							"uv": [
								0,
								66
							]
						},
						{
							"origin": [
								18,
								32,
								-8
							],
							"size": [
								1,
								5,
								61
							],
							"inflate": 0.001,
							"uv": [
								194,
								0
							]
						},
						{
							"origin": [
								-19,
								20,
								26
							],
							"size": [
								1,
								12,
								2
							],
							"uv": [
								12,
								386
							]
						},
						{
							"origin": [
								-19,
								20,
								39
							],
							"size": [
								1,
								12,
								1
							],
							"uv": [
								68,
								400
							]
						},
						{
							"origin": [
								-19,
								20,
								16
							],
							"size": [
								1,
								12,
								1
							],
							"uv": [
								64,
								400
							]
						},
						{
							"origin": [
								-19,
								20,
								3
							],
							"size": [
								1,
								12,
								2
							],
							"uv": [
								0,
								442
							],
							"mirror": true
						},
						{
							"origin": [
								-18.4,
								20,
								-21
							],
							"size": [
								0,
								12,
								71
							],
							"uv": [
								202,
								261
							],
							"mirror": true
						},
						{
							"origin": [
								18.6,
								20,
								-21
							],
							"size": [
								0,
								12,
								71
							],
							"uv": [
								202,
								261
							],
							"mirror": true
						},
						{
							"origin": [
								18,
								20,
								3
							],
							"size": [
								1,
								12,
								2
							],
							"uv": [
								0,
								442
							]
						},
						{
							"origin": [
								-19,
								20,
								5
							],
							"size": [
								1,
								12,
								2
							],
							"uv": [
								6,
								386
							]
						},
						{
							"origin": [
								18,
								20,
								26
							],
							"size": [
								1,
								12,
								2
							],
							"uv": [
								0,
								386
							]
						},
						{
							"origin": [
								18,
								20,
								39
							],
							"size": [
								1,
								12,
								1
							],
							"uv": [
								60,
								400
							]
						},
						{
							"origin": [
								18,
								20,
								16
							],
							"size": [
								1,
								12,
								1
							],
							"uv": [
								56,
								400
							]
						},
						{
							"origin": [
								18,
								20,
								5
							],
							"size": [
								1,
								12,
								2
							],
							"uv": [
								136,
								369
							]
						},
						{
							"origin": [
								18,
								16.60194,
								-11.90909
							],
							"size": [
								1,
								21,
								3
							],
							"inflate": 0.0001,
							"pivot": [
								0,
								31.10194,
								-10.90909
							],
							"rotation": [
								-35,
								0,
								0
							],
							"uv": [
								34,
								345
							]
						},
						{
							"origin": [
								18,
								19,
								51
							],
							"size": [
								1,
								18,
								6
							],
							"pivot": [
								0,
								20.6,
								55.2
							],
							"rotation": [
								12.5,
								0,
								0
							],
							"uv": [
								188,
								321
							]
						},
						{
							"origin": [
								-18,
								10,
								55
							],
							"size": [
								36,
								10,
								2.3
							],
							"uv": [
								0,
								183
							]
						},
						{
							"origin": [
								-18,
								12,
								-15
							],
							"size": [
								36,
								7,
								2
							],
							"pivot": [
								0,
								19,
								-14
							],
							"rotation": [
								30,
								0,
								0
							],
							"uv": [
								76,
								183
							]
						},
						{
							"origin": [
								9,
								15,
								-14
							],
							"size": [
								2,
								2,
								2
							],
							"pivot": [
								0,
								19,
								-14
							],
							"rotation": [
								30,
								0,
								0
							],
							"uv": [
								162,
								429
							]
						}
					]
				},
				{
					"name": "seat1",
					"parent": "body",
					"pivot": [
						0,
						0,
						16
					],
					"cubes": [
						{
							"origin": [
								-10,
								15,
								32
							],
							"size": [
								28,
								10,
								2
							],
							"pivot": [
								1.33333,
								18.33333,
								21
							],
							"rotation": [
								-10,
								0,
								0
							],
							"uv": [
								38,
								223
							]
						},
						{
							"origin": [
								-10,
								7,
								27
							],
							"size": [
								26,
								6,
								7
							],
							"uv": [
								76,
								196
							]
						},
						{
							"origin": [
								-10,
								15,
								20
							],
							"size": [
								28,
								10,
								2
							],
							"pivot": [
								1.33333,
								18.33333,
								8
							],
							"rotation": [
								-10,
								0,
								0
							],
							"uv": [
								38,
								211
							]
						},
						{
							"origin": [
								-10,
								7,
								14
							],
							"size": [
								28,
								6,
								7
							],
							"uv": [
								152,
								183
							]
						}
					]
				},
				{
					"name": "door3",
					"parent": "body",
					"pivot": [
						-18.5,
						21,
						21
					],
					"cubes": [
						{
							"origin": [
								-19,
								4,
								8
							],
							"size": [
								1,
								16,
								18
							],
							"uv": [
								0,
								211
							]
						},
						{
							"origin": [
								-19,
								12,
								6
							],
							"size": [
								1,
								8,
								2
							],
							"uv": [
								96,
								417
							]
						},
						{
							"origin": [
								-19,
								4,
								7
							],
							"size": [
								1,
								6,
								1
							],
							"uv": [
								0,
								434
							]
						}
					]
				},
				{
					"name": "door2",
					"parent": "body",
					"pivot": [
						18.5,
						16.33333,
						6
					],
					"cubes": [
						{
							"origin": [
								18,
								4,
								8
							],
							"size": [
								1,
								16,
								12
							],
							"uv": [
								144,
								273
							]
						},
						{
							"origin": [
								18,
								12,
								5
							],
							"size": [
								1,
								8,
								3
							],
							"uv": [
								116,
								386
							]
						},
						{
							"origin": [
								18,
								11,
								6
							],
							"size": [
								1,
								1,
								2
							],
							"uv": [
								4,
								437
							]
						},
						{
							"origin": [
								-19,
								11,
								6
							],
							"size": [
								1,
								1,
								2
							],
							"uv": [
								4,
								434
							]
						},
						{
							"origin": [
								18,
								10,
								7
							],
							"size": [
								1,
								1,
								1
							],
							"uv": [
								30,
								439
							]
						},
						{
							"origin": [
								-19,
								10,
								7
							],
							"size": [
								1,
								1,
								1
							],
							"uv": [
								30,
								437
							]
						}
					]
				},
				{
					"name": "steering_wheel",
					"parent": "body",
					"pivot": [
						10,
						16.09091,
						-12.54545
					],
					"cubes": [
						{
							"origin": [
								7,
								16,
								-11
							],
							"size": [
								2,
								1,
								1
							],
							"pivot": [
								0,
								19,
								-14
							],
							"rotation": [
								30,
								0,
								0
							],
							"uv": [
								20,
								434
							]
						},
						{
							"origin": [
								11,
								16,
								-11
							],
							"size": [
								2,
								1,
								1
							],
							"pivot": [
								0,
								19,
								-14
							],
							"rotation": [
								30,
								0,
								0
							],
							"uv": [
								14,
								439
							]
						},
						{
							"origin": [
								13,
								14,
								-11
							],
							"size": [
								1,
								4,
								1
							],
							"pivot": [
								0,
								19,
								-14
							],
							"rotation": [
								30,
								0,
								0
							],
							"uv": [
								14,
								434
							]
						},
						{
							"origin": [
								12,
								18,
								-11
							],
							"size": [
								1,
								1,
								1
							],
							"pivot": [
								0,
								19,
								-14
							],
							"rotation": [
								30,
								0,
								0
							],
							"uv": [
								38,
								434
							]
						},
						{
							"origin": [
								8,
								19,
								-11
							],
							"size": [
								4,
								1,
								1
							],
							"pivot": [
								0,
								19,
								-14
							],
							"rotation": [
								30,
								0,
								0
							],
							"uv": [
								162,
								427
							]
						},
						{
							"origin": [
								7,
								18,
								-11
							],
							"size": [
								1,
								1,
								1
							],
							"pivot": [
								0,
								19,
								-14
							],
							"rotation": [
								30,
								0,
								0
							],
							"uv": [
								34,
								438
							]
						},
						{
							"origin": [
								6,
								14,
								-11
							],
							"size": [
								1,
								4,
								1
							],
							"pivot": [
								0,
								19,
								-14
							],
							"rotation": [
								30,
								0,
								0
							],
							"uv": [
								10,
								434
							]
						},
						{
							"origin": [
								7,
								13,
								-11
							],
							"size": [
								1,
								1,
								1
							],
							"pivot": [
								0,
								19,
								-14
							],
							"rotation": [
								30,
								0,
								0
							],
							"uv": [
								34,
								436
							]
						},
						{
							"origin": [
								8,
								12,
								-11
							],
							"size": [
								4,
								1,
								1
							],
							"pivot": [
								0,
								19,
								-14
							],
							"rotation": [
								30,
								0,
								0
							],
							"uv": [
								152,
								431
							]
						},
						{
							"origin": [
								12,
								13,
								-11
							],
							"size": [
								1,
								1,
								1
							],
							"pivot": [
								0,
								19,
								-14
							],
							"rotation": [
								30,
								0,
								0
							],
							"uv": [
								34,
								434
							]
						},
						{
							"origin": [
								9,
								15,
								-12
							],
							"size": [
								2,
								2,
								2
							],
							"pivot": [
								0,
								19,
								-14
							],
							"rotation": [
								30,
								0,
								0
							],
							"uv": [
								152,
								427
							]
						}
					]
				},
				{
					"name": "wheel0",
					"parent": "body",
					"pivot": [
						0,
						6.0981,
						0
					],
					"cubes": [
						{
							"origin": [
								-19,
								0,
								-2
							],
							"size": [
								3,
								1,
								4
							],
							"uv": [
								102,
								386
							]
						},
						{
							"origin": [
								16,
								0,
								-2
							],
							"size": [
								3,
								1,
								4
							],
							"uv": [
								88,
								391
							]
						},
						{
							"origin": [
								-19,
								0.43301,
								1.61603
							],
							"size": [
								3,
								1,
								3
							],
							"pivot": [
								-17.5,
								0.93301,
								2.61603
							],
							"rotation": [
								30,
								0,
								0
							],
							"uv": [
								84,
								417
							]
						},
						{
							"origin": [
								16,
								0.43301,
								1.61603
							],
							"size": [
								3,
								1,
								3
							],
							"pivot": [
								17.5,
								0.93301,
								2.61603
							],
							"rotation": [
								30,
								0,
								0
							],
							"uv": [
								72,
								421
							]
						},
						{
							"origin": [
								-19,
								0.93301,
								-4.48205
							],
							"size": [
								3,
								1,
								3
							],
							"pivot": [
								-17.5,
								1.43301,
								-3.48205
							],
							"rotation": [
								-30,
								0,
								0
							],
							"uv": [
								72,
								417
							]
						},
						{
							"origin": [
								16,
								0.93301,
								-4.48205
							],
							"size": [
								3,
								1,
								3
							],
							"pivot": [
								17.5,
								1.43301,
								-3.48205
							],
							"rotation": [
								-30,
								0,
								0
							],
							"uv": [
								60,
								421
							]
						},
						{
							"origin": [
								-19,
								10.76314,
								1.61603
							],
							"size": [
								3,
								1,
								3
							],
							"pivot": [
								-17.5,
								11.26314,
								2.61603
							],
							"rotation": [
								-30,
								0,
								0
							],
							"uv": [
								60,
								417
							]
						},
						{
							"origin": [
								-19,
								9.76314,
								1.61603
							],
							"size": [
								3,
								1,
								3
							],
							"pivot": [
								-17.5,
								11.26314,
								2.61603
							],
							"rotation": [
								-30,
								0,
								0
							],
							"uv": [
								48,
								421
							]
						},
						{
							"origin": [
								16,
								10.76314,
								1.61603
							],
							"size": [
								3,
								1,
								3
							],
							"pivot": [
								17.5,
								11.26314,
								2.61603
							],
							"rotation": [
								-30,
								0,
								0
							],
							"uv": [
								48,
								417
							]
						},
						{
							"origin": [
								-19,
								10.26314,
								-4.48205
							],
							"size": [
								3,
								1,
								3
							],
							"pivot": [
								-17.5,
								10.76314,
								-3.48205
							],
							"rotation": [
								30,
								0,
								0
							],
							"uv": [
								36,
								421
							]
						},
						{
							"origin": [
								16,
								10.26314,
								-4.48205
							],
							"size": [
								3,
								1,
								3
							],
							"pivot": [
								17.5,
								10.76314,
								-3.48205
							],
							"rotation": [
								30,
								0,
								0
							],
							"uv": [
								36,
								417
							]
						},
						{
							"origin": [
								-19,
								2.98205,
								-6.16506
							],
							"size": [
								3,
								1,
								3
							],
							"pivot": [
								-17.5,
								3.48205,
								-5.16506
							],
							"rotation": [
								-60,
								0,
								0
							],
							"uv": [
								24,
								421
							]
						},
						{
							"origin": [
								-19,
								3.98205,
								-6.16506
							],
							"size": [
								3,
								1,
								3
							],
							"pivot": [
								-17.5,
								3.48205,
								-5.16506
							],
							"rotation": [
								-60,
								0,
								0
							],
							"uv": [
								24,
								417
							]
						},
						{
							"origin": [
								16,
								2.98205,
								-6.16506
							],
							"size": [
								3,
								1,
								3
							],
							"pivot": [
								17.5,
								3.48205,
								-5.16506
							],
							"rotation": [
								-60,
								0,
								0
							],
							"uv": [
								12,
								421
							]
						},
						{
							"origin": [
								-19,
								9.08013,
								3.66506
							],
							"size": [
								3,
								1,
								3
							],
							"pivot": [
								-17.5,
								9.58013,
								4.66506
							],
							"rotation": [
								-60,
								0,
								0
							],
							"uv": [
								12,
								417
							]
						},
						{
							"origin": [
								-19,
								8.08013,
								3.66506
							],
							"size": [
								3,
								1,
								3
							],
							"pivot": [
								-17.5,
								9.58013,
								4.66506
							],
							"rotation": [
								-60,
								0,
								0
							],
							"uv": [
								0,
								421
							]
						},
						{
							"origin": [
								16,
								9.08013,
								3.66506
							],
							"size": [
								3,
								1,
								3
							],
							"pivot": [
								17.5,
								9.58013,
								4.66506
							],
							"rotation": [
								-60,
								0,
								0
							],
							"uv": [
								0,
								417
							]
						},
						{
							"origin": [
								-19,
								8.2141,
								-6.16506
							],
							"size": [
								3,
								1,
								3
							],
							"pivot": [
								-17.5,
								8.7141,
								-5.16506
							],
							"rotation": [
								60,
								0,
								0
							],
							"uv": [
								240,
								413
							]
						},
						{
							"origin": [
								-19,
								7.2141,
								-6.16506
							],
							"size": [
								3,
								1,
								3
							],
							"pivot": [
								-17.5,
								8.7141,
								-5.16506
							],
							"rotation": [
								60,
								0,
								0
							],
							"uv": [
								228,
								413
							]
						},
						{
							"origin": [
								16,
								8.2141,
								-6.16506
							],
							"size": [
								3,
								1,
								3
							],
							"pivot": [
								17.5,
								8.7141,
								-5.16506
							],
							"rotation": [
								60,
								0,
								0
							],
							"uv": [
								216,
								413
							]
						},
						{
							"origin": [
								-19,
								1.25,
								4.16506
							],
							"size": [
								3,
								1,
								3
							],
							"pivot": [
								-17.5,
								1.75,
								4.16506
							],
							"rotation": [
								60,
								0,
								0
							],
							"uv": [
								204,
								413
							]
						},
						{
							"origin": [
								-19,
								2.25,
								4.16506
							],
							"size": [
								3,
								1,
								3
							],
							"pivot": [
								-17.5,
								1.75,
								4.16506
							],
							"rotation": [
								60,
								0,
								0
							],
							"uv": [
								192,
								413
							]
						},
						{
							"origin": [
								16,
								1.25,
								4.16506
							],
							"size": [
								3,
								1,
								3
							],
							"pivot": [
								17.5,
								1.75,
								4.16506
							],
							"rotation": [
								60,
								0,
								0
							],
							"uv": [
								180,
								413
							]
						},
						{
							"origin": [
								-19,
								1,
								-3
							],
							"size": [
								3,
								1,
								6
							],
							"inflate": 0.01,
							"uv": [
								18,
								369
							]
						},
						{
							"origin": [
								16,
								1,
								-4
							],
							"size": [
								3,
								1,
								8
							],
							"uv": [
								100,
								354
							]
						},
						{
							"origin": [
								-19,
								2,
								-4
							],
							"size": [
								3,
								8,
								8
							],
							"inflate": 0.01,
							"uv": [
								166,
								321
							]
						},
						{
							"origin": [
								16,
								2,
								-4
							],
							"size": [
								3,
								8,
								8
							],
							"uv": [
								144,
								321
							]
						},
						{
							"origin": [
								-19,
								3,
								4
							],
							"size": [
								3,
								6,
								1
							],
							"inflate": 0.01,
							"uv": [
								134,
								417
							]
						},
						{
							"origin": [
								16,
								2,
								4
							],
							"size": [
								3,
								8,
								1
							],
							"uv": [
								48,
								400
							]
						},
						{
							"origin": [
								-19,
								3,
								-5
							],
							"size": [
								3,
								6,
								1
							],
							"inflate": 0.01,
							"uv": [
								126,
								417
							]
						},
						{
							"origin": [
								16,
								2,
								-5
							],
							"size": [
								3,
								8,
								1
							],
							"uv": [
								40,
								400
							]
						},
						{
							"origin": [
								-19,
								4.09808,
								-6.09808
							],
							"size": [
								3,
								4,
								1
							],
							"uv": [
								128,
								427
							]
						},
						{
							"origin": [
								-19,
								4.09808,
								-5.09808
							],
							"size": [
								3,
								4,
								1
							],
							"uv": [
								120,
								427
							]
						},
						{
							"origin": [
								16,
								4.09808,
								-6.09808
							],
							"size": [
								3,
								4,
								1
							],
							"uv": [
								112,
								427
							]
						},
						{
							"origin": [
								16,
								4.09808,
								-5.09808
							],
							"size": [
								3,
								4,
								1
							],
							"uv": [
								104,
								427
							]
						},
						{
							"origin": [
								-19,
								4.09808,
								5.09807
							],
							"size": [
								3,
								4,
								1
							],
							"uv": [
								96,
								427
							]
						},
						{
							"origin": [
								-19,
								4.09808,
								4.09807
							],
							"size": [
								3,
								4,
								1
							],
							"uv": [
								88,
								427
							]
						},
						{
							"origin": [
								16,
								4.09808,
								5.09807
							],
							"size": [
								3,
								4,
								1
							],
							"uv": [
								80,
								427
							]
						},
						{
							"origin": [
								16,
								4.09808,
								4.09807
							],
							"size": [
								3,
								4,
								1
							],
							"uv": [
								72,
								427
							]
						},
						{
							"origin": [
								-19,
								10,
								-3
							],
							"size": [
								3,
								1,
								6
							],
							"inflate": 0.01,
							"uv": [
								0,
								376
							]
						},
						{
							"origin": [
								16,
								10,
								-4
							],
							"size": [
								3,
								1,
								8
							],
							"uv": [
								100,
								345
							]
						},
						{
							"origin": [
								-19,
								11.19615,
								-2
							],
							"size": [
								3,
								1,
								4
							],
							"uv": [
								88,
								386
							]
						},
						{
							"origin": [
								-19,
								10.19615,
								-2
							],
							"size": [
								3,
								1,
								4
							],
							"uv": [
								74,
								391
							]
						},
						{
							"origin": [
								16,
								11.19615,
								-2
							],
							"size": [
								3,
								1,
								4
							],
							"uv": [
								74,
								386
							]
						},
						{
							"origin": [
								16,
								10.19615,
								-2
							],
							"size": [
								3,
								1,
								4
							],
							"uv": [
								60,
								391
							]
						}
					]
				},
				{
					"name": "wheel1",
					"parent": "body",
					"pivot": [
						0,
						6,
						40
					],
					"cubes": [
						{
							"origin": [
								-19,
								0,
								38
							],
							"size": [
								3,
								1,
								4
							],
							"uv": [
								60,
								386
							]
						},
						{
							"origin": [
								16,
								0,
								38
							],
							"size": [
								3,
								1,
								4
							],
							"uv": [
								46,
								391
							]
						},
						{
							"origin": [
								-19,
								0.43301,
								41.61603
							],
							"size": [
								3,
								1,
								3
							],
							"pivot": [
								-17.5,
								0.93301,
								42.61603
							],
							"rotation": [
								30,
								0,
								0
							],
							"uv": [
								168,
								413
							]
						},
						{
							"origin": [
								16,
								0.43301,
								41.61603
							],
							"size": [
								3,
								1,
								3
							],
							"pivot": [
								17.5,
								0.93301,
								42.61603
							],
							"rotation": [
								30,
								0,
								0
							],
							"uv": [
								156,
								413
							]
						},
						{
							"origin": [
								-19,
								0.93301,
								35.51795
							],
							"size": [
								3,
								1,
								3
							],
							"pivot": [
								-17.5,
								1.43301,
								36.51795
							],
							"rotation": [
								-30,
								0,
								0
							],
							"uv": [
								144,
								413
							]
						},
						{
							"origin": [
								16,
								0.93301,
								35.51795
							],
							"size": [
								3,
								1,
								3
							],
							"pivot": [
								17.5,
								1.43301,
								36.51795
							],
							"rotation": [
								-30,
								0,
								0
							],
							"uv": [
								132,
								413
							]
						},
						{
							"origin": [
								-19,
								10.76314,
								41.61603
							],
							"size": [
								3,
								1,
								3
							],
							"pivot": [
								-17.5,
								11.26314,
								42.61603
							],
							"rotation": [
								-30,
								0,
								0
							],
							"uv": [
								120,
								413
							]
						},
						{
							"origin": [
								-19,
								9.76314,
								41.61603
							],
							"size": [
								3,
								1,
								3
							],
							"pivot": [
								-17.5,
								11.26314,
								42.61603
							],
							"rotation": [
								-30,
								0,
								0
							],
							"uv": [
								108,
								413
							]
						},
						{
							"origin": [
								16,
								10.76314,
								41.61603
							],
							"size": [
								3,
								1,
								3
							],
							"pivot": [
								17.5,
								11.26314,
								42.61603
							],
							"rotation": [
								-30,
								0,
								0
							],
							"uv": [
								96,
								413
							]
						},
						{
							"origin": [
								-19,
								10.26314,
								35.51795
							],
							"size": [
								3,
								1,
								3
							],
							"pivot": [
								-17.5,
								10.76314,
								36.51795
							],
							"rotation": [
								30,
								0,
								0
							],
							"uv": [
								84,
								413
							]
						},
						{
							"origin": [
								16,
								10.26314,
								35.51795
							],
							"size": [
								3,
								1,
								3
							],
							"pivot": [
								17.5,
								10.76314,
								36.51795
							],
							"rotation": [
								30,
								0,
								0
							],
							"uv": [
								72,
								413
							]
						},
						{
							"origin": [
								-19,
								2.98205,
								33.83494
							],
							"size": [
								3,
								1,
								3
							],
							"pivot": [
								-17.5,
								3.48205,
								34.83494
							],
							"rotation": [
								-60,
								0,
								0
							],
							"uv": [
								60,
								413
							]
						},
						{
							"origin": [
								-19,
								3.98205,
								33.83494
							],
							"size": [
								3,
								1,
								3
							],
							"pivot": [
								-17.5,
								3.48205,
								34.83494
							],
							"rotation": [
								-60,
								0,
								0
							],
							"uv": [
								48,
								413
							]
						},
						{
							"origin": [
								16,
								2.98205,
								33.83494
							],
							"size": [
								3,
								1,
								3
							],
							"pivot": [
								17.5,
								3.48205,
								34.83494
							],
							"rotation": [
								-60,
								0,
								0
							],
							"uv": [
								36,
								413
							]
						},
						{
							"origin": [
								-19,
								9.08013,
								43.66506
							],
							"size": [
								3,
								1,
								3
							],
							"pivot": [
								-17.5,
								9.58013,
								44.66506
							],
							"rotation": [
								-60,
								0,
								0
							],
							"uv": [
								24,
								413
							]
						},
						{
							"origin": [
								-19,
								8.08013,
								43.66506
							],
							"size": [
								3,
								1,
								3
							],
							"pivot": [
								-17.5,
								9.58013,
								44.66506
							],
							"rotation": [
								-60,
								0,
								0
							],
							"uv": [
								12,
								413
							]
						},
						{
							"origin": [
								16,
								9.08013,
								43.66506
							],
							"size": [
								3,
								1,
								3
							],
							"pivot": [
								17.5,
								9.58013,
								44.66506
							],
							"rotation": [
								-60,
								0,
								0
							],
							"uv": [
								0,
								413
							]
						},
						{
							"origin": [
								-19,
								8.2141,
								33.83494
							],
							"size": [
								3,
								1,
								3
							],
							"pivot": [
								-17.5,
								8.7141,
								34.83494
							],
							"rotation": [
								60,
								0,
								0
							],
							"uv": [
								112,
								404
							]
						},
						{
							"origin": [
								-19,
								7.2141,
								33.83494
							],
							"size": [
								3,
								1,
								3
							],
							"pivot": [
								-17.5,
								8.7141,
								34.83494
							],
							"rotation": [
								60,
								0,
								0
							],
							"uv": [
								112,
								400
							]
						},
						{
							"origin": [
								16,
								8.2141,
								33.83494
							],
							"size": [
								3,
								1,
								3
							],
							"pivot": [
								17.5,
								8.7141,
								34.83494
							],
							"rotation": [
								60,
								0,
								0
							],
							"uv": [
								100,
								408
							]
						},
						{
							"origin": [
								-19,
								1.25,
								44.16506
							],
							"size": [
								3,
								1,
								3
							],
							"pivot": [
								-17.5,
								1.75,
								44.16506
							],
							"rotation": [
								60,
								0,
								0
							],
							"uv": [
								100,
								404
							]
						},
						{
							"origin": [
								-19,
								2.25,
								44.16506
							],
							"size": [
								3,
								1,
								3
							],
							"pivot": [
								-17.5,
								1.75,
								44.16506
							],
							"rotation": [
								60,
								0,
								0
							],
							"uv": [
								100,
								400
							]
						},
						{
							"origin": [
								16,
								1.25,
								44.16506
							],
							"size": [
								3,
								1,
								3
							],
							"pivot": [
								17.5,
								1.75,
								44.16506
							],
							"rotation": [
								60,
								0,
								0
							],
							"uv": [
								88,
								407
							]
						},
						{
							"origin": [
								-19,
								1,
								37
							],
							"size": [
								3,
								1,
								6
							],
							"inflate": 0.01,
							"uv": [
								0,
								369
							]
						},
						{
							"origin": [
								16,
								1,
								36
							],
							"size": [
								3,
								1,
								8
							],
							"uv": [
								78,
								354
							]
						},
						{
							"origin": [
								-19,
								2,
								36
							],
							"size": [
								3,
								8,
								8
							],
							"inflate": 0.01,
							"uv": [
								122,
								321
							]
						},
						{
							"origin": [
								16,
								2,
								36
							],
							"size": [
								3,
								8,
								8
							],
							"uv": [
								100,
								321
							]
						},
						{
							"origin": [
								-19,
								3,
								44
							],
							"size": [
								3,
								6,
								1
							],
							"inflate": 0.01,
							"uv": [
								118,
								417
							]
						},
						{
							"origin": [
								16,
								2,
								44
							],
							"size": [
								3,
								8,
								1
							],
							"uv": [
								32,
								400
							]
						},
						{
							"origin": [
								-19,
								3,
								35
							],
							"size": [
								3,
								6,
								1
							],
							"inflate": 0.01,
							"uv": [
								110,
								417
							]
						},
						{
							"origin": [
								16,
								2,
								35
							],
							"size": [
								3,
								8,
								1
							],
							"uv": [
								24,
								400
							]
						},
						{
							"origin": [
								-19,
								4.09808,
								33.90192
							],
							"size": [
								3,
								4,
								1
							],
							"uv": [
								64,
								427
							]
						},
						{
							"origin": [
								-19,
								4.09808,
								34.90192
							],
							"size": [
								3,
								4,
								1
							],
							"uv": [
								56,
								427
							]
						},
						{
							"origin": [
								16,
								4.09808,
								33.90192
							],
							"size": [
								3,
								4,
								1
							],
							"uv": [
								48,
								427
							]
						},
						{
							"origin": [
								16,
								4.09808,
								34.90192
							],
							"size": [
								3,
								4,
								1
							],
							"uv": [
								40,
								427
							]
						},
						{
							"origin": [
								-19,
								4.09808,
								45.09807
							],
							"size": [
								3,
								4,
								1
							],
							"uv": [
								32,
								427
							]
						},
						{
							"origin": [
								-19,
								4.09808,
								44.09807
							],
							"size": [
								3,
								4,
								1
							],
							"uv": [
								24,
								427
							]
						},
						{
							"origin": [
								16,
								4.09808,
								45.09807
							],
							"size": [
								3,
								4,
								1
							],
							"uv": [
								16,
								427
							]
						},
						{
							"origin": [
								16,
								4.09808,
								44.09807
							],
							"size": [
								3,
								4,
								1
							],
							"uv": [
								8,
								427
							]
						},
						{
							"origin": [
								-19,
								10,
								37
							],
							"size": [
								3,
								1,
								6
							],
							"inflate": 0.01,
							"uv": [
								122,
								345
							]
						},
						{
							"origin": [
								16,
								10,
								36
							],
							"size": [
								3,
								1,
								8
							],
							"uv": [
								78,
								345
							]
						},
						{
							"origin": [
								-19,
								11.19615,
								38
							],
							"size": [
								3,
								1,
								4
							],
							"uv": [
								46,
								386
							]
						},
						{
							"origin": [
								-19,
								10.19615,
								38
							],
							"size": [
								3,
								1,
								4
							],
							"uv": [
								32,
								391
							]
						},
						{
							"origin": [
								16,
								11.19615,
								38
							],
							"size": [
								3,
								1,
								4
							],
							"uv": [
								32,
								386
							]
						},
						{
							"origin": [
								16,
								10.19615,
								38
							],
							"size": [
								3,
								1,
								4
							],
							"uv": [
								18,
								394
							]
						}
					]
				}
			]
		}
	]
}