{
	"format_version": "1.12.0",
	"minecraft:geometry": [
		{
			"description": {
				"identifier": "geometry.vehicle_seller",
				"texture_width": 64,
				"texture_height": 64,
				"visible_bounds_width": 3,
				"visible_bounds_height": 3.5,
				"visible_bounds_offset": [
					0,
					1.25,
					0
				]
			},
			"bones": [
				{
					"name": "body",
					"pivot": [
						0,
						12,
						0
					],
					"cubes": [
						{
							"origin": [
								-4,
								12,
								-2
							],
							"size": [
								8,
								12,
								4
							],
							"uv": [
								16,
								16
							]
						},
						{
							"origin": [
								-4,
								12,
								-2
							],
							"size": [
								8,
								12,
								4
							],
							"inflate": 0.125,
							"uv": [
								16,
								32
							]
						}
					]
				},
				{
					"name": "rightArm",
					"parent": "body",
					"pivot": [
						-4,
						22,
						0
					],
					"cubes": [
						{
							"origin": [
								-8,
								12,
								-2
							],
							"size": [
								4,
								12,
								4
							],
							"uv": [
								32,
								48
							]
						},
						{
							"origin": [
								-8,
								12,
								-2
							],
							"size": [
								4,
								12,
								4
							],
							"inflate": 0.125,
							"uv": [
								40,
								32
							]
						}
					]
				},
				{
					"name": "leftArm",
					"parent": "body",
					"pivot": [
						4,
						23,
						0
					],
					"cubes": [
						{
							"origin": [
								4,
								12,
								-2
							],
							"size": [
								4,
								12,
								4
							],
							"uv": [
								40,
								16
							]
						},
						{
							"origin": [
								4,
								12,
								-2
							],
							"size": [
								4,
								12,
								4
							],
							"inflate": 0.125,
							"uv": [
								48,
								48
							]
						}
					]
				},
				{
					"name": "head",
					"parent": "body",
					"pivot": [
						0,
						24,
						0
					],
					"cubes": [
						{
							"origin": [
								-4,
								24,
								-4
							],
							"size": [
								8,
								8,
								8
							],
							"uv": [
								0,
								0
							]
						}
					]
				},
				{
					"name": "helmet",
					"parent": "head",
					"pivot": [
						0,
						4,
						2
					],
					"cubes": [
						{
							"origin": [
								-4,
								24,
								-4
							],
							"size": [
								8,
								8,
								8
							],
							"inflate": 0.25,
							"uv": [
								32,
								0
							]
						}
					]
				},
				{
					"name": "leftLeg",
					"pivot": [
						2,
						12,
						0
					],
					"cubes": [
						{
							"origin": [
								0,
								0,
								-2
							],
							"size": [
								4,
								12,
								4
							],
							"uv": [
								0,
								16
							]
						},
						{
							"origin": [
								0,
								0,
								-2
							],
							"size": [
								4,
								12,
								4
							],
							"inflate": 0.125,
							"uv": [
								0,
								32
							]
						}
					]
				},
				{
					"name": "rightLeg",
					"pivot": [
						-2,
						12,
						0
					],
					"cubes": [
						{
							"origin": [
								-4,
								0,
								-2
							],
							"size": [
								4,
								12,
								4
							],
							"uv": [
								16,
								48
							]
						},
						{
							"origin": [
								-4,
								0,
								-2
							],
							"size": [
								4,
								12,
								4
							],
							"inflate": 0.125,
							"uv": [
								0,
								48
							]
						}
					]
				}
			]
		}
	]
}